{"type": "FeatureCollection", "features": [{"type": "Feature", "geometry": {"type": "Polygon", "coordinates": [[[20.4527341, 38.3230758], [20.4528083, 38.3227501], [20.4529086, 38.3226653], [20.4530581, 38.3225221], [20.4535348, 38.3223895], [20.4538609, 38.3225291], [20.4541723, 38.3225058], [20.4543799, 38.322498], [20.4547296, 38.3227308], [20.4538993, 38.3228807], [20.4527341, 38.3232968], [20.4527341, 38.3230758]]]}, "properties": {"name": null, "notes": null, "osm_id": 501178507, "curated": false, "name_el": null, "name_en": "Fteri Beach", "surface": null, "blue_flag": null, "local_name": null, "access_type": null, "source_form": "polygon"}}, {"type": "Feature", "geometry": {"type": "Polygon", "coordinates": [[[20.4490118, 38.3252546], [20.4491061, 38.3251066], [20.4492122, 38.3250696], [20.4492534, 38.3249077], [20.4494951, 38.324769], [20.4496071, 38.3246673], [20.4495835, 38.3245285], [20.4496012, 38.3243574], [20.4500256, 38.3240337], [20.4504795, 38.3239181], [20.4507212, 38.3239412], [20.4508568, 38.3239458], [20.4512164, 38.3238071], [20.4515642, 38.3236869], [20.4517764, 38.3236822], [20.4519414, 38.3236268], [20.452129, 38.3237014], [20.452056, 38.323738], [20.4517492, 38.3238795], [20.4510898, 38.3241259], [20.450151, 38.3246444], [20.4496736, 38.3249752], [20.4493521, 38.3251548], [20.4490118, 38.3252546]]]}, "properties": {"name": null, "notes": null, "osm_id": 1335561850, "curated": false, "name_el": null, "name_en": null, "surface": null, "blue_flag": null, "local_name": null, "access_type": null, "source_form": "polygon"}}, {"type": "Feature", "geometry": {"type": "Polygon", "coordinates": [[[20.4451684, 38.3299251], [20.4453335, 38.3295505], [20.4454455, 38.3291159], [20.4455516, 38.3284962], [20.4455692, 38.3282003], [20.4458168, 38.3280292], [20.4458993, 38.3278766], [20.4462177, 38.3278072], [20.4466244, 38.327576], [20.4467718, 38.3271413], [20.447096, 38.326776], [20.4474379, 38.3265355], [20.4478505, 38.326124], [20.4483162, 38.3258696], [20.4487111, 38.3258927], [20.4486558, 38.3260012], [20.4481903, 38.3261717], [20.4480457, 38.3263521], [20.4474948, 38.3268406], [20.447005, 38.3273576], [20.4466455, 38.3277508], [20.4462591, 38.3282386], [20.4459673, 38.3285295], [20.4456813, 38.3291677], [20.445239, 38.3302199], [20.4451684, 38.3299251]]]}, "properties": {"name": null, "notes": null, "osm_id": 1335561851, "curated": false, "name_el": null, "name_en": null, "surface": null, "blue_flag": null, "local_name": null, "access_type": null, "source_form": "polygon"}}, {"type": "Feature", "geometry": {"type": "Polygon", "coordinates": [[[20.4409054, 38.345527], [20.440952, 38.3451495], [20.441115, 38.344638], [20.4411927, 38.3443762], [20.4412626, 38.3442118], [20.4413712, 38.3441752], [20.4415032, 38.3442666], [20.4416042, 38.3443396], [20.4414256, 38.3447659], [20.4411073, 38.3456914], [20.4409675, 38.3456488], [20.4409054, 38.345527]]]}, "properties": {"name": "Amidi Beach", "notes": null, "osm_id": 501178640, "curated": false, "name_el": null, "name_en": null, "surface": null, "blue_flag": null, "local_name": null, "access_type": null, "source_form": "polygon"}}, {"type": "Feature", "geometry": {"type": "Polygon", "coordinates": [[[20.4093221, 38.3359925], [20.4094409, 38.3358997], [20.4096948, 38.3358047], [20.4099732, 38.3357539], [20.4102028, 38.3357213], [20.4103163, 38.3357195], [20.4103445, 38.335719], [20.4105512, 38.3356935], [20.4107815, 38.3356958], [20.4110089, 38.335719], [20.4113515, 38.3357862], [20.411632, 38.3358418], [20.4118269, 38.3359298], [20.411948, 38.3360132], [20.4119426, 38.336099], [20.4118153, 38.3359581], [20.4115751, 38.3358681], [20.4112661, 38.3358058], [20.4108902, 38.3357469], [20.4105436, 38.3357403], [20.4101886, 38.3357681], [20.4097606, 38.3358369], [20.4094599, 38.3359319], [20.4093221, 38.3359925]]]}, "properties": {"name": "Αθέρας Port Atheras", "notes": null, "osm_id": 145313609, "curated": false, "name_el": "Αθέρας Port Atheras", "name_en": "Atheras", "surface": null, "blue_flag": null, "local_name": null, "access_type": null, "source_form": "polygon"}}, {"type": "Feature", "geometry": {"type": "Polygon", "coordinates": [[[20.4082822, 38.3373813], [20.4082969, 38.3372629], [20.4083318, 38.3371677], [20.4083143, 38.3371146], [20.4084089, 38.337113], [20.4083479, 38.3372634], [20.4083438, 38.3373692], [20.4083861, 38.3374744], [20.4083257, 38.3374791], [20.4082822, 38.3373813]]]}, "properties": {"name": null, "notes": null, "osm_id": 1262371004, "curated": false, "name_el": null, "name_en": null, "surface": null, "blue_flag": null, "local_name": null, "access_type": null, "source_form": "polygon"}}, {"type": "Feature", "geometry": {"type": "Polygon", "coordinates": [[[20.5482272, 38.4715943], [20.5484234, 38.471454], [20.5486252, 38.4714658], [20.5484846, 38.4717738], [20.5482272, 38.4715943]]]}, "properties": {"name": "Dafnoudi beach", "notes": null, "osm_id": 227295480, "curated": false, "name_el": null, "name_en": null, "surface": "pebblestone", "blue_flag": null, "local_name": null, "access_type": null, "source_form": "polygon"}}, {"type": "Feature", "geometry": {"type": "Polygon", "coordinates": [[[20.5623299, 38.4716228], [20.5624905, 38.4715496], [20.5625486, 38.4715381], [20.5626136, 38.4715629], [20.562653, 38.4716205], [20.5625201, 38.471658], [20.5624086, 38.4717039], [20.5623752, 38.4716651], [20.5623299, 38.4716228]]]}, "properties": {"name": "Kimilia Beach", "notes": null, "osm_id": 237382161, "curated": false, "name_el": null, "name_en": null, "surface": "pebblestone", "blue_flag": null, "local_name": null, "access_type": null, "source_form": "polygon"}}, {"type": "Feature", "geometry": {"type": "Polygon", "coordinates": [[[20.5618179, 38.4725808], [20.5619217, 38.472563], [20.5619473, 38.4726401], [20.561876, 38.4726456], [20.5618216, 38.4726221], [20.5618179, 38.4725808]]]}, "properties": {"name": null, "notes": null, "osm_id": 237382156, "curated": false, "name_el": null, "name_en": null, "surface": null, "blue_flag": null, "local_name": null, "access_type": null, "source_form": "polygon"}}, {"type": "Feature", "geometry": {"type": "Polygon", "coordinates": [[[20.572749, 38.4663279], [20.5729408, 38.4660773], [20.5731273, 38.4659886], [20.5732576, 38.4660068], [20.5733372, 38.4660741], [20.5731308, 38.4662263], [20.5728553, 38.4665468], [20.572749, 38.4663279]]]}, "properties": {"name": "Emblisi Beach", "notes": null, "osm_id": 288182036, "curated": false, "name_el": null, "name_en": null, "surface": "pebblestone", "blue_flag": null, "local_name": null, "access_type": null, "source_form": "polygon"}}, {"type": "Feature", "geometry": {"type": "Polygon", "coordinates": [[[20.5820095, 38.4432614], [20.5820269, 38.4431995], [20.582205, 38.4432188], [20.5822161, 38.4432766], [20.5822359, 38.4433695], [20.582262, 38.443452], [20.5823074, 38.4435175], [20.5821235, 38.4435125], [20.5821033, 38.4434778], [20.5820591, 38.4434095], [20.5820282, 38.4433392], [20.5820095, 38.4432614]]]}, "properties": {"name": null, "notes": null, "osm_id": 498018622, "curated": false, "name_el": null, "name_en": "Xylokaravo beach", "surface": "pebblestone", "blue_flag": null, "local_name": null, "access_type": null, "source_form": "polygon"}}, {"type": "Feature", "geometry": {"type": "Polygon", "coordinates": [[[20.5841485, 38.4377157], [20.5842249, 38.4376167], [20.5843406, 38.4375789], [20.5844762, 38.4375909], [20.5842702, 38.4378105], [20.5841485, 38.4377157]]]}, "properties": {"name": null, "notes": null, "osm_id": 504050009, "curated": false, "name_el": null, "name_en": null, "surface": null, "blue_flag": null, "local_name": null, "access_type": null, "source_form": "polygon"}}, {"type": "Feature", "geometry": {"type": "Polygon", "coordinates": [[[20.5765212, 38.4524542], [20.5765864, 38.4524302], [20.5766475, 38.4524235], [20.5766438, 38.4525905], [20.5766894, 38.4527576], [20.5765929, 38.4527671], [20.5765339, 38.45263], [20.5765212, 38.4524542]]]}, "properties": {"name": "Beach", "notes": null, "osm_id": 288458810, "curated": false, "name_el": "Φωκι", "name_en": null, "surface": null, "blue_flag": null, "local_name": null, "access_type": null, "source_form": "polygon"}}, {"type": "Feature", "geometry": {"type": "Polygon", "coordinates": [[[20.5772343, 38.4587866], [20.5773127, 38.4586238], [20.5773291, 38.4585952], [20.577403, 38.4586126], [20.5773133, 38.458781], [20.5773237, 38.4589675], [20.5772562, 38.4589337], [20.5772343, 38.4587866]]]}, "properties": {"name": null, "notes": null, "osm_id": 288000459, "curated": false, "name_el": null, "name_en": null, "surface": "pebblestone", "blue_flag": null, "local_name": null, "access_type": null, "source_form": "polygon"}}, {"type": "Feature", "geometry": {"type": "Polygon", "coordinates": [[[20.5415968, 38.4424499], [20.5416283, 38.4423722], [20.5417838, 38.4423327], [20.5420003, 38.4423278], [20.5422209, 38.442392], [20.5423638, 38.4425006], [20.5424941, 38.4426339], [20.5425761, 38.4428446], [20.542595, 38.4429401], [20.542574, 38.4429878], [20.5424825, 38.4430756], [20.542375, 38.4428107], [20.5421036, 38.4425549], [20.5419113, 38.4424713], [20.5417485, 38.4424336], [20.5415968, 38.4424499]]]}, "properties": {"name": null, "notes": null, "osm_id": 1312177760, "curated": false, "name_el": null, "name_en": null, "surface": null, "blue_flag": null, "local_name": null, "access_type": null, "source_form": "polygon"}}, {"type": "Feature", "geometry": {"type": "Polygon", "coordinates": [[[20.535896, 38.439747], [20.5359144, 38.4397036], [20.5359483, 38.4397118], [20.5360006, 38.4396929], [20.5360283, 38.439663], [20.5361086, 38.4397039], [20.5361206, 38.4398048], [20.536128, 38.4398668], [20.5361387, 38.4399166], [20.5361186, 38.4399408], [20.5360858, 38.439934], [20.536063, 38.4399061], [20.5360107, 38.4398379], [20.5359369, 38.4397995], [20.535896, 38.439747]]]}, "properties": {"name": "Παραλία Αλατιές", "notes": null, "osm_id": 432584927, "curated": false, "name_el": "Παραλία Αλατιές", "name_en": "Alaties Beach", "surface": null, "blue_flag": null, "local_name": null, "access_type": null, "source_form": "polygon"}}, {"type": "Feature", "geometry": {"type": "Polygon", "coordinates": [[[20.5441819, 38.4251733], [20.5445999, 38.4250692], [20.545096, 38.4249092], [20.5451925, 38.4249631], [20.5451915, 38.4250069], [20.5452014, 38.4250952], [20.5451747, 38.4252262], [20.545057, 38.4252968], [20.5449883, 38.425341], [20.5448859, 38.4253832], [20.5448104, 38.4253507], [20.5447178, 38.4253741], [20.5444412, 38.4253354], [20.5442986, 38.4252647], [20.5441819, 38.4251733]]]}, "properties": {"name": "Παραλία Αγία Ιερουσαλήμ", "notes": null, "osm_id": 394343636, "curated": false, "name_el": "Παραλία Αγία Ιερουσαλήμ", "name_en": "Agia Ierousalim Beach", "surface": null, "blue_flag": null, "local_name": null, "access_type": null, "source_form": "polygon"}}, {"type": "Feature", "geometry": {"type": "Polygon", "coordinates": [[[20.5455079, 38.4236766], [20.545689, 38.4237042], [20.5457399, 38.4237226], [20.5458019, 38.4237653], [20.5458543, 38.4239294], [20.5458605, 38.4240839], [20.5458541, 38.4242375], [20.545797, 38.4243396], [20.5456879, 38.4244412], [20.5455212, 38.4244888], [20.5455589, 38.4243874], [20.54559, 38.4242984], [20.5456094, 38.4241338], [20.5455877, 38.4239431], [20.5455836, 38.4238123], [20.5455079, 38.4236766]]]}, "properties": {"name": null, "notes": null, "osm_id": 394343643, "curated": false, "name_el": null, "name_en": null, "surface": null, "blue_flag": null, "local_name": null, "access_type": null, "source_form": "polygon"}}, {"type": "Feature", "geometry": {"type": "Polygon", "coordinates": [[[20.5860576, 38.4281409], [20.586093, 38.4279468], [20.5861284, 38.4278248], [20.5861709, 38.4280244], [20.5861851, 38.4281908], [20.5862558, 38.4284736], [20.5863195, 38.4286399], [20.5862134, 38.42859], [20.5861426, 38.4284847], [20.5860647, 38.4283294], [20.5860576, 38.4281409]]]}, "properties": {"name": null, "notes": null, "osm_id": 394324910, "curated": false, "name_el": null, "name_en": null, "surface": null, "blue_flag": null, "local_name": null, "access_type": null, "source_form": "polygon"}}, {"type": "Feature", "geometry": {"type": "Polygon", "coordinates": [[[20.593592, 38.4217233], [20.5935935, 38.4216895], [20.5936182, 38.4216714], [20.5936875, 38.4216582], [20.5937429, 38.4216702], [20.5937815, 38.4216908], [20.5937106, 38.4218308], [20.5936197, 38.4217777], [20.593592, 38.4217233]]]}, "properties": {"name": null, "notes": null, "osm_id": 498018623, "curated": false, "name_el": null, "name_en": null, "surface": null, "blue_flag": null, "local_name": null, "access_type": null, "source_form": "polygon"}}, {"type": "Feature", "geometry": {"type": "Polygon", "coordinates": [[[20.5875136, 38.4317913], [20.587531, 38.4317314], [20.5875726, 38.4316915], [20.5877174, 38.4318974], [20.5877509, 38.4319299], [20.587708, 38.4319373], [20.5876423, 38.4319299], [20.5875887, 38.4318995], [20.5875337, 38.4318469], [20.5875136, 38.4317913]]]}, "properties": {"name": null, "notes": null, "osm_id": 498018621, "curated": false, "name_el": null, "name_en": null, "surface": null, "blue_flag": null, "local_name": null, "access_type": null, "source_form": "polygon"}}, {"type": "Feature", "geometry": {"type": "Polygon", "coordinates": [[[20.5952685, 38.4171062], [20.5952929, 38.4170664], [20.59536, 38.4170457], [20.5954667, 38.4170512], [20.5953998, 38.4171268], [20.5953766, 38.4172083], [20.5953071, 38.4171747], [20.5952848, 38.4171461], [20.5952685, 38.4171062]]]}, "properties": {"name": null, "notes": null, "osm_id": 544302822, "curated": false, "name_el": null, "name_en": null, "surface": null, "blue_flag": null, "local_name": null, "access_type": null, "source_form": "polygon"}}, {"type": "Feature", "geometry": {"type": "Polygon", "coordinates": [[[20.5945641, 38.411584], [20.5946916, 38.4114895], [20.5947101, 38.4116941], [20.5949369, 38.4120548], [20.595054, 38.4122383], [20.5949431, 38.41226], [20.5948784, 38.4121683], [20.594866, 38.4120862], [20.5947983, 38.4120041], [20.5946565, 38.4118351], [20.5945703, 38.4116951], [20.5945641, 38.411584]]]}, "properties": {"name": null, "notes": null, "osm_id": 498020617, "curated": false, "name_el": null, "name_en": null, "surface": null, "blue_flag": null, "local_name": null, "access_type": null, "source_form": "polygon"}}, {"type": "Feature", "geometry": {"type": "Polygon", "coordinates": [[[20.5950835, 38.4044092], [20.595126, 38.4042899], [20.5952322, 38.4042483], [20.5951933, 38.4043149], [20.5951826, 38.4044397], [20.5951968, 38.4046505], [20.5952145, 38.4048391], [20.5952039, 38.4049833], [20.5952145, 38.4051025], [20.595257, 38.4052384], [20.5953129, 38.4053365], [20.5953384, 38.4054353], [20.5952959, 38.4054575], [20.5952109, 38.4053854], [20.5951472, 38.4052357], [20.595126, 38.4050055], [20.5951119, 38.404778], [20.5950977, 38.4045922], [20.5950835, 38.4044092]]]}, "properties": {"name": null, "notes": null, "osm_id": 498020618, "curated": false, "name_el": null, "name_en": null, "surface": null, "blue_flag": null, "local_name": null, "access_type": null, "source_form": "polygon"}}, {"type": "Feature", "geometry": {"type": "Polygon", "coordinates": [[[20.5969978, 38.4029328], [20.597004, 38.4028965], [20.5970163, 38.40287], [20.5970595, 38.402841], [20.5971257, 38.4028132], [20.5972103, 38.4028088], [20.5971324, 38.4028766], [20.5970412, 38.4029741], [20.5970055, 38.4029485], [20.5969978, 38.4029328]]]}, "properties": {"name": null, "notes": null, "osm_id": 544302820, "curated": false, "name_el": null, "name_en": null, "surface": null, "blue_flag": null, "local_name": null, "access_type": null, "source_form": "polygon"}}, {"type": "Feature", "geometry": {"type": "Polygon", "coordinates": [[[20.5460487, 38.3570217], [20.5463179, 38.3571453], [20.5463304, 38.3573013], [20.5463353, 38.3573637], [20.5463625, 38.3574224], [20.5465237, 38.3575246], [20.5467267, 38.3577436], [20.546835, 38.3578804], [20.5469259, 38.3580285], [20.5469651, 38.3581891], [20.5469724, 38.3582541], [20.5468882, 38.358383], [20.5468193, 38.3582023], [20.5468013, 38.3581341], [20.5467677, 38.3580657], [20.5465165, 38.3576832], [20.5463122, 38.35746], [20.5462294, 38.3573268], [20.5461468, 38.3571691], [20.5460487, 38.3570217]]]}, "properties": {"name": null, "notes": null, "osm_id": 951439012, "curated": false, "name_el": null, "name_en": null, "surface": null, "blue_flag": null, "local_name": null, "access_type": null, "source_form": "polygon"}}, {"type": "Feature", "geometry": {"type": "Polygon", "coordinates": [[[20.5427925, 38.3527596], [20.5431706, 38.3526822], [20.5437296, 38.3528588], [20.5439392, 38.3530962], [20.544079, 38.3534493], [20.5445215, 38.3539729], [20.5447156, 38.3544356], [20.5451121, 38.3547151], [20.5454153, 38.3548229], [20.5454437, 38.3551567], [20.5455977, 38.355322], [20.5454712, 38.3555616], [20.5452471, 38.3552517], [20.5446292, 38.3545386], [20.5441906, 38.3540242], [20.5434957, 38.3530897], [20.5427925, 38.3527596]]]}, "properties": {"name": null, "notes": null, "osm_id": 501178138, "curated": false, "name_el": null, "name_en": null, "surface": "sand", "blue_flag": null, "local_name": null, "access_type": null, "source_form": "polygon"}}, {"type": "Feature", "geometry": {"type": "Polygon", "coordinates": [[[20.5472836, 38.3604307], [20.5476992, 38.3603499], [20.5478321, 38.3605105], [20.5480048, 38.360758], [20.5481762, 38.3610731], [20.5482995, 38.3614633], [20.5483524, 38.3617828], [20.5483257, 38.3620765], [20.548219, 38.3622774], [20.5480635, 38.3624198], [20.5479376, 38.3626185], [20.5477081, 38.3627908], [20.5475249, 38.3628471], [20.5477207, 38.3626329], [20.5477949, 38.3625474], [20.547935, 38.3623243], [20.547963, 38.362087], [20.5479596, 38.3617571], [20.5477906, 38.3612804], [20.547508, 38.3607158], [20.5472836, 38.3604307]]]}, "properties": {"name": null, "notes": null, "osm_id": 544310153, "curated": false, "name_el": null, "name_en": null, "surface": null, "blue_flag": null, "local_name": null, "access_type": null, "source_form": "polygon"}}, {"type": "Feature", "geometry": {"type": "Polygon", "coordinates": [[[20.5468632, 38.3632524], [20.5469631, 38.3632033], [20.5471014, 38.3629984], [20.5471615, 38.3630202], [20.5472004, 38.3630424], [20.547204, 38.3630951], [20.5471969, 38.3631506], [20.5471721, 38.3632089], [20.5470942, 38.363245], [20.5469774, 38.3632838], [20.5468632, 38.3632524]]]}, "properties": {"name": null, "notes": null, "osm_id": 544310152, "curated": false, "name_el": null, "name_en": null, "surface": null, "blue_flag": null, "local_name": null, "access_type": null, "source_form": "polygon"}}, {"type": "Feature", "geometry": {"type": "Polygon", "coordinates": [[[20.5388735, 38.3774519], [20.5388746, 38.3774486], [20.5390565, 38.377441], [20.5391109, 38.3774508], [20.5390983, 38.3774675], [20.5391113, 38.3774752], [20.5393521, 38.3776155], [20.5393774, 38.3776303], [20.5393438, 38.3776777], [20.5393724, 38.3776979], [20.5394804, 38.3777742], [20.53965, 38.3780209], [20.5396728, 38.3781043], [20.5396649, 38.3781085], [20.539689, 38.3781774], [20.5397035, 38.3781744], [20.5397261, 38.3782491], [20.5397218, 38.37825], [20.539715, 38.3782514], [20.5396555, 38.3781499], [20.5396038, 38.3780756], [20.5395647, 38.3780226], [20.5395265, 38.3779775], [20.5394769, 38.3779189], [20.5394151, 38.3778549], [20.5393645, 38.3778102], [20.5392448, 38.3777102], [20.5391367, 38.3776316], [20.5390268, 38.3775533], [20.5389647, 38.3775075], [20.5389443, 38.3774906], [20.5389083, 38.3774674], [20.5389027, 38.3774637], [20.5388974, 38.3774613], [20.5388913, 38.3774628], [20.5388862, 38.3774599], [20.5388735, 38.3774519]]]}, "properties": {"name": null, "notes": null, "osm_id": 237382159, "curated": false, "name_el": null, "name_en": null, "surface": null, "blue_flag": null, "local_name": null, "access_type": null, "source_form": "polygon"}}, {"type": "Feature", "geometry": {"type": "Polygon", "coordinates": [[[20.5377709, 38.3772992], [20.5377789, 38.3772467], [20.5378836, 38.377192], [20.5379908, 38.3771794], [20.5380498, 38.3771962], [20.5380784, 38.3772434], [20.5378836, 38.3772509], [20.5377709, 38.3772992]]]}, "properties": {"name": null, "notes": null, "osm_id": 237382160, "curated": false, "name_el": null, "name_en": null, "surface": null, "blue_flag": null, "local_name": null, "access_type": null, "source_form": "polygon"}}, {"type": "Feature", "geometry": {"type": "Polygon", "coordinates": [[[20.53659, 38.3784617], [20.5366228, 38.378428], [20.5366878, 38.3784143], [20.5367709, 38.3784292], [20.5366841, 38.3784815], [20.5367159, 38.3785968], [20.5366228, 38.3785339], [20.53659, 38.3784617]]]}, "properties": {"name": null, "notes": null, "osm_id": 585442116, "curated": false, "name_el": null, "name_en": null, "surface": "pebblestone", "blue_flag": null, "local_name": null, "access_type": null, "source_form": "polygon"}}, {"type": "Feature", "geometry": {"type": "Polygon", "coordinates": [[[20.5142802, 38.3291622], [20.5146999, 38.3291776], [20.5151295, 38.3293723], [20.5155671, 38.3295678], [20.5158258, 38.3296982], [20.5160451, 38.3299556], [20.5163449, 38.3301154], [20.5165791, 38.3302813], [20.5167604, 38.3304768], [20.5169794, 38.3307198], [20.5173269, 38.3309924], [20.5176819, 38.3312649], [20.5179614, 38.3314249], [20.5182334, 38.3316323], [20.5185658, 38.3318634], [20.5185391, 38.331992], [20.5172569, 38.3310885], [20.5163087, 38.330364], [20.5151974, 38.3297917], [20.5142802, 38.3291622]]]}, "properties": {"name": null, "notes": null, "osm_id": 500792822, "curated": false, "name_el": null, "name_en": null, "surface": null, "blue_flag": null, "local_name": null, "access_type": null, "source_form": "polygon"}}, {"type": "Feature", "geometry": {"type": "Polygon", "coordinates": [[[20.5038836, 38.3208543], [20.5040393, 38.320784], [20.5041553, 38.3207667], [20.5043629, 38.320799], [20.5047636, 38.3207898], [20.5051823, 38.3211021], [20.5052923, 38.3212683], [20.5054518, 38.3213433], [20.5056248, 38.3215753], [20.5058267, 38.3217093], [20.5061372, 38.3219283], [20.5065641, 38.3221562], [20.5067409, 38.3223959], [20.5066661, 38.3226315], [20.5065405, 38.3224917], [20.5056432, 38.3218736], [20.5050235, 38.3215313], [20.5044291, 38.3211701], [20.5038836, 38.3208543]]]}, "properties": {"name": null, "notes": null, "osm_id": 500792770, "curated": false, "name_el": null, "name_en": null, "surface": null, "blue_flag": null, "local_name": null, "access_type": null, "source_form": "polygon"}}, {"type": "Feature", "geometry": {"type": "Polygon", "coordinates": [[[20.4853279, 38.3101104], [20.4860897, 38.3100851], [20.4870172, 38.3102122], [20.4877897, 38.3102964], [20.4891581, 38.3106071], [20.4899891, 38.3109446], [20.4906173, 38.3111711], [20.4909069, 38.3113984], [20.4908104, 38.3114994], [20.4905684, 38.3113235], [20.4895337, 38.3109859], [20.4876776, 38.3104976], [20.4853279, 38.3101104]]]}, "properties": {"name": "Αγια Κυριακη", "notes": null, "osm_id": 237379109, "curated": false, "name_el": "Αγια Κυριακη", "name_en": "Agia Kiriaki Beach", "surface": null, "blue_flag": null, "local_name": null, "access_type": null, "source_form": "polygon"}}, {"type": "Feature", "geometry": {"type": "Polygon", "coordinates": [[[20.4772918, 38.3092333], [20.4774618, 38.3091479], [20.4778969, 38.3090946], [20.478366, 38.3090732], [20.4790254, 38.3090786], [20.4790662, 38.3091266], [20.4792226, 38.3091479], [20.4793586, 38.3090946], [20.4798141, 38.3091693], [20.4798753, 38.3091373], [20.4802832, 38.3092013], [20.4804667, 38.3092386], [20.4807863, 38.3092119], [20.481065, 38.3092653], [20.4812961, 38.3093346], [20.4814457, 38.309324], [20.4817312, 38.3092813], [20.4825743, 38.3093026], [20.4832813, 38.3094467], [20.4834717, 38.3095267], [20.4838932, 38.3097454], [20.4839747, 38.3098468], [20.4829482, 38.3095214], [20.4820848, 38.3094253], [20.4789507, 38.3091693], [20.4781756, 38.3091426], [20.4772918, 38.3092333]]]}, "properties": {"name": null, "notes": null, "osm_id": 702826892, "curated": false, "name_el": null, "name_en": null, "surface": "stone", "blue_flag": null, "local_name": null, "access_type": null, "source_form": "polygon"}}, {"type": "Feature", "geometry": {"type": "Polygon", "coordinates": [[[20.47078, 38.3163979], [20.4708193, 38.3163104], [20.4709561, 38.3162228], [20.47102, 38.3161356], [20.4711596, 38.3161291], [20.4713093, 38.3161661], [20.4716213, 38.3160629], [20.4722521, 38.3155782], [20.4724014, 38.3154798], [20.4726079, 38.3155126], [20.4722629, 38.3156354], [20.4720308, 38.3158189], [20.4718799, 38.3159641], [20.4718108, 38.3161019], [20.4717477, 38.3161249], [20.4715754, 38.3161342], [20.471433, 38.3161691], [20.4712614, 38.3162314], [20.4710953, 38.3163468], [20.4709735, 38.3164517], [20.4708548, 38.3165737], [20.47078, 38.3163979]]]}, "properties": {"name": "Βουτη", "notes": null, "osm_id": 237379110, "curated": false, "name_el": "Βουτη", "name_en": "Vouti", "surface": null, "blue_flag": null, "local_name": null, "access_type": null, "source_form": "polygon"}}, {"type": "Feature", "geometry": {"type": "Polygon", "coordinates": [[[20.4698086, 38.3173859], [20.4699318, 38.3172138], [20.4700437, 38.3172432], [20.4702207, 38.3172386], [20.4699974, 38.3174421], [20.4698618, 38.3176875], [20.4698086, 38.3173859]]]}, "properties": {"name": null, "notes": null, "osm_id": 237379113, "curated": false, "name_el": null, "name_en": null, "surface": null, "blue_flag": null, "local_name": null, "access_type": null, "source_form": "polygon"}}, {"type": "Feature", "geometry": {"type": "Polygon", "coordinates": [[[20.5329052, 38.3409323], [20.5333672, 38.3407772], [20.5340379, 38.3410419], [20.5348821, 38.3413505], [20.5354517, 38.3417904], [20.5356792, 38.3419651], [20.535862, 38.342091], [20.5360347, 38.3422407], [20.5362344, 38.3425021], [20.5366527, 38.3430496], [20.5370372, 38.3438516], [20.5371652, 38.3441186], [20.5376316, 38.3446899], [20.5380972, 38.3460286], [20.5380883, 38.3462792], [20.5379369, 38.3464193], [20.5374446, 38.3454543], [20.5370422, 38.3448198], [20.5364047, 38.3440057], [20.5357903, 38.3431752], [20.5349804, 38.3423274], [20.5340302, 38.3415135], [20.5336653, 38.3412616], [20.5329052, 38.3409323]]]}, "properties": {"name": "Μύρτος", "notes": null, "osm_id": 237382151, "curated": false, "name_el": "Μύρτος", "name_en": "Myrtos Beach", "surface": "pebblestone", "blue_flag": null, "local_name": null, "access_type": null, "source_form": "polygon"}}, {"type": "Feature", "geometry": {"type": "Polygon", "coordinates": [[[20.6024285, 38.3035109], [20.6024945, 38.3034852], [20.6025725, 38.3036753], [20.6026368, 38.3037438], [20.6025797, 38.3037464], [20.6025054, 38.3036769], [20.6024598, 38.3035982], [20.6024285, 38.3035109]]]}, "properties": {"name": "Ελιές", "notes": null, "osm_id": 585212191, "curated": false, "name_el": "Ελιές", "name_en": "Elies", "surface": "gravel", "blue_flag": null, "local_name": null, "access_type": null, "source_form": "polygon"}}, {"type": "Feature", "geometry": {"type": "Polygon", "coordinates": [[[20.4725035, 38.1854064], [20.4727569, 38.1853664], [20.4728468, 38.1853221], [20.4728696, 38.1854391], [20.4728132, 38.1854697], [20.4726255, 38.1854855], [20.4725035, 38.1854064]]]}, "properties": {"name": null, "notes": null, "osm_id": 842598866, "curated": false, "name_el": null, "name_en": null, "surface": "gravel", "blue_flag": null, "local_name": null, "access_type": null, "source_form": "polygon"}}, {"type": "Feature", "geometry": {"type": "Polygon", "coordinates": [[[20.4698434, 38.1905446], [20.4700499, 38.1904076], [20.4700948, 38.1903522], [20.4701458, 38.1903638], [20.4701069, 38.1904434], [20.469944, 38.1905399], [20.4698434, 38.1905446]]]}, "properties": {"name": null, "notes": null, "osm_id": 842598869, "curated": false, "name_el": null, "name_en": null, "surface": "gravel", "blue_flag": null, "local_name": null, "access_type": null, "source_form": "polygon"}}, {"type": "Feature", "geometry": {"type": "Polygon", "coordinates": [[[20.4700728, 38.1887107], [20.4701637, 38.1886677], [20.470299, 38.1885157], [20.470316, 38.1884871], [20.470355, 38.1884823], [20.4703832, 38.1884813], [20.4703966, 38.188496], [20.4703912, 38.1885213], [20.4703899, 38.1885572], [20.4703952, 38.188574], [20.470363, 38.1885761], [20.4703443, 38.1885898], [20.4703228, 38.1886183], [20.4703228, 38.188652], [20.4703134, 38.1886699], [20.4702826, 38.1886889], [20.4702263, 38.1887089], [20.470186, 38.1887205], [20.4701404, 38.1887205], [20.4700728, 38.1887107]]]}, "properties": {"name": "Παραλία Κόλπος Κορμοράνων", "notes": null, "osm_id": 628053126, "curated": false, "name_el": "Παραλία Κόλπος Κορμοράνων", "name_en": "Kormoranon Bay Beach", "surface": "gravel", "blue_flag": null, "local_name": null, "access_type": null, "source_form": "polygon"}}, {"type": "Feature", "geometry": {"type": "Polygon", "coordinates": [[[20.4715794, 38.1915496], [20.4715955, 38.1915064], [20.4718731, 38.1915697], [20.4724277, 38.1917794], [20.472651, 38.191849], [20.4728937, 38.1919386], [20.473288, 38.1921778], [20.4734382, 38.1922969], [20.472942, 38.1920566], [20.4723412, 38.1918037], [20.471916, 38.191634], [20.4717303, 38.1915755], [20.4715794, 38.1915496]]]}, "properties": {"name": null, "notes": null, "osm_id": 842598870, "curated": false, "name_el": null, "name_en": null, "surface": "sand", "blue_flag": null, "local_name": null, "access_type": null, "source_form": "polygon"}}, {"type": "Feature", "geometry": {"type": "Polygon", "coordinates": [[[20.4866781, 38.2029907], [20.4869718, 38.2029056], [20.4873115, 38.2027844], [20.4874732, 38.2026971], [20.4877658, 38.20251], [20.4879295, 38.202375], [20.4879123, 38.2024302], [20.4878755, 38.2024916], [20.4878249, 38.2025332], [20.4877192, 38.2025946], [20.4876249, 38.2026524], [20.4873903, 38.2028042], [20.487211, 38.2028873], [20.4870937, 38.2029307], [20.4868959, 38.2029903], [20.4867741, 38.2030193], [20.4866982, 38.2030138], [20.4866781, 38.2029907]]]}, "properties": {"name": null, "notes": null, "osm_id": 500918509, "curated": false, "name_el": null, "name_en": null, "surface": null, "blue_flag": null, "local_name": null, "access_type": null, "source_form": "polygon"}}, {"type": "Feature", "geometry": {"type": "Polygon", "coordinates": [[[20.4700111, 38.2315055], [20.4702356, 38.2314884], [20.4705741, 38.2313897], [20.4708475, 38.2312888], [20.4708348, 38.2313607], [20.4707894, 38.231404], [20.4706567, 38.2314574], [20.4703555, 38.231554], [20.4701742, 38.2315769], [20.4700868, 38.2315668], [20.4700111, 38.2315055]]]}, "properties": {"name": "Λυγιά", "notes": null, "osm_id": 500916663, "curated": false, "name_el": null, "name_en": null, "surface": null, "blue_flag": null, "local_name": null, "access_type": null, "source_form": "polygon"}}, {"type": "Feature", "geometry": {"type": "Polygon", "coordinates": [[[20.4599117, 38.24778], [20.4600565, 38.2476585], [20.4601867, 38.2474979], [20.4601911, 38.2475322], [20.4601543, 38.2476224], [20.4600991, 38.2477037], [20.4600187, 38.247785], [20.4599589, 38.247785], [20.4599117, 38.24778]]]}, "properties": {"name": "Λίθος", "notes": null, "osm_id": 500916376, "curated": false, "name_el": null, "name_en": null, "surface": null, "blue_flag": null, "local_name": null, "access_type": null, "source_form": "polygon"}}, {"type": "Feature", "geometry": {"type": "Polygon", "coordinates": [[[20.4486811, 38.2788045], [20.4486903, 38.2787682], [20.4487103, 38.2787863], [20.4487935, 38.2787948], [20.4490277, 38.2787766], [20.4492141, 38.2787597], [20.4494729, 38.2787234], [20.4496747, 38.2786908], [20.4498442, 38.2786485], [20.4500152, 38.2786085], [20.4501461, 38.2785735], [20.450163, 38.2786182], [20.4501292, 38.2786424], [20.4498133, 38.2787186], [20.44961, 38.278767], [20.4494313, 38.2788069], [20.4492464, 38.2788347], [20.4491078, 38.2788577], [20.4490015, 38.278871], [20.4489029, 38.2788637], [20.4488213, 38.2788528], [20.4487673, 38.2788456], [20.4486811, 38.2788045]]]}, "properties": {"name": "Κουμαριά", "notes": null, "osm_id": 497439264, "curated": false, "name_el": "Κουμαριά", "name_en": "Koumaria", "surface": null, "blue_flag": null, "local_name": null, "access_type": null, "source_form": "polygon"}}, {"type": "Feature", "geometry": {"type": "Polygon", "coordinates": [[[20.4562797, 38.2597003], [20.4565229, 38.2596414], [20.4569152, 38.259496], [20.4572201, 38.2593335], [20.4575096, 38.2591463], [20.457637, 38.2589552], [20.4576785, 38.2590036], [20.4576621, 38.2590486], [20.4576157, 38.2591022], [20.4575529, 38.2591922], [20.4574574, 38.2592629], [20.457381, 38.2593036], [20.4573101, 38.2593614], [20.4572637, 38.2594107], [20.4571709, 38.2594621], [20.4570836, 38.2594943], [20.4570263, 38.2595307], [20.4569854, 38.2595778], [20.4569226, 38.259625], [20.4567643, 38.259685], [20.4565242, 38.2597343], [20.4563605, 38.25976], [20.4563005, 38.2597385], [20.4562797, 38.2597003]]]}, "properties": {"name": "Αγία Σωτήρα", "notes": null, "osm_id": 500915635, "curated": false, "name_el": null, "name_en": null, "surface": null, "blue_flag": null, "local_name": null, "access_type": null, "source_form": "polygon"}}, {"type": "Feature", "geometry": {"type": "Polygon", "coordinates": [[[20.384729, 38.2715966], [20.3848745, 38.2714071], [20.38506, 38.2713451], [20.3852044, 38.2713857], [20.3852946, 38.2716276], [20.3854128, 38.2716906], [20.3855223, 38.2717118], [20.3856247, 38.2717271], [20.385742, 38.2717673], [20.385863, 38.2718167], [20.3858035, 38.2719161], [20.3858357, 38.2719619], [20.3860317, 38.2719895], [20.3861001, 38.2720705], [20.3861611, 38.2722142], [20.3862092, 38.2723049], [20.3863119, 38.2723629], [20.3863697, 38.2724158], [20.3863858, 38.2725066], [20.3863786, 38.2728878], [20.3856753, 38.2722199], [20.3851925, 38.2718344], [20.3848145, 38.2716014], [20.384729, 38.2715966]]]}, "properties": {"name": null, "notes": null, "osm_id": 500902247, "curated": false, "name_el": null, "name_en": null, "surface": null, "blue_flag": null, "local_name": null, "access_type": null, "source_form": "polygon"}}, {"type": "Feature", "geometry": {"type": "Polygon", "coordinates": [[[20.3871143, 38.2737407], [20.3872868, 38.2737383], [20.3873906, 38.2738499], [20.3875287, 38.2739255], [20.3875383, 38.2740263], [20.3875254, 38.2740944], [20.3874403, 38.2743308], [20.3873854, 38.2740162], [20.387265, 38.27382], [20.3871143, 38.2737407]]]}, "properties": {"name": null, "notes": null, "osm_id": 500902813, "curated": false, "name_el": null, "name_en": null, "surface": null, "blue_flag": null, "local_name": null, "access_type": null, "source_form": "polygon"}}, {"type": "Feature", "geometry": {"type": "Polygon", "coordinates": [[[20.387744, 38.2765775], [20.387914, 38.2765634], [20.3881078, 38.2766186], [20.3882389, 38.2767368], [20.3884883, 38.2772038], [20.3885085, 38.2773921], [20.3879277, 38.2768046], [20.387744, 38.2765775]]]}, "properties": {"name": null, "notes": null, "osm_id": 500903088, "curated": false, "name_el": null, "name_en": null, "surface": null, "blue_flag": null, "local_name": null, "access_type": null, "source_form": "polygon"}}, {"type": "Feature", "geometry": {"type": "Polygon", "coordinates": [[[20.3772371, 38.26696], [20.3773838, 38.2668734], [20.377526, 38.2668439], [20.3776225, 38.2668818], [20.3777379, 38.2670145], [20.3779283, 38.2672398], [20.3779471, 38.267343], [20.377872, 38.2674441], [20.377794, 38.2675288], [20.3777688, 38.2674409], [20.3776388, 38.2673142], [20.3775377, 38.2672069], [20.3774263, 38.2671081], [20.3772371, 38.26696]]]}, "properties": {"name": null, "notes": null, "osm_id": 1312026632, "curated": false, "name_el": null, "name_en": null, "surface": null, "blue_flag": null, "local_name": null, "access_type": null, "source_form": "polygon"}}, {"type": "Feature", "geometry": {"type": "Polygon", "coordinates": [[[20.3738097, 38.2593553], [20.3739689, 38.2591718], [20.3741578, 38.2592424], [20.3742337, 38.2593171], [20.374378, 38.2593368], [20.3745194, 38.2593543], [20.3746216, 38.2593814], [20.3747245, 38.2594711], [20.3748262, 38.259571], [20.3749194, 38.2595977], [20.3750472, 38.2596031], [20.3750984, 38.2596736], [20.3752052, 38.2597068], [20.3752156, 38.2597998], [20.3754465, 38.2598313], [20.3756214, 38.2599938], [20.3758718, 38.2600984], [20.376423, 38.2604445], [20.376681, 38.2607037], [20.3777935, 38.2614397], [20.3779993, 38.2616688], [20.3782023, 38.2619893], [20.3783, 38.2622478], [20.3783655, 38.2624617], [20.3783279, 38.2625987], [20.3782909, 38.2626851], [20.3781353, 38.2627859], [20.378159, 38.2626255], [20.3781054, 38.2624125], [20.3779298, 38.2621488], [20.3778366, 38.2619978], [20.3776845, 38.2618819], [20.3775675, 38.2617194], [20.3771827, 38.2613719], [20.3768793, 38.2611621], [20.3766138, 38.2609162], [20.3760758, 38.2605455], [20.3757091, 38.2603059], [20.3751722, 38.2599663], [20.3747394, 38.2597203], [20.3742064, 38.2594579], [20.3738097, 38.2593553]]]}, "properties": {"name": "Πετανι", "notes": null, "osm_id": 303062837, "curated": false, "name_el": "Πετανι", "name_en": "Petani Beach", "surface": null, "blue_flag": null, "local_name": null, "access_type": null, "source_form": "polygon"}}, {"type": "Feature", "geometry": {"type": "Polygon", "coordinates": [[[20.3781254, 38.2644715], [20.3782369, 38.2642378], [20.3782683, 38.2640126], [20.3782325, 38.2637088], [20.3781849, 38.2635335], [20.3781649, 38.2634751], [20.3782245, 38.2634347], [20.3782569, 38.2634432], [20.3782569, 38.263507], [20.378284, 38.2635771], [20.3782732, 38.2636493], [20.378284, 38.2637109], [20.3782813, 38.2637789], [20.3783083, 38.2638277], [20.3783408, 38.2638744], [20.3783408, 38.263936], [20.3783543, 38.2639849], [20.3783219, 38.2640423], [20.3783919, 38.2640784], [20.3783918, 38.2641325], [20.3783457, 38.2641405], [20.3784174, 38.2642125], [20.3784153, 38.2642973], [20.3783277, 38.2643525], [20.3782893, 38.2644225], [20.3781254, 38.2644715]]]}, "properties": {"name": null, "notes": null, "osm_id": 500793729, "curated": false, "name_el": null, "name_en": null, "surface": null, "blue_flag": null, "local_name": null, "access_type": null, "source_form": "polygon"}}, {"type": "Feature", "geometry": {"type": "Polygon", "coordinates": [[[20.3761161, 38.2661862], [20.3762164, 38.2661423], [20.376367, 38.2661544], [20.3764646, 38.2661813], [20.3766375, 38.2662216], [20.3767385, 38.2662592], [20.376824, 38.266317], [20.3768566, 38.2664339], [20.3768275, 38.2664608], [20.3768188, 38.2665024], [20.3767365, 38.2664261], [20.3766661, 38.2663779], [20.3765917, 38.2663373], [20.3764985, 38.2663059], [20.3763523, 38.2662396], [20.376244, 38.2662006], [20.3761161, 38.2661862]]]}, "properties": {"name": null, "notes": null, "osm_id": 1312026631, "curated": false, "name_el": null, "name_en": null, "surface": null, "blue_flag": null, "local_name": null, "access_type": null, "source_form": "polygon"}}, {"type": "Feature", "geometry": {"type": "Polygon", "coordinates": [[[20.3680313, 38.2602174], [20.3681036, 38.2600913], [20.3682525, 38.2600866], [20.3683182, 38.2600706], [20.3684181, 38.2601144], [20.3684559, 38.2602178], [20.3682052, 38.2601837], [20.3680313, 38.2602174]]]}, "properties": {"name": null, "notes": null, "osm_id": 500898234, "curated": false, "name_el": null, "name_en": null, "surface": null, "blue_flag": null, "local_name": null, "access_type": null, "source_form": "polygon"}}, {"type": "Feature", "geometry": {"type": "Polygon", "coordinates": [[[20.3671402, 38.260568], [20.3671502, 38.2603244], [20.3672277, 38.2602098], [20.3672961, 38.2601561], [20.3673918, 38.2601024], [20.3674602, 38.260063], [20.3675469, 38.260038], [20.3676517, 38.2600666], [20.3677406, 38.2602626], [20.3674811, 38.2603198], [20.3671402, 38.260568]]]}, "properties": {"name": "Αγία Ελένη", "notes": null, "osm_id": 500898106, "curated": false, "name_el": null, "name_en": null, "surface": null, "blue_flag": null, "local_name": null, "access_type": null, "source_form": "polygon"}}, {"type": "Feature", "geometry": {"type": "Polygon", "coordinates": [[[20.3571261, 38.2358775], [20.3572465, 38.2358746], [20.3572935, 38.2359342], [20.3574781, 38.2359001], [20.35763, 38.2359769], [20.3576373, 38.2361901], [20.3576735, 38.2362497], [20.3579629, 38.2361758], [20.3578689, 38.2363435], [20.3579123, 38.2364373], [20.3578291, 38.2364999], [20.3578146, 38.2366391], [20.3579412, 38.2367216], [20.3580028, 38.2368466], [20.3581366, 38.2369091], [20.3581294, 38.2370882], [20.3579774, 38.2371763], [20.3579521, 38.2373696], [20.3578378, 38.2375682], [20.3575028, 38.236561], [20.3571261, 38.2358775]]]}, "properties": {"name": null, "notes": null, "osm_id": 1323845500, "curated": false, "name_el": null, "name_en": null, "surface": null, "blue_flag": null, "local_name": null, "access_type": null, "source_form": "polygon"}}, {"type": "Feature", "geometry": {"type": "Polygon", "coordinates": [[[20.356485, 38.2562751], [20.3567223, 38.2562436], [20.3568933, 38.2562181], [20.3569227, 38.2563084], [20.3573, 38.256475], [20.3574857, 38.2566324], [20.35758, 38.2568083], [20.3576213, 38.2568569], [20.3575779, 38.2569056], [20.3570198, 38.2565408], [20.356485, 38.2562751]]]}, "properties": {"name": null, "notes": null, "osm_id": 1312222730, "curated": false, "name_el": null, "name_en": null, "surface": null, "blue_flag": null, "local_name": null, "access_type": null, "source_form": "polygon"}}, {"type": "Feature", "geometry": {"type": "Polygon", "coordinates": [[[20.3560474, 38.2205759], [20.3562258, 38.2206096], [20.356526, 38.220817], [20.3566818, 38.2210713], [20.3566579, 38.2212587], [20.3565931, 38.2214817], [20.3564837, 38.2215619], [20.3565323, 38.2213513], [20.3563687, 38.2210296], [20.3560474, 38.2205759]]]}, "properties": {"name": null, "notes": null, "osm_id": 500892456, "curated": false, "name_el": null, "name_en": null, "surface": null, "blue_flag": null, "local_name": null, "access_type": null, "source_form": "polygon"}}, {"type": "Feature", "geometry": {"type": "Polygon", "coordinates": [[[20.3529361, 38.2151893], [20.3533312, 38.2149496], [20.3536873, 38.214922], [20.3538358, 38.2151849], [20.354147, 38.2154049], [20.3544218, 38.215595], [20.354695, 38.2158139], [20.3547865, 38.2159944], [20.3549641, 38.2161981], [20.3551336, 38.2164178], [20.3552477, 38.2166826], [20.355597, 38.2167721], [20.3553904, 38.2173703], [20.3555711, 38.2175317], [20.3556533, 38.2177414], [20.3557048, 38.2180512], [20.3557636, 38.2182528], [20.3559023, 38.218302], [20.3561205, 38.218816], [20.356172, 38.2192869], [20.3561535, 38.2196639], [20.3560123, 38.2197803], [20.355814, 38.2191212], [20.3555105, 38.2185149], [20.3552419, 38.2178282], [20.3552092, 38.2174955], [20.3545208, 38.2167094], [20.354029, 38.2161039], [20.3536117, 38.2157111], [20.353283, 38.2154166], [20.3529361, 38.2151893]]]}, "properties": {"name": "Πλατιά Άμμος", "notes": null, "osm_id": 500796915, "curated": false, "name_el": null, "name_en": null, "surface": "sand", "blue_flag": null, "local_name": null, "access_type": null, "source_form": "polygon"}}, {"type": "Feature", "geometry": {"type": "Polygon", "coordinates": [[[20.3430815, 38.1941789], [20.3431871, 38.1940256], [20.3432517, 38.1940474], [20.3433903, 38.1939748], [20.3434873, 38.1942834], [20.3435242, 38.1943487], [20.3436812, 38.1943015], [20.3438706, 38.1943378], [20.3439584, 38.1944576], [20.3438198, 38.1946427], [20.343866, 38.1948968], [20.3440045, 38.1951327], [20.34412, 38.1951726], [20.3442539, 38.1951618], [20.3443047, 38.1952344], [20.34406, 38.1956191], [20.344023, 38.1958115], [20.3438613, 38.1959142], [20.3437646, 38.1950244], [20.3433654, 38.1943645], [20.3432304, 38.1942426], [20.3430815, 38.1941789]]]}, "properties": {"name": null, "notes": null, "osm_id": 1312224662, "curated": false, "name_el": null, "name_en": null, "surface": null, "blue_flag": null, "local_name": null, "access_type": null, "source_form": "polygon"}}, {"type": "Feature", "geometry": {"type": "Polygon", "coordinates": [[[20.3508693, 38.1763594], [20.3509782, 38.1763586], [20.3512032, 38.1762851], [20.3512886, 38.1762255], [20.351341, 38.1761811], [20.3513973, 38.1761945], [20.3514479, 38.1762216], [20.3514824, 38.1762704], [20.3514824, 38.1763156], [20.351441, 38.1763626], [20.3513904, 38.1763897], [20.3513214, 38.1764367], [20.3512409, 38.1764855], [20.3511535, 38.1765253], [20.3509995, 38.1765253], [20.3509443, 38.1764946], [20.3509213, 38.176444], [20.3508693, 38.1763594]]]}, "properties": {"name": "Λαγκαδάκια", "notes": null, "osm_id": 500896259, "curated": false, "name_el": null, "name_en": null, "surface": null, "blue_flag": null, "local_name": null, "access_type": null, "source_form": "polygon"}}, {"type": "Feature", "geometry": {"type": "Polygon", "coordinates": [[[20.3499896, 38.176659], [20.3501529, 38.1766693], [20.3502812, 38.1766522], [20.3503675, 38.176618], [20.3503985, 38.1766491], [20.3504004, 38.1766841], [20.3503597, 38.1767085], [20.3503074, 38.1767329], [20.3502376, 38.1767496], [20.3501485, 38.1767512], [20.3500787, 38.1767329], [20.3500264, 38.1766902], [20.3499896, 38.176659]]]}, "properties": {"name": null, "notes": null, "osm_id": 500896129, "curated": false, "name_el": null, "name_en": null, "surface": null, "blue_flag": null, "local_name": null, "access_type": null, "source_form": "polygon"}}, {"type": "Feature", "geometry": {"type": "Polygon", "coordinates": [[[20.4384782, 38.2202783], [20.4385536, 38.2199189], [20.438579, 38.2201327], [20.438592, 38.2201895], [20.4386393, 38.2203971], [20.4387323, 38.2205992], [20.4389824, 38.2212847], [20.4394287, 38.2218858], [20.439611, 38.2220266], [20.4396128, 38.2220949], [20.4393229, 38.2224023], [20.4391785, 38.2225428], [20.4389974, 38.2231309], [20.4389629, 38.223542], [20.4389085, 38.2233996], [20.4389085, 38.2232698], [20.4389547, 38.2230525], [20.43902, 38.2228502], [20.4390046, 38.2227415], [20.4390507, 38.2225363], [20.4391429, 38.2224095], [20.4392889, 38.2223189], [20.4393927, 38.2222042], [20.4394119, 38.2221318], [20.4393504, 38.222011], [20.4392736, 38.2219446], [20.4392006, 38.2218631], [20.4390738, 38.2217454], [20.4388548, 38.2214918], [20.4387625, 38.221365], [20.4387087, 38.2212231], [20.4386511, 38.2209816], [20.4385205, 38.2205681], [20.4384782, 38.2202783]]]}, "properties": {"name": null, "notes": null, "osm_id": 500913989, "curated": false, "name_el": null, "name_en": null, "surface": null, "blue_flag": null, "local_name": null, "access_type": null, "source_form": "polygon"}}, {"type": "Feature", "geometry": {"type": "Polygon", "coordinates": [[[20.4394266, 38.1944992], [20.439461, 38.19412], [20.4395469, 38.1944742], [20.439578, 38.1947384], [20.4396863, 38.1951403], [20.4397577, 38.1953388], [20.4399173, 38.1957061], [20.4401584, 38.1960385], [20.4403459, 38.1963291], [20.4405307, 38.1966244], [20.4406785, 38.1968042], [20.4408301, 38.1969841], [20.4405118, 38.1969144], [20.440416, 38.196789], [20.440188, 38.1965489], [20.439992, 38.1962766], [20.4399219, 38.1961021], [20.4399099, 38.1960723], [20.4398005, 38.195911], [20.4396637, 38.1956853], [20.4395178, 38.1954094], [20.4395132, 38.1951119], [20.4394722, 38.1948217], [20.4394266, 38.1944992]]]}, "properties": {"name": null, "notes": null, "osm_id": 500914340, "curated": false, "name_el": null, "name_en": null, "surface": null, "blue_flag": null, "local_name": null, "access_type": null, "source_form": "polygon"}}, {"type": "Feature", "geometry": {"type": "Polygon", "coordinates": [[[20.4391796, 38.1760554], [20.439461, 38.176457], [20.4395576, 38.177292], [20.4398716, 38.1782234], [20.4400887, 38.1784222], [20.4402871, 38.1784643], [20.4403837, 38.1784432], [20.4404373, 38.1795228], [20.4402281, 38.1795734], [20.4401495, 38.1790044], [20.4401143, 38.1787392], [20.4398463, 38.1786065], [20.4397361, 38.178496], [20.4395371, 38.1780748], [20.4394791, 38.1773938], [20.4393126, 38.1768864], [20.4391796, 38.1760554]]]}, "properties": {"name": null, "notes": null, "osm_id": 584826438, "curated": false, "name_el": null, "name_en": null, "surface": "sand", "blue_flag": null, "local_name": null, "access_type": null, "source_form": "polygon"}}, {"type": "Feature", "geometry": {"type": "Polygon", "coordinates": [[[20.4190322, 38.1607861], [20.4190374, 38.1606423], [20.4193433, 38.1606437], [20.4212846, 38.1608246], [20.4238649, 38.1609511], [20.4248117, 38.1609406], [20.4260107, 38.1610312], [20.4275959, 38.1611936], [20.4283138, 38.1612506], [20.4293205, 38.1614151], [20.4305999, 38.1615058], [20.4312625, 38.1614805], [20.4318874, 38.1615648], [20.4331239, 38.1615838], [20.433486, 38.1616745], [20.4343121, 38.161742], [20.434691, 38.1617963], [20.435096, 38.1617942], [20.4353395, 38.1616753], [20.43545, 38.161558], [20.4356459, 38.1615453], [20.4359337, 38.1617318], [20.4361058, 38.1618025], [20.436547, 38.1616324], [20.4365232, 38.1618054], [20.436245, 38.1619467], [20.4360327, 38.1619374], [20.4357783, 38.1618639], [20.4355396, 38.1617943], [20.4350968, 38.1618669], [20.4345847, 38.1619305], [20.4340494, 38.1618609], [20.4334949, 38.1617489], [20.4331908, 38.1617973], [20.4330444, 38.1617458], [20.4327595, 38.1617246], [20.4326209, 38.1617731], [20.4322089, 38.161661], [20.4319008, 38.1616701], [20.4318353, 38.1617852], [20.4315851, 38.1617579], [20.4312501, 38.1616126], [20.42986, 38.1615339], [20.4294826, 38.161546], [20.4288126, 38.1615036], [20.4286432, 38.1615036], [20.4285315, 38.1616429], [20.4283121, 38.1615763], [20.4278384, 38.1613371], [20.4270414, 38.1612281], [20.4258323, 38.1611342], [20.4256937, 38.1610737], [20.4255512, 38.161107], [20.4245693, 38.1610767], [20.4235759, 38.160995], [20.4233063, 38.1610222], [20.4220626, 38.1609889], [20.4211654, 38.1609526], [20.4197946, 38.1607982], [20.4190322, 38.1607861]]]}, "properties": {"name": "Μεγας Λακος", "notes": null, "osm_id": 41427182, "curated": false, "name_el": null, "name_en": null, "surface": "sand", "blue_flag": null, "local_name": null, "access_type": null, "source_form": "polygon"}}, {"type": "Feature", "geometry": {"type": "Polygon", "coordinates": [[[20.3871319, 38.1529329], [20.387151, 38.1528326], [20.3877955, 38.1535058], [20.3890805, 38.1543894], [20.390605, 38.1549888], [20.3918202, 38.1553987], [20.3931765, 38.1557062], [20.393642, 38.1557586], [20.3936097, 38.15581], [20.3933283, 38.1558057], [20.3928251, 38.1557547], [20.3917754, 38.1554994], [20.3914508, 38.1553888], [20.3911099, 38.1552696], [20.3907744, 38.1551548], [20.3903686, 38.1549761], [20.3900007, 38.1548569], [20.3895246, 38.1546314], [20.3891729, 38.1545038], [20.3888807, 38.1543208], [20.3885128, 38.1540953], [20.388134, 38.1538613], [20.3877066, 38.1535677], [20.3874306, 38.1532912], [20.3872791, 38.1531252], [20.3871319, 38.1529329]]]}, "properties": {"name": "Κουνόπετρα", "notes": null, "osm_id": 500897724, "curated": false, "name_el": null, "name_en": null, "surface": null, "blue_flag": null, "local_name": null, "access_type": null, "source_form": "polygon"}}, {"type": "Feature", "geometry": {"type": "Polygon", "coordinates": [[[20.4007415, 38.1561705], [20.4011004, 38.156145], [20.4013681, 38.1561381], [20.4018771, 38.1561057], [20.402998, 38.15596], [20.4045895, 38.1556431], [20.404666, 38.1557194], [20.4034892, 38.1559646], [20.4028538, 38.1560502], [20.4021742, 38.1561705], [20.40188, 38.1561589], [20.4008033, 38.1562283], [20.4007415, 38.1561705]]]}, "properties": {"name": null, "notes": null, "osm_id": 300409890, "curated": false, "name_el": null, "name_en": null, "surface": "sand", "blue_flag": null, "local_name": null, "access_type": null, "source_form": "polygon"}}, {"type": "Feature", "geometry": {"type": "Polygon", "coordinates": [[[20.4101165, 38.1596744], [20.4101212, 38.1595878], [20.4113764, 38.1599234], [20.4123794, 38.1601293], [20.4134999, 38.1603041], [20.4146394, 38.1604036], [20.416369, 38.1605084], [20.4179087, 38.1606251], [20.4190086, 38.1606419], [20.4190374, 38.1606423], [20.4190322, 38.1607861], [20.4189783, 38.1608163], [20.4191361, 38.1609011], [20.4191284, 38.1609465], [20.4178729, 38.1608171], [20.4177721, 38.1607314], [20.4176251, 38.1606694], [20.4175242, 38.1607629], [20.417475, 38.1607666], [20.4174264, 38.16074], [20.4173447, 38.1606351], [20.417263, 38.1606265], [20.4171323, 38.1607272], [20.4158009, 38.1606651], [20.4156908, 38.160616], [20.415338, 38.1606565], [20.4150439, 38.1606372], [20.4148806, 38.1605538], [20.4139358, 38.1605131], [20.4130618, 38.1603932], [20.4118447, 38.160162], [20.4113268, 38.1600078], [20.4101165, 38.1596744]]]}, "properties": {"name": "Xi Beach", "notes": null, "osm_id": 372765845, "curated": false, "name_el": null, "name_en": "Xi", "surface": "sand", "blue_flag": null, "local_name": null, "access_type": null, "source_form": "polygon"}}, {"type": "Feature", "geometry": {"type": "Polygon", "coordinates": [[[20.3771311, 38.1614469], [20.3773451, 38.1614606], [20.3776643, 38.1618246], [20.3777288, 38.1621645], [20.3778481, 38.16249], [20.3777802, 38.1628819], [20.3773618, 38.1630109], [20.3774095, 38.1628012], [20.3774471, 38.1624838], [20.3774216, 38.1619766], [20.3773572, 38.1618248], [20.3771311, 38.1614469]]]}, "properties": {"name": "Βραχινάρι", "notes": null, "osm_id": 395550431, "curated": false, "name_el": null, "name_en": null, "surface": null, "blue_flag": null, "local_name": null, "access_type": null, "source_form": "polygon"}}, {"type": "Feature", "geometry": {"type": "Polygon", "coordinates": [[[20.3754359, 38.1648274], [20.3754538, 38.1646677], [20.3758436, 38.1646673], [20.3761182, 38.1645665], [20.3764917, 38.1642976], [20.3768119, 38.1639237], [20.3769955, 38.1636074], [20.3770409, 38.1639845], [20.3768961, 38.1642681], [20.3765555, 38.1645686], [20.3762577, 38.1647542], [20.3759104, 38.1648765], [20.3754359, 38.1648274]]]}, "properties": {"name": "Βάτσα", "notes": null, "osm_id": 443380288, "curated": false, "name_el": null, "name_en": null, "surface": null, "blue_flag": null, "local_name": null, "access_type": null, "source_form": "polygon"}}, {"type": "Feature", "geometry": {"type": "Polygon", "coordinates": [[[20.5215282, 38.1031115], [20.5217109, 38.1031966], [20.5230069, 38.1035815], [20.5239015, 38.1038031], [20.5236144, 38.1041804], [20.5234931, 38.1042212], [20.5230101, 38.1039917], [20.5227089, 38.1038636], [20.522437, 38.1036113], [20.5220494, 38.1033959], [20.5215569, 38.1032197], [20.5215282, 38.1031115]]]}, "properties": {"name": "Άγιος Χέλης", "notes": null, "osm_id": 296689947, "curated": false, "name_el": "Άγιος Χέλης", "name_en": "Ai helis beach", "surface": "sand", "blue_flag": null, "local_name": null, "access_type": null, "source_form": "polygon"}}, {"type": "Feature", "geometry": {"type": "Polygon", "coordinates": [[[20.5091397, 38.1098904], [20.5098336, 38.1090913], [20.5105166, 38.1082707], [20.5106429, 38.1085368], [20.5103176, 38.1089558], [20.5098628, 38.1094722], [20.5095778, 38.109787], [20.5093994, 38.1099252], [20.5091397, 38.1098904]]]}, "properties": {"name": "Άμμες", "notes": null, "osm_id": 296689946, "curated": false, "name_el": "Άμμες", "name_en": "Ammes Beach", "surface": "sand", "blue_flag": null, "local_name": null, "access_type": null, "source_form": "polygon"}}, {"type": "Feature", "geometry": {"type": "Polygon", "coordinates": [[[20.4909497, 38.1249255], [20.4910509, 38.1248655], [20.4912648, 38.1249115], [20.4915833, 38.1250719], [20.4919708, 38.1252758], [20.4921642, 38.1255704], [20.4920952, 38.1272839], [20.4917906, 38.1279686], [20.4916838, 38.1280527], [20.4918555, 38.1263363], [20.4918183, 38.1258888], [20.4917131, 38.1254319], [20.4915392, 38.1252206], [20.4913286, 38.125031], [20.4909497, 38.1249255]]]}, "properties": {"name": "Megali Ammos", "notes": null, "osm_id": 296689945, "curated": false, "name_el": null, "name_en": null, "surface": "sand", "blue_flag": null, "local_name": null, "access_type": null, "source_form": "polygon"}}, {"type": "Feature", "geometry": {"type": "Polygon", "coordinates": [[[20.4921658, 38.1299604], [20.4926659, 38.1300997], [20.4930463, 38.1302418], [20.4933192, 38.1303385], [20.4934267, 38.1303597], [20.4934805, 38.1304503], [20.4935997, 38.1305561], [20.4937418, 38.1306559], [20.4939224, 38.1308463], [20.4941107, 38.1309944], [20.4942759, 38.1311304], [20.4943912, 38.1312906], [20.4946179, 38.1316865], [20.4946717, 38.1318135], [20.4946316, 38.1319124], [20.4941329, 38.1311726], [20.4934544, 38.1306724], [20.4930777, 38.1304206], [20.4927481, 38.1302453], [20.4921658, 38.1299604]]]}, "properties": {"name": null, "notes": null, "osm_id": 500948975, "curated": false, "name_el": null, "name_en": null, "surface": "sand", "blue_flag": null, "local_name": null, "access_type": null, "source_form": "polygon"}}, {"type": "Feature", "geometry": {"type": "Polygon", "coordinates": [[[20.4913265, 38.1418941], [20.4917229, 38.1414445], [20.4919273, 38.1411543], [20.4920865, 38.1408744], [20.4921296, 38.1409498], [20.4921257, 38.1410214], [20.4919862, 38.1412257], [20.4919649, 38.1413186], [20.491868, 38.1414482], [20.4917808, 38.1415762], [20.491649, 38.1417408], [20.4914979, 38.1418932], [20.4914083, 38.1419043], [20.4913265, 38.1418941]]]}, "properties": {"name": null, "notes": null, "osm_id": 500946416, "curated": false, "name_el": null, "name_en": null, "surface": null, "blue_flag": null, "local_name": null, "access_type": null, "source_form": "polygon"}}, {"type": "Feature", "geometry": {"type": "Polygon", "coordinates": [[[20.4757816, 38.1589976], [20.4758595, 38.1589712], [20.4760408, 38.1589559], [20.476248, 38.1590221], [20.47652, 38.159101], [20.4767694, 38.1592054], [20.4768568, 38.1592411], [20.4769539, 38.1592691], [20.4771385, 38.1592895], [20.4772389, 38.15932], [20.4773554, 38.1593633], [20.4774591, 38.1594091], [20.4775674, 38.1595168], [20.4772162, 38.159404], [20.4761071, 38.1590479], [20.4757816, 38.1589976]]]}, "properties": {"name": null, "notes": null, "osm_id": 500941227, "curated": false, "name_el": null, "name_en": null, "surface": null, "blue_flag": null, "local_name": null, "access_type": null, "source_form": "polygon"}}, {"type": "Feature", "geometry": {"type": "Polygon", "coordinates": [[[20.4780794, 38.1600319], [20.4783297, 38.1600781], [20.478524, 38.1601087], [20.4787604, 38.1601545], [20.478864, 38.160236], [20.4790065, 38.1603073], [20.4791036, 38.1603709], [20.4791069, 38.1604651], [20.4791652, 38.1605288], [20.4792429, 38.1605695], [20.4792785, 38.1606281], [20.4792947, 38.1606917], [20.4792588, 38.1608484], [20.479061, 38.1606632], [20.478618, 38.1603683], [20.4781583, 38.160121], [20.4780794, 38.1600319]]]}, "properties": {"name": "Παλιοσταφίδα", "notes": null, "osm_id": 500936428, "curated": false, "name_el": null, "name_en": null, "surface": "sand", "blue_flag": null, "local_name": null, "access_type": null, "source_form": "polygon"}}, {"type": "Feature", "geometry": {"type": "Polygon", "coordinates": [[[20.4795789, 38.1648104], [20.4797378, 38.1645215], [20.4798313, 38.1642801], [20.4798237, 38.1641834], [20.4799019, 38.1642908], [20.4799373, 38.1643422], [20.4799564, 38.1644281], [20.4799455, 38.1645396], [20.4799101, 38.1646448], [20.4798828, 38.1647391], [20.4797982, 38.1647971], [20.479719, 38.1648228], [20.4795789, 38.1648104]]]}, "properties": {"name": "Γραδάκια", "notes": null, "osm_id": 500943574, "curated": false, "name_el": null, "name_en": null, "surface": null, "blue_flag": null, "local_name": null, "access_type": null, "source_form": "polygon"}}, {"type": "Feature", "geometry": {"type": "Polygon", "coordinates": [[[20.4802999, 38.1641321], [20.4803286, 38.164033], [20.4804895, 38.1640617], [20.4804608, 38.1641608], [20.4804602, 38.1641607], [20.4804471, 38.1642061], [20.480316, 38.1641827], [20.4803292, 38.1641373], [20.4802999, 38.1641321]]]}, "properties": {"name": "Γραδάκια", "notes": null, "osm_id": 836346226, "curated": false, "name_el": null, "name_en": null, "surface": null, "blue_flag": null, "local_name": null, "access_type": null, "source_form": "polygon"}}, {"type": "Feature", "geometry": {"type": "Polygon", "coordinates": [[[20.4796802, 38.1685825], [20.4797507, 38.1683957], [20.4796905, 38.1681183], [20.4797389, 38.1681739], [20.4797497, 38.1682619], [20.4798154, 38.1683194], [20.479851, 38.1683932], [20.4798453, 38.1684705], [20.4798037, 38.1685553], [20.4797431, 38.168627], [20.4796802, 38.1685825]]]}, "properties": {"name": null, "notes": null, "osm_id": 500943603, "curated": false, "name_el": null, "name_en": null, "surface": null, "blue_flag": null, "local_name": null, "access_type": null, "source_form": "polygon"}}, {"type": "Feature", "geometry": {"type": "Polygon", "coordinates": [[[20.4798595, 38.1696804], [20.4799008, 38.169528], [20.4799262, 38.1693634], [20.479987, 38.1694211], [20.4799847, 38.1694898], [20.4799847, 38.1695622], [20.4799824, 38.1696092], [20.4799549, 38.1696507], [20.4799135, 38.1696598], [20.4798595, 38.1696804]]]}, "properties": {"name": null, "notes": null, "osm_id": 500943655, "curated": false, "name_el": null, "name_en": null, "surface": null, "blue_flag": null, "local_name": null, "access_type": null, "source_form": "polygon"}}, {"type": "Feature", "geometry": {"type": "Polygon", "coordinates": [[[20.4806564, 38.1707229], [20.480842, 38.1706914], [20.4809989, 38.170734], [20.4811017, 38.1708105], [20.4811991, 38.1708999], [20.481421, 38.1711423], [20.4814859, 38.171338], [20.4815292, 38.1714911], [20.4815454, 38.1715932], [20.481513, 38.1716825], [20.4814051, 38.1717359], [20.4813535, 38.1713477], [20.4811925, 38.1710956], [20.4808886, 38.1708067], [20.4806564, 38.1707229]]]}, "properties": {"name": "Καλάμια", "notes": null, "osm_id": 500943713, "curated": false, "name_el": null, "name_en": null, "surface": null, "blue_flag": null, "local_name": null, "access_type": null, "source_form": "polygon"}}, {"type": "Feature", "geometry": {"type": "Polygon", "coordinates": [[[20.4774515, 38.1557835], [20.4780292, 38.1555061], [20.4786277, 38.1552407], [20.4799415, 38.1545943], [20.4803518, 38.1543663], [20.4812893, 38.1538852], [20.4819288, 38.1535571], [20.483321, 38.1525622], [20.4835791, 38.1522566], [20.4835481, 38.1524974], [20.4835554, 38.1525612], [20.482988, 38.1532701], [20.4828957, 38.1533367], [20.4823109, 38.1537585], [20.4823997, 38.1538369], [20.4823236, 38.1538749], [20.4820053, 38.1538963], [20.4814261, 38.1541249], [20.4811915, 38.1542617], [20.4803147, 38.1546354], [20.480098, 38.1548019], [20.4790918, 38.1552334], [20.4781972, 38.155609], [20.4776768, 38.1557715], [20.4774515, 38.1557835]]]}, "properties": {"name": null, "notes": null, "osm_id": 303071584, "curated": false, "name_el": "Μακρυς Γιαλος", "name_en": "Makris Gialos Beach", "surface": "sand", "blue_flag": null, "local_name": null, "access_type": null, "source_form": "polygon"}}, {"type": "Feature", "geometry": {"type": "Polygon", "coordinates": [[[20.4837866, 38.1521639], [20.4839335, 38.1521334], [20.4843488, 38.151679], [20.4847382, 38.151184], [20.484807, 38.1512912], [20.4848361, 38.1513396], [20.4848912, 38.1514491], [20.4849139, 38.1515891], [20.4849527, 38.1516935], [20.4849387, 38.1517326], [20.4849374, 38.1517362], [20.4849236, 38.151775], [20.4848815, 38.1518081], [20.4848264, 38.1518106], [20.4847487, 38.1518336], [20.4846678, 38.151915], [20.4846218, 38.1519633], [20.4845415, 38.1520475], [20.4845326, 38.1520554], [20.4844246, 38.1521509], [20.484412, 38.152162], [20.4842458, 38.1522307], [20.4841205, 38.1522359], [20.4839327, 38.1522181], [20.4837866, 38.1521639]]]}, "properties": {"name": "Πλατύς Γιαλός", "notes": null, "osm_id": 500932453, "curated": false, "name_el": "Πλατύς Γιαλός", "name_en": "Platis Gialos Beach", "surface": "sand", "blue_flag": null, "local_name": null, "access_type": null, "source_form": "polygon"}}, {"type": "Feature", "geometry": {"type": "Polygon", "coordinates": [[[20.4845135, 38.1491025], [20.4846581, 38.1490631], [20.4847552, 38.1491242], [20.4848297, 38.1492108], [20.4848912, 38.149277], [20.4850207, 38.1495011], [20.4849851, 38.1496233], [20.4849654, 38.1496844], [20.484922, 38.1495133], [20.4848397, 38.149388], [20.4846669, 38.1492211], [20.4845135, 38.1491025]]]}, "properties": {"name": "Άσπρος Βράχος", "notes": null, "osm_id": 500932020, "curated": false, "name_el": null, "name_en": null, "surface": null, "blue_flag": null, "local_name": null, "access_type": null, "source_form": "polygon"}}, {"type": "Feature", "geometry": {"type": "Polygon", "coordinates": [[[20.5998424, 38.1158379], [20.6000659, 38.1158913], [20.6003031, 38.1159252], [20.6002447, 38.1159506], [20.6002005, 38.1159687], [20.6001256, 38.1159823], [20.6000795, 38.1159838], [20.6000257, 38.1159657], [20.5999565, 38.1159339], [20.5998796, 38.1158901], [20.5998635, 38.1158675], [20.5998424, 38.1158379]]]}, "properties": {"name": "Άγιος Θωμάς", "notes": null, "osm_id": 501002070, "curated": false, "name_el": "Άγιος Θωμάς", "name_en": "Agios Thomas Beach", "surface": null, "blue_flag": null, "local_name": null, "access_type": null, "source_form": "polygon"}}, {"type": "Feature", "geometry": {"type": "Polygon", "coordinates": [[[20.6021662, 38.1159721], [20.6029264, 38.1159503], [20.6027944, 38.1160191], [20.6026338, 38.1160591], [20.6024041, 38.1160751], [20.6022232, 38.1160447], [20.6021662, 38.1159721]]]}, "properties": {"name": null, "notes": null, "osm_id": 1189115571, "curated": false, "name_el": null, "name_en": null, "surface": null, "blue_flag": null, "local_name": null, "access_type": null, "source_form": "polygon"}}, {"type": "Feature", "geometry": {"type": "Polygon", "coordinates": [[[20.5763148, 38.1042191], [20.5769649, 38.1044359], [20.577813, 38.1046483], [20.5784911, 38.1048405], [20.5783161, 38.1048402], [20.5780888, 38.1048065], [20.5778582, 38.1047599], [20.5776243, 38.1047003], [20.5774036, 38.1046432], [20.5772883, 38.1045992], [20.5771697, 38.1045603], [20.5769622, 38.1044955], [20.5766327, 38.1044022], [20.5763659, 38.1042959], [20.5763148, 38.1042191]]]}, "properties": {"name": null, "notes": null, "osm_id": 500980275, "curated": false, "name_el": null, "name_en": null, "surface": null, "blue_flag": null, "local_name": null, "access_type": null, "source_form": "polygon"}}, {"type": "Feature", "geometry": {"type": "Polygon", "coordinates": [[[20.5747155, 38.1027009], [20.5747571, 38.1026354], [20.5748138, 38.1025782], [20.5748496, 38.1026603], [20.575073, 38.1028342], [20.5752908, 38.1029907], [20.5753987, 38.1030611], [20.5753038, 38.1031021], [20.5752796, 38.1031125], [20.5752042, 38.1030961], [20.5751846, 38.1030919], [20.5751097, 38.1030373], [20.5749681, 38.1029652], [20.5747766, 38.102832], [20.5747211, 38.1027534], [20.5747155, 38.1027009]]]}, "properties": {"name": "Σπαρτιάς", "notes": null, "osm_id": 500979152, "curated": false, "name_el": null, "name_en": null, "surface": "sand", "blue_flag": null, "local_name": null, "access_type": null, "source_form": "polygon"}}, {"type": "Feature", "geometry": {"type": "Polygon", "coordinates": [[[20.5861759, 38.1052662], [20.5861769, 38.10523], [20.5861889, 38.1052026], [20.5862365, 38.1051784], [20.5863075, 38.1051643], [20.5863581, 38.1051718], [20.5864142, 38.1053437], [20.5863839, 38.1053734], [20.5863432, 38.105371], [20.5862956, 38.1053643], [20.5862654, 38.1053561], [20.5862262, 38.1053345], [20.5861967, 38.1052993], [20.5861759, 38.1052662]]]}, "properties": {"name": "Pessada Beach", "notes": null, "osm_id": 596393577, "curated": false, "name_el": null, "name_en": null, "surface": null, "blue_flag": null, "local_name": null, "access_type": null, "source_form": "polygon"}}, {"type": "Feature", "geometry": {"type": "Polygon", "coordinates": [[[20.5865395, 38.1068934], [20.5866354, 38.106874], [20.5868435, 38.1070787], [20.586838, 38.1071735], [20.586619, 38.107027], [20.5865395, 38.1068934]]]}, "properties": {"name": null, "notes": null, "osm_id": 596393580, "curated": false, "name_el": null, "name_en": null, "surface": null, "blue_flag": null, "local_name": null, "access_type": null, "source_form": "polygon"}}, {"type": "Feature", "geometry": {"type": "Polygon", "coordinates": [[[20.529339, 38.1038427], [20.5307976, 38.103935], [20.532828, 38.1036571], [20.5344777, 38.1032974], [20.5353111, 38.1030471], [20.5366484, 38.1025186], [20.536552, 38.102637], [20.536434, 38.1027257], [20.5362033, 38.1028143], [20.5360263, 38.1029114], [20.53586, 38.1030254], [20.5358121, 38.1030434], [20.5354898, 38.1031647], [20.5351411, 38.1032744], [20.5345242, 38.1034559], [20.5342667, 38.1034475], [20.5340844, 38.1034728], [20.5339878, 38.1035404], [20.5337196, 38.1036079], [20.5329739, 38.1037514], [20.5326574, 38.1037894], [20.5324643, 38.1037768], [20.5320673, 38.1038232], [20.5315094, 38.1039076], [20.5308281, 38.1040047], [20.5304741, 38.10403], [20.5300235, 38.1040258], [20.529589, 38.1039709], [20.529339, 38.1038427]]]}, "properties": {"name": "Λυγιά", "notes": null, "osm_id": 500970762, "curated": false, "name_el": null, "name_en": null, "surface": null, "blue_flag": null, "local_name": null, "access_type": null, "source_form": "polygon"}}, {"type": "Feature", "geometry": {"type": "Polygon", "coordinates": [[[20.5371419, 38.1023849], [20.5378557, 38.1022679], [20.5382715, 38.1021182], [20.5393723, 38.1013484], [20.5400445, 38.1010426], [20.5404802, 38.1007859], [20.5414778, 38.1001533], [20.542433, 38.0994138], [20.5424135, 38.0995034], [20.5417289, 38.1000847], [20.5410719, 38.1005397], [20.5402747, 38.1010702], [20.5400445, 38.1011774], [20.539306, 38.1016585], [20.5386928, 38.1020368], [20.5382637, 38.1022686], [20.5379359, 38.1023758], [20.5376505, 38.1024251], [20.5374221, 38.1024324], [20.5371419, 38.1023849]]]}, "properties": {"name": "Παραλια Αβυθος Avithos Beach", "notes": null, "osm_id": 303071585, "curated": false, "name_el": "Παραλια Αβυθος Avithos Beach", "name_en": "Avithos Beach", "surface": null, "blue_flag": null, "local_name": null, "access_type": null, "source_form": "polygon"}}, {"type": "Feature", "geometry": {"type": "Polygon", "coordinates": [[[20.5454439, 38.0972773], [20.5456308, 38.0971616], [20.5458711, 38.0969888], [20.5461318, 38.0967742], [20.5464675, 38.0965341], [20.5467565, 38.0963722], [20.546829, 38.0963159], [20.5468544, 38.0962472], [20.5469747, 38.0961959], [20.5469745, 38.0962798], [20.5468309, 38.0963712], [20.5467523, 38.0964181], [20.5466043, 38.0964849], [20.5460028, 38.096969], [20.5458364, 38.0971197], [20.5455973, 38.0972553], [20.5454439, 38.0972773]]]}, "properties": {"name": "Paliolinos beach", "notes": null, "osm_id": 1022083488, "curated": false, "name_el": "Παραλία Παλιολινός", "name_en": null, "surface": "sand", "blue_flag": null, "local_name": null, "access_type": null, "source_form": "polygon"}}, {"type": "Feature", "geometry": {"type": "Polygon", "coordinates": [[[20.5425373, 38.0993567], [20.5431183, 38.0990234], [20.5439108, 38.0984711], [20.5447255, 38.0978652], [20.544579, 38.0980476], [20.5442487, 38.0982694], [20.5440546, 38.0984082], [20.5439198, 38.0985979], [20.5437586, 38.0987785], [20.5433368, 38.0990242], [20.5429148, 38.0992348], [20.5427227, 38.0993316], [20.5425373, 38.0993567]]]}, "properties": {"name": "Avithos South (nudist)", "notes": null, "osm_id": 1022083497, "curated": false, "name_el": null, "name_en": null, "surface": "sand", "blue_flag": null, "local_name": null, "access_type": null, "source_form": "polygon"}}, {"type": "Feature", "geometry": {"type": "Polygon", "coordinates": [[[20.5579684, 38.0918636], [20.5588911, 38.0916835], [20.5599338, 38.091282], [20.560036, 38.0912057], [20.5600635, 38.0913361], [20.5600273, 38.091425], [20.5599369, 38.0914997], [20.5597154, 38.0916207], [20.5593989, 38.0917452], [20.5589017, 38.0918591], [20.5585264, 38.091916], [20.5581377, 38.0919338], [20.5579684, 38.0918636]]]}, "properties": {"name": "Νιψιάς", "notes": null, "osm_id": 500993641, "curated": false, "name_el": null, "name_en": null, "surface": null, "blue_flag": null, "local_name": null, "access_type": null, "source_form": "polygon"}}, {"type": "Feature", "geometry": {"type": "Polygon", "coordinates": [[[20.6306501, 38.1142518], [20.6315137, 38.1139752], [20.6320958, 38.1137534], [20.6324464, 38.1136368], [20.6328515, 38.1134886], [20.6332765, 38.1133327], [20.6344606, 38.1128485], [20.6351589, 38.1125592], [20.6357311, 38.1123341], [20.6362935, 38.1120994], [20.6365965, 38.1119767], [20.6394987, 38.1106598], [20.6413013, 38.1096417], [20.6422652, 38.1091385], [20.6425932, 38.1088415], [20.6426864, 38.1084656], [20.6427768, 38.1086245], [20.6427065, 38.1088592], [20.64255, 38.1090695], [20.6422611, 38.1093132], [20.6415709, 38.1097312], [20.6399496, 38.1105546], [20.6393273, 38.1109302], [20.6389696, 38.1110919], [20.6385372, 38.1112873], [20.6376322, 38.1116963], [20.6373662, 38.1118081], [20.6368101, 38.1120419], [20.6366585, 38.1121057], [20.6355669, 38.1125721], [20.6345342, 38.1129499], [20.6322769, 38.1137891], [20.63175, 38.113985], [20.6316144, 38.1140277], [20.630804, 38.1142825], [20.6306501, 38.1142518]]]}, "properties": {"name": "Λουρδάτα", "notes": null, "osm_id": 113231768, "curated": false, "name_el": "Λουρδάτα", "name_en": "Lourdas Beach", "surface": null, "blue_flag": null, "local_name": null, "access_type": null, "source_form": "polygon"}}, {"type": "Feature", "geometry": {"type": "Polygon", "coordinates": [[[20.6586433, 38.0964434], [20.6590644, 38.0964919], [20.6594715, 38.0964591], [20.6598928, 38.0963424], [20.6602044, 38.0961547], [20.6601666, 38.0962468], [20.6598754, 38.0964491], [20.6596151, 38.0966009], [20.6592447, 38.0966503], [20.6589407, 38.0965814], [20.6586433, 38.0964434]]]}, "properties": {"name": null, "notes": null, "osm_id": 981948078, "curated": false, "name_el": null, "name_en": null, "surface": null, "blue_flag": null, "local_name": null, "access_type": null, "source_form": "polygon"}}, {"type": "Feature", "geometry": {"type": "Polygon", "coordinates": [[[20.6561438, 38.0966975], [20.656239, 38.0965882], [20.6563159, 38.096297], [20.6564013, 38.0963422], [20.6564748, 38.0965277], [20.6564319, 38.0966651], [20.6562865, 38.0967403], [20.6561438, 38.0966975]]]}, "properties": {"name": null, "notes": null, "osm_id": 981948077, "curated": false, "name_el": null, "name_en": null, "surface": null, "blue_flag": null, "local_name": null, "access_type": null, "source_form": "polygon"}}, {"type": "Feature", "geometry": {"type": "Polygon", "coordinates": [[[20.6516943, 38.1001788], [20.6526067, 38.0995931], [20.6528037, 38.0994786], [20.6536849, 38.0988599], [20.6540547, 38.0985774], [20.654333, 38.098316], [20.6546302, 38.0980834], [20.6548737, 38.0978614], [20.6550954, 38.0976], [20.6553405, 38.0974923], [20.6554923, 38.097352], [20.6555216, 38.0972352], [20.6556112, 38.097315], [20.655635, 38.0974626], [20.6555306, 38.0976118], [20.6551916, 38.0978736], [20.6549158, 38.0980387], [20.6547289, 38.0982305], [20.654741, 38.0983561], [20.6546611, 38.0984818], [20.6541989, 38.0988636], [20.6537181, 38.0991472], [20.653426, 38.0992372], [20.65338, 38.0993008], [20.6532773, 38.0994425], [20.6529539, 38.0996203], [20.6527312, 38.0996877], [20.6523981, 38.0999599], [20.6520064, 38.1001352], [20.6516943, 38.1001788]]]}, "properties": {"name": null, "notes": null, "osm_id": 237265097, "curated": false, "name_el": null, "name_en": "Sissia beach", "surface": "sand", "blue_flag": null, "local_name": null, "access_type": null, "source_form": "polygon"}}, {"type": "Feature", "geometry": {"type": "Polygon", "coordinates": [[[20.6455674, 38.1039469], [20.6460027, 38.1037049], [20.6464244, 38.1034307], [20.6466869, 38.1032361], [20.6470789, 38.1029997], [20.6477541, 38.1025616], [20.6484319, 38.1020795], [20.6494045, 38.1013038], [20.6494717, 38.1012567], [20.6495866, 38.1012708], [20.6497159, 38.101227], [20.6498938, 38.1011228], [20.6500011, 38.1009702], [20.6500878, 38.1010428], [20.6498937, 38.1012462], [20.6497005, 38.1013172], [20.6495361, 38.1013938], [20.6494956, 38.1015235], [20.649014, 38.1017857], [20.6489763, 38.1019499], [20.6487597, 38.1021545], [20.6481307, 38.10251], [20.6474912, 38.1029032], [20.6469463, 38.1032478], [20.6464373, 38.103563], [20.6461, 38.1038503], [20.645885, 38.1039919], [20.6456265, 38.1039841], [20.6455674, 38.1039469]]]}, "properties": {"name": null, "notes": null, "osm_id": 981948076, "curated": false, "name_el": null, "name_en": null, "surface": null, "blue_flag": null, "local_name": null, "access_type": null, "source_form": "polygon"}}, {"type": "Feature", "geometry": {"type": "Polygon", "coordinates": [[[20.6683419, 38.0932048], [20.6689059, 38.0932289], [20.6695482, 38.093022], [20.6701449, 38.0927492], [20.6706883, 38.0924034], [20.6717259, 38.0915984], [20.6721657, 38.0913451], [20.6725198, 38.0911551], [20.6729543, 38.0909735], [20.6733513, 38.0908595], [20.6736892, 38.0907455], [20.6741828, 38.0905133], [20.674687, 38.0901756], [20.6754059, 38.0895803], [20.676668, 38.0886992], [20.6770389, 38.0883777], [20.6774838, 38.0880588], [20.6784871, 38.0871419], [20.6785443, 38.087609], [20.6783037, 38.0878292], [20.6780054, 38.0880718], [20.6775171, 38.0884222], [20.6771412, 38.0888008], [20.6769087, 38.0889491], [20.6765257, 38.0889592], [20.676351, 38.0890837], [20.6762934, 38.0893166], [20.6759827, 38.0894866], [20.6753505, 38.0898639], [20.6748878, 38.0900941], [20.6747807, 38.0902634], [20.6744974, 38.0906137], [20.6742391, 38.0907749], [20.6740142, 38.090752], [20.6738557, 38.0908553], [20.6737968, 38.0908936], [20.6731294, 38.0911762], [20.6727767, 38.091218], [20.6722726, 38.0914641], [20.6718189, 38.0918414], [20.6715929, 38.0920215], [20.671461, 38.0921266], [20.6707683, 38.0925889], [20.670589, 38.0929587], [20.6696726, 38.0934052], [20.6692033, 38.0934456], [20.6690536, 38.0933933], [20.668827, 38.0933696], [20.668451, 38.0932862], [20.6683419, 38.0932048]]]}, "properties": {"name": "Λεύκα", "notes": null, "osm_id": 1022096029, "curated": false, "name_el": "Λεύκα", "name_en": "Lefka", "surface": "sand", "blue_flag": null, "local_name": null, "access_type": null, "source_form": "polygon"}}, {"type": "Feature", "geometry": {"type": "Polygon", "coordinates": [[[20.689266, 38.0812329], [20.6893841, 38.0812307], [20.6894656, 38.0811988], [20.6896144, 38.0811066], [20.6900412, 38.0808203], [20.6903041, 38.0806198], [20.6905643, 38.0803094], [20.6909652, 38.0798566], [20.6910943, 38.0796821], [20.691143, 38.0796022], [20.6911463, 38.0794947], [20.69115, 38.0793982], [20.6913045, 38.0793892], [20.6913802, 38.0794782], [20.6914052, 38.0796622], [20.6913085, 38.0798478], [20.6910859, 38.0801096], [20.6909571, 38.0803967], [20.6905353, 38.0808143], [20.690192, 38.0810739], [20.6900525, 38.0811573], [20.6899466, 38.0812692], [20.6897588, 38.0813452], [20.6895684, 38.0813811], [20.689266, 38.0812329]]]}, "properties": {"name": "Κορώνι", "notes": null, "osm_id": 237351345, "curated": false, "name_el": "Κορώνι", "name_en": "Koroni Beach", "surface": null, "blue_flag": null, "local_name": null, "access_type": null, "source_form": "polygon"}}, {"type": "Feature", "geometry": {"type": "Polygon", "coordinates": [[[20.7486217, 38.0634133], [20.7487839, 38.0626924], [20.7488985, 38.062679], [20.7488461, 38.0629228], [20.7488826, 38.0630917], [20.7488739, 38.0631485], [20.7488834, 38.0632812], [20.7489972, 38.0634925], [20.7491892, 38.0636211], [20.7492405, 38.0636485], [20.7492718, 38.0636512], [20.7494179, 38.0636044], [20.749441, 38.0636118], [20.7494449, 38.0636057], [20.7494509, 38.0636078], [20.7494585, 38.0636104], [20.7494714, 38.0636148], [20.7494561, 38.0636423], [20.7497564, 38.0637646], [20.7497927, 38.0638258], [20.7500878, 38.0645107], [20.7503416, 38.0647961], [20.7506419, 38.0649999], [20.7507836, 38.0651811], [20.7506271, 38.0652426], [20.7505866, 38.0650521], [20.7503149, 38.0648001], [20.7499296, 38.0645366], [20.7495439, 38.0640403], [20.7489155, 38.0636325], [20.7486217, 38.0634133]]]}, "properties": {"name": "Κατελειός", "notes": null, "osm_id": 127104919, "curated": false, "name_el": "Κατελειός", "name_en": null, "surface": null, "blue_flag": null, "local_name": null, "access_type": null, "source_form": "polygon"}}, {"type": "Feature", "geometry": {"type": "Polygon", "coordinates": [[[20.6186752, 38.1171949], [20.6193169, 38.1171016], [20.6203253, 38.1168999], [20.6220941, 38.1164445], [20.6226522, 38.1162945], [20.6228925, 38.116248], [20.6232173, 38.1162197], [20.6240196, 38.1159987], [20.62479, 38.1157443], [20.6257254, 38.1154327], [20.6259751, 38.1154325], [20.6260782, 38.1154182], [20.6275244, 38.1149443], [20.6276673, 38.1148513], [20.6282224, 38.1146374], [20.62889, 38.1143224], [20.6289536, 38.1144115], [20.6287974, 38.114581], [20.6285743, 38.1147099], [20.6276516, 38.1150644], [20.6275726, 38.1151385], [20.62701, 38.1153139], [20.6268469, 38.1153204], [20.6267112, 38.1153781], [20.6260745, 38.1155582], [20.6258468, 38.1155514], [20.6257489, 38.115558], [20.6256457, 38.1156488], [20.6251948, 38.1157562], [20.6250611, 38.1158465], [20.6249634, 38.1158558], [20.6249173, 38.1159029], [20.6248302, 38.115916], [20.6248036, 38.1158714], [20.624659, 38.1159159], [20.6246832, 38.1159887], [20.6245461, 38.1159958], [20.6243627, 38.1160737], [20.6241268, 38.116108], [20.6238288, 38.1161879], [20.6237158, 38.1161955], [20.6236259, 38.1162293], [20.6232368, 38.1163324], [20.6229062, 38.1163274], [20.6226408, 38.1163629], [20.6225214, 38.116412], [20.622264, 38.1164872], [20.6221624, 38.1165736], [20.6217977, 38.1166876], [20.6213477, 38.1168438], [20.620796, 38.1169684], [20.6205217, 38.117038], [20.6202679, 38.1170793], [20.6198907, 38.1171226], [20.619703, 38.117166], [20.6192783, 38.1172314], [20.6188053, 38.1172389], [20.6186752, 38.1171949]]]}, "properties": {"name": "Κανάλι", "notes": null, "osm_id": 237382153, "curated": false, "name_el": "Κανάλι", "name_en": "Kanali naturist beach", "surface": null, "blue_flag": null, "local_name": null, "access_type": null, "source_form": "polygon"}}, {"type": "Feature", "geometry": {"type": "Polygon", "coordinates": [[[20.6120999, 38.1178151], [20.6127621, 38.1177965], [20.6136534, 38.1177169], [20.6145719, 38.1176628], [20.6154842, 38.1175251], [20.616237, 38.1173618], [20.6179573, 38.1171713], [20.6178941, 38.1172491], [20.6173647, 38.1172905], [20.6169636, 38.1173635], [20.616538, 38.1174298], [20.6162141, 38.1175212], [20.6159384, 38.1175757], [20.6155411, 38.1176538], [20.6151507, 38.1177309], [20.614895, 38.1177198], [20.6147028, 38.1177516], [20.6142173, 38.1178195], [20.6137286, 38.1178438], [20.6132987, 38.1178563], [20.6128561, 38.1178885], [20.612524, 38.1178977], [20.6121735, 38.1178719], [20.6120999, 38.1178151]]]}, "properties": {"name": "Trapezaki naturist beach", "notes": null, "osm_id": 981026407, "curated": false, "name_el": null, "name_en": null, "surface": null, "blue_flag": null, "local_name": null, "access_type": null, "source_form": "polygon"}}, {"type": "Feature", "geometry": {"type": "Polygon", "coordinates": [[[20.6105879, 38.117674], [20.6106944, 38.1176164], [20.6107144, 38.117663], [20.610758, 38.1177091], [20.6108239, 38.1177421], [20.6110266, 38.1177825], [20.6113328, 38.1178247], [20.6116079, 38.1177886], [20.6115576, 38.117829], [20.6114611, 38.1178975], [20.6113572, 38.1178969], [20.6111883, 38.1178763], [20.6110846, 38.1178732], [20.6109792, 38.1178536], [20.610891, 38.1177936], [20.6108309, 38.1177765], [20.6107078, 38.1177823], [20.6105879, 38.117674]]]}, "properties": {"name": "Trapezaki port bridge", "notes": null, "osm_id": 981026406, "curated": false, "name_el": null, "name_en": null, "surface": null, "blue_flag": null, "local_name": null, "access_type": null, "source_form": "polygon"}}, {"type": "Feature", "geometry": {"type": "Polygon", "coordinates": [[[20.6076819, 38.1180135], [20.6080563, 38.1180313], [20.6086009, 38.1179908], [20.6092656, 38.1178816], [20.6096369, 38.1178228], [20.6099972, 38.1176904], [20.6099909, 38.1177327], [20.6099498, 38.1177758], [20.6098564, 38.1178457], [20.6097538, 38.1178978], [20.6095281, 38.1179516], [20.6093639, 38.1180072], [20.6091496, 38.1180502], [20.6089855, 38.118104], [20.6088396, 38.1181363], [20.6086275, 38.1181758], [20.6084064, 38.1181865], [20.6081374, 38.1181901], [20.6080348, 38.118174], [20.6079367, 38.1181345], [20.6077566, 38.1180861], [20.6076819, 38.1180135]]]}, "properties": {"name": "Τραπεζάκι", "notes": null, "osm_id": 501001650, "curated": false, "name_el": "Τραπεζάκι", "name_en": "Trapezaki beach", "surface": null, "blue_flag": null, "local_name": null, "access_type": null, "source_form": "polygon"}}, {"type": "Feature", "geometry": {"type": "Polygon", "coordinates": [[[20.6354919, 38.2514597], [20.6360364, 38.2513439], [20.6369001, 38.2512196], [20.6374043, 38.2512175], [20.6381339, 38.251207], [20.6393114, 38.2512049], [20.6409556, 38.2511733], [20.6409663, 38.2512133], [20.6411192, 38.2512091], [20.6411192, 38.2511628], [20.6420258, 38.2512386], [20.6420928, 38.2513439], [20.6420585, 38.2513935], [20.6417616, 38.2512813], [20.6414164, 38.2512611], [20.6398787, 38.2512599], [20.6384018, 38.2513028], [20.6378549, 38.2513671], [20.6364709, 38.2514185], [20.6360262, 38.2515649], [20.6358296, 38.2516847], [20.635743, 38.251773], [20.6356341, 38.2516999], [20.6355563, 38.2516072], [20.6354919, 38.2514597]]]}, "properties": {"name": "Καραβόμυλος", "notes": null, "osm_id": 299660309, "curated": false, "name_el": "Καραβόμυλος", "name_en": "Karavomilos Beach", "surface": null, "blue_flag": null, "local_name": null, "access_type": null, "source_form": "polygon"}}, {"type": "Feature", "geometry": {"type": "Polygon", "coordinates": [[[20.6104441, 38.2876411], [20.6104773, 38.2875975], [20.6105631, 38.2875675], [20.6105718, 38.2875417], [20.610546, 38.2874962], [20.6105647, 38.2874639], [20.6106323, 38.2873464], [20.6106765, 38.2873634], [20.6107313, 38.2873957], [20.6107057, 38.2874401], [20.6106612, 38.2875168], [20.6106514, 38.2875768], [20.610649, 38.2876441], [20.610652, 38.2877189], [20.6106824, 38.2877844], [20.6106919, 38.2878284], [20.6107217, 38.2878929], [20.6107443, 38.2879181], [20.6107605, 38.2879423], [20.6107854, 38.2879453], [20.6108126, 38.2879695], [20.6108411, 38.2879962], [20.6108521, 38.2880133], [20.6108803, 38.2880401], [20.6108891, 38.288069], [20.610859, 38.2880756], [20.6108261, 38.2880521], [20.6107865, 38.2880423], [20.6107483, 38.2880113], [20.6107168, 38.2879566], [20.610652, 38.2879278], [20.6106108, 38.2878712], [20.6105678, 38.2878171], [20.6105119, 38.2877369], [20.610446, 38.2876942], [20.6104441, 38.2876411]]]}, "properties": {"name": "Ελληνικά", "notes": null, "osm_id": 1193371476, "curated": false, "name_el": null, "name_en": null, "surface": "pebblestone", "blue_flag": null, "local_name": null, "access_type": null, "source_form": "polygon"}}, {"type": "Feature", "geometry": {"type": "Polygon", "coordinates": [[[20.6152682, 38.2754826], [20.6152895, 38.2753131], [20.6153532, 38.2750686], [20.6154205, 38.2749339], [20.615431, 38.274913], [20.6154837, 38.2748601], [20.6155195, 38.2748241], [20.6156009, 38.2747797], [20.6156682, 38.2747824], [20.6153673, 38.2755382], [20.6152682, 38.2754826]]]}, "properties": {"name": "Paralia Agia Paraskevi", "notes": null, "osm_id": 394554552, "curated": false, "name_el": null, "name_en": null, "surface": "sand", "blue_flag": null, "local_name": null, "access_type": null, "source_form": "polygon"}}, {"type": "Feature", "geometry": {"type": "Polygon", "coordinates": [[[20.6726569, 38.2611472], [20.6727116, 38.2611203], [20.6739336, 38.2605183], [20.674686, 38.2601876], [20.6752235, 38.2600625], [20.6757354, 38.2600655], [20.6766292, 38.260258], [20.6773566, 38.2605422], [20.6754491, 38.2601909], [20.6753526, 38.2601731], [20.6745086, 38.2604042], [20.6741369, 38.2605653], [20.6727453, 38.2612664], [20.6726569, 38.2611472]]]}, "properties": {"name": "Αντίσαμος", "notes": null, "osm_id": 41427183, "curated": false, "name_el": "Αντίσαμος", "name_en": "Antisamos", "surface": "pebblestone", "blue_flag": null, "local_name": null, "access_type": null, "source_form": "polygon"}}, {"type": "Feature", "geometry": {"type": "Polygon", "coordinates": [[[20.6446386, 38.2517554], [20.6446394, 38.2517349], [20.6446615, 38.2516804], [20.6449423, 38.2517401], [20.6449323, 38.2517654], [20.6448968, 38.2517609], [20.6448067, 38.2517538], [20.6447087, 38.2517531], [20.6446952, 38.2517536], [20.6446386, 38.2517554]]]}, "properties": {"name": null, "notes": null, "osm_id": 948328275, "curated": false, "name_el": null, "name_en": null, "surface": null, "blue_flag": null, "local_name": null, "access_type": null, "source_form": "polygon"}}, {"type": "Feature", "geometry": {"type": "Polygon", "coordinates": [[[20.7098917, 38.2269792], [20.7099102, 38.2268243], [20.7100149, 38.2267178], [20.7101197, 38.2265968], [20.7103169, 38.2264855], [20.7105054, 38.2264896], [20.7102886, 38.2269333], [20.7101457, 38.2274544], [20.7099718, 38.2273326], [20.709904, 38.2271729], [20.7098917, 38.2269792]]]}, "properties": {"name": null, "notes": null, "osm_id": 544562417, "curated": false, "name_el": null, "name_en": null, "surface": null, "blue_flag": null, "local_name": null, "access_type": null, "source_form": "polygon"}}, {"type": "Feature", "geometry": {"type": "Polygon", "coordinates": [[[20.7552249, 38.1792331], [20.7552529, 38.1790771], [20.7553159, 38.1789064], [20.755414, 38.1787301], [20.7555214, 38.1786292], [20.7556475, 38.178565], [20.7557432, 38.1785521], [20.7557572, 38.178598], [20.7556241, 38.1786475], [20.7554981, 38.1787614], [20.7554117, 38.1789082], [20.7553369, 38.1791193], [20.7552949, 38.1792955], [20.7552902, 38.1793689], [20.7552249, 38.1792331]]]}, "properties": {"name": null, "notes": null, "osm_id": 309118483, "curated": false, "name_el": null, "name_en": null, "surface": "gravel", "blue_flag": null, "local_name": null, "access_type": null, "source_form": "polygon"}}, {"type": "Feature", "geometry": {"type": "Polygon", "coordinates": [[[20.7656738, 38.1652285], [20.76578, 38.1648289], [20.766091, 38.1638924], [20.7664548, 38.1627136], [20.7668304, 38.161527], [20.7675194, 38.1599921], [20.7678756, 38.159126], [20.7683988, 38.1580826], [20.7687688, 38.1573804], [20.7690598, 38.1568014], [20.7693665, 38.1563403], [20.7698356, 38.1558937], [20.7701875, 38.1556525], [20.7704581, 38.1556029], [20.7706727, 38.1556479], [20.7703938, 38.1558209], [20.7700236, 38.1559727], [20.7697178, 38.1563524], [20.7694282, 38.1566687], [20.769235, 38.1569978], [20.768999, 38.1574238], [20.7682932, 38.1591132], [20.7675627, 38.1607569], [20.7670329, 38.1620982], [20.7666611, 38.16316], [20.7662242, 38.1642685], [20.7658525, 38.1652885], [20.7657235, 38.1653064], [20.7656738, 38.1652285]]]}, "properties": {"name": "Ράγια", "notes": null, "osm_id": 719931588, "curated": false, "name_el": "Ράγια", "name_en": "Ragia Beach", "surface": null, "blue_flag": null, "local_name": null, "access_type": null, "source_form": "polygon"}}, {"type": "Feature", "geometry": {"type": "Polygon", "coordinates": [[[20.7753366, 38.1524023], [20.7755496, 38.1521792], [20.7756118, 38.1519312], [20.7758074, 38.1519841], [20.7759613, 38.1515753], [20.7760179, 38.1514346], [20.7761108, 38.1512139], [20.7760298, 38.1511724], [20.7761176, 38.1509293], [20.7761769, 38.150832], [20.7765689, 38.1500356], [20.7767912, 38.1499232], [20.7770798, 38.1499051], [20.7769037, 38.1500241], [20.7767637, 38.1501331], [20.7767118, 38.1501907], [20.7765588, 38.1504015], [20.7764111, 38.1506853], [20.7763706, 38.1508161], [20.7763811, 38.150904], [20.7762631, 38.1511629], [20.776056, 38.1516172], [20.7758456, 38.1520996], [20.7757268, 38.1523391], [20.7754936, 38.1524399], [20.7753537, 38.1525061], [20.7753366, 38.1524023]]]}, "properties": {"name": "Central Square Beach", "notes": null, "osm_id": 719928555, "curated": false, "name_el": null, "name_en": null, "surface": "pebblestone", "blue_flag": null, "local_name": null, "access_type": null, "source_form": "polygon"}}, {"type": "Feature", "geometry": {"type": "Polygon", "coordinates": [[[20.7871621, 38.147063], [20.7871815, 38.146996], [20.7872367, 38.1469586], [20.7872393, 38.1471194], [20.7872738, 38.1472068], [20.7872186, 38.1472055], [20.7871738, 38.1471517], [20.7871621, 38.147063]]]}, "properties": {"name": null, "notes": null, "osm_id": 983712650, "curated": false, "name_el": null, "name_en": null, "surface": null, "blue_flag": null, "local_name": null, "access_type": null, "source_form": "polygon"}}, {"type": "Feature", "geometry": {"type": "Polygon", "coordinates": [[[20.800976, 38.1266008], [20.8010779, 38.1264974], [20.8011369, 38.1265079], [20.8011705, 38.126522], [20.8010916, 38.1265688], [20.8010414, 38.1266517], [20.800976, 38.1266008]]]}, "properties": {"name": "Κάκό Λαγκάδι", "notes": null, "osm_id": 704170796, "curated": false, "name_el": "Κακό Λαγκάδι", "name_en": "Kako Lagkadi Beach", "surface": "gravel", "blue_flag": null, "local_name": null, "access_type": null, "source_form": "polygon"}}, {"type": "Feature", "geometry": {"type": "Polygon", "coordinates": [[[20.8009694, 38.1268723], [20.8009752, 38.1268128], [20.8010125, 38.1267711], [20.8010423, 38.1267816], [20.8010136, 38.1268285], [20.801018, 38.126882], [20.8009694, 38.1268723]]]}, "properties": {"name": null, "notes": null, "osm_id": 984387003, "curated": false, "name_el": null, "name_en": null, "surface": null, "blue_flag": null, "local_name": null, "access_type": null, "source_form": "polygon"}}, {"type": "Feature", "geometry": {"type": "Polygon", "coordinates": [[[20.7910413, 38.1339501], [20.7910616, 38.1338794], [20.7911879, 38.1336524], [20.7914586, 38.1332834], [20.7916841, 38.1329924], [20.792159, 38.1323712], [20.79238, 38.1320518], [20.7924075, 38.1321589], [20.7923493, 38.1322446], [20.7922397, 38.1324126], [20.7920976, 38.1326278], [20.7918427, 38.1329801], [20.7915178, 38.1334376], [20.7913282, 38.1337241], [20.7912144, 38.1338941], [20.7911045, 38.1339679], [20.7910413, 38.1339501]]]}, "properties": {"name": "Λιμένια", "notes": null, "osm_id": 719935440, "curated": false, "name_el": "Λιμένια", "name_en": "Limenia Beach", "surface": null, "blue_flag": null, "local_name": null, "access_type": null, "source_form": "polygon"}}, {"type": "Feature", "geometry": {"type": "Polygon", "coordinates": [[[20.7927598, 38.1313839], [20.792938, 38.1310823], [20.7930824, 38.1307984], [20.7933312, 38.1303264], [20.7934337, 38.1301861], [20.7937159, 38.1298848], [20.7938615, 38.1297939], [20.7940194, 38.1297903], [20.7936495, 38.130138], [20.7933608, 38.1305355], [20.7930631, 38.1310854], [20.7928646, 38.1314119], [20.7927598, 38.1313839]]]}, "properties": {"name": "Cronidis Beach", "notes": null, "osm_id": 719936194, "curated": false, "name_el": null, "name_en": null, "surface": null, "blue_flag": null, "local_name": null, "access_type": null, "source_form": "polygon"}}, {"type": "Feature", "geometry": {"type": "Polygon", "coordinates": [[[20.8077833, 38.0976248], [20.8078079, 38.0975224], [20.807862, 38.0974913], [20.8079258, 38.097518], [20.8079419, 38.0975589], [20.8078845, 38.0975962], [20.8078553, 38.0976541], [20.807848, 38.0977258], [20.8078112, 38.0977048], [20.8077833, 38.0976248]]]}, "properties": {"name": null, "notes": null, "osm_id": 585734378, "curated": false, "name_el": null, "name_en": null, "surface": "pebblestone", "blue_flag": null, "local_name": null, "access_type": null, "source_form": "polygon"}}, {"type": "Feature", "geometry": {"type": "Polygon", "coordinates": [[[20.8035983, 38.0913961], [20.8037807, 38.0913063], [20.8038289, 38.0912208], [20.8039447, 38.0914181], [20.8037404, 38.0914869], [20.8035983, 38.0913961]]]}, "properties": {"name": null, "notes": null, "osm_id": 704169559, "curated": false, "name_el": null, "name_en": null, "surface": "gravel", "blue_flag": null, "local_name": null, "access_type": null, "source_form": "polygon"}}, {"type": "Feature", "geometry": {"type": "Polygon", "coordinates": [[[20.7626649, 38.0691178], [20.7626679, 38.0690301], [20.7628044, 38.0690301], [20.7628514, 38.0690504], [20.7632415, 38.0690267], [20.7635755, 38.0690076], [20.763612, 38.0690011], [20.763655, 38.0689935], [20.7636846, 38.0689964], [20.763834, 38.0690112], [20.763987, 38.0689967], [20.7644081, 38.0691236], [20.7646185, 38.0691392], [20.7649217, 38.0691194], [20.765393, 38.069052], [20.7661111, 38.0689155], [20.7665723, 38.0689506], [20.7668605, 38.0689273], [20.7672876, 38.0688006], [20.7676935, 38.0686314], [20.768099, 38.0684488], [20.768266, 38.0683727], [20.7684185, 38.0683123], [20.7687729, 38.068146], [20.7698571, 38.0676741], [20.7702841, 38.0675083], [20.7705445, 38.0674506], [20.770851, 38.0673175], [20.77117, 38.0671974], [20.7715068, 38.0671], [20.771749, 38.0669875], [20.7721882, 38.0668788], [20.7723791, 38.0668316], [20.7727547, 38.0666618], [20.7744221, 38.0658624], [20.7745388, 38.0660092], [20.7732433, 38.0666254], [20.7724519, 38.0669652], [20.7716373, 38.0671458], [20.771042, 38.0673727], [20.7705472, 38.0676872], [20.7686681, 38.0685282], [20.7685025, 38.0686029], [20.7684751, 38.068614], [20.7682281, 38.0687142], [20.767905, 38.0688096], [20.767658, 38.0690212], [20.7675693, 38.0690494], [20.7675685, 38.0690807], [20.7673729, 38.0691417], [20.7673244, 38.0691846], [20.7672868, 38.0691729], [20.7672346, 38.0691363], [20.7671329, 38.0691128], [20.7669416, 38.0691131], [20.7661962, 38.0691807], [20.7656827, 38.0693186], [20.764833, 38.0693436], [20.7638421, 38.069233], [20.7630245, 38.0691915], [20.7628584, 38.0691885], [20.7626649, 38.0691178]]]}, "properties": {"name": "Καμίνια", "notes": null, "osm_id": 41427181, "curated": false, "name_el": "Καμίνια", "name_en": "Kaminia Beach", "surface": null, "blue_flag": null, "local_name": null, "access_type": null, "source_form": "polygon"}}, {"type": "Feature", "geometry": {"type": "Polygon", "coordinates": [[[20.7506271, 38.0652426], [20.7507836, 38.0651811], [20.7510361, 38.0655148], [20.7513336, 38.0657659], [20.7514089, 38.0658295], [20.7521653, 38.066237], [20.75286, 38.066558], [20.7536405, 38.0668642], [20.7545784, 38.0671823], [20.755569, 38.0673752], [20.7565142, 38.0674584], [20.7565867, 38.0675154], [20.7565769, 38.0675895], [20.7565442, 38.067692], [20.7554122, 38.0675329], [20.7544904, 38.0673067], [20.7537409, 38.0669953], [20.7532655, 38.0668408], [20.753022, 38.0667309], [20.7525679, 38.0665764], [20.7522061, 38.0663902], [20.7520959, 38.0663178], [20.7519625, 38.0662301], [20.7515534, 38.0659658], [20.7512933, 38.0658038], [20.750999, 38.0655548], [20.7506271, 38.0652426]]]}, "properties": {"name": "Παραλία Αγία Βαρβάρα", "notes": null, "osm_id": 127089185, "curated": false, "name_el": "Παραλία Αγία Βαρβάρα", "name_en": "Saint Barbara Beach", "surface": null, "blue_flag": null, "local_name": null, "access_type": null, "source_form": "polygon"}}, {"type": "Feature", "geometry": {"type": "Polygon", "coordinates": [[[20.7744221, 38.0658624], [20.7760279, 38.0650384], [20.7768743, 38.0648515], [20.7776026, 38.0646348], [20.778267, 38.0643327], [20.7806396, 38.0626799], [20.7809103, 38.0625144], [20.7811144, 38.0623837], [20.7814246, 38.0626832], [20.7795211, 38.0639658], [20.7792708, 38.0643786], [20.7790973, 38.0644769], [20.7788681, 38.0644462], [20.7787476, 38.0645078], [20.7786446, 38.0647459], [20.7782492, 38.0648776], [20.7774504, 38.0649523], [20.7759988, 38.0653064], [20.7745388, 38.0660092], [20.7744221, 38.0658624]]]}, "properties": {"name": "Παραλία Καμίνια", "notes": null, "osm_id": 127089178, "curated": false, "name_el": "Παραλία Καμίνια", "name_en": "Kaminia Beach", "surface": "sand", "blue_flag": null, "local_name": null, "access_type": null, "source_form": "polygon"}}, {"type": "Feature", "geometry": {"type": "Polygon", "coordinates": [[[20.7811144, 38.0623837], [20.7821018, 38.0618037], [20.7823976, 38.0616138], [20.7825367, 38.0615351], [20.7829713, 38.0612446], [20.783464, 38.0609269], [20.7838464, 38.0606267], [20.7840725, 38.0603779], [20.7844566, 38.059983], [20.7847655, 38.0595691], [20.7850182, 38.059269], [20.7858407, 38.0578851], [20.78604, 38.0575506], [20.7860361, 38.0573854], [20.7861139, 38.0572165], [20.7862574, 38.0569927], [20.7864655, 38.0568787], [20.7866346, 38.0570297], [20.7868107, 38.0572118], [20.7866108, 38.0573528], [20.7863614, 38.0577022], [20.7855704, 38.0589717], [20.7853011, 38.0594818], [20.7849751, 38.0599994], [20.7844941, 38.0605444], [20.7838406, 38.0611361], [20.7830129, 38.0616743], [20.7814246, 38.0626832], [20.7811144, 38.0623837]]]}, "properties": {"name": "Mouda nudist beach", "notes": null, "osm_id": 1022096031, "curated": false, "name_el": null, "name_en": null, "surface": "sand", "blue_flag": null, "local_name": null, "access_type": null, "source_form": "polygon"}}, {"type": "Feature", "geometry": {"type": "Polygon", "coordinates": [[[20.7914465, 38.0612863], [20.7914595, 38.0611774], [20.7916388, 38.061531], [20.7918267, 38.0617617], [20.7921965, 38.0621295], [20.7925053, 38.0623014], [20.7929504, 38.062596], [20.7934542, 38.0631126], [20.7941284, 38.0636219], [20.7943924, 38.0638098], [20.7945518, 38.0638235], [20.7948129, 38.0639998], [20.7953914, 38.0643565], [20.7957918, 38.0646845], [20.7962846, 38.0650773], [20.7963899, 38.0651374], [20.796346, 38.0651904], [20.7961552, 38.0651504], [20.7958622, 38.0650348], [20.7955584, 38.0648262], [20.795374, 38.0645448], [20.7950823, 38.0643015], [20.794993, 38.0642637], [20.7949304, 38.0642079], [20.7947638, 38.0640519], [20.7946109, 38.0639593], [20.7944667, 38.0638851], [20.7943481, 38.0638753], [20.793819, 38.0635771], [20.7932968, 38.063186], [20.793099, 38.0628939], [20.7928041, 38.0626194], [20.7925131, 38.0624185], [20.7921198, 38.0621361], [20.7918311, 38.0619384], [20.7915352, 38.0615783], [20.7914465, 38.0612863]]]}, "properties": {"name": "Σπίθι", "notes": null, "osm_id": 237382154, "curated": false, "name_el": "Σπίθι", "name_en": "Spithi Beach", "surface": "sand", "blue_flag": null, "local_name": null, "access_type": null, "source_form": "polygon"}}, {"type": "Feature", "geometry": {"type": "Polygon", "coordinates": [[[20.7975831, 38.0674732], [20.7979355, 38.0681794], [20.798538, 38.0689843], [20.7989462, 38.0695066], [20.7999403, 38.0712628], [20.8003743, 38.0721589], [20.8006813, 38.0727418], [20.8008845, 38.0732054], [20.8010132, 38.07381], [20.8005776, 38.0742966], [20.8000739, 38.0730373], [20.7990654, 38.0705879], [20.7980783, 38.0686959], [20.7979201, 38.0683488], [20.7975978, 38.0676415], [20.7975831, 38.0674732]]]}, "properties": {"name": "Σκάλα", "notes": null, "osm_id": 237382152, "curated": false, "name_el": "Σκάλα", "name_en": "Skala beach", "surface": null, "blue_flag": null, "local_name": null, "access_type": null, "source_form": "polygon"}}, {"type": "Feature", "geometry": {"type": "Polygon", "coordinates": [[[20.8005619, 38.0797919], [20.8005776, 38.0742966], [20.8010132, 38.07381], [20.8010626, 38.0740538], [20.8010752, 38.0743573], [20.8011399, 38.0748767], [20.8011761, 38.075355], [20.8012138, 38.0756296], [20.8012058, 38.0757356], [20.8012296, 38.0759065], [20.8012393, 38.0760895], [20.8013253, 38.0766795], [20.8013153, 38.0769277], [20.8012896, 38.0771718], [20.8012673, 38.0774704], [20.8012244, 38.0778539], [20.8011939, 38.0782684], [20.8011529, 38.0786967], [20.8011201, 38.0791274], [20.8010888, 38.0796273], [20.8010778, 38.0799023], [20.8010963, 38.0802443], [20.8011209, 38.0808686], [20.8013573, 38.0833281], [20.8014561, 38.0837639], [20.8016254, 38.0841728], [20.8017533, 38.0844201], [20.801896, 38.0846684], [20.8020071, 38.0848288], [20.8021302, 38.0849395], [20.8023235, 38.0851572], [20.8024149, 38.085227], [20.8027076, 38.085314], [20.8025391, 38.0854345], [20.8020192, 38.085253], [20.801632, 38.0850664], [20.8011877, 38.0844757], [20.8008861, 38.0837213], [20.8007751, 38.0830513], [20.8005619, 38.0797919]]]}, "properties": {"name": null, "notes": null, "osm_id": 116586186, "curated": false, "name_el": null, "name_en": null, "surface": null, "blue_flag": null, "local_name": null, "access_type": null, "source_form": "polygon"}}, {"type": "Feature", "geometry": {"type": "Polygon", "coordinates": [[[20.8067139, 38.4766881], [20.8067382, 38.4765837], [20.8068351, 38.4765789], [20.8067563, 38.4764556], [20.8068048, 38.4763892], [20.8070388, 38.4764312], [20.8069535, 38.4766168], [20.8069549, 38.4769361], [20.8067139, 38.4766881]]]}, "properties": {"name": null, "notes": null, "osm_id": -16235947, "curated": false, "name_el": null, "name_en": null, "surface": null, "blue_flag": null, "local_name": null, "access_type": null, "source_form": "polygon"}}, {"type": "Feature", "geometry": {"type": "Polygon", "coordinates": [[[20.8136305, 38.4785033], [20.8137596, 38.4784844], [20.8139613, 38.4782886], [20.814042, 38.4780991], [20.8140498, 38.477904], [20.8141759, 38.4779858], [20.8141874, 38.4780729], [20.8141531, 38.4781913], [20.8140647, 38.4783588], [20.8139506, 38.4785218], [20.8138251, 38.4785888], [20.8137224, 38.4785865], [20.8136305, 38.4785033]]]}, "properties": {"name": null, "notes": null, "osm_id": 297512435, "curated": false, "name_el": null, "name_en": null, "surface": null, "blue_flag": null, "local_name": null, "access_type": null, "source_form": "polygon"}}, {"type": "Feature", "geometry": {"type": "Polygon", "coordinates": [[[20.819491, 38.4837807], [20.8195203, 38.4836954], [20.8195478, 38.4836152], [20.8195636, 38.4835692], [20.8196846, 38.4832566], [20.8198177, 38.4828524], [20.8199065, 38.4827103], [20.8200057, 38.4826591], [20.8199428, 38.4828429], [20.8199157, 38.4830275], [20.8197556, 38.4835275], [20.8197048, 38.4836765], [20.819691, 38.4838401], [20.8197215, 38.4841203], [20.8195918, 38.4840839], [20.8195192, 38.4840018], [20.819491, 38.4837807]]]}, "properties": {"name": "Kontosouvli beach", "notes": null, "osm_id": 297512436, "curated": false, "name_el": "Παραλία Κοντοσούβλι", "name_en": null, "surface": null, "blue_flag": null, "local_name": null, "access_type": null, "source_form": "polygon"}}, {"type": "Feature", "geometry": {"type": "Polygon", "coordinates": [[[20.7372855, 38.3822109], [20.737407, 38.3820585], [20.737429, 38.3819783], [20.7375251, 38.3819903], [20.7375897, 38.3821057], [20.7374206, 38.3823026], [20.737359, 38.3822921], [20.7372855, 38.3822109]]]}, "properties": {"name": null, "notes": null, "osm_id": 976918550, "curated": false, "name_el": null, "name_en": null, "surface": null, "blue_flag": null, "local_name": null, "access_type": null, "source_form": "polygon"}}, {"type": "Feature", "geometry": {"type": "Polygon", "coordinates": [[[20.7353614, 38.3851597], [20.7354258, 38.3850227], [20.7354719, 38.3849656], [20.7355604, 38.3849684], [20.735474, 38.3852533], [20.7354947, 38.3854312], [20.7356088, 38.3856091], [20.7355362, 38.3856241], [20.7354469, 38.385517], [20.7353954, 38.3854168], [20.735372, 38.3853041], [20.7353614, 38.3851597]]]}, "properties": {"name": null, "notes": null, "osm_id": 976918551, "curated": false, "name_el": null, "name_en": null, "surface": null, "blue_flag": null, "local_name": null, "access_type": null, "source_form": "polygon"}}, {"type": "Feature", "geometry": {"type": "Polygon", "coordinates": [[[20.7290263, 38.3865067], [20.7290317, 38.3864478], [20.7291122, 38.3863006], [20.7292892, 38.3861408], [20.7294269, 38.3860219], [20.7295491, 38.3859164], [20.7296057, 38.3858675], [20.7299758, 38.3856447], [20.730405, 38.3853966], [20.7307322, 38.3852788], [20.7310916, 38.3851737], [20.7315208, 38.3850854], [20.7318265, 38.3850434], [20.7321538, 38.3850097], [20.7327492, 38.3849761], [20.7333286, 38.3849677], [20.7338865, 38.3850181], [20.7343586, 38.3851022], [20.7347233, 38.3852536], [20.7347424, 38.385416], [20.7341225, 38.38522], [20.733511, 38.3851527], [20.7328029, 38.3851443], [20.7323118, 38.3851444], [20.7317622, 38.38522], [20.731215, 38.3853041], [20.7306625, 38.3854891], [20.7302655, 38.3857246], [20.7299168, 38.3859264], [20.7294984, 38.3862166], [20.7290263, 38.3865067]]]}, "properties": {"name": "Παραλία Γιδάκι", "notes": null, "osm_id": 80500982, "curated": false, "name_el": "Παραλία Γιδάκι", "name_en": "Gidaki", "surface": "pebblestone", "blue_flag": null, "local_name": null, "access_type": null, "source_form": "polygon"}}, {"type": "Feature", "geometry": {"type": "Polygon", "coordinates": [[[20.7171842, 38.3804317], [20.7172808, 38.380356], [20.7175896, 38.3804711], [20.718067, 38.3807192], [20.718169, 38.3808112], [20.7171842, 38.3804317]]]}, "properties": {"name": "Παραλία Μνήματα", "notes": null, "osm_id": 46431990, "curated": false, "name_el": "Παραλία Μνήματα", "name_en": "Mnimata", "surface": null, "blue_flag": null, "local_name": null, "access_type": null, "source_form": "polygon"}}, {"type": "Feature", "geometry": {"type": "Polygon", "coordinates": [[[20.7226322, 38.3839309], [20.7227016, 38.3839164], [20.7228009, 38.383908], [20.7229565, 38.3840321], [20.7232435, 38.3843874], [20.7234393, 38.3846207], [20.7235734, 38.3848583], [20.7237343, 38.385201], [20.723804, 38.3853776], [20.7236941, 38.3854038], [20.7234954, 38.3850397], [20.7233041, 38.3846893], [20.722806, 38.3840091], [20.7226322, 38.3839309]]]}, "properties": {"name": "Παραλία Σκίνος", "notes": null, "osm_id": 80502199, "curated": false, "name_el": "Παραλία Σκίνος", "name_en": "Skinos", "surface": null, "blue_flag": null, "local_name": null, "access_type": null, "source_form": "polygon"}}, {"type": "Feature", "geometry": {"type": "Polygon", "coordinates": [[[20.7088823, 38.3743964], [20.708967, 38.3744022], [20.7090689, 38.3744028], [20.7091185, 38.3744422], [20.7092104, 38.3745131], [20.7092929, 38.3745189], [20.7095196, 38.3743039], [20.7095812, 38.3741], [20.709541, 38.3740726], [20.7094847, 38.3739044], [20.7094602, 38.3737808], [20.7096233, 38.3738549], [20.7096869, 38.3741096], [20.7097222, 38.374248], [20.7093973, 38.3745636], [20.7092029, 38.3745993], [20.7090159, 38.374562], [20.7089248, 38.3745047], [20.7088823, 38.3743964]]]}, "properties": {"name": "Λούτσα", "notes": null, "osm_id": 1290356408, "curated": false, "name_el": null, "name_en": null, "surface": null, "blue_flag": null, "local_name": null, "access_type": null, "source_form": "polygon"}}, {"type": "Feature", "geometry": {"type": "Polygon", "coordinates": [[[20.7019108, 38.3701745], [20.7019987, 38.3701586], [20.7023098, 38.3703689], [20.7029804, 38.3708147], [20.7032969, 38.371025], [20.7035061, 38.371269], [20.7035222, 38.3714035], [20.7034555, 38.3714285], [20.7033941, 38.3713269], [20.70315, 38.371043], [20.7019108, 38.3701745]]]}, "properties": {"name": "Παραλία Δεξά", "notes": null, "osm_id": 80588605, "curated": false, "name_el": "Παραλία Δεξά", "name_en": "Dexá", "surface": null, "blue_flag": null, "local_name": null, "access_type": null, "source_form": "polygon"}}, {"type": "Feature", "geometry": {"type": "Polygon", "coordinates": [[[20.6827364, 38.3505149], [20.6831313, 38.3503983], [20.6833809, 38.350282], [20.684032, 38.3500492], [20.6845588, 38.3497205], [20.6850656, 38.3493156], [20.6850503, 38.3492652], [20.6851139, 38.3492719], [20.6852112, 38.3491898], [20.6853525, 38.3489266], [20.6854383, 38.3488182], [20.685381, 38.3489926], [20.685208, 38.3492376], [20.685094, 38.3493176], [20.6850082, 38.3494154], [20.6847627, 38.3496636], [20.6846273, 38.349734], [20.684524, 38.3498319], [20.6843618, 38.3499234], [20.6840171, 38.3501263], [20.6837207, 38.3502462], [20.6832835, 38.350425], [20.6831105, 38.350445], [20.6830354, 38.3504755], [20.6829804, 38.350485], [20.6828718, 38.3505229], [20.6828339, 38.3505456], [20.6827739, 38.3505292], [20.6827364, 38.3505149]]]}, "properties": {"name": null, "notes": null, "osm_id": 1211346194, "curated": false, "name_el": null, "name_en": null, "surface": null, "blue_flag": null, "local_name": null, "access_type": null, "source_form": "polygon"}}, {"type": "Feature", "geometry": {"type": "Polygon", "coordinates": [[[20.7368037, 38.3653502], [20.7369829, 38.3654639], [20.7372585, 38.3655399], [20.7375429, 38.3655593], [20.7374555, 38.3656084], [20.7373654, 38.3656591], [20.7371376, 38.3656058], [20.7369365, 38.3655511], [20.7368164, 38.3654265], [20.7368037, 38.3653502]]]}, "properties": {"name": "Παραλία Σαρακήνικο", "notes": null, "osm_id": -14489352, "curated": false, "name_el": null, "name_en": "Sarakíniko", "surface": null, "blue_flag": null, "local_name": null, "access_type": null, "source_form": "polygon"}}, {"type": "Feature", "geometry": {"type": "Polygon", "coordinates": [[[20.7358163, 38.3648137], [20.7358328, 38.3647615], [20.7358497, 38.3646569], [20.7359637, 38.3645957], [20.7359371, 38.3646388], [20.7359326, 38.3647406], [20.735956, 38.3648472], [20.7359938, 38.3649292], [20.7360519, 38.3650363], [20.7361356, 38.365137], [20.7360506, 38.3651415], [20.7359502, 38.3651168], [20.7358703, 38.3649813], [20.7358163, 38.3648137]]]}, "properties": {"name": null, "notes": null, "osm_id": -14489353, "curated": false, "name_el": null, "name_en": null, "surface": null, "blue_flag": null, "local_name": null, "access_type": null, "source_form": "polygon"}}, {"type": "Feature", "geometry": {"type": "Polygon", "coordinates": [[[20.7419232, 38.3747489], [20.7420207, 38.3744139], [20.7423908, 38.373444], [20.7424739, 38.3734738], [20.7421345, 38.3747155], [20.7421882, 38.3752328], [20.7423452, 38.3757048], [20.7424632, 38.3758415], [20.7423459, 38.3758418], [20.7420748, 38.3755215], [20.7419232, 38.3747489]]]}, "properties": {"name": null, "notes": null, "osm_id": 976918549, "curated": false, "name_el": null, "name_en": null, "surface": null, "blue_flag": null, "local_name": null, "access_type": null, "source_form": "polygon"}}, {"type": "Feature", "geometry": {"type": "Polygon", "coordinates": [[[20.7414547, 38.3720692], [20.7414808, 38.3719078], [20.7415987, 38.3717223], [20.7417154, 38.3715579], [20.741919, 38.3714115], [20.7420915, 38.3714139], [20.7418965, 38.3715815], [20.7417168, 38.371767], [20.7415856, 38.3719726], [20.7415003, 38.3721722], [20.7414547, 38.3720692]]]}, "properties": {"name": "Παραλία Φιλιατρό", "notes": null, "osm_id": 80572953, "curated": false, "name_el": "Παραλία Φιλιατρό", "name_en": "Filiatró", "surface": "gravel", "blue_flag": null, "local_name": null, "access_type": null, "source_form": "polygon"}}, {"type": "Feature", "geometry": {"type": "Polygon", "coordinates": [[[20.7507602, 38.3679225], [20.7508357, 38.3678492], [20.7509922, 38.3677627], [20.7510659, 38.3676795], [20.7512074, 38.3675843], [20.7512966, 38.367465], [20.7513686, 38.3674082], [20.7515105, 38.3674965], [20.7513389, 38.3675918], [20.7511736, 38.3677225], [20.7508374, 38.368025], [20.7507602, 38.3679225]]]}, "properties": {"name": null, "notes": null, "osm_id": 976918548, "curated": false, "name_el": null, "name_en": null, "surface": null, "blue_flag": null, "local_name": null, "access_type": null, "source_form": "polygon"}}, {"type": "Feature", "geometry": {"type": "Polygon", "coordinates": [[[20.7447555, 38.3678993], [20.7447669, 38.3678514], [20.7452096, 38.367928], [20.745404, 38.3679077], [20.7455356, 38.3678695], [20.7454914, 38.367967], [20.7453353, 38.3680189], [20.7451189, 38.3680503], [20.7449723, 38.3680415], [20.74483, 38.3679815], [20.7447555, 38.3678993]]]}, "properties": {"name": null, "notes": null, "osm_id": 976918547, "curated": false, "name_el": null, "name_en": null, "surface": null, "blue_flag": null, "local_name": null, "access_type": null, "source_form": "polygon"}}, {"type": "Feature", "geometry": {"type": "Polygon", "coordinates": [[[20.7438422, 38.3676789], [20.7439124, 38.3676159], [20.7441744, 38.3677193], [20.7441388, 38.3677857], [20.7440349, 38.3677821], [20.7439088, 38.3677334], [20.7438422, 38.3676789]]]}, "properties": {"name": null, "notes": null, "osm_id": 976918546, "curated": false, "name_el": null, "name_en": null, "surface": null, "blue_flag": null, "local_name": null, "access_type": null, "source_form": "polygon"}}, {"type": "Feature", "geometry": {"type": "Polygon", "coordinates": [[[20.7382081, 38.3391167], [20.7384012, 38.3388517], [20.7387016, 38.3386581], [20.7388406, 38.3387085], [20.7385456, 38.3389587], [20.738315, 38.3392509], [20.738251, 38.3392051], [20.7382081, 38.3391167]]]}, "properties": {"name": "Παραλία Καμίνια", "notes": null, "osm_id": 46705443, "curated": false, "name_el": "Παραλία Καμίνια", "name_en": "Kaminia", "surface": null, "blue_flag": null, "local_name": null, "access_type": null, "source_form": "polygon"}}, {"type": "Feature", "geometry": {"type": "Polygon", "coordinates": [[[20.7371447, 38.3447545], [20.737154, 38.3446948], [20.7372088, 38.3446209], [20.7373146, 38.3446226], [20.7373909, 38.344621], [20.7372435, 38.3447976], [20.7371899, 38.3447918], [20.7371447, 38.3447545]]]}, "properties": {"name": null, "notes": null, "osm_id": 976922006, "curated": false, "name_el": null, "name_en": null, "surface": null, "blue_flag": null, "local_name": null, "access_type": null, "source_form": "polygon"}}, {"type": "Feature", "geometry": {"type": "Polygon", "coordinates": [[[20.7451565, 38.3273658], [20.7452303, 38.3273057], [20.7452623, 38.3272128], [20.7453125, 38.3271943], [20.7452999, 38.3271407], [20.7454002, 38.3271123], [20.7455423, 38.3271156], [20.7453682, 38.3272915], [20.7452039, 38.327534], [20.7451565, 38.3273658]]]}, "properties": {"name": "Πέρα Πηγάδι", "notes": null, "osm_id": -16243277, "curated": false, "name_el": null, "name_en": null, "surface": null, "blue_flag": null, "local_name": null, "access_type": null, "source_form": "polygon"}}, {"type": "Feature", "geometry": {"type": "Polygon", "coordinates": [[[20.7430189, 38.3294733], [20.7430938, 38.3290283], [20.7431883, 38.3289665], [20.7432513, 38.3295258], [20.7433923, 38.3298407], [20.7432513, 38.329807], [20.7430189, 38.3294733]]]}, "properties": {"name": "Παραλία Πέρα Πηγάδι", "notes": null, "osm_id": 227157875, "curated": false, "name_el": null, "name_en": null, "surface": null, "blue_flag": null, "local_name": null, "access_type": null, "source_form": "polygon"}}, {"type": "Feature", "geometry": {"type": "Polygon", "coordinates": [[[20.723587, 38.3078613], [20.7239192, 38.3077875], [20.7240753, 38.3077199], [20.7240793, 38.3078142], [20.7240248, 38.307843], [20.7238952, 38.3079115], [20.723659, 38.3079241], [20.723587, 38.3078613]]]}, "properties": {"name": null, "notes": null, "osm_id": -16243276, "curated": false, "name_el": null, "name_en": "Antri", "surface": null, "blue_flag": null, "local_name": null, "access_type": null, "source_form": "polygon"}}, {"type": "Feature", "geometry": {"type": "Polygon", "coordinates": [[[20.7068349, 38.3086416], [20.707089, 38.308692], [20.7073898, 38.3086032], [20.7073376, 38.3087202], [20.7072759, 38.3087917], [20.7071833, 38.308797], [20.7070076, 38.3088391], [20.7069057, 38.3088748], [20.7069057, 38.3087244], [20.7068349, 38.3086416]]]}, "properties": {"name": null, "notes": null, "osm_id": 1211346195, "curated": false, "name_el": null, "name_en": null, "surface": null, "blue_flag": null, "local_name": null, "access_type": null, "source_form": "polygon"}}, {"type": "Feature", "geometry": {"type": "Polygon", "coordinates": [[[20.6868522, 38.3375385], [20.6869259, 38.3375475], [20.6869635, 38.337598], [20.6870091, 38.337861], [20.6870359, 38.3380356], [20.6871164, 38.3381829], [20.6871513, 38.3384753], [20.6871781, 38.3386078], [20.6870484, 38.3386542], [20.6868522, 38.3375385]]]}, "properties": {"name": null, "notes": null, "osm_id": 1211346193, "curated": false, "name_el": null, "name_en": null, "surface": null, "blue_flag": null, "local_name": null, "access_type": null, "source_form": "polygon"}}, {"type": "Feature", "geometry": {"type": "Polygon", "coordinates": [[[20.6065015, 38.2944553], [20.6065548, 38.2944009], [20.6066142, 38.2943884], [20.6065804, 38.2944156], [20.6065655, 38.2944478], [20.6065632, 38.2944746], [20.6065087, 38.2944767], [20.6065015, 38.2944553]]]}, "properties": {"name": "Ψαμούσα", "notes": null, "osm_id": 1193371816, "curated": false, "name_el": null, "name_en": null, "surface": null, "blue_flag": null, "local_name": null, "access_type": null, "source_form": "polygon"}}, {"type": "Feature", "geometry": {"type": "Polygon", "coordinates": [[[20.605646, 38.3067789], [20.6057081, 38.3067239], [20.6057637, 38.3067194], [20.6057852, 38.3067527], [20.6058263, 38.3068166], [20.6058946, 38.3069228], [20.6059376, 38.3069897], [20.6059441, 38.3070591], [20.6059568, 38.3070908], [20.605919, 38.3070792], [20.6058843, 38.307069], [20.6058487, 38.3070168], [20.605804, 38.306979], [20.6057873, 38.3069386], [20.6057533, 38.3068864], [20.6057078, 38.3068271], [20.6056773, 38.306793], [20.605646, 38.3067789]]]}, "properties": {"name": "Λιθοβάτης", "notes": null, "osm_id": 1193372335, "curated": false, "name_el": "Λιθοβάτης", "name_en": null, "surface": "pebblestone", "blue_flag": null, "local_name": null, "access_type": null, "source_form": "polygon"}}, {"type": "Feature", "geometry": {"type": "Polygon", "coordinates": [[[20.6112726, 38.3095128], [20.6112939, 38.3094628], [20.6113629, 38.3094544], [20.6114792, 38.3095394], [20.6116605, 38.3096323], [20.6115876, 38.3096655], [20.6115345, 38.3096849], [20.6114744, 38.3096877], [20.6114071, 38.3096711], [20.6113505, 38.3096294], [20.6112868, 38.3095711], [20.6112726, 38.3095128]]]}, "properties": {"name": null, "notes": null, "osm_id": 544181802, "curated": false, "name_el": null, "name_en": null, "surface": null, "blue_flag": null, "local_name": null, "access_type": null, "source_form": "polygon"}}, {"type": "Feature", "geometry": {"type": "Polygon", "coordinates": [[[20.6207022, 38.3140138], [20.620715, 38.3139155], [20.6207764, 38.3138495], [20.6208165, 38.3139983], [20.6209013, 38.3141475], [20.6210656, 38.3143177], [20.6209654, 38.3143387], [20.6208852, 38.314316], [20.6208402, 38.3142707], [20.6207664, 38.3142102], [20.6207247, 38.3141246], [20.6207022, 38.3140138]]]}, "properties": {"name": null, "notes": null, "osm_id": 501022906, "curated": false, "name_el": null, "name_en": null, "surface": null, "blue_flag": null, "local_name": null, "access_type": null, "source_form": "polygon"}}, {"type": "Feature", "geometry": {"type": "Polygon", "coordinates": [[[20.6257921, 38.3224302], [20.6258198, 38.322379], [20.6259905, 38.3224499], [20.6259461, 38.3224858], [20.6258999, 38.3225003], [20.6258537, 38.3224882], [20.6258075, 38.3224689], [20.6257921, 38.3224302]]]}, "properties": {"name": null, "notes": null, "osm_id": 544183147, "curated": false, "name_el": null, "name_en": null, "surface": null, "blue_flag": null, "local_name": null, "access_type": null, "source_form": "polygon"}}, {"type": "Feature", "geometry": {"type": "Polygon", "coordinates": [[[20.6235505, 38.3388817], [20.6235881, 38.3387934], [20.6237055, 38.3386771], [20.6238143, 38.3386842], [20.6236195, 38.3390232], [20.6235773, 38.338949], [20.6235505, 38.3388817]]]}, "properties": {"name": null, "notes": null, "osm_id": 544185155, "curated": false, "name_el": null, "name_en": null, "surface": null, "blue_flag": null, "local_name": null, "access_type": null, "source_form": "polygon"}}, {"type": "Feature", "geometry": {"type": "Polygon", "coordinates": [[[20.6215783, 38.347339], [20.621619, 38.34717], [20.6216799, 38.3468958], [20.6217857, 38.3466662], [20.6218751, 38.3465132], [20.6220662, 38.3462262], [20.6221434, 38.3462549], [20.6219442, 38.3465483], [20.6218426, 38.3467715], [20.6217694, 38.3469404], [20.6217258, 38.3470964], [20.6217043, 38.3471732], [20.6217043, 38.3474059], [20.6217653, 38.34761], [20.6216352, 38.3475271], [20.6215783, 38.347339]]]}, "properties": {"name": null, "notes": null, "osm_id": 499298073, "curated": false, "name_el": null, "name_en": "Giagana beach", "surface": null, "blue_flag": null, "local_name": null, "access_type": null, "source_form": "polygon"}}, {"type": "Feature", "geometry": {"type": "Polygon", "coordinates": [[[20.6207994, 38.3544103], [20.6208065, 38.3542132], [20.6208313, 38.3541188], [20.6209339, 38.3538913], [20.6210295, 38.3537747], [20.6210932, 38.3537442], [20.621224, 38.353758], [20.6210767, 38.3538279], [20.6209299, 38.3541052], [20.6208727, 38.3543458], [20.6208855, 38.3545246], [20.6209336, 38.3546702], [20.6210198, 38.3547482], [20.620895, 38.354735], [20.6208667, 38.3547045], [20.6208277, 38.3546489], [20.62081, 38.3545685], [20.6207994, 38.3544103]]]}, "properties": {"name": null, "notes": null, "osm_id": 544186916, "curated": false, "name_el": null, "name_en": null, "surface": null, "blue_flag": null, "local_name": null, "access_type": null, "source_form": "polygon"}}, {"type": "Feature", "geometry": {"type": "Polygon", "coordinates": [[[20.6119386, 38.372984], [20.6119467, 38.372933], [20.6119792, 38.3729091], [20.6120618, 38.3728736], [20.6120084, 38.3729625], [20.6120586, 38.3730866], [20.6121358, 38.3732774], [20.6122919, 38.3735605], [20.6124069, 38.37376], [20.6125154, 38.3738008], [20.6124488, 38.3738111], [20.612398, 38.373792], [20.6123492, 38.3737633], [20.6123045, 38.3737027], [20.6122577, 38.3736151], [20.6121987, 38.3734812], [20.6120809, 38.3733075], [20.6119569, 38.3730653], [20.6119386, 38.372984]]]}, "properties": {"name": null, "notes": null, "osm_id": 544188707, "curated": false, "name_el": null, "name_en": "Plati Beach Port", "surface": null, "blue_flag": null, "local_name": null, "access_type": null, "source_form": "polygon"}}, {"type": "Feature", "geometry": {"type": "Polygon", "coordinates": [[[20.6124171, 38.3717223], [20.6125058, 38.3716655], [20.6126669, 38.3715356], [20.6127673, 38.3714202], [20.6128093, 38.3713195], [20.6129635, 38.3710724], [20.6130288, 38.3710871], [20.6128272, 38.3713751], [20.6126646, 38.371585], [20.6125035, 38.3717662], [20.6124171, 38.3717223]]]}, "properties": {"name": "Αγιά Σοφία", "notes": null, "osm_id": 703039794, "curated": false, "name_el": "Αγιά Σοφία", "name_en": "Agia Sofia", "surface": null, "blue_flag": null, "local_name": null, "access_type": null, "source_form": "polygon"}}, {"type": "Feature", "geometry": {"type": "Polygon", "coordinates": [[[20.615294, 38.3646611], [20.6153033, 38.3646079], [20.6153122, 38.3645706], [20.6153218, 38.3645306], [20.6153094, 38.3644775], [20.6153156, 38.3643977], [20.6153618, 38.3642576], [20.6153957, 38.3641272], [20.6154851, 38.3640402], [20.6155898, 38.3639629], [20.6156731, 38.3639495], [20.6155971, 38.3640391], [20.6155231, 38.3641264], [20.6155084, 38.3641854], [20.61545, 38.3644198], [20.6153731, 38.3647284], [20.6154148, 38.3647975], [20.6153187, 38.3647601], [20.615294, 38.3647118], [20.615294, 38.3646611]]]}, "properties": {"name": null, "notes": null, "osm_id": 544187527, "curated": false, "name_el": null, "name_en": "Chorgota beach", "surface": null, "blue_flag": null, "local_name": null, "access_type": null, "source_form": "polygon"}}, {"type": "Feature", "geometry": {"type": "Polygon", "coordinates": [[[20.6547976, 38.3932072], [20.6549134, 38.393002], [20.6550676, 38.3929157], [20.6555409, 38.3927746], [20.6560644, 38.3926062], [20.6559836, 38.3927005], [20.6558694, 38.3927607], [20.6557843, 38.3928647], [20.6553412, 38.3929354], [20.6551733, 38.3930081], [20.6548904, 38.3932515], [20.6547976, 38.3932072]]]}, "properties": {"name": null, "notes": null, "osm_id": 443463587, "curated": false, "name_el": null, "name_en": "Aspros Gialos", "surface": null, "blue_flag": null, "local_name": null, "access_type": null, "source_form": "polygon"}}, {"type": "Feature", "geometry": {"type": "Polygon", "coordinates": [[[20.653796, 38.3952839], [20.653996, 38.3949878], [20.6541026, 38.3945792], [20.6541573, 38.394589], [20.6542144, 38.3947397], [20.6541251, 38.395029], [20.6539677, 38.3952644], [20.653796, 38.3952839]]]}, "properties": {"name": null, "notes": null, "osm_id": 443463728, "curated": false, "name_el": null, "name_en": "Koutoupi", "surface": null, "blue_flag": null, "local_name": null, "access_type": null, "source_form": "polygon"}}, {"type": "Feature", "geometry": {"type": "Polygon", "coordinates": [[[20.6285261, 38.4481553], [20.6287764, 38.4479866], [20.6289622, 38.447715], [20.628984, 38.4475251], [20.6291055, 38.4475413], [20.6291304, 38.4476932], [20.628866, 38.4481301], [20.6287477, 38.4481994], [20.6285441, 38.4482141], [20.6285261, 38.4481553]]]}, "properties": {"name": null, "notes": null, "osm_id": 443466494, "curated": false, "name_el": null, "name_en": "Ammoundi", "surface": null, "blue_flag": null, "local_name": null, "access_type": null, "source_form": "polygon"}}, {"type": "Feature", "geometry": {"type": "Polygon", "coordinates": [[[20.6389698, 38.440725], [20.6391445, 38.4408084], [20.639337, 38.4408133], [20.6395731, 38.4407685], [20.6401114, 38.4406128], [20.6409665, 38.4403464], [20.6413874, 38.4402018], [20.6414439, 38.4402879], [20.6413321, 38.4404044], [20.6412837, 38.4404298], [20.6411497, 38.4405002], [20.6410145, 38.4404633], [20.6406033, 38.4406067], [20.6403635, 38.4406509], [20.6400596, 38.4407439], [20.6396876, 38.4408553], [20.6395087, 38.4408721], [20.6393692, 38.4408778], [20.6391263, 38.440843], [20.6389774, 38.4407818], [20.6389698, 38.440725]]]}, "properties": {"name": "Πόλη", "notes": null, "osm_id": -16241219, "curated": false, "name_el": null, "name_en": "Poli", "surface": "gravel", "blue_flag": null, "local_name": null, "access_type": null, "source_form": "polygon"}}, {"type": "Feature", "geometry": {"type": "Polygon", "coordinates": [[[20.6416285, 38.4395516], [20.6418272, 38.439209], [20.6418357, 38.4389865], [20.6418259, 38.4385923], [20.6417879, 38.4385182], [20.6419884, 38.4385137], [20.6420175, 38.4386325], [20.6419865, 38.4389785], [20.6420307, 38.439117], [20.6419026, 38.4394907], [20.641854, 38.4396049], [20.6416422, 38.4396326], [20.6416285, 38.4395516]]]}, "properties": {"name": null, "notes": null, "osm_id": -16241220, "curated": false, "name_el": null, "name_en": null, "surface": null, "blue_flag": null, "local_name": null, "access_type": null, "source_form": "polygon"}}, {"type": "Feature", "geometry": {"type": "Polygon", "coordinates": [[[20.6737333, 38.4559605], [20.6737394, 38.4559406], [20.6737474, 38.4559154], [20.6737796, 38.4558902], [20.6738118, 38.4558734], [20.6739137, 38.4558608], [20.6740076, 38.4558629], [20.6741042, 38.4558755], [20.6741927, 38.4558881], [20.6742892, 38.4559259], [20.6743062, 38.4559782], [20.6742659, 38.4559943], [20.6741645, 38.4559486], [20.6740922, 38.4559438], [20.6739985, 38.4559376], [20.6738938, 38.4559306], [20.6738359, 38.4559238], [20.6737704, 38.4559526], [20.6737333, 38.4559605]]]}, "properties": {"name": "Τρίτα Κουρβούλια", "notes": null, "osm_id": 709260039, "curated": false, "name_el": "Τρίτα Κουρβούλια", "name_en": "Third Kourvoulia", "surface": "pebblestone", "blue_flag": null, "local_name": null, "access_type": null, "source_form": "polygon"}}, {"type": "Feature", "geometry": {"type": "Polygon", "coordinates": [[[20.6707299, 38.4568627], [20.6707675, 38.4568207], [20.6707997, 38.4567934], [20.670848, 38.4567555], [20.6709096, 38.456745], [20.6709687, 38.4567619], [20.6707901, 38.4569302], [20.6707729, 38.4569299], [20.6707326, 38.4569131], [20.6707299, 38.4568627]]]}, "properties": {"name": "Δεύτερα Κουρβούλια", "notes": null, "osm_id": 709260038, "curated": false, "name_el": "Δεύτερα Κουρβούλια", "name_en": "Second Kourvoulia", "surface": "pebblestone", "blue_flag": null, "local_name": null, "access_type": null, "source_form": "polygon"}}, {"type": "Feature", "geometry": {"type": "Polygon", "coordinates": [[[20.6694076, 38.4581722], [20.6694264, 38.4581407], [20.6694894, 38.4581292], [20.6695659, 38.4581323], [20.6696685, 38.4581376], [20.6697476, 38.4581465], [20.6698227, 38.4581617], [20.6698515, 38.4581869], [20.6698394, 38.4581964], [20.6698073, 38.4582205], [20.6697737, 38.4582079], [20.6697322, 38.4582027], [20.6696785, 38.4581964], [20.6695444, 38.458188], [20.6694733, 38.4581817], [20.6694076, 38.4581722]]]}, "properties": {"name": "Πρώτα Κουρβούλια", "notes": null, "osm_id": 709260040, "curated": false, "name_el": "Πρώτα Κουρβούλια", "name_en": "First Kourvoulia", "surface": "pebblestone", "blue_flag": null, "local_name": null, "access_type": null, "source_form": "polygon"}}, {"type": "Feature", "geometry": {"type": "Polygon", "coordinates": [[[20.6947421, 38.413313], [20.6948135, 38.4132151], [20.6949696, 38.4135315], [20.695098, 38.4137437], [20.6949863, 38.4137623], [20.6949438, 38.413729], [20.6948837, 38.4136513], [20.6948058, 38.4135321], [20.6947563, 38.4133907], [20.6947421, 38.413313]]]}, "properties": {"name": null, "notes": null, "osm_id": 544578767, "curated": false, "name_el": null, "name_en": null, "surface": null, "blue_flag": null, "local_name": null, "access_type": null, "source_form": "polygon"}}, {"type": "Feature", "geometry": {"type": "Polygon", "coordinates": [[[20.7004252, 38.4269073], [20.7004348, 38.42677], [20.7006651, 38.4264044], [20.7006919, 38.4266615], [20.7007377, 38.4269106], [20.7008485, 38.4271598], [20.7007364, 38.4271751], [20.7006162, 38.4271035], [20.7005668, 38.4270268], [20.7004252, 38.4269073]]]}, "properties": {"name": null, "notes": null, "osm_id": -16239692, "curated": false, "name_el": null, "name_en": "Liano Nisaki", "surface": null, "blue_flag": null, "local_name": null, "access_type": null, "source_form": "polygon"}}, {"type": "Feature", "geometry": {"type": "Polygon", "coordinates": [[[20.7029925, 38.4309538], [20.7030247, 38.4308151], [20.7030944, 38.4306765], [20.7032225, 38.4306442], [20.7032108, 38.4308968], [20.7032312, 38.4311579], [20.7030622, 38.4311135], [20.7030139, 38.4310589], [20.7029925, 38.4309538]]]}, "properties": {"name": null, "notes": null, "osm_id": 544579862, "curated": false, "name_el": null, "name_en": "Kritami", "surface": null, "blue_flag": null, "local_name": null, "access_type": null, "source_form": "polygon"}}, {"type": "Feature", "geometry": {"type": "Polygon", "coordinates": [[[20.6969254, 38.4444339], [20.696934, 38.4444128], [20.6969681, 38.4443297], [20.697402, 38.444436], [20.6974747, 38.4444538], [20.697459, 38.4444988], [20.6969254, 38.4444339]]]}, "properties": {"name": "Φιλιατρό", "notes": null, "osm_id": -16239697, "curated": false, "name_el": null, "name_en": "Filiatro of Kioni", "surface": null, "blue_flag": null, "local_name": null, "access_type": null, "source_form": "polygon"}}, {"type": "Feature", "geometry": {"type": "Polygon", "coordinates": [[[20.678956, 38.4541051], [20.6790045, 38.4539968], [20.6790984, 38.4539317], [20.679262, 38.4538876], [20.6793988, 38.4538729], [20.679557, 38.4538561], [20.6797233, 38.4538435], [20.6798333, 38.4538561], [20.6798601, 38.4538876], [20.6798019, 38.4539299], [20.6797407, 38.4539077], [20.6794459, 38.4539411], [20.6791481, 38.4540024], [20.678956, 38.4541051]]]}, "properties": {"name": null, "notes": null, "osm_id": 544581555, "curated": false, "name_el": null, "name_en": "Plakoutses", "surface": null, "blue_flag": null, "local_name": null, "access_type": null, "source_form": "polygon"}}, {"type": "Feature", "geometry": {"type": "Polygon", "coordinates": [[[20.6881957, 38.4543601], [20.6882579, 38.4543276], [20.6883595, 38.4543397], [20.6884335, 38.4543879], [20.6885013, 38.454441], [20.6885351, 38.4544989], [20.6885239, 38.4545466], [20.6883653, 38.4544343], [20.6881957, 38.4543601]]]}, "properties": {"name": null, "notes": null, "osm_id": -16242075, "curated": false, "name_el": null, "name_en": null, "surface": null, "blue_flag": null, "local_name": null, "access_type": null, "source_form": "polygon"}}, {"type": "Feature", "geometry": {"type": "Polygon", "coordinates": [[[20.6707294, 38.4761568], [20.6708364, 38.4761714], [20.6710262, 38.4762811], [20.6709467, 38.4762986], [20.6707965, 38.4762702], [20.6707375, 38.4762261], [20.6707361, 38.4761967], [20.6707294, 38.4761568]]]}, "properties": {"name": null, "notes": null, "osm_id": 1211346192, "curated": false, "name_el": null, "name_en": null, "surface": null, "blue_flag": null, "local_name": null, "access_type": null, "source_form": "polygon"}}, {"type": "Feature", "geometry": {"type": "Polygon", "coordinates": [[[20.6701955, 38.4797462], [20.6703349, 38.4794986], [20.6709575, 38.4795085], [20.6708502, 38.479836], [20.6707251, 38.4802095], [20.6707211, 38.4806156], [20.6705816, 38.4806198], [20.6705226, 38.4803931], [20.6703349, 38.4801915], [20.6701955, 38.4797462]]]}, "properties": {"name": "Παραλία Μάρμακα", "notes": null, "osm_id": -16239680, "curated": false, "name_el": null, "name_en": "Marmaka", "surface": null, "blue_flag": null, "local_name": null, "access_type": null, "source_form": "polygon"}}, {"type": "Feature", "geometry": {"type": "Polygon", "coordinates": [[[20.6705816, 38.4806198], [20.6707211, 38.4806156], [20.6708434, 38.4808253], [20.6708793, 38.4811659], [20.6709933, 38.4816857], [20.6711451, 38.4822055], [20.6714654, 38.4827357], [20.6717475, 38.4829753], [20.6719701, 38.4831086], [20.6721361, 38.4830914], [20.6721796, 38.4831183], [20.6719721, 38.4832276], [20.671659, 38.4831715], [20.6712478, 38.482885], [20.6712742, 38.4828053], [20.6713421, 38.4827787], [20.6711045, 38.4824392], [20.6710667, 38.4822502], [20.6708442, 38.4820435], [20.670814, 38.4818515], [20.6709083, 38.4817954], [20.6709121, 38.481698], [20.6708291, 38.4816212], [20.6708178, 38.4814647], [20.6707235, 38.4813731], [20.6707348, 38.4809597], [20.6707838, 38.4808564], [20.6707386, 38.4807412], [20.6706669, 38.4807412], [20.6705816, 38.4806198]]]}, "properties": {"name": null, "notes": null, "osm_id": -16239681, "curated": false, "name_el": null, "name_en": null, "surface": null, "blue_flag": null, "local_name": null, "access_type": null, "source_form": "polygon"}}, {"type": "Feature", "geometry": {"type": "Polygon", "coordinates": [[[20.6719092, 38.4747785], [20.6719548, 38.4747071], [20.6720702, 38.4746483], [20.6722767, 38.4745958], [20.6723894, 38.4745748], [20.6724826, 38.474614], [20.6724246, 38.4746172], [20.6722041, 38.4746793], [20.671994, 38.4747643], [20.6719202, 38.4748323], [20.6719092, 38.4747785]]]}, "properties": {"name": null, "notes": null, "osm_id": 1225869350, "curated": false, "name_el": null, "name_en": null, "surface": null, "blue_flag": null, "local_name": null, "access_type": null, "source_form": "polygon"}}, {"type": "Feature", "geometry": {"type": "Polygon", "coordinates": [[[20.6703938, 38.4753077], [20.6703992, 38.4752699], [20.6704394, 38.4752342], [20.6705011, 38.4752174], [20.6705217, 38.4752495], [20.6704654, 38.4752974], [20.6704883, 38.4753653], [20.6704179, 38.4753538], [20.6703938, 38.4753077]]]}, "properties": {"name": null, "notes": null, "osm_id": 1225869349, "curated": false, "name_el": null, "name_en": null, "surface": null, "blue_flag": null, "local_name": null, "access_type": null, "source_form": "polygon"}}, {"type": "Feature", "geometry": {"type": "Polygon", "coordinates": [[[20.6700745, 38.4714388], [20.6700829, 38.4713135], [20.6702176, 38.4712537], [20.6703627, 38.4712077], [20.6704964, 38.4712395], [20.6704037, 38.4712906], [20.6702285, 38.471489], [20.6701943, 38.4715694], [20.6701289, 38.4715693], [20.6700745, 38.4714388]]]}, "properties": {"name": null, "notes": null, "osm_id": -16239686, "curated": false, "name_el": null, "name_en": null, "surface": null, "blue_flag": null, "local_name": null, "access_type": null, "source_form": "polygon"}}, {"type": "Feature", "geometry": {"type": "Polygon", "coordinates": [[[20.6663534, 38.4658947], [20.6663996, 38.4658499], [20.6664325, 38.4658797], [20.666467, 38.4659749], [20.6665049, 38.4660795], [20.6667681, 38.4662954], [20.6669355, 38.4664488], [20.6670491, 38.4665118], [20.6671828, 38.4665526], [20.6672577, 38.4665742], [20.6672391, 38.4665996], [20.6671265, 38.4665912], [20.6670219, 38.4665618], [20.6668717, 38.4664904], [20.6667859, 38.4664337], [20.6666839, 38.4663644], [20.6665605, 38.4662804], [20.6664935, 38.4661985], [20.6664667, 38.466146], [20.666413, 38.4660725], [20.6663534, 38.4658947]]]}, "properties": {"name": "Λιμένια", "notes": null, "osm_id": -16239690, "curated": false, "name_el": null, "name_en": "Limenia", "surface": "pebblestone", "blue_flag": null, "local_name": null, "access_type": null, "source_form": "polygon"}}, {"type": "Feature", "geometry": {"type": "Polygon", "coordinates": [[[20.6689991, 38.4669037], [20.6694412, 38.4668367], [20.6694458, 38.4668979], [20.6691722, 38.4670006], [20.6690239, 38.4669559], [20.6689991, 38.4669037]]]}, "properties": {"name": null, "notes": null, "osm_id": -16239688, "curated": false, "name_el": null, "name_en": null, "surface": null, "blue_flag": null, "local_name": null, "access_type": null, "source_form": "polygon"}}, {"type": "Feature", "geometry": {"type": "Polygon", "coordinates": [[[20.6418885, 38.4674063], [20.641952, 38.4672078], [20.6424455, 38.4670536], [20.6429669, 38.4669002], [20.6432691, 38.466937], [20.6418885, 38.4674063]]]}, "properties": {"name": "Αφάλες", "notes": null, "osm_id": 1071288753, "curated": false, "name_el": null, "name_en": null, "surface": null, "blue_flag": null, "local_name": null, "access_type": null, "source_form": "polygon"}}, {"type": "Feature", "geometry": {"type": "Point", "coordinates": [20.3437822, 38.1948893]}, "properties": {"name": "Παραλία Γιαλισκάρι", "notes": null, "osm_id": 12188049906, "curated": false, "name_el": null, "name_en": null, "surface": "stone", "blue_flag": null, "local_name": null, "access_type": null, "source_form": "point"}}, {"type": "Feature", "geometry": {"type": "Point", "coordinates": [20.6338343, 38.4389379]}, "properties": {"name": "Little Polis Beach", "notes": null, "osm_id": 10888976158, "curated": false, "name_el": null, "name_en": null, "surface": null, "blue_flag": null, "local_name": null, "access_type": null, "source_form": "point"}}, {"type": "Feature", "geometry": {"type": "Point", "coordinates": [20.74195, 38.3719021]}, "properties": {"name": "Filiatro", "notes": null, "osm_id": 11594223910, "curated": false, "name_el": null, "name_en": null, "surface": null, "blue_flag": null, "local_name": null, "access_type": null, "source_form": "point"}}]}
