{"type": "FeatureCollection", "features": [{"type": "Feature", "geometry": {"type": "Point", "coordinates": [20.4176188, 38.3170763]}, "properties": {"name": null, "osm_id": 2404198750, "name_el": null, "name_en": null, "net_vid": 783, "category": "other", "fire_min": 53.48100617491488, "poi_type": "place_of_worship", "port_min": 24.687685151912408, "road_dist_m": 11.7842286, "access_score": 99}}, {"type": "Feature", "geometry": {"type": "Point", "coordinates": [20.4422297, 38.304594]}, "properties": {"name": "Καστέλι Παλικής", "osm_id": 9947364842, "name_el": "Καστέλι Παλικής", "name_en": "Kasteli of Paliki", "net_vid": 17226, "category": "heritage", "fire_min": 40.45259991542175, "poi_type": "castle", "port_min": 28.017229884317164, "road_dist_m": 140.63671349, "access_score": 93}}, {"type": "Feature", "geometry": {"type": "Point", "coordinates": [20.4088303, 38.3384209]}, "properties": {"name": "Βαρδιόλα Αθέρα", "osm_id": 9947364841, "name_el": "Βαρδιόλα Αθέρα", "name_en": "Atheras Vardiola", "net_vid": 881, "category": "heritage", "fire_min": 62.782232481715305, "poi_type": "yes", "port_min": 33.98891145871284, "road_dist_m": 126.8208377, "access_score": 94}}, {"type": "Feature", "geometry": {"type": "Point", "coordinates": [20.4091651, 38.3354385]}, "properties": {"name": null, "osm_id": 6669958786, "name_el": null, "name_en": null, "net_vid": 756, "category": "food_drink", "fire_min": 60.447851353091906, "poi_type": "restaurant", "port_min": 31.654530330089433, "road_dist_m": 10.74444169, "access_score": 99}}, {"type": "Feature", "geometry": {"type": "Point", "coordinates": [20.4101413, 38.3354353]}, "properties": {"name": "Taverna Drosos", "osm_id": 6565648686, "name_el": null, "name_en": null, "net_vid": 13928, "category": "food_drink", "fire_min": 61.371716141443564, "poi_type": "restaurant", "port_min": 32.578395118441094, "road_dist_m": 32.13699745, "access_score": 98}}, {"type": "Feature", "geometry": {"type": "Point", "coordinates": [20.4158812, 38.317854]}, "properties": {"name": null, "osm_id": 2404198765, "name_el": null, "name_en": null, "net_vid": 777, "category": "other", "fire_min": 53.88373757309916, "poi_type": "telephone", "port_min": 25.09041655009668, "road_dist_m": 15.41687188, "access_score": 99}}, {"type": "Feature", "geometry": {"type": "Point", "coordinates": [20.4156533, 38.3178697]}, "properties": {"name": "Παιδική χαρά", "osm_id": 2132301898, "name_el": null, "name_en": null, "net_vid": 777, "category": "leisure", "fire_min": 53.85793876034916, "poi_type": "playground", "port_min": 25.06461773734668, "road_dist_m": 13.35296686, "access_score": 99}}, {"type": "Feature", "geometry": {"type": "Point", "coordinates": [20.5409255, 38.4705727]}, "properties": {"name": null, "osm_id": 2917306116, "name_el": null, "name_en": null, "net_vid": 18043, "category": "tourism", "fire_min": 75.97453557233278, "poi_type": "viewpoint", "port_min": 11.988146588849196, "road_dist_m": 255.8555903, "access_score": 87}}, {"type": "Feature", "geometry": {"type": "Point", "coordinates": [20.5439334, 38.4705849]}, "properties": {"name": null, "osm_id": 2917306117, "name_el": null, "name_en": null, "net_vid": 18043, "category": "services", "fire_min": 72.88629655420779, "poi_type": "parking", "port_min": 8.899907570724196, "road_dist_m": 8.79646885, "access_score": 100}}, {"type": "Feature", "geometry": {"type": "Point", "coordinates": [20.5425206, 38.4712459]}, "properties": {"name": null, "osm_id": 2926477557, "name_el": null, "name_en": null, "net_vid": 18043, "category": "tourism", "fire_min": 74.53775438033279, "poi_type": "information", "port_min": 10.551365396849196, "road_dist_m": 140.91309494, "access_score": 93}}, {"type": "Feature", "geometry": {"type": "Point", "coordinates": [20.5418238, 38.4713803]}, "properties": {"name": "WW2 gun emplacement", "osm_id": 2917303857, "name_el": null, "name_en": null, "net_vid": 18043, "category": "heritage", "fire_min": 75.28630145445779, "poi_type": "archaeological_site", "port_min": 11.299912470974196, "road_dist_m": 200.79686087, "access_score": 90}}, {"type": "Feature", "geometry": {"type": "Point", "coordinates": [20.5416143, 38.4710237]}, "properties": {"name": "WW2 Gun Emplacement", "osm_id": 9064282177, "name_el": null, "name_en": null, "net_vid": 18043, "category": "heritage", "fire_min": 75.31555518183278, "poi_type": "archaeological_site", "port_min": 11.329166198349196, "road_dist_m": 203.13715906, "access_score": 90}}, {"type": "Feature", "geometry": {"type": "Point", "coordinates": [20.541081, 38.4711264]}, "properties": {"name": "WW2 gun emplacement", "osm_id": 2917303856, "name_el": null, "name_en": null, "net_vid": 18043, "category": "heritage", "fire_min": 75.91426872158279, "poi_type": "archaeological_site", "port_min": 11.927879738099197, "road_dist_m": 251.03424224, "access_score": 87}}, {"type": "Feature", "geometry": {"type": "Point", "coordinates": [20.5468506, 38.4667183]}, "properties": {"name": null, "osm_id": 2926477554, "name_el": null, "name_en": null, "net_vid": 920, "category": "tourism", "fire_min": 71.32934365314878, "poi_type": "information", "port_min": 7.342954669665195, "road_dist_m": 6.75102509, "access_score": 100}}, {"type": "Feature", "geometry": {"type": "Point", "coordinates": [20.5530245, 38.4624836]}, "properties": {"name": null, "osm_id": 2921512464, "name_el": null, "name_en": null, "net_vid": 921, "category": "other", "fire_min": 68.7193375832365, "poi_type": "telephone", "port_min": 4.732948599752903, "road_dist_m": 4.12780249, "access_score": 100}}, {"type": "Feature", "geometry": {"type": "Point", "coordinates": [20.5530116, 38.4624522]}, "properties": {"name": "Fiscardo Walking Routes", "osm_id": 2921511453, "name_el": null, "name_en": null, "net_vid": 921, "category": "tourism", "fire_min": 68.7125733494865, "poi_type": "information", "port_min": 4.726184366002903, "road_dist_m": 3.58666379, "access_score": 100}}, {"type": "Feature", "geometry": {"type": "Point", "coordinates": [20.5620584, 38.4677589]}, "properties": {"name": null, "osm_id": 2917306072, "name_el": null, "name_en": null, "net_vid": 959, "category": "services", "fire_min": 73.66385690353904, "poi_type": "parking", "port_min": 6.5279535398087765, "road_dist_m": 12.48099329, "access_score": 99}}, {"type": "Feature", "geometry": {"type": "Point", "coordinates": [20.5612803, 38.4671074]}, "properties": {"name": null, "osm_id": 2925345448, "name_el": null, "name_en": null, "net_vid": 958, "category": "tourism", "fire_min": 72.91280677582374, "poi_type": "information", "port_min": 5.776903412093468, "road_dist_m": 0, "access_score": 100}}, {"type": "Feature", "geometry": {"type": "Point", "coordinates": [20.5727925, 38.465898]}, "properties": {"name": null, "osm_id": 2926477553, "name_el": null, "name_en": null, "net_vid": 16120, "category": "tourism", "fire_min": 74.17178640876531, "poi_type": "information", "port_min": 3.624563109450096, "road_dist_m": 4.95423643, "access_score": 100}}, {"type": "Feature", "geometry": {"type": "Point", "coordinates": [20.5700957, 38.4651392]}, "properties": {"name": "Mirella's", "osm_id": 9851565317, "name_el": null, "name_en": null, "net_vid": 953, "category": "food_drink", "fire_min": 72.0127042450459, "poi_type": "restaurant", "port_min": 1.7462112084435057, "road_dist_m": 16.39297331, "access_score": 99}}, {"type": "Feature", "geometry": {"type": "Point", "coordinates": [20.5741968, 38.4618197]}, "properties": {"name": null, "osm_id": 2922055397, "name_el": null, "name_en": null, "net_vid": 949, "category": "services", "fire_min": 72.77778875563855, "poi_type": "parking", "port_min": 0.9925406387453002, "road_dist_m": 7.21310884, "access_score": 100}}, {"type": "Feature", "geometry": {"type": "Point", "coordinates": [20.5743341, 38.4618305]}, "properties": {"name": null, "osm_id": 2922055398, "name_el": null, "name_en": null, "net_vid": 949, "category": "services", "fire_min": 72.73734975401355, "poi_type": "parking", "port_min": 0.9521016371203002, "road_dist_m": 3.97798871, "access_score": 100}}, {"type": "Feature", "geometry": {"type": "Point", "coordinates": [20.5752617, 38.461787]}, "properties": {"name": "Apagio", "osm_id": 2918222658, "name_el": null, "name_en": null, "net_vid": 14343, "category": "food_drink", "fire_min": 73.64356757643658, "poi_type": "restaurant", "port_min": 0.4073739488970495, "road_dist_m": 8.64929401, "access_score": 100}}, {"type": "Feature", "geometry": {"type": "Point", "coordinates": [20.57519, 38.4620613]}, "properties": {"name": "Elli's", "osm_id": 9990029734, "name_el": null, "name_en": null, "net_vid": 14343, "category": "food_drink", "fire_min": 73.57652367231158, "poi_type": "restaurant", "port_min": 0.3403300447720495, "road_dist_m": 3.28578168, "access_score": 100}}, {"type": "Feature", "geometry": {"type": "Point", "coordinates": [20.5762655, 38.4622215]}, "properties": {"name": "Φισκάρδο", "osm_id": 6298812653, "name_el": "Φισκάρδο", "name_en": null, "net_vid": 14709, "category": "other", "fire_min": 73.34909112073942, "poi_type": "ferry_terminal", "port_min": 0, "road_dist_m": 0, "access_score": 100}}, {"type": "Feature", "geometry": {"type": "Point", "coordinates": [20.5756126, 38.4624902]}, "properties": {"name": null, "osm_id": 2925344841, "name_el": null, "name_en": null, "net_vid": 17274, "category": "tourism", "fire_min": 73.50093001962333, "poi_type": "information", "port_min": 0.26473639208378935, "road_dist_m": 3.84427024, "access_score": 100}}, {"type": "Feature", "geometry": {"type": "Point", "coordinates": [20.5753054, 38.4618049]}, "properties": {"name": "Eathinikh", "osm_id": 2918222660, "name_el": null, "name_en": null, "net_vid": 14343, "category": "shop", "fire_min": 73.59031999056158, "poi_type": "gift", "port_min": 0.3541263630220495, "road_dist_m": 4.38948714, "access_score": 100}}, {"type": "Feature", "geometry": {"type": "Point", "coordinates": [20.5768616, 38.462245]}, "properties": {"name": "Regina's boat rental", "osm_id": 4937933049, "name_el": null, "name_en": null, "net_vid": 14709, "category": "other", "fire_min": 73.37846071573942, "poi_type": "boat_rental", "port_min": 0.029369595, "road_dist_m": 2.3495676, "access_score": 100}}, {"type": "Feature", "geometry": {"type": "Point", "coordinates": [20.5786616, 38.4621006]}, "properties": {"name": "The Lighthouse Trail", "osm_id": 2915911726, "name_el": null, "name_en": null, "net_vid": 18369, "category": "tourism", "fire_min": 74.1820377470812, "poi_type": "information", "port_min": 0.9458441195416567, "road_dist_m": 6.28827405, "access_score": 100}}, {"type": "Feature", "geometry": {"type": "Point", "coordinates": [20.580616, 38.4622389]}, "properties": {"name": null, "osm_id": 2926477552, "name_el": null, "name_en": null, "net_vid": 975, "category": "tourism", "fire_min": 76.95053799531584, "poi_type": "information", "port_min": 6.180582450620557, "road_dist_m": 147.7843229, "access_score": 93}}, {"type": "Feature", "geometry": {"type": "Point", "coordinates": [20.5768234, 38.452979]}, "properties": {"name": null, "osm_id": 2920190796, "name_el": null, "name_en": null, "net_vid": 1016, "category": "tourism", "fire_min": 71.47631746586292, "poi_type": "information", "port_min": 3.8720815414845062, "road_dist_m": 7.72514668, "access_score": 100}}, {"type": "Feature", "geometry": {"type": "Point", "coordinates": [20.5754577, 38.448972]}, "properties": {"name": null, "osm_id": 2920190375, "name_el": null, "name_en": null, "net_vid": 1013, "category": "other", "fire_min": 69.62043117254387, "poi_type": "telephone", "port_min": 5.737821918303553, "road_dist_m": 8.11931002, "access_score": 100}}, {"type": "Feature", "geometry": {"type": "Point", "coordinates": [20.5786982, 38.4513806]}, "properties": {"name": null, "osm_id": 9700112917, "name_el": null, "name_en": "Cave", "net_vid": 14122, "category": "tourism", "fire_min": 71.99481985361842, "poi_type": "attraction", "port_min": 5.156756356979015, "road_dist_m": 79.85223481, "access_score": 96}}, {"type": "Feature", "geometry": {"type": "Point", "coordinates": [20.5776021, 38.4559347]}, "properties": {"name": null, "osm_id": 8931048712, "name_el": null, "name_en": null, "net_vid": 16850, "category": "services", "fire_min": 72.83080393025396, "poi_type": "parking", "port_min": 2.859843568751599, "road_dist_m": 3.08691225, "access_score": 100}}, {"type": "Feature", "geometry": {"type": "Point", "coordinates": [20.5778266, 38.4595684]}, "properties": {"name": "Roman Cemetery of Fiscardo", "osm_id": 2918190150, "name_el": null, "name_en": null, "net_vid": 1047, "category": "tourism", "fire_min": 73.55866915593977, "poi_type": "information", "port_min": 2.238846092504319, "road_dist_m": 2.11201848, "access_score": 100}}, {"type": "Feature", "geometry": {"type": "Point", "coordinates": [20.5779406, 38.4600535]}, "properties": {"name": "Hiking Trails", "osm_id": 2925616999, "name_el": null, "name_en": null, "net_vid": 1042, "category": "tourism", "fire_min": 73.81691187468911, "poi_type": "information", "port_min": 2.3913377415658275, "road_dist_m": 2.25478409, "access_score": 100}}, {"type": "Feature", "geometry": {"type": "Point", "coordinates": [20.5778311, 38.4602193]}, "properties": {"name": null, "osm_id": 2925617000, "name_el": null, "name_en": null, "net_vid": 1042, "category": "other", "fire_min": 73.85667203818912, "poi_type": "bench", "port_min": 2.4310979050658275, "road_dist_m": 5.43559717, "access_score": 100}}, {"type": "Feature", "geometry": {"type": "Point", "coordinates": [20.5771448, 38.4603384]}, "properties": {"name": "Pama Travel", "osm_id": 2918190180, "name_el": null, "name_en": null, "net_vid": 18046, "category": "shop", "fire_min": 74.04537855213314, "poi_type": "travel_agency", "port_min": 2.7255554886976863, "road_dist_m": 21.29511534, "access_score": 99}}, {"type": "Feature", "geometry": {"type": "Point", "coordinates": [20.5770221, 38.4602673]}, "properties": {"name": "Captain's Cabin", "osm_id": 2915847555, "name_el": null, "name_en": null, "net_vid": 18046, "category": "food_drink", "fire_min": 74.22425410350814, "poi_type": "restaurant", "port_min": 2.9044310400726863, "road_dist_m": 35.60515945, "access_score": 98}}, {"type": "Feature", "geometry": {"type": "Point", "coordinates": [20.5767401, 38.4601677]}, "properties": {"name": null, "osm_id": 2918222677, "name_el": null, "name_en": null, "net_vid": 18257, "category": "shop", "fire_min": 74.24769324431037, "poi_type": "gift", "port_min": 2.822119111187094, "road_dist_m": 40.53250109, "access_score": 98}}, {"type": "Feature", "geometry": {"type": "Point", "coordinates": [20.5769073, 38.4602123]}, "properties": {"name": "To Apxontiko", "osm_id": 2918222673, "name_el": null, "name_en": null, "net_vid": 13839, "category": "tourism", "fire_min": 74.28961262072384, "poi_type": "guest_house", "port_min": 2.8640384876005602, "road_dist_m": 35.76877809, "access_score": 98}}, {"type": "Feature", "geometry": {"type": "Point", "coordinates": [20.5768915, 38.4602322]}, "properties": {"name": null, "osm_id": 2918222679, "name_el": null, "name_en": null, "net_vid": 13839, "category": "shop", "fire_min": 74.32205257497384, "poi_type": "supermarket", "port_min": 2.8964784418505602, "road_dist_m": 38.36397443, "access_score": 98}}, {"type": "Feature", "geometry": {"type": "Point", "coordinates": [20.5766613, 38.4601239]}, "properties": {"name": "Fiscardo Divers", "osm_id": 2918222661, "name_el": null, "name_en": null, "net_vid": 15632, "category": "shop", "fire_min": 73.956015879181, "poi_type": "dive_centre", "port_min": 1.6838722883317119, "road_dist_m": 40.75451425, "access_score": 98}}, {"type": "Feature", "geometry": {"type": "Point", "coordinates": [20.5765681, 38.4600924]}, "properties": {"name": "Lagoudera", "osm_id": 2918222669, "name_el": null, "name_en": null, "net_vid": 15632, "category": "food_drink", "fire_min": 73.849063690181, "poi_type": "restaurant", "port_min": 1.5769200993317118, "road_dist_m": 32.19833913, "access_score": 98}}, {"type": "Feature", "geometry": {"type": "Point", "coordinates": [20.57647, 38.4600066]}, "properties": {"name": "Christine", "osm_id": 2926477549, "name_el": null, "name_en": null, "net_vid": 15632, "category": "shop", "fire_min": 73.77940137968099, "poi_type": "gift", "port_min": 1.5072577888317118, "road_dist_m": 26.62535429, "access_score": 99}}, {"type": "Feature", "geometry": {"type": "Point", "coordinates": [20.5765553, 38.4602425]}, "properties": {"name": "Vasso's", "osm_id": 2918222674, "name_el": null, "name_en": null, "net_vid": 15632, "category": "food_drink", "fire_min": 73.862537776431, "poi_type": "restaurant", "port_min": 1.5903941855817119, "road_dist_m": 33.27626603, "access_score": 98}}, {"type": "Feature", "geometry": {"type": "Point", "coordinates": [20.5764373, 38.4603181]}, "properties": {"name": "Liveloula Collection", "osm_id": 2918190131, "name_el": null, "name_en": null, "net_vid": 15632, "category": "shop", "fire_min": 73.807851985806, "poi_type": "gift", "port_min": 1.5357083949567119, "road_dist_m": 28.90140278, "access_score": 99}}, {"type": "Feature", "geometry": {"type": "Point", "coordinates": [20.5764522, 38.4602999]}, "properties": {"name": null, "osm_id": 2916991927, "name_el": null, "name_en": null, "net_vid": 15632, "category": "services", "fire_min": 73.803627491306, "poi_type": "atm", "port_min": 1.5314839004567118, "road_dist_m": 28.56344322, "access_score": 99}}, {"type": "Feature", "geometry": {"type": "Point", "coordinates": [20.5763567, 38.4603122]}, "properties": {"name": "Cavo Verde", "osm_id": 2918222659, "name_el": null, "name_en": null, "net_vid": 15632, "category": "food_drink", "fire_min": 73.742225557181, "poi_type": "cafe", "port_min": 1.4700819663317117, "road_dist_m": 23.65128849, "access_score": 99}}, {"type": "Feature", "geometry": {"type": "Point", "coordinates": [20.576294, 38.4602691]}, "properties": {"name": null, "osm_id": 2918222680, "name_el": null, "name_en": null, "net_vid": 15632, "category": "shop", "fire_min": 73.65225116330599, "poi_type": "jewelry", "port_min": 1.3801075724567118, "road_dist_m": 16.45333698, "access_score": 99}}, {"type": "Feature", "geometry": {"type": "Point", "coordinates": [20.5761949, 38.4602119]}, "properties": {"name": "Greco", "osm_id": 2918222665, "name_el": null, "name_en": null, "net_vid": 15632, "category": "food_drink", "fire_min": 73.52151117630599, "poi_type": "cafe", "port_min": 1.249367585456712, "road_dist_m": 5.99413802, "access_score": 100}}, {"type": "Feature", "geometry": {"type": "Point", "coordinates": [20.5762583, 38.4601618]}, "properties": {"name": "Anna Maria's", "osm_id": 2926477540, "name_el": null, "name_en": null, "net_vid": 15632, "category": "shop", "fire_min": 73.520850673181, "poi_type": "clothes", "port_min": 1.2487070823317117, "road_dist_m": 5.94129777, "access_score": 100}}, {"type": "Feature", "geometry": {"type": "Point", "coordinates": [20.5763162, 38.4599669]}, "properties": {"name": "The Fish Bone Bar", "osm_id": 2926477544, "name_el": null, "name_en": null, "net_vid": 15632, "category": "food_drink", "fire_min": 73.675679450056, "poi_type": "bar", "port_min": 1.4035358592067118, "road_dist_m": 18.32759992, "access_score": 99}}, {"type": "Feature", "geometry": {"type": "Point", "coordinates": [20.5761642, 38.4599808]}, "properties": {"name": "Tselenti", "osm_id": 2918195833, "name_el": null, "name_en": null, "net_vid": 15632, "category": "food_drink", "fire_min": 73.533870353431, "poi_type": "restaurant", "port_min": 1.261726762581712, "road_dist_m": 6.98287219, "access_score": 100}}, {"type": "Feature", "geometry": {"type": "Point", "coordinates": [20.5762322, 38.4600437]}, "properties": {"name": "Alexis", "osm_id": 2918190129, "name_el": null, "name_en": null, "net_vid": 15632, "category": "food_drink", "fire_min": 73.53762342568099, "poi_type": "restaurant", "port_min": 1.2654798348317118, "road_dist_m": 7.28311797, "access_score": 100}}, {"type": "Feature", "geometry": {"type": "Point", "coordinates": [20.575924, 38.4600545]}, "properties": {"name": null, "osm_id": 13186210070, "name_el": null, "name_en": null, "net_vid": 13375, "category": "other", "fire_min": 73.72190208680566, "poi_type": "telephone", "port_min": 1.449758495956377, "road_dist_m": 14.65537542, "access_score": 99}}, {"type": "Feature", "geometry": {"type": "Point", "coordinates": [20.57568, 38.4602223]}, "properties": {"name": "Theodora's", "osm_id": 857758597, "name_el": null, "name_en": null, "net_vid": 1030, "category": "food_drink", "fire_min": 73.69503978171414, "poi_type": "bar", "port_min": 1.4228961908648596, "road_dist_m": 4.38736606, "access_score": 100}}, {"type": "Feature", "geometry": {"type": "Point", "coordinates": [20.5757598, 38.4601726]}, "properties": {"name": null, "osm_id": 2916991925, "name_el": null, "name_en": null, "net_vid": 1030, "category": "other", "fire_min": 73.68843638746414, "poi_type": "post_box", "port_min": 1.4162927966148595, "road_dist_m": 3.85909452, "access_score": 100}}, {"type": "Feature", "geometry": {"type": "Point", "coordinates": [20.5757836, 38.4601386]}, "properties": {"name": "Footpaths of Erissos", "osm_id": 2926477542, "name_el": null, "name_en": null, "net_vid": 1030, "category": "tourism", "fire_min": 73.73012023583914, "poi_type": "information", "port_min": 1.4579766449898595, "road_dist_m": 7.19380239, "access_score": 100}}, {"type": "Feature", "geometry": {"type": "Point", "coordinates": [20.5754252, 38.460069]}, "properties": {"name": "Lord Falcon", "osm_id": 857758605, "name_el": null, "name_en": null, "net_vid": 1030, "category": "food_drink", "fire_min": 73.71040596658914, "poi_type": "restaurant", "port_min": 1.4382623757398596, "road_dist_m": 5.61666085, "access_score": 100}}, {"type": "Feature", "geometry": {"type": "Point", "coordinates": [20.5755337, 38.4599949]}, "properties": {"name": null, "osm_id": 2926477548, "name_el": null, "name_en": null, "net_vid": 1030, "category": "shop", "fire_min": 73.71180853483914, "poi_type": "clothes", "port_min": 1.4396649439898594, "road_dist_m": 5.72886631, "access_score": 100}}, {"type": "Feature", "geometry": {"type": "Point", "coordinates": [20.5755289, 38.4599301]}, "properties": {"name": null, "osm_id": 2916991921, "name_el": null, "name_en": null, "net_vid": 1030, "category": "health", "fire_min": 73.70217736896414, "poi_type": "pharmacy", "port_min": 1.4300337781148595, "road_dist_m": 4.95837304, "access_score": 100}}, {"type": "Feature", "geometry": {"type": "Point", "coordinates": [20.5754653, 38.4601938]}, "properties": {"name": null, "osm_id": 2918222678, "name_el": null, "name_en": null, "net_vid": 14688, "category": "shop", "fire_min": 73.89137261104295, "poi_type": "gift", "port_min": 1.619229020193667, "road_dist_m": 8.66596642, "access_score": 100}}, {"type": "Feature", "geometry": {"type": "Point", "coordinates": [20.5754794, 38.4603008]}, "properties": {"name": "Iirida's", "osm_id": 2916990000, "name_el": null, "name_en": null, "net_vid": 1024, "category": "food_drink", "fire_min": 73.37910186339965, "poi_type": "restaurant", "port_min": 1.1069582725503735, "road_dist_m": 13.55472946, "access_score": 99}}, {"type": "Feature", "geometry": {"type": "Point", "coordinates": [20.5754693, 38.4603592]}, "properties": {"name": "Port Station of Fiskardo", "osm_id": 2918222671, "name_el": null, "name_en": null, "net_vid": 1024, "category": "other", "fire_min": 73.35409375277466, "poi_type": "harbourmaster", "port_min": 1.0819501619253733, "road_dist_m": 11.55408061, "access_score": 99}}, {"type": "Feature", "geometry": {"type": "Point", "coordinates": [20.5753208, 38.4605656]}, "properties": {"name": "Super Market", "osm_id": 2915847556, "name_el": null, "name_en": null, "net_vid": 1027, "category": "shop", "fire_min": 73.24680179984935, "poi_type": "supermarket", "port_min": 1.0993506993506834, "road_dist_m": 7.95842399, "access_score": 100}}, {"type": "Feature", "geometry": {"type": "Point", "coordinates": [20.5754914, 38.4605271]}, "properties": {"name": null, "osm_id": 2915854315, "name_el": null, "name_en": null, "net_vid": 1024, "category": "services", "fire_min": 73.25326232077465, "poi_type": "atm", "port_min": 0.9811187299253734, "road_dist_m": 3.48756605, "access_score": 100}}, {"type": "Feature", "geometry": {"type": "Point", "coordinates": [20.5755295, 38.46055]}, "properties": {"name": "R Jewellery", "osm_id": 2916991902, "name_el": null, "name_en": null, "net_vid": 1024, "category": "shop", "fire_min": 73.26867466439965, "poi_type": "jewelry", "port_min": 0.9965310735503734, "road_dist_m": 4.72055354, "access_score": 100}}, {"type": "Feature", "geometry": {"type": "Point", "coordinates": [20.5754544, 38.4604454]}, "properties": {"name": "Irida", "osm_id": 2918222667, "name_el": null, "name_en": null, "net_vid": 1024, "category": "shop", "fire_min": 73.28601728702466, "poi_type": "gift", "port_min": 1.0138736961753734, "road_dist_m": 6.10796335, "access_score": 100}}, {"type": "Feature", "geometry": {"type": "Point", "coordinates": [20.5755027, 38.4604183]}, "properties": {"name": "Juda's", "osm_id": 2918222668, "name_el": null, "name_en": null, "net_vid": 1024, "category": "food_drink", "fire_min": 73.31400014627467, "poi_type": "restaurant", "port_min": 1.0418565554253734, "road_dist_m": 8.34659209, "access_score": 100}}, {"type": "Feature", "geometry": {"type": "Point", "coordinates": [20.5755241, 38.460827]}, "properties": {"name": "Tassia", "osm_id": 2915847557, "name_el": null, "name_en": null, "net_vid": 1026, "category": "food_drink", "fire_min": 73.19326629854757, "poi_type": "restaurant", "port_min": 1.0924378626524736, "road_dist_m": 5.54049047, "access_score": 100}}, {"type": "Feature", "geometry": {"type": "Point", "coordinates": [20.5755243, 38.4606833]}, "properties": {"name": "Roulas Grill House", "osm_id": 2918222672, "name_el": null, "name_en": "Roulas restaurant grill house", "net_vid": 1027, "category": "food_drink", "fire_min": 73.21314914134935, "poi_type": "restaurant", "port_min": 1.0656980408506833, "road_dist_m": 5.26621131, "access_score": 100}}, {"type": "Feature", "geometry": {"type": "Point", "coordinates": [20.5755247, 38.4606242]}, "properties": {"name": "Le Passage", "osm_id": 2918222670, "name_el": null, "name_en": null, "net_vid": 1027, "category": "food_drink", "fire_min": 73.21221297959936, "poi_type": "cafe", "port_min": 1.0647618791006834, "road_dist_m": 5.19131837, "access_score": 100}}, {"type": "Feature", "geometry": {"type": "Point", "coordinates": [20.5753127, 38.4606437]}, "properties": {"name": "Iatpeio", "osm_id": 2918222666, "name_el": null, "name_en": null, "net_vid": 1027, "category": "health", "fire_min": 73.23422956172435, "poi_type": "clinic", "port_min": 1.0867784612256834, "road_dist_m": 6.95264494, "access_score": 100}}, {"type": "Feature", "geometry": {"type": "Point", "coordinates": [20.5755453, 38.4609857]}, "properties": {"name": "Gaefa", "osm_id": 2918222664, "name_el": null, "name_en": null, "net_vid": 1026, "category": "food_drink", "fire_min": 73.17599951454757, "poi_type": "bar", "port_min": 1.0751710786524735, "road_dist_m": 4.15914775, "access_score": 100}}, {"type": "Feature", "geometry": {"type": "Point", "coordinates": [20.5755393, 38.4612017]}, "properties": {"name": null, "osm_id": 2918222685, "name_el": null, "name_en": null, "net_vid": 1026, "category": "food_drink", "fire_min": 73.18779782804756, "poi_type": "bar", "port_min": 1.0869693921524737, "road_dist_m": 5.10301283, "access_score": 100}}, {"type": "Feature", "geometry": {"type": "Point", "coordinates": [20.5755488, 38.4613422]}, "properties": {"name": "Nautilas", "osm_id": 2916991901, "name_el": null, "name_en": null, "net_vid": 1026, "category": "shop", "fire_min": 73.17897546929757, "poi_type": "travel_agency", "port_min": 1.0781470334024736, "road_dist_m": 4.39722413, "access_score": 100}}, {"type": "Feature", "geometry": {"type": "Point", "coordinates": [20.5755478, 38.4612825]}, "properties": {"name": null, "osm_id": 2915911622, "name_el": null, "name_en": null, "net_vid": 1026, "category": "food_drink", "fire_min": 73.17941131629756, "poi_type": "fast_food", "port_min": 1.0785828804024735, "road_dist_m": 4.43209189, "access_score": 100}}, {"type": "Feature", "geometry": {"type": "Point", "coordinates": [20.5754245, 38.461639]}, "properties": {"name": null, "osm_id": 2918222691, "name_el": null, "name_en": null, "net_vid": 14343, "category": "shop", "fire_min": 73.61351041893657, "poi_type": "gift", "port_min": 0.3773167913970495, "road_dist_m": 6.24472141, "access_score": 100}}, {"type": "Feature", "geometry": {"type": "Point", "coordinates": [20.5753545, 38.4617281]}, "properties": {"name": "Fischardo Chandlers", "osm_id": 2918222663, "name_el": null, "name_en": null, "net_vid": 14343, "category": "shop", "fire_min": 73.60843076918658, "poi_type": "hardware", "port_min": 0.37223714164704946, "road_dist_m": 5.83834943, "access_score": 100}}, {"type": "Feature", "geometry": {"type": "Point", "coordinates": [20.5753877, 38.4616684]}, "properties": {"name": "Parnasos", "osm_id": 2918222693, "name_el": null, "name_en": null, "net_vid": 14343, "category": "food_drink", "fire_min": 73.62510444168657, "poi_type": "restaurant", "port_min": 0.3889108141470495, "road_dist_m": 7.17224323, "access_score": 100}}, {"type": "Feature", "geometry": {"type": "Point", "coordinates": [20.5752958, 38.4617144]}, "properties": {"name": "Yacht Inn", "osm_id": 2918222675, "name_el": null, "name_en": null, "net_vid": 14343, "category": "food_drink", "fire_min": 73.67163666468657, "poi_type": "cafe", "port_min": 0.43544303714704946, "road_dist_m": 10.89482107, "access_score": 99}}, {"type": "Feature", "geometry": {"type": "Point", "coordinates": [20.5751268, 38.4617116]}, "properties": {"name": "Fiscardo Studios", "osm_id": 2918222662, "name_el": null, "name_en": null, "net_vid": 14343, "category": "tourism", "fire_min": 73.69870117293658, "poi_type": "apartment", "port_min": 0.4625075453970495, "road_dist_m": 13.05998173, "access_score": 99}}, {"type": "Feature", "geometry": {"type": "Point", "coordinates": [20.5738146, 38.4604597]}, "properties": {"name": "Villa Delia", "osm_id": 6602208518, "name_el": null, "name_en": null, "net_vid": 18543, "category": "tourism", "fire_min": 73.6834396794613, "poi_type": "hotel", "port_min": 1.8981915625680528, "road_dist_m": 13.6028456, "access_score": 99}}, {"type": "Feature", "geometry": {"type": "Point", "coordinates": [20.5739501, 38.4594195]}, "properties": {"name": null, "osm_id": 2920551171, "name_el": null, "name_en": null, "net_vid": 1029, "category": "tourism", "fire_min": 73.27009916287976, "poi_type": "information", "port_min": 1.4848510459865099, "road_dist_m": 4.76502592, "access_score": 100}}, {"type": "Feature", "geometry": {"type": "Point", "coordinates": [20.5751048, 38.4582802]}, "properties": {"name": null, "osm_id": 2920191024, "name_el": null, "name_en": null, "net_vid": 17560, "category": "tourism", "fire_min": 74.03557918477665, "poi_type": "information", "port_min": 2.2503310678834074, "road_dist_m": 5.89631222, "access_score": 100}}, {"type": "Feature", "geometry": {"type": "Point", "coordinates": [20.576023, 38.4586742]}, "properties": {"name": null, "osm_id": 2920199153, "name_el": null, "name_en": null, "net_vid": 17002, "category": "tourism", "fire_min": 73.81870333314663, "poi_type": "information", "port_min": 2.033455216253383, "road_dist_m": 24.73209567, "access_score": 99}}, {"type": "Feature", "geometry": {"type": "Point", "coordinates": [20.5762297, 38.4588504]}, "properties": {"name": "Battery Trail", "osm_id": 2920199154, "name_el": null, "name_en": null, "net_vid": 1039, "category": "tourism", "fire_min": 73.40445641586042, "poi_type": "information", "port_min": 1.9788822827371417, "road_dist_m": 6.85260098, "access_score": 100}}, {"type": "Feature", "geometry": {"type": "Point", "coordinates": [20.5755202, 38.459878]}, "properties": {"name": "Aptonoiio", "osm_id": 2915911621, "name_el": null, "name_en": null, "net_vid": 1030, "category": "shop", "fire_min": 73.68085291896413, "poi_type": "bakery", "port_min": 1.4087093281148595, "road_dist_m": 3.25241704, "access_score": 100}}, {"type": "Feature", "geometry": {"type": "Point", "coordinates": [20.5756707, 38.4598921]}, "properties": {"name": null, "osm_id": 5929461486, "name_el": null, "name_en": null, "net_vid": 1030, "category": "health", "fire_min": 73.72961738071415, "poi_type": "pharmacy", "port_min": 1.4574737898648595, "road_dist_m": 7.15357398, "access_score": 100}}, {"type": "Feature", "geometry": {"type": "Point", "coordinates": [20.5760231, 38.4595786]}, "properties": {"name": "Italian Pizza", "osm_id": 2918195832, "name_el": null, "name_en": null, "net_vid": 1041, "category": "food_drink", "fire_min": 74.14147495301042, "poi_type": "restaurant", "port_min": 2.22148346322868, "road_dist_m": 25.5315545, "access_score": 99}}, {"type": "Feature", "geometry": {"type": "Point", "coordinates": [20.5759859, 38.459693]}, "properties": {"name": null, "osm_id": 5590653753, "name_el": null, "name_en": null, "net_vid": 13375, "category": "other", "fire_min": 73.84991843093066, "poi_type": "fountain", "port_min": 1.577774840081377, "road_dist_m": 24.89668295, "access_score": 99}}, {"type": "Feature", "geometry": {"type": "Point", "coordinates": [20.5758713, 38.4598686]}, "properties": {"name": "Floral", "osm_id": 2918190130, "name_el": null, "name_en": null, "net_vid": 13375, "category": "food_drink", "fire_min": 73.61969986618065, "poi_type": "cafe", "port_min": 1.347556275331377, "road_dist_m": 6.47919777, "access_score": 100}}, {"type": "Feature", "geometry": {"type": "Point", "coordinates": [20.576063, 38.4598678]}, "properties": {"name": null, "osm_id": 2918195848, "name_el": null, "name_en": null, "net_vid": 13375, "category": "shop", "fire_min": 73.64621476280566, "poi_type": "supermarket", "port_min": 1.374071171956377, "road_dist_m": 8.6003895, "access_score": 100}}, {"type": "Feature", "geometry": {"type": "Point", "coordinates": [20.5760824, 38.4597869]}, "properties": {"name": "Bathambra Suites", "osm_id": 2918195831, "name_el": null, "name_en": null, "net_vid": 13375, "category": "tourism", "fire_min": 73.75435279680566, "poi_type": "apartment", "port_min": 1.482209205956377, "road_dist_m": 17.25143222, "access_score": 99}}, {"type": "Feature", "geometry": {"type": "Point", "coordinates": [20.5764042, 38.4599202]}, "properties": {"name": "Kayak", "osm_id": 2926477543, "name_el": null, "name_en": null, "net_vid": 15632, "category": "other", "fire_min": 73.791158315181, "poi_type": "ice_cream", "port_min": 1.5190147243317118, "road_dist_m": 27.56590913, "access_score": 99}}, {"type": "Feature", "geometry": {"type": "Point", "coordinates": [20.5766294, 38.4593643]}, "properties": {"name": "Footpaths of Erissos", "osm_id": 2926477541, "name_el": null, "name_en": null, "net_vid": 18390, "category": "tourism", "fire_min": 73.62199376761264, "poi_type": "information", "port_min": 2.196419634489363, "road_dist_m": 5.02272043, "access_score": 100}}, {"type": "Feature", "geometry": {"type": "Point", "coordinates": [20.5764791, 38.4598608]}, "properties": {"name": "Skala", "osm_id": 2926477545, "name_el": null, "name_en": null, "net_vid": 18257, "category": "shop", "fire_min": 74.20086980218537, "poi_type": "gift", "port_min": 2.775295669062094, "road_dist_m": 36.78662572, "access_score": 98}}, {"type": "Feature", "geometry": {"type": "Point", "coordinates": [20.5704624, 38.4596607]}, "properties": {"name": null, "osm_id": 2920551182, "name_el": null, "name_en": null, "net_vid": 988, "category": "tourism", "fire_min": 73.94678487281134, "poi_type": "information", "port_min": 2.1615367559180934, "road_dist_m": 0.16102977, "access_score": 100}}, {"type": "Feature", "geometry": {"type": "Point", "coordinates": [20.5611609, 38.457097]}, "properties": {"name": null, "osm_id": 2920551130, "name_el": null, "name_en": null, "net_vid": 13365, "category": "tourism", "fire_min": 72.71076346852225, "poi_type": "information", "port_min": 8.927067100443042, "road_dist_m": 96.9406337, "access_score": 95}}, {"type": "Feature", "geometry": {"type": "Point", "coordinates": [20.5651351, 38.4553926]}, "properties": {"name": null, "osm_id": 2925149461, "name_el": null, "name_en": null, "net_vid": 13064, "category": "tourism", "fire_min": 71.0321681149994, "poi_type": "information", "port_min": 12.849854799089673, "road_dist_m": 0.63235741, "access_score": 100}}, {"type": "Feature", "geometry": {"type": "Point", "coordinates": [20.5541958, 38.4475844]}, "properties": {"name": null, "osm_id": 2459312378, "name_el": null, "name_en": null, "net_vid": 1078, "category": "shop", "fire_min": 66.00065329459855, "poi_type": "convenience", "port_min": 7.548130399140846, "road_dist_m": 7.98770292, "access_score": 100}}, {"type": "Feature", "geometry": {"type": "Point", "coordinates": [20.5503499, 38.4506473]}, "properties": {"name": "Fiscardo Stone Villas Gaia & Nemus", "osm_id": 6759013715, "name_el": null, "name_en": null, "net_vid": 1080, "category": "tourism", "fire_min": 67.55579222784749, "poi_type": "chalet", "port_min": 7.617698096603539, "road_dist_m": 12.50570499, "access_score": 99}}, {"type": "Feature", "geometry": {"type": "Point", "coordinates": [20.5518254, 38.4583495]}, "properties": {"name": null, "osm_id": 2925344569, "name_el": null, "name_en": null, "net_vid": 13483, "category": "tourism", "fire_min": 68.03169195472697, "poi_type": "information", "port_min": 5.538561564262419, "road_dist_m": 8.84649593, "access_score": 100}}, {"type": "Feature", "geometry": {"type": "Point", "coordinates": [20.5518873, 38.4602043]}, "properties": {"name": "Dafnoudi Hotel Apartments", "osm_id": 4246735333, "name_el": null, "name_en": null, "net_vid": 930, "category": "tourism", "fire_min": 68.24667497124008, "poi_type": "hotel", "port_min": 5.131872797499321, "road_dist_m": 1.17826592, "access_score": 100}}, {"type": "Feature", "geometry": {"type": "Point", "coordinates": [20.5462474, 38.4589001]}, "properties": {"name": null, "osm_id": 2925344723, "name_el": null, "name_en": null, "net_vid": 1099, "category": "tourism", "fire_min": 70.10147083544918, "poi_type": "information", "port_min": 7.040097621987611, "road_dist_m": 2.65465492, "access_score": 100}}, {"type": "Feature", "geometry": {"type": "Point", "coordinates": [20.5365374, 38.4396803]}, "properties": {"name": "Alati", "osm_id": 2459315436, "name_el": null, "name_en": null, "net_vid": 645, "category": "food_drink", "fire_min": 75.24908917415644, "poi_type": "restaurant", "port_min": 17.700795664957315, "road_dist_m": 8.85792223, "access_score": 100}}, {"type": "Feature", "geometry": {"type": "Point", "coordinates": [20.5542008, 38.4472615]}, "properties": {"name": null, "osm_id": 2459312230, "name_el": null, "name_en": null, "net_vid": 1078, "category": "shop", "fire_min": 65.99173857484855, "poi_type": "convenience", "port_min": 7.539215679390846, "road_dist_m": 7.27452534, "access_score": 100}}, {"type": "Feature", "geometry": {"type": "Point", "coordinates": [20.5665869, 38.4363474]}, "properties": {"name": null, "osm_id": 12148138626, "name_el": null, "name_en": null, "net_vid": 1214, "category": "other", "fire_min": 63.48374573661647, "poi_type": "drinking_water", "port_min": 10.111154108122932, "road_dist_m": 9.83234896, "access_score": 100}}, {"type": "Feature", "geometry": {"type": "Point", "coordinates": [20.5454276, 38.4256209]}, "properties": {"name": "Odysseus", "osm_id": 2459310821, "name_el": null, "name_en": null, "net_vid": 15332, "category": "food_drink", "fire_min": 77.24881180632427, "poi_type": "restaurant", "port_min": 19.700518297125154, "road_dist_m": 15.11452127, "access_score": 99}}, {"type": "Feature", "geometry": {"type": "Point", "coordinates": [20.5672072, 38.4131143]}, "properties": {"name": "Klaoudatos Market Bazaar Erissos", "osm_id": 9182422817, "name_el": null, "name_en": null, "net_vid": 70, "category": "shop", "fire_min": 59.070759876565, "poi_type": "supermarket", "port_min": 14.466746445005098, "road_dist_m": 5.54828376, "access_score": 100}}, {"type": "Feature", "geometry": {"type": "Point", "coordinates": [20.5670151, 38.413013]}, "properties": {"name": "DΕΙ blue - Klaoudatos Market Bazaar Erissos", "osm_id": 13704917738, "name_el": null, "name_en": null, "net_vid": 1274, "category": "other", "fire_min": 59.0566106857813, "poi_type": "charging_station", "port_min": 14.470512730208101, "road_dist_m": 7.12129181, "access_score": 100}}, {"type": "Feature", "geometry": {"type": "Point", "coordinates": [20.5632124, 38.4100236]}, "properties": {"name": null, "osm_id": 4342280812, "name_el": null, "name_en": null, "net_vid": 1574, "category": "shop", "fire_min": 58.25973415174098, "poi_type": "convenience", "port_min": 15.266220012498422, "road_dist_m": 7.07452174, "access_score": 100}}, {"type": "Feature", "geometry": {"type": "Point", "coordinates": [20.563065, 38.4098803]}, "properties": {"name": "AVIN", "osm_id": 9750162412, "name_el": null, "name_en": null, "net_vid": 1574, "category": "services", "fire_min": 58.29041690549098, "poi_type": "fuel", "port_min": 15.296902766248422, "road_dist_m": 9.52914204, "access_score": 100}}, {"type": "Feature", "geometry": {"type": "Point", "coordinates": [20.5598496, 38.4044419]}, "properties": {"name": "Taverna Veggera", "osm_id": 5595082636, "name_el": null, "name_en": null, "net_vid": 1547, "category": "food_drink", "fire_min": 57.27254819839301, "poi_type": "restaurant", "port_min": 16.341614549346378, "road_dist_m": 10.60286508, "access_score": 99}}, {"type": "Feature", "geometry": {"type": "Point", "coordinates": [20.5711158, 38.4210183]}, "properties": {"name": "EKO", "osm_id": 4342277720, "name_el": null, "name_en": null, "net_vid": 14410, "category": "services", "fire_min": 60.50786145604023, "poi_type": "fuel", "port_min": 12.928775925199172, "road_dist_m": 3.50185042, "access_score": 100}}, {"type": "Feature", "geometry": {"type": "Point", "coordinates": [20.5706439, 38.4274271]}, "properties": {"name": null, "osm_id": 6434656185, "name_el": null, "name_en": null, "net_vid": 17315, "category": "other", "fire_min": 62.78269776958344, "poi_type": "place_of_worship", "port_min": 12.842797520830693, "road_dist_m": 24.61591904, "access_score": 99}}, {"type": "Feature", "geometry": {"type": "Point", "coordinates": [20.5695846, 38.4290559]}, "properties": {"name": null, "osm_id": 4342276382, "name_el": null, "name_en": null, "net_vid": 65, "category": "shop", "fire_min": 61.9278476682092, "poi_type": "convenience", "port_min": 11.584959731280197, "road_dist_m": 6.54865115, "access_score": 100}}, {"type": "Feature", "geometry": {"type": "Point", "coordinates": [20.5982619, 38.355743]}, "properties": {"name": null, "osm_id": 6602347963, "name_el": null, "name_en": null, "net_vid": 1377, "category": "tourism", "fire_min": 59.630032438131316, "poi_type": "viewpoint", "port_min": 29.62047705865996, "road_dist_m": 26.32884843, "access_score": 99}}, {"type": "Feature", "geometry": {"type": "Point", "coordinates": [20.5982966, 38.3557272]}, "properties": {"name": null, "osm_id": 6602347962, "name_el": null, "name_en": null, "net_vid": 1377, "category": "other", "fire_min": 59.61898261300632, "poi_type": "bench", "port_min": 29.609427233534962, "road_dist_m": 25.44486242, "access_score": 99}}, {"type": "Feature", "geometry": {"type": "Point", "coordinates": [20.5770128, 38.3698137]}, "properties": {"name": null, "osm_id": 6434654876, "name_el": null, "name_en": null, "net_vid": 1453, "category": "other", "fire_min": 56.41672273928773, "poi_type": "place_of_worship", "port_min": 24.70552669221486, "road_dist_m": 17.43565037, "access_score": 99}}, {"type": "Feature", "geometry": {"type": "Point", "coordinates": [20.5552231, 38.368403]}, "properties": {"name": "Hellenic Bistro", "osm_id": 9044853717, "name_el": null, "name_en": null, "net_vid": 1106, "category": "food_drink", "fire_min": 49.96579837658688, "poi_type": "restaurant", "port_min": 24.58340727794355, "road_dist_m": 12.77121199, "access_score": 99}}, {"type": "Feature", "geometry": {"type": "Point", "coordinates": [20.5512201, 38.3642744]}, "properties": {"name": null, "osm_id": 6798127485, "name_el": null, "name_en": null, "net_vid": 1509, "category": "tourism", "fire_min": 48.132481469557305, "poi_type": "viewpoint", "port_min": 25.25755515043208, "road_dist_m": 1.63781997, "access_score": 100}}, {"type": "Feature", "geometry": {"type": "Point", "coordinates": [20.5414083, 38.3476335]}, "properties": {"name": "View to Myrtos Bay", "osm_id": 4920521089, "name_el": null, "name_en": null, "net_vid": 1504, "category": "tourism", "fire_min": 43.16902079575229, "poi_type": "viewpoint", "port_min": 27.94915759659757, "road_dist_m": 13.70399859, "access_score": 99}}, {"type": "Feature", "geometry": {"type": "Point", "coordinates": [20.5488118, 38.3682224]}, "properties": {"name": null, "osm_id": 9177901618, "name_el": null, "name_en": null, "net_vid": 16619, "category": "tourism", "fire_min": 50.91724238129654, "poi_type": "viewpoint", "port_min": 28.042316062171313, "road_dist_m": 2.18037907, "access_score": 100}}, {"type": "Feature", "geometry": {"type": "Point", "coordinates": [20.5343068, 38.3786122]}, "properties": {"name": null, "osm_id": 5594809729, "name_el": null, "name_en": null, "net_vid": 15886, "category": "other", "fire_min": null, "poi_type": "bench", "port_min": null, "road_dist_m": 262.07759767, "access_score": 87}}, {"type": "Feature", "geometry": {"type": "Point", "coordinates": [20.5351655, 38.3777582]}, "properties": {"name": null, "osm_id": 2921639708, "name_el": null, "name_en": null, "net_vid": 1527, "category": "other", "fire_min": 56.62913713807537, "poi_type": "bench", "port_min": 33.754210818950135, "road_dist_m": 239.42161293, "access_score": 88}}, {"type": "Feature", "geometry": {"type": "Point", "coordinates": [20.5351228, 38.3776936]}, "properties": {"name": null, "osm_id": 11385257609, "name_el": null, "name_en": null, "net_vid": 1527, "category": "tourism", "fire_min": 56.646798283450366, "poi_type": "viewpoint", "port_min": 33.77187196432513, "road_dist_m": 240.83450456, "access_score": 88}}, {"type": "Feature", "geometry": {"type": "Point", "coordinates": [20.5394923, 38.3770387]}, "properties": {"name": "Gary", "osm_id": 5595061807, "name_el": null, "name_en": null, "net_vid": 1534, "category": "tourism", "fire_min": 54.01044540969131, "poi_type": "apartment", "port_min": 31.135519090566074, "road_dist_m": 11.79565234, "access_score": 99}}, {"type": "Feature", "geometry": {"type": "Point", "coordinates": [20.5397679, 38.37715]}, "properties": {"name": "Vassilis Retreat", "osm_id": 12416209590, "name_el": null, "name_en": null, "net_vid": 1534, "category": "tourism", "fire_min": 53.921411431566305, "poi_type": "apartment", "port_min": 31.046485112441076, "road_dist_m": 4.67293409, "access_score": 100}}, {"type": "Feature", "geometry": {"type": "Point", "coordinates": [20.5398658, 38.3776483]}, "properties": {"name": "Platanos", "osm_id": 2532943043, "name_el": null, "name_en": null, "net_vid": 1532, "category": "food_drink", "fire_min": 54.028411087167655, "poi_type": "restaurant", "port_min": 31.15348476804242, "road_dist_m": 5.55431771, "access_score": 100}}, {"type": "Feature", "geometry": {"type": "Point", "coordinates": [20.5398496, 38.3777829]}, "properties": {"name": null, "osm_id": 2532642002, "name_el": null, "name_en": null, "net_vid": 1532, "category": "shop", "fire_min": 53.95898211579266, "poi_type": "convenience", "port_min": 31.08405579666742, "road_dist_m": 0, "access_score": 100}}, {"type": "Feature", "geometry": {"type": "Point", "coordinates": [20.5398747, 38.3780496]}, "properties": {"name": null, "osm_id": 2922032742, "name_el": null, "name_en": null, "net_vid": 1535, "category": "other", "fire_min": 54.12113560029918, "poi_type": "telephone", "port_min": 31.24620928117395, "road_dist_m": 2.09015997, "access_score": 100}}, {"type": "Feature", "geometry": {"type": "Point", "coordinates": [20.5396958, 38.3782932]}, "properties": {"name": null, "osm_id": 8806080137, "name_el": null, "name_en": null, "net_vid": 13769, "category": "leisure", "fire_min": 54.2064125113676, "poi_type": "slipway", "port_min": 31.331486192242362, "road_dist_m": 1.78732081, "access_score": 100}}, {"type": "Feature", "geometry": {"type": "Point", "coordinates": [20.539874, 38.3783871]}, "properties": {"name": null, "osm_id": 5560963321, "name_el": null, "name_en": "Nefeli-Anait", "net_vid": 1536, "category": "food_drink", "fire_min": 54.263561220903256, "poi_type": "restaurant", "port_min": 31.388634901778023, "road_dist_m": 10.73414363, "access_score": 99}}, {"type": "Feature", "geometry": {"type": "Point", "coordinates": [20.5404462, 38.3781732]}, "properties": {"name": "Rotsis Family Bakery", "osm_id": 13045628782, "name_el": null, "name_en": null, "net_vid": 1535, "category": "shop", "fire_min": 54.137702816674185, "poi_type": "bakery", "port_min": 31.262776497548952, "road_dist_m": 3.41553728, "access_score": 100}}, {"type": "Feature", "geometry": {"type": "Point", "coordinates": [20.5376939, 38.3773479]}, "properties": {"name": null, "osm_id": 6815339499, "name_el": null, "name_en": null, "net_vid": 1527, "category": "other", "fire_min": 54.01860381120037, "poi_type": "bench", "port_min": 31.14367749207513, "road_dist_m": 30.57894678, "access_score": 98}}, {"type": "Feature", "geometry": {"type": "Point", "coordinates": [20.5376203, 38.3773747]}, "properties": {"name": null, "osm_id": 6815339513, "name_el": null, "name_en": null, "net_vid": 1527, "category": "other", "fire_min": 54.07727333645037, "poi_type": "waste_basket", "port_min": 31.20234701732513, "road_dist_m": 35.2725088, "access_score": 98}}, {"type": "Feature", "geometry": {"type": "Point", "coordinates": [20.53766, 38.3773736]}, "properties": {"name": null, "osm_id": 6815339532, "name_el": null, "name_en": null, "net_vid": 1527, "category": "other", "fire_min": 54.06209334407537, "poi_type": "bench", "port_min": 31.18716702495013, "road_dist_m": 34.05810941, "access_score": 98}}, {"type": "Feature", "geometry": {"type": "Point", "coordinates": [20.5376868, 38.3773097]}, "properties": {"name": null, "osm_id": 6815339506, "name_el": null, "name_en": null, "net_vid": 1527, "category": "other", "fire_min": 53.96883767645037, "poi_type": "waste_basket", "port_min": 31.093911357325133, "road_dist_m": 26.597656, "access_score": 99}}, {"type": "Feature", "geometry": {"type": "Point", "coordinates": [20.537332, 38.3779132]}, "properties": {"name": null, "osm_id": 6815339519, "name_el": null, "name_en": null, "net_vid": 1527, "category": "tourism", "fire_min": 54.88798136107537, "poi_type": "viewpoint", "port_min": 32.01305504195013, "road_dist_m": 100.12915077, "access_score": 95}}, {"type": "Feature", "geometry": {"type": "Point", "coordinates": [20.5390437, 38.3788563]}, "properties": {"name": "Molos", "osm_id": 9925514968, "name_el": null, "name_en": null, "net_vid": 18052, "category": "food_drink", "fire_min": 54.798266424793205, "poi_type": "restaurant", "port_min": 31.923340105667965, "road_dist_m": 31.01047492, "access_score": 98}}, {"type": "Feature", "geometry": {"type": "Point", "coordinates": [20.5399487, 38.3789479]}, "properties": {"name": "Romanza Studios", "osm_id": 2532641924, "name_el": null, "name_en": null, "net_vid": 1541, "category": "tourism", "fire_min": 54.184108393050494, "poi_type": "guest_house", "port_min": 31.08771757028667, "road_dist_m": 2.16438042, "access_score": 100}}, {"type": "Feature", "geometry": {"type": "Point", "coordinates": [20.5341987, 38.3818033]}, "properties": {"name": null, "osm_id": 11155526005, "name_el": null, "name_en": null, "net_vid": 13713, "category": "tourism", "fire_min": null, "poi_type": "viewpoint", "port_min": null, "road_dist_m": 13.43429834, "access_score": 99}}, {"type": "Feature", "geometry": {"type": "Point", "coordinates": [20.5341482, 38.3819393]}, "properties": {"name": null, "osm_id": 1900115833, "name_el": null, "name_en": null, "net_vid": 13713, "category": "other", "fire_min": null, "poi_type": "waste_basket", "port_min": null, "road_dist_m": 6.48411486, "access_score": 100}}, {"type": "Feature", "geometry": {"type": "Point", "coordinates": [20.534553, 38.3812934]}, "properties": {"name": null, "osm_id": 11155519705, "name_el": null, "name_en": null, "net_vid": 15886, "category": "tourism", "fire_min": null, "poi_type": "viewpoint", "port_min": null, "road_dist_m": 77.71648868, "access_score": 96}}, {"type": "Feature", "geometry": {"type": "Point", "coordinates": [20.534308, 38.38135]}, "properties": {"name": null, "osm_id": 11155531205, "name_el": null, "name_en": null, "net_vid": 15886, "category": "tourism", "fire_min": null, "poi_type": "viewpoint", "port_min": null, "road_dist_m": 47.55207504, "access_score": 98}}, {"type": "Feature", "geometry": {"type": "Point", "coordinates": [20.5349894, 38.3793608]}, "properties": {"name": null, "osm_id": 6815339526, "name_el": null, "name_en": null, "net_vid": 15886, "category": "other", "fire_min": null, "poi_type": "bench", "port_min": null, "road_dist_m": 218.90383415, "access_score": 89}}, {"type": "Feature", "geometry": {"type": "Point", "coordinates": [20.5343735, 38.3789326]}, "properties": {"name": null, "osm_id": 1900115854, "name_el": null, "name_en": null, "net_vid": 15886, "category": "other", "fire_min": null, "poi_type": "bench", "port_min": null, "road_dist_m": 231.2492736, "access_score": 88}}, {"type": "Feature", "geometry": {"type": "Point", "coordinates": [20.533073, 38.3819865]}, "properties": {"name": "Φρούριο Άσσου", "osm_id": 9947354291, "name_el": "Φρούριο Άσσου", "name_en": "Assos Fortress", "net_vid": 1537, "category": "heritage", "fire_min": null, "poi_type": "castle", "port_min": null, "road_dist_m": 12.32293878, "access_score": 99}}, {"type": "Feature", "geometry": {"type": "Point", "coordinates": [20.53408, 38.3835587]}, "properties": {"name": "Tower", "osm_id": 1900115852, "name_el": null, "name_en": null, "net_vid": 1540, "category": "heritage", "fire_min": null, "poi_type": "ruins", "port_min": null, "road_dist_m": 6.59066708, "access_score": 100}}, {"type": "Feature", "geometry": {"type": "Point", "coordinates": [20.5340635, 38.3836524]}, "properties": {"name": "Fort high point", "osm_id": 1900129535, "name_el": null, "name_en": null, "net_vid": 1540, "category": "tourism", "fire_min": null, "poi_type": "viewpoint", "port_min": null, "road_dist_m": 17.07635171, "access_score": 99}}, {"type": "Feature", "geometry": {"type": "Point", "coordinates": [20.5430688, 38.3781472]}, "properties": {"name": null, "osm_id": 9927964575, "name_el": null, "name_en": null, "net_vid": 86, "category": "services", "fire_min": 53.518646218383424, "poi_type": "parking", "port_min": 30.643719899258205, "road_dist_m": 4.70053961, "access_score": 100}}, {"type": "Feature", "geometry": {"type": "Point", "coordinates": [20.5432351, 38.3782727]}, "properties": {"name": "3 Cheeky Monkeys", "osm_id": 13045628783, "name_el": null, "name_en": null, "net_vid": 86, "category": "food_drink", "fire_min": 53.53184516363342, "poi_type": "fast_food", "port_min": 30.656918844508205, "road_dist_m": 5.75645523, "access_score": 100}}, {"type": "Feature", "geometry": {"type": "Point", "coordinates": [20.5427814, 38.3780825]}, "properties": {"name": "EV Loader - Throisma Villas", "osm_id": 13266468392, "name_el": null, "name_en": null, "net_vid": 88, "category": "other", "fire_min": 53.51802710386636, "poi_type": "charging_station", "port_min": 30.643100784741147, "road_dist_m": 2.65976218, "access_score": 100}}, {"type": "Feature", "geometry": {"type": "Point", "coordinates": [20.5421081, 38.3786923]}, "properties": {"name": "Eνοικιαζόμενα Νηρηίδες", "osm_id": 11962987938, "name_el": "Eνοικιαζόμενα Νηρηίδες", "name_en": "Niriides Apartments", "net_vid": 87, "category": "tourism", "fire_min": 53.81966511960473, "poi_type": "apartment", "port_min": 30.94473880047951, "road_dist_m": 10.26531404, "access_score": 99}}, {"type": "Feature", "geometry": {"type": "Point", "coordinates": [20.5416771, 38.3766284]}, "properties": {"name": "Three Wise Monkeys", "osm_id": 9928040843, "name_el": null, "name_en": null, "net_vid": 1545, "category": "food_drink", "fire_min": 53.21436373600943, "poi_type": "restaurant", "port_min": 30.339437416884202, "road_dist_m": 5.07974469, "access_score": 100}}, {"type": "Feature", "geometry": {"type": "Point", "coordinates": [20.5612073, 38.382617]}, "properties": {"name": null, "osm_id": 12416182294, "name_el": null, "name_en": null, "net_vid": 1571, "category": "tourism", "fire_min": 53.20180444909325, "poi_type": "viewpoint", "port_min": 20.35476524564613, "road_dist_m": 8.29914296, "access_score": 100}}, {"type": "Feature", "geometry": {"type": "Point", "coordinates": [20.5303403, 38.3800031]}, "properties": {"name": null, "osm_id": 2865726731, "name_el": null, "name_en": null, "net_vid": 1538, "category": "tourism", "fire_min": null, "poi_type": "viewpoint", "port_min": null, "road_dist_m": 45.76374764, "access_score": 98}}, {"type": "Feature", "geometry": {"type": "Point", "coordinates": [20.5299282, 38.3356817]}, "properties": {"name": null, "osm_id": 6815339514, "name_el": null, "name_en": null, "net_vid": 1597, "category": "tourism", "fire_min": 42.51059766937165, "poi_type": "viewpoint", "port_min": 27.55057602375783, "road_dist_m": 2.88842065, "access_score": 100}}, {"type": "Feature", "geometry": {"type": "Point", "coordinates": [20.4899213, 38.3032685]}, "properties": {"name": "Mini market", "osm_id": 5720882323, "name_el": null, "name_en": null, "net_vid": 1340, "category": "shop", "fire_min": 34.596510989502946, "poi_type": "supermarket", "port_min": 31.411021576184226, "road_dist_m": 4.91420037, "access_score": 100}}, {"type": "Feature", "geometry": {"type": "Point", "coordinates": [20.4886515, 38.3102782]}, "properties": {"name": "Η Ακρογιαλιά του Κώστα", "osm_id": 4905183839, "name_el": "Η Ακρογιαλιά του Κώστα", "name_en": "Akrogialia tou Kosta", "net_vid": 17966, "category": "food_drink", "fire_min": 43.1403935008863, "poi_type": "restaurant", "port_min": 39.580753753033015, "road_dist_m": 11.56500328, "access_score": 99}}, {"type": "Feature", "geometry": {"type": "Point", "coordinates": [20.4796954, 38.3078407]}, "properties": {"name": null, "osm_id": 6600232566, "name_el": null, "name_en": null, "net_vid": 1619, "category": "food_drink", "fire_min": 38.791368764337214, "poi_type": "restaurant", "port_min": 33.57754605806885, "road_dist_m": 11.82598985, "access_score": 99}}, {"type": "Feature", "geometry": {"type": "Point", "coordinates": [20.4768089, 38.3092551]}, "properties": {"name": null, "osm_id": 6600316093, "name_el": null, "name_en": null, "net_vid": 92, "category": "food_drink", "fire_min": 39.50549190309221, "poi_type": "restaurant", "port_min": 31.68369829015242, "road_dist_m": 16.75102407, "access_score": 99}}, {"type": "Feature", "geometry": {"type": "Point", "coordinates": [20.4691238, 38.3105899]}, "properties": {"name": "Stou Tsagkari", "osm_id": 9177584817, "name_el": null, "name_en": null, "net_vid": 17570, "category": "food_drink", "fire_min": 36.77376167390147, "poi_type": "restaurant", "port_min": 28.95196806096167, "road_dist_m": 15.49882368, "access_score": 99}}, {"type": "Feature", "geometry": {"type": "Point", "coordinates": [20.470594, 38.3166928]}, "properties": {"name": null, "osm_id": 4917675022, "name_el": null, "name_en": null, "net_vid": 1628, "category": "food_drink", "fire_min": 39.348674190692236, "poi_type": "cafe", "port_min": 31.526880577752447, "road_dist_m": 12.60851072, "access_score": 99}}, {"type": "Feature", "geometry": {"type": "Point", "coordinates": [20.4704519, 38.3168373]}, "properties": {"name": null, "osm_id": 2452858273, "name_el": null, "name_en": null, "net_vid": 1628, "category": "services", "fire_min": 39.27710067919224, "poi_type": "parking", "port_min": 31.455307066252445, "road_dist_m": 6.8826298, "access_score": 100}}, {"type": "Feature", "geometry": {"type": "Point", "coordinates": [20.4756433, 38.3089448]}, "properties": {"name": null, "osm_id": 6600316094, "name_el": null, "name_en": null, "net_vid": 1656, "category": "food_drink", "fire_min": 38.94454580389966, "poi_type": "restaurant", "port_min": 31.122752190959858, "road_dist_m": 19.85161729, "access_score": 99}}, {"type": "Feature", "geometry": {"type": "Point", "coordinates": [20.4916624, 38.3017638]}, "properties": {"name": null, "osm_id": 6600232565, "name_el": null, "name_en": null, "net_vid": 3848, "category": "other", "fire_min": 34.14477273141474, "poi_type": "place_of_worship", "port_min": 31.888085553367205, "road_dist_m": 21.30317141, "access_score": 99}}, {"type": "Feature", "geometry": {"type": "Point", "coordinates": [20.5002919, 38.3146746]}, "properties": {"name": null, "osm_id": 6815339507, "name_el": null, "name_en": null, "net_vid": 1748, "category": "tourism", "fire_min": 47.70708574074699, "poi_type": "viewpoint", "port_min": 44.23799789981642, "road_dist_m": 12.60024116, "access_score": 99}}, {"type": "Feature", "geometry": {"type": "Point", "coordinates": [20.5558589, 38.3081037]}, "properties": {"name": null, "osm_id": 3466480688, "name_el": null, "name_en": null, "net_vid": 1782, "category": "other", "fire_min": 43.84343789080997, "poi_type": "place_of_worship", "port_min": 21.58073073805233, "road_dist_m": 11.97459212, "access_score": 99}}, {"type": "Feature", "geometry": {"type": "Point", "coordinates": [20.5568464, 38.3097501]}, "properties": {"name": null, "osm_id": 3466480681, "name_el": null, "name_en": null, "net_vid": 1791, "category": "shop", "fire_min": 43.0354540823706, "poi_type": "supermarket", "port_min": 21.307110927619263, "road_dist_m": 6.26237324, "access_score": 100}}, {"type": "Feature", "geometry": {"type": "Point", "coordinates": [20.5568679, 38.3091797]}, "properties": {"name": null, "osm_id": 3466480689, "name_el": null, "name_en": null, "net_vid": 1789, "category": "food_drink", "fire_min": 43.38051380935026, "poi_type": "cafe", "port_min": 21.316137683921415, "road_dist_m": 8.80551715, "access_score": 100}}, {"type": "Feature", "geometry": {"type": "Point", "coordinates": [20.5568733, 38.3096912]}, "properties": {"name": null, "osm_id": 3466480663, "name_el": null, "name_en": null, "net_vid": 1791, "category": "shop", "fire_min": 43.0142552597456, "poi_type": "butcher", "port_min": 21.285912104994264, "road_dist_m": 4.56646743, "access_score": 100}}, {"type": "Feature", "geometry": {"type": "Point", "coordinates": [20.5574553, 38.307999]}, "properties": {"name": null, "osm_id": 3466515710, "name_el": null, "name_en": null, "net_vid": 18534, "category": "tourism", "fire_min": 43.51550264754533, "poi_type": "museum", "port_min": 21.264906607355133, "road_dist_m": 9.59156852, "access_score": 100}}, {"type": "Feature", "geometry": {"type": "Point", "coordinates": [20.5644103, 38.3042736]}, "properties": {"name": null, "osm_id": 3466515709, "name_el": null, "name_en": null, "net_vid": 1101, "category": "tourism", "fire_min": 44.62305272961094, "poi_type": "viewpoint", "port_min": 19.641309246628918, "road_dist_m": 3.13425189, "access_score": 100}}, {"type": "Feature", "geometry": {"type": "Point", "coordinates": [20.5597405, 38.3123619]}, "properties": {"name": null, "osm_id": 3466515707, "name_el": null, "name_en": null, "net_vid": 18522, "category": "other", "fire_min": 43.492308152090935, "poi_type": "place_of_worship", "port_min": 20.92649287873492, "road_dist_m": 30.00272698, "access_score": 98}}, {"type": "Feature", "geometry": {"type": "Point", "coordinates": [20.5599917, 38.313344]}, "properties": {"name": null, "osm_id": 6032662876, "name_el": null, "name_en": null, "net_vid": 1853, "category": "other", "fire_min": 42.79434711743792, "poi_type": "telephone", "port_min": 20.2285318440819, "road_dist_m": 3.16792011, "access_score": 100}}, {"type": "Feature", "geometry": {"type": "Point", "coordinates": [20.5614324, 38.3137941]}, "properties": {"name": "AVIN", "osm_id": 3466480668, "name_el": null, "name_en": null, "net_vid": 1854, "category": "services", "fire_min": 43.09178226187918, "poi_type": "fuel", "port_min": 20.112926511890645, "road_dist_m": 10.4411126, "access_score": 99}}, {"type": "Feature", "geometry": {"type": "Point", "coordinates": [20.5610575, 38.3121956]}, "properties": {"name": null, "osm_id": 3466480665, "name_el": null, "name_en": null, "net_vid": 1818, "category": "shop", "fire_min": 43.35199721728224, "poi_type": "bakery", "port_min": 20.466620895754048, "road_dist_m": 13.40474093, "access_score": 99}}, {"type": "Feature", "geometry": {"type": "Point", "coordinates": [20.5616529, 38.3138204]}, "properties": {"name": "Καρουςος", "osm_id": 3466480690, "name_el": "Καρουςος", "name_en": null, "net_vid": 17372, "category": "shop", "fire_min": 43.523486671449334, "poi_type": "supermarket", "port_min": 20.544630921460804, "road_dist_m": 12.78021397, "access_score": 99}}, {"type": "Feature", "geometry": {"type": "Point", "coordinates": [20.5628895, 38.3131395]}, "properties": {"name": "SHELL", "osm_id": 3466480676, "name_el": null, "name_en": null, "net_vid": 2200, "category": "services", "fire_min": 43.290530856354614, "poi_type": "fuel", "port_min": 19.731562872165206, "road_dist_m": 3.13651079, "access_score": 100}}, {"type": "Feature", "geometry": {"type": "Point", "coordinates": [20.5626936, 38.31345]}, "properties": {"name": null, "osm_id": 3466539557, "name_el": null, "name_en": null, "net_vid": 2199, "category": "heritage", "fire_min": 43.3144037641618, "poi_type": "monument", "port_min": 19.844607726858015, "road_dist_m": 8.61322129, "access_score": 100}}, {"type": "Feature", "geometry": {"type": "Point", "coordinates": [20.5677684, 38.3128607]}, "properties": {"name": null, "osm_id": 3466480659, "name_el": null, "name_en": null, "net_vid": 115, "category": "shop", "fire_min": 44.09384369827593, "poi_type": "bakery", "port_min": 19.123225376493895, "road_dist_m": 10.93552464, "access_score": 99}}, {"type": "Feature", "geometry": {"type": "Point", "coordinates": [20.5669503, 38.3130989]}, "properties": {"name": null, "osm_id": 3466480686, "name_el": null, "name_en": null, "net_vid": 114, "category": "shop", "fire_min": 43.95814560389004, "poi_type": "car_repair", "port_min": 19.250846391129784, "road_dist_m": 10.61244145, "access_score": 99}}, {"type": "Feature", "geometry": {"type": "Point", "coordinates": [20.5575438, 38.3111349]}, "properties": {"name": null, "osm_id": 3466515701, "name_el": null, "name_en": null, "net_vid": 15166, "category": "education", "fire_min": 43.255384399594234, "poi_type": "school", "port_min": 21.939294734926463, "road_dist_m": 23.70848361, "access_score": 99}}, {"type": "Feature", "geometry": {"type": "Point", "coordinates": [20.5562832, 38.313793]}, "properties": {"name": null, "osm_id": 3466480683, "name_el": null, "name_en": null, "net_vid": 1876, "category": "other", "fire_min": 42.371631428229065, "poi_type": "place_of_worship", "port_min": 21.630113133775446, "road_dist_m": 8.07736115, "access_score": 100}}, {"type": "Feature", "geometry": {"type": "Point", "coordinates": [20.5468914, 38.331834]}, "properties": {"name": null, "osm_id": 3466480680, "name_el": null, "name_en": null, "net_vid": 1903, "category": "shop", "fire_min": 39.90800258569522, "poi_type": "kiosk", "port_min": 24.6881393865405, "road_dist_m": 10.57039521, "access_score": 99}}, {"type": "Feature", "geometry": {"type": "Point", "coordinates": [20.5467678, 38.3315974]}, "properties": {"name": null, "osm_id": 5113153521, "name_el": null, "name_en": "Myrtos Beach Accessories", "net_vid": 1903, "category": "shop", "fire_min": 39.86304337219522, "poi_type": "variety_store", "port_min": 24.6431801730405, "road_dist_m": 6.97365813, "access_score": 100}}, {"type": "Feature", "geometry": {"type": "Point", "coordinates": [20.5462762, 38.3308274]}, "properties": {"name": null, "osm_id": 6920489886, "name_el": null, "name_en": null, "net_vid": 1902, "category": "shop", "fire_min": 39.955614070259536, "poi_type": "supermarket", "port_min": 24.80919477447619, "road_dist_m": 17.31707011, "access_score": 99}}, {"type": "Feature", "geometry": {"type": "Point", "coordinates": [20.5455068, 38.3301874]}, "properties": {"name": "Myrtillo", "osm_id": 9144739317, "name_el": null, "name_en": null, "net_vid": 1901, "category": "food_drink", "fire_min": 39.57997407045112, "poi_type": "cafe", "port_min": 24.60870755554586, "road_dist_m": 6.63534551, "access_score": 100}}, {"type": "Feature", "geometry": {"type": "Point", "coordinates": [20.5460639, 38.3311512]}, "properties": {"name": null, "osm_id": 3466480670, "name_el": null, "name_en": null, "net_vid": 1902, "category": "shop", "fire_min": 39.94428378900953, "poi_type": "bakery", "port_min": 24.79786449322619, "road_dist_m": 16.41064761, "access_score": 99}}, {"type": "Feature", "geometry": {"type": "Point", "coordinates": [20.546189, 38.3312003]}, "properties": {"name": null, "osm_id": 3466480675, "name_el": null, "name_en": null, "net_vid": 1902, "category": "shop", "fire_min": 39.85810341425953, "poi_type": "supermarket", "port_min": 24.71168411847619, "road_dist_m": 9.51621763, "access_score": 100}}, {"type": "Feature", "geometry": {"type": "Point", "coordinates": [20.5462893, 38.3313475]}, "properties": {"name": "Μαγειράκι", "osm_id": 12041520758, "name_el": null, "name_en": null, "net_vid": 1902, "category": "food_drink", "fire_min": 39.861937351134536, "poi_type": "restaurant", "port_min": 24.71551805535119, "road_dist_m": 9.82293258, "access_score": 100}}, {"type": "Feature", "geometry": {"type": "Point", "coordinates": [20.5462835, 38.3315168]}, "properties": {"name": "Myrtos Tavern & Cafe", "osm_id": 3466480691, "name_el": null, "name_en": null, "net_vid": 1902, "category": "food_drink", "fire_min": 39.84996781875953, "poi_type": "restaurant", "port_min": 24.703548522976188, "road_dist_m": 8.86536999, "access_score": 100}}, {"type": "Feature", "geometry": {"type": "Point", "coordinates": [20.546299, 38.3317461]}, "properties": {"name": "Alexandros", "osm_id": 3466480677, "name_el": null, "name_en": null, "net_vid": 1902, "category": "food_drink", "fire_min": 39.924627488009534, "poi_type": "restaurant", "port_min": 24.77820819222619, "road_dist_m": 14.83814353, "access_score": 99}}, {"type": "Feature", "geometry": {"type": "Point", "coordinates": [20.5452271, 38.3300529]}, "properties": {"name": null, "osm_id": 3466480656, "name_el": null, "name_en": null, "net_vid": 1596, "category": "food_drink", "fire_min": 39.56954060571123, "poi_type": "cafe", "port_min": 24.609518960097404, "road_dist_m": 9.0524907, "access_score": 100}}, {"type": "Feature", "geometry": {"type": "Point", "coordinates": [20.532315, 38.3379442]}, "properties": {"name": null, "osm_id": 10922231745, "name_el": null, "name_en": null, "net_vid": 1597, "category": "other", "fire_min": 42.56970582362165, "poi_type": "waste_basket", "port_min": 27.60968417800783, "road_dist_m": 7.61707299, "access_score": 100}}, {"type": "Feature", "geometry": {"type": "Point", "coordinates": [20.5324222, 38.3380143]}, "properties": {"name": null, "osm_id": 3466515713, "name_el": null, "name_en": null, "net_vid": 1597, "category": "tourism", "fire_min": 42.62053226187165, "poi_type": "viewpoint", "port_min": 27.66051061625783, "road_dist_m": 11.68318805, "access_score": 99}}, {"type": "Feature", "geometry": {"type": "Point", "coordinates": [20.5325409, 38.3380166]}, "properties": {"name": null, "osm_id": 10922202296, "name_el": null, "name_en": null, "net_vid": 1597, "category": "other", "fire_min": 42.58400766512165, "poi_type": "bench", "port_min": 27.62398601950783, "road_dist_m": 8.76122031, "access_score": 100}}, {"type": "Feature", "geometry": {"type": "Point", "coordinates": [20.5324653, 38.3379992]}, "properties": {"name": null, "osm_id": 10922252436, "name_el": null, "name_en": null, "net_vid": 1597, "category": "other", "fire_min": 42.58621298037165, "poi_type": "bench", "port_min": 27.62619133475783, "road_dist_m": 8.93764553, "access_score": 100}}, {"type": "Feature", "geometry": {"type": "Point", "coordinates": [20.5329283, 38.3380048]}, "properties": {"name": "Myrtos Beach viewpoint", "osm_id": 13148043588, "name_el": null, "name_en": null, "net_vid": 1597, "category": "tourism", "fire_min": 42.49364573599665, "poi_type": "viewpoint", "port_min": 27.53362409038283, "road_dist_m": 1.53226598, "access_score": 100}}, {"type": "Feature", "geometry": {"type": "Point", "coordinates": [20.5362063, 38.3429025]}, "properties": {"name": null, "osm_id": 11041984175, "name_el": null, "name_en": null, "net_vid": 15885, "category": "other", "fire_min": 47.37003207682645, "poi_type": "shower", "port_min": 32.22361278104311, "road_dist_m": 32.38726758, "access_score": 98}}, {"type": "Feature", "geometry": {"type": "Point", "coordinates": [20.5366413, 38.3428488]}, "properties": {"name": null, "osm_id": 3466480666, "name_el": null, "name_en": null, "net_vid": 1927, "category": "other", "fire_min": 46.606789898733474, "poi_type": "toilets", "port_min": 31.460370602950125, "road_dist_m": 5.80096747, "access_score": 100}}, {"type": "Feature", "geometry": {"type": "Point", "coordinates": [20.5366909, 38.3429672]}, "properties": {"name": null, "osm_id": 6631016064, "name_el": null, "name_en": null, "net_vid": 1927, "category": "food_drink", "fire_min": 46.57956383110847, "poi_type": "bar", "port_min": 31.433144535325123, "road_dist_m": 3.62288206, "access_score": 100}}, {"type": "Feature", "geometry": {"type": "Point", "coordinates": [20.5467184, 38.3319928]}, "properties": {"name": "Giorgos", "osm_id": 3466480664, "name_el": null, "name_en": null, "net_vid": 1904, "category": "food_drink", "fire_min": 39.998872366705555, "poi_type": "restaurant", "port_min": 24.77900916755083, "road_dist_m": 10.48647771, "access_score": 99}}, {"type": "Feature", "geometry": {"type": "Point", "coordinates": [20.5476304, 38.3329312]}, "properties": {"name": null, "osm_id": 3466480672, "name_el": null, "name_en": null, "net_vid": 1905, "category": "food_drink", "fire_min": 40.16729501562494, "poi_type": "restaurant", "port_min": 24.947431816470203, "road_dist_m": 13.37223197, "access_score": 99}}, {"type": "Feature", "geometry": {"type": "Point", "coordinates": [20.5494811, 38.332361]}, "properties": {"name": null, "osm_id": 3466480669, "name_el": null, "name_en": null, "net_vid": 1934, "category": "other", "fire_min": 40.78119540676517, "poi_type": "place_of_worship", "port_min": 24.6150118611304, "road_dist_m": 12.34078406, "access_score": 99}}, {"type": "Feature", "geometry": {"type": "Point", "coordinates": [20.5602998, 38.3270693]}, "properties": {"name": null, "osm_id": 3466480685, "name_el": null, "name_en": null, "net_vid": 1957, "category": "other", "fire_min": 45.011187378650604, "poi_type": "place_of_worship", "port_min": 26.79895702724822, "road_dist_m": 10.79689441, "access_score": 99}}, {"type": "Feature", "geometry": {"type": "Point", "coordinates": [20.5525334, 38.3249988]}, "properties": {"name": null, "osm_id": 3466480671, "name_el": null, "name_en": null, "net_vid": 1947, "category": "shop", "fire_min": 40.01206031310504, "poi_type": "car_repair", "port_min": 23.56719056216479, "road_dist_m": 25.42279666, "access_score": 99}}, {"type": "Feature", "geometry": {"type": "Point", "coordinates": [20.5581598, 38.3226588]}, "properties": {"name": "Ι.Ν ΚΟΙΜΗΣΕΩΣ ΘΕΟΤΟΚΟΥ", "osm_id": 2937037215, "name_el": null, "name_en": null, "net_vid": 1959, "category": "other", "fire_min": 42.06370931128118, "poi_type": "place_of_worship", "port_min": 24.012793065837073, "road_dist_m": 27.38730813, "access_score": 99}}, {"type": "Feature", "geometry": {"type": "Point", "coordinates": [20.5547972, 38.3187027]}, "properties": {"name": null, "osm_id": 3466480674, "name_el": null, "name_en": null, "net_vid": 15780, "category": "shop", "fire_min": 41.37649137769786, "poi_type": "supermarket", "port_min": 23.047845765028, "road_dist_m": 9.52216878, "access_score": 100}}, {"type": "Feature", "geometry": {"type": "Point", "coordinates": [20.5983027, 38.3132227]}, "properties": {"name": null, "osm_id": 3466480682, "name_el": null, "name_en": null, "net_vid": 13226, "category": "tourism", "fire_min": 48.489191131605374, "poi_type": "viewpoint", "port_min": 22.348603836575105, "road_dist_m": 2.4647388, "access_score": 100}}, {"type": "Feature", "geometry": {"type": "Point", "coordinates": [20.6051316, 38.3071992]}, "properties": {"name": null, "osm_id": 3466451754, "name_el": null, "name_en": null, "net_vid": 14285, "category": "tourism", "fire_min": 48.11325990198921, "poi_type": "hotel", "port_min": 17.388789513331705, "road_dist_m": 15.23158331, "access_score": 99}}, {"type": "Feature", "geometry": {"type": "Point", "coordinates": [20.6044905, 38.3059069]}, "properties": {"name": "amalia", "osm_id": 3466422735, "name_el": null, "name_en": null, "net_vid": 14368, "category": "food_drink", "fire_min": 47.53011762939421, "poi_type": "restaurant", "port_min": 16.805647240736718, "road_dist_m": 8.361647, "access_score": 100}}, {"type": "Feature", "geometry": {"type": "Point", "coordinates": [20.6037395, 38.3053491]}, "properties": {"name": null, "osm_id": 3466451752, "name_el": null, "name_en": null, "net_vid": 2074, "category": "food_drink", "fire_min": 47.098879599215955, "poi_type": "fast_food", "port_min": 16.374409210558454, "road_dist_m": 8.14546784, "access_score": 100}}, {"type": "Feature", "geometry": {"type": "Point", "coordinates": [20.6031628, 38.3052923]}, "properties": {"name": null, "osm_id": 3466532037, "name_el": null, "name_en": null, "net_vid": 18300, "category": "food_drink", "fire_min": 47.318933175000836, "poi_type": "restaurant", "port_min": 16.59446278634334, "road_dist_m": 22.53209202, "access_score": 99}}, {"type": "Feature", "geometry": {"type": "Point", "coordinates": [20.6029536, 38.3052039]}, "properties": {"name": null, "osm_id": 3466532026, "name_el": null, "name_en": null, "net_vid": 2103, "category": "food_drink", "fire_min": 46.940013217031535, "poi_type": "bar", "port_min": 16.21554282837404, "road_dist_m": 9.90332482, "access_score": 100}}, {"type": "Feature", "geometry": {"type": "Point", "coordinates": [20.6031038, 38.3052207]}, "properties": {"name": null, "osm_id": 3466451758, "name_el": null, "name_en": null, "net_vid": 13750, "category": "tourism", "fire_min": 47.21755713308165, "poi_type": "hotel", "port_min": 16.49308674442415, "road_dist_m": 20.68294821, "access_score": 99}}, {"type": "Feature", "geometry": {"type": "Point", "coordinates": [20.6021168, 38.3041094]}, "properties": {"name": "Hotel Olive Bay", "osm_id": 3466451761, "name_el": null, "name_en": null, "net_vid": 814, "category": "tourism", "fire_min": 46.764948243747284, "poi_type": "hotel", "port_min": 16.040477855089787, "road_dist_m": 9.12842647, "access_score": 100}}, {"type": "Feature", "geometry": {"type": "Point", "coordinates": [20.6018307, 38.3031932]}, "properties": {"name": null, "osm_id": 11267459328, "name_el": null, "name_en": null, "net_vid": 873, "category": "leisure", "fire_min": 46.527886160796044, "poi_type": "outdoor_seating", "port_min": 15.80341577213855, "road_dist_m": 9.17205123, "access_score": 100}}, {"type": "Feature", "geometry": {"type": "Point", "coordinates": [20.6018512, 38.3033706]}, "properties": {"name": "themis ristorante", "osm_id": 3466422730, "name_el": null, "name_en": null, "net_vid": 873, "category": "food_drink", "fire_min": 46.511869155421046, "poi_type": "restaurant", "port_min": 15.78739876676355, "road_dist_m": 7.8906908, "access_score": 100}}, {"type": "Feature", "geometry": {"type": "Point", "coordinates": [20.6015803, 38.303238]}, "properties": {"name": null, "osm_id": 3466465779, "name_el": null, "name_en": null, "net_vid": 873, "category": "other", "fire_min": 46.46078942342105, "poi_type": "telephone", "port_min": 15.73631903476355, "road_dist_m": 3.80431224, "access_score": 100}}, {"type": "Feature", "geometry": {"type": "Point", "coordinates": [20.6014496, 38.3032711]}, "properties": {"name": "Palazzo Al Mare", "osm_id": 4959564024, "name_el": null, "name_en": null, "net_vid": 2095, "category": "food_drink", "fire_min": 45.920835819270145, "poi_type": "restaurant", "port_min": 15.196365430612644, "road_dist_m": 11.33086976, "access_score": 99}}, {"type": "Feature", "geometry": {"type": "Point", "coordinates": [20.6012471, 38.3032742]}, "properties": {"name": "Carena Bar - Restaurant", "osm_id": 2268395392, "name_el": null, "name_en": null, "net_vid": 2095, "category": "food_drink", "fire_min": 45.97445326752015, "poi_type": "bar", "port_min": 15.249982878862644, "road_dist_m": 15.62026562, "access_score": 99}}, {"type": "Feature", "geometry": {"type": "Point", "coordinates": [20.6010081, 38.3032085]}, "properties": {"name": "Guru Cuisine Cocktail Bar", "osm_id": 14071295713, "name_el": null, "name_en": null, "net_vid": 2095, "category": "food_drink", "fire_min": 45.913805719145145, "poi_type": "bar", "port_min": 15.189335330487644, "road_dist_m": 10.76846175, "access_score": 99}}, {"type": "Feature", "geometry": {"type": "Point", "coordinates": [20.6010761, 38.3032127]}, "properties": {"name": "Massa", "osm_id": 3466422732, "name_el": null, "name_en": null, "net_vid": 2095, "category": "food_drink", "fire_min": 45.91108391727014, "poi_type": "restaurant", "port_min": 15.186613528612645, "road_dist_m": 10.5507176, "access_score": 99}}, {"type": "Feature", "geometry": {"type": "Point", "coordinates": [20.6007596, 38.3031643]}, "properties": {"name": "Taverna To Perasma", "osm_id": 3466420942, "name_el": null, "name_en": null, "net_vid": 2095, "category": "food_drink", "fire_min": 45.88398371789514, "poi_type": "restaurant", "port_min": 15.159513329237644, "road_dist_m": 8.38270165, "access_score": 100}}, {"type": "Feature", "geometry": {"type": "Point", "coordinates": [20.6005798, 38.3031307]}, "properties": {"name": null, "osm_id": 3466420962, "name_el": null, "name_en": null, "net_vid": 2095, "category": "food_drink", "fire_min": 45.856591682145144, "poi_type": "restaurant", "port_min": 15.132121293487645, "road_dist_m": 6.19133879, "access_score": 100}}, {"type": "Feature", "geometry": {"type": "Point", "coordinates": [20.6002711, 38.3030948]}, "properties": {"name": null, "osm_id": 14075461415, "name_el": null, "name_en": null, "net_vid": 2094, "category": "other", "fire_min": 45.76528210997142, "poi_type": "bench", "port_min": 15.040811721313924, "road_dist_m": 4.33557064, "access_score": 100}}, {"type": "Feature", "geometry": {"type": "Point", "coordinates": [20.5994533, 38.3031349]}, "properties": {"name": null, "osm_id": 3466422736, "name_el": null, "name_en": null, "net_vid": 18575, "category": "heritage", "fire_min": 46.19783925386557, "poi_type": "memorial", "port_min": 15.473368865208071, "road_dist_m": 6.01248522, "access_score": 100}}, {"type": "Feature", "geometry": {"type": "Point", "coordinates": [20.5994754, 38.3031223]}, "properties": {"name": null, "osm_id": 14071318433, "name_el": null, "name_en": null, "net_vid": 18575, "category": "other", "fire_min": 46.182855595490565, "poi_type": "bench", "port_min": 15.45838520683307, "road_dist_m": 4.81379255, "access_score": 100}}, {"type": "Feature", "geometry": {"type": "Point", "coordinates": [20.5995499, 38.3032085]}, "properties": {"name": "Irida's Vintage Boutique", "osm_id": 3466420956, "name_el": null, "name_en": null, "net_vid": 18575, "category": "shop", "fire_min": 46.30999382399057, "poi_type": "fashion_accessories", "port_min": 15.585523435333071, "road_dist_m": 14.98485083, "access_score": 99}}, {"type": "Feature", "geometry": {"type": "Point", "coordinates": [20.5991547, 38.3031888]}, "properties": {"name": null, "osm_id": 6032701491, "name_el": null, "name_en": null, "net_vid": 18575, "category": "food_drink", "fire_min": 46.23966635711557, "poi_type": "restaurant", "port_min": 15.51519596845807, "road_dist_m": 9.35865348, "access_score": 100}}, {"type": "Feature", "geometry": {"type": "Point", "coordinates": [20.5990731, 38.303199]}, "properties": {"name": null, "osm_id": 3466420961, "name_el": null, "name_en": null, "net_vid": 18575, "category": "shop", "fire_min": 46.24501102636557, "poi_type": "bakery", "port_min": 15.52054063770807, "road_dist_m": 9.78622702, "access_score": 100}}, {"type": "Feature", "geometry": {"type": "Point", "coordinates": [20.598943, 38.3032028]}, "properties": {"name": null, "osm_id": 3466420954, "name_el": null, "name_en": null, "net_vid": 2106, "category": "food_drink", "fire_min": 45.28132271383841, "poi_type": "cafe", "port_min": 14.556852325180907, "road_dist_m": 9.16389266, "access_score": 100}}, {"type": "Feature", "geometry": {"type": "Point", "coordinates": [20.5988579, 38.3032264]}, "properties": {"name": null, "osm_id": 3466532031, "name_el": null, "name_en": null, "net_vid": 2106, "category": "food_drink", "fire_min": 45.3054079957134, "poi_type": "cafe", "port_min": 14.580937607055908, "road_dist_m": 11.09071521, "access_score": 99}}, {"type": "Feature", "geometry": {"type": "Point", "coordinates": [20.5987711, 38.3032157]}, "properties": {"name": null, "osm_id": 6032697228, "name_el": null, "name_en": null, "net_vid": 2106, "category": "shop", "fire_min": 45.281930964588405, "poi_type": "gift", "port_min": 14.557460575930907, "road_dist_m": 9.21255272, "access_score": 100}}, {"type": "Feature", "geometry": {"type": "Point", "coordinates": [20.5986493, 38.3032296]}, "properties": {"name": null, "osm_id": 3466420944, "name_el": null, "name_en": null, "net_vid": 2106, "category": "food_drink", "fire_min": 45.2889385918384, "poi_type": "cafe", "port_min": 14.564468203180908, "road_dist_m": 9.7731629, "access_score": 100}}, {"type": "Feature", "geometry": {"type": "Point", "coordinates": [20.5982879, 38.3032231]}, "properties": {"name": "Spathis Art", "osm_id": 6585438219, "name_el": null, "name_en": null, "net_vid": 2106, "category": "shop", "fire_min": 45.2340776775884, "poi_type": "bakery", "port_min": 14.509607288930908, "road_dist_m": 5.38428976, "access_score": 100}}, {"type": "Feature", "geometry": {"type": "Point", "coordinates": [20.5977448, 38.3038989]}, "properties": {"name": "hotel moustakis", "osm_id": 3466547974, "name_el": null, "name_en": null, "net_vid": 2105, "category": "tourism", "fire_min": 45.44998682044562, "poi_type": "guest_house", "port_min": 14.725516431788126, "road_dist_m": 4.84488386, "access_score": 100}}, {"type": "Feature", "geometry": {"type": "Point", "coordinates": [20.5981192, 38.3035811]}, "properties": {"name": null, "osm_id": 3466420945, "name_el": null, "name_en": null, "net_vid": 2104, "category": "heritage", "fire_min": 45.44392031833962, "poi_type": "archaeological_site", "port_min": 14.719449929682124, "road_dist_m": 9.75459295, "access_score": 100}}, {"type": "Feature", "geometry": {"type": "Point", "coordinates": [20.5981337, 38.3032307]}, "properties": {"name": null, "osm_id": 3466420957, "name_el": null, "name_en": null, "net_vid": 2106, "category": "shop", "fire_min": 45.208253088713406, "poi_type": "supermarket", "port_min": 14.483782700055908, "road_dist_m": 3.31832265, "access_score": 100}}, {"type": "Feature", "geometry": {"type": "Point", "coordinates": [20.5982191, 38.3032105]}, "properties": {"name": "Euronet", "osm_id": 10922252872, "name_el": null, "name_en": null, "net_vid": 2106, "category": "services", "fire_min": 45.20088281696341, "poi_type": "atm", "port_min": 14.476412428305908, "road_dist_m": 2.72870091, "access_score": 100}}, {"type": "Feature", "geometry": {"type": "Point", "coordinates": [20.5979969, 38.3031349]}, "properties": {"name": "fior d‘amore", "osm_id": 3466420958, "name_el": null, "name_en": null, "net_vid": 2107, "category": "food_drink", "fire_min": 45.6210867798704, "poi_type": "cafe", "port_min": 14.896616391212913, "road_dist_m": 9.63260415, "access_score": 100}}, {"type": "Feature", "geometry": {"type": "Point", "coordinates": [20.5979754, 38.3032927]}, "properties": {"name": null, "osm_id": 3466532038, "name_el": null, "name_en": null, "net_vid": 2107, "category": "shop", "fire_min": 45.589345214370404, "poi_type": "kiosk", "port_min": 14.864874825712914, "road_dist_m": 7.09327891, "access_score": 100}}, {"type": "Feature", "geometry": {"type": "Point", "coordinates": [20.5979143, 38.3033149]}, "properties": {"name": null, "osm_id": 14071258827, "name_el": null, "name_en": null, "net_vid": 2107, "category": "other", "fire_min": 45.576094001620405, "poi_type": "post_box", "port_min": 14.851623612962914, "road_dist_m": 6.03318189, "access_score": 100}}, {"type": "Feature", "geometry": {"type": "Point", "coordinates": [20.5978997, 38.3032996]}, "properties": {"name": null, "osm_id": 14071258828, "name_el": null, "name_en": null, "net_vid": 2107, "category": "services", "fire_min": 45.58213511112041, "poi_type": "atm", "port_min": 14.857664722462914, "road_dist_m": 6.51647065, "access_score": 100}}, {"type": "Feature", "geometry": {"type": "Point", "coordinates": [20.597949, 38.3033204]}, "properties": {"name": "Greka Travel", "osm_id": 3466420937, "name_el": null, "name_en": null, "net_vid": 2107, "category": "shop", "fire_min": 45.6212142104954, "poi_type": "travel_agency", "port_min": 14.896743821837914, "road_dist_m": 9.6427986, "access_score": 100}}, {"type": "Feature", "geometry": {"type": "Point", "coordinates": [20.5974188, 38.3033632]}, "properties": {"name": "Vrettos Arts", "osm_id": 3466532040, "name_el": null, "name_en": null, "net_vid": 606, "category": "shop", "fire_min": 45.62363277972571, "poi_type": "gift", "port_min": 14.899162391068211, "road_dist_m": 7.42163877, "access_score": 100}}, {"type": "Feature", "geometry": {"type": "Point", "coordinates": [20.5973531, 38.3032401]}, "properties": {"name": null, "osm_id": 3466420943, "name_el": null, "name_en": null, "net_vid": 606, "category": "shop", "fire_min": 45.61690777697571, "poi_type": "supermarket", "port_min": 14.892437388318212, "road_dist_m": 6.88363855, "access_score": 100}}, {"type": "Feature", "geometry": {"type": "Point", "coordinates": [20.5974873, 38.3039915]}, "properties": {"name": null, "osm_id": 3466547975, "name_el": null, "name_en": null, "net_vid": 2105, "category": "food_drink", "fire_min": 45.46201746932062, "poi_type": "restaurant", "port_min": 14.737547080663127, "road_dist_m": 5.80733577, "access_score": 100}}, {"type": "Feature", "geometry": {"type": "Point", "coordinates": [20.5968945, 38.3037537]}, "properties": {"name": null, "osm_id": 3466515705, "name_el": null, "name_en": null, "net_vid": 2223, "category": "other", "fire_min": 45.807881319348816, "poi_type": "bench", "port_min": 15.083410930691324, "road_dist_m": 24.1208793, "access_score": 99}}, {"type": "Feature", "geometry": {"type": "Point", "coordinates": [20.5967067, 38.3033895]}, "properties": {"name": null, "osm_id": 3466422729, "name_el": null, "name_en": null, "net_vid": 2108, "category": "other", "fire_min": 45.59607199046468, "poi_type": "recycling", "port_min": 14.871601601807171, "road_dist_m": 2.35744605, "access_score": 100}}, {"type": "Feature", "geometry": {"type": "Point", "coordinates": [20.5959091, 38.3048608]}, "properties": {"name": null, "osm_id": 5740554422, "name_el": null, "name_en": "Faos Luxary apartment", "net_vid": 2222, "category": "tourism", "fire_min": 45.915257746240165, "poi_type": "apartment", "port_min": 15.190787357582671, "road_dist_m": 11.712971, "access_score": 99}}, {"type": "Feature", "geometry": {"type": "Point", "coordinates": [20.5954488, 38.3033138]}, "properties": {"name": null, "osm_id": 3466451760, "name_el": null, "name_en": null, "net_vid": 2252, "category": "tourism", "fire_min": 45.82209152726828, "poi_type": "hotel", "port_min": 15.097621138610778, "road_dist_m": 12.31411381, "access_score": 99}}, {"type": "Feature", "geometry": {"type": "Point", "coordinates": [20.5935283, 38.3062857]}, "properties": {"name": null, "osm_id": 3466532033, "name_el": null, "name_en": null, "net_vid": 2135, "category": "tourism", "fire_min": 47.089202280031984, "poi_type": "viewpoint", "port_min": 16.364731891374493, "road_dist_m": 16.83884951, "access_score": 99}}, {"type": "Feature", "geometry": {"type": "Point", "coordinates": [20.5893085, 38.3064152]}, "properties": {"name": null, "osm_id": 3466515704, "name_el": null, "name_en": null, "net_vid": 118, "category": "heritage", "fire_min": 46.9976652433444, "poi_type": "ruins", "port_min": 16.27319485468691, "road_dist_m": 40.08033009, "access_score": 98}}, {"type": "Feature", "geometry": {"type": "Point", "coordinates": [20.5875094, 38.3092997]}, "properties": {"name": null, "osm_id": 3466532027, "name_el": null, "name_en": null, "net_vid": 2133, "category": "food_drink", "fire_min": 47.03475191711431, "poi_type": "restaurant", "port_min": 17.348357024652973, "road_dist_m": 14.72472833, "access_score": 99}}, {"type": "Feature", "geometry": {"type": "Point", "coordinates": [20.5838321, 38.315022]}, "properties": {"name": null, "osm_id": 3466480661, "name_el": null, "name_en": null, "net_vid": 2137, "category": "other", "fire_min": 46.30199369973956, "poi_type": "place_of_worship", "port_min": 20.161406404709293, "road_dist_m": 16.63895032, "access_score": 99}}, {"type": "Feature", "geometry": {"type": "Point", "coordinates": [20.5824213, 38.3156218]}, "properties": {"name": null, "osm_id": 3466480667, "name_el": null, "name_en": null, "net_vid": 2138, "category": "other", "fire_min": 46.884834019646945, "poi_type": "place_of_worship", "port_min": 20.744246724616676, "road_dist_m": 16.60967673, "access_score": 99}}, {"type": "Feature", "geometry": {"type": "Point", "coordinates": [20.5763649, 38.317358]}, "properties": {"name": null, "osm_id": 3466515706, "name_el": null, "name_en": null, "net_vid": 2008, "category": "education", "fire_min": 44.649837211189705, "poi_type": "kindergarten", "port_min": 19.60265796057758, "road_dist_m": 9.50017753, "access_score": 100}}, {"type": "Feature", "geometry": {"type": "Point", "coordinates": [20.5796956, 38.2985024]}, "properties": {"name": null, "osm_id": 3466515712, "name_el": null, "name_en": null, "net_vid": 2231, "category": "heritage", "fire_min": 47.567366631299166, "poi_type": "ruins", "port_min": 18.090703194621263, "road_dist_m": 18.30078004, "access_score": 99}}, {"type": "Feature", "geometry": {"type": "Point", "coordinates": [20.5920332, 38.2920887]}, "properties": {"name": null, "osm_id": 5594809742, "name_el": null, "name_en": null, "net_vid": 2267, "category": "tourism", "fire_min": 58.89867581359223, "poi_type": "viewpoint", "port_min": 33.916932330610216, "road_dist_m": 8.15858036, "access_score": 100}}, {"type": "Feature", "geometry": {"type": "Point", "coordinates": [20.5897956, 38.3016124]}, "properties": {"name": null, "osm_id": 5560963421, "name_el": null, "name_en": "Roz Villa", "net_vid": 2195, "category": "tourism", "fire_min": 45.921282409595726, "poi_type": "hotel", "port_min": 15.196812020938225, "road_dist_m": 13.30916828, "access_score": 99}}, {"type": "Feature", "geometry": {"type": "Point", "coordinates": [20.5979369, 38.3003629]}, "properties": {"name": null, "osm_id": 3466420952, "name_el": null, "name_en": null, "net_vid": 2261, "category": "health", "fire_min": 44.64614736998859, "poi_type": "pharmacy", "port_min": 13.92167698133109, "road_dist_m": 6.77102526, "access_score": 100}}, {"type": "Feature", "geometry": {"type": "Point", "coordinates": [20.5968087, 38.3013373]}, "properties": {"name": null, "osm_id": 3466480684, "name_el": null, "name_en": null, "net_vid": 2255, "category": "other", "fire_min": 45.19054091568519, "poi_type": "place_of_worship", "port_min": 14.466070527027693, "road_dist_m": 17.0626267, "access_score": 99}}, {"type": "Feature", "geometry": {"type": "Point", "coordinates": [20.5963178, 38.3020703]}, "properties": {"name": "Explore Kefalonia", "osm_id": 2607927244, "name_el": null, "name_en": null, "net_vid": 2226, "category": "shop", "fire_min": 44.91519293819381, "poi_type": "travel_agency", "port_min": 14.190722549536305, "road_dist_m": 0.01483348, "access_score": 100}}, {"type": "Feature", "geometry": {"type": "Point", "coordinates": [20.5973839, 38.3023588]}, "properties": {"name": null, "osm_id": 1770992794, "name_el": null, "name_en": null, "net_vid": 2258, "category": "shop", "fire_min": 44.98481697848996, "poi_type": "supermarket", "port_min": 14.260346589832466, "road_dist_m": 1.61823036, "access_score": 100}}, {"type": "Feature", "geometry": {"type": "Point", "coordinates": [20.5976392, 38.302389]}, "properties": {"name": null, "osm_id": 6032683605, "name_el": null, "name_en": null, "net_vid": 2258, "category": "services", "fire_min": 45.06047977936496, "poi_type": "atm", "port_min": 14.336009390707465, "road_dist_m": 7.67125443, "access_score": 100}}, {"type": "Feature", "geometry": {"type": "Point", "coordinates": [20.597664, 38.3024665]}, "properties": {"name": "easywash", "osm_id": 5885259729, "name_el": null, "name_en": null, "net_vid": 2258, "category": "shop", "fire_min": 45.05915264611496, "poi_type": "laundry", "port_min": 14.334682257457466, "road_dist_m": 7.56508377, "access_score": 100}}, {"type": "Feature", "geometry": {"type": "Point", "coordinates": [20.5976482, 38.3024845]}, "properties": {"name": null, "osm_id": 3466420948, "name_el": null, "name_en": null, "net_vid": 2258, "category": "shop", "fire_min": 45.08213149298996, "poi_type": "gift", "port_min": 14.357661104332465, "road_dist_m": 9.40339152, "access_score": 100}}, {"type": "Feature", "geometry": {"type": "Point", "coordinates": [20.5975999, 38.3025224]}, "properties": {"name": null, "osm_id": 3466420959, "name_el": null, "name_en": null, "net_vid": 2258, "category": "shop", "fire_min": 45.14642709411496, "poi_type": "jewelry", "port_min": 14.421956705457466, "road_dist_m": 14.54703961, "access_score": 99}}, {"type": "Feature", "geometry": {"type": "Point", "coordinates": [20.5976348, 38.302615]}, "properties": {"name": null, "osm_id": 3466480657, "name_el": null, "name_en": null, "net_vid": 2227, "category": "other", "fire_min": 45.25511778047386, "poi_type": "place_of_worship", "port_min": 14.53064739181636, "road_dist_m": 14.16531319, "access_score": 99}}, {"type": "Feature", "geometry": {"type": "Point", "coordinates": [20.5974712, 38.3029581]}, "properties": {"name": null, "osm_id": 3466422734, "name_el": null, "name_en": null, "net_vid": 2227, "category": "health", "fire_min": 45.15537737872386, "poi_type": "hospital", "port_min": 14.430906990066362, "road_dist_m": 6.18608105, "access_score": 100}}, {"type": "Feature", "geometry": {"type": "Point", "coordinates": [20.5976133, 38.3029959]}, "properties": {"name": null, "osm_id": 3466422733, "name_el": null, "name_en": null, "net_vid": 508, "category": "other", "fire_min": 45.260541970208045, "poi_type": "townhall", "port_min": 14.536071581550551, "road_dist_m": 14.04283542, "access_score": 99}}, {"type": "Feature", "geometry": {"type": "Point", "coordinates": [20.5976294, 38.3029265]}, "properties": {"name": null, "osm_id": 3466422725, "name_el": null, "name_en": null, "net_vid": 2227, "category": "services", "fire_min": 45.16755695947386, "poi_type": "atm", "port_min": 14.44308657081636, "road_dist_m": 7.16044751, "access_score": 100}}, {"type": "Feature", "geometry": {"type": "Point", "coordinates": [20.5975945, 38.3028023]}, "properties": {"name": null, "osm_id": 3466420953, "name_el": null, "name_en": null, "net_vid": 2227, "category": "shop", "fire_min": 45.16419316234886, "poi_type": "hairdresser", "port_min": 14.439722773691361, "road_dist_m": 6.89134374, "access_score": 100}}, {"type": "Feature", "geometry": {"type": "Point", "coordinates": [20.5975087, 38.3028233]}, "properties": {"name": null, "osm_id": 3466420950, "name_el": null, "name_en": null, "net_vid": 2227, "category": "other", "fire_min": 45.16570685322386, "poi_type": "car_rental", "port_min": 14.44123646456636, "road_dist_m": 7.01243901, "access_score": 100}}, {"type": "Feature", "geometry": {"type": "Point", "coordinates": [20.5977608, 38.3027812]}, "properties": {"name": "Marabu", "osm_id": 3466422737, "name_el": null, "name_en": null, "net_vid": 2227, "category": "food_drink", "fire_min": 45.13541104447386, "poi_type": "cafe", "port_min": 14.410940655816361, "road_dist_m": 4.58877431, "access_score": 100}}, {"type": "Feature", "geometry": {"type": "Point", "coordinates": [20.5979137, 38.3029896]}, "properties": {"name": null, "osm_id": 3466420955, "name_el": null, "name_en": null, "net_vid": 508, "category": "shop", "fire_min": 45.20557561695805, "poi_type": "butcher", "port_min": 14.481105228300551, "road_dist_m": 9.64552716, "access_score": 100}}, {"type": "Feature", "geometry": {"type": "Point", "coordinates": [20.5979915, 38.3030275]}, "properties": {"name": null, "osm_id": 3466422738, "name_el": null, "name_en": null, "net_vid": 508, "category": "other", "fire_min": 45.17982149558305, "poi_type": "telephone", "port_min": 14.455351106925551, "road_dist_m": 7.58519745, "access_score": 100}}, {"type": "Feature", "geometry": {"type": "Point", "coordinates": [20.5982434, 38.3029632]}, "properties": {"name": null, "osm_id": 14071311330, "name_el": null, "name_en": null, "net_vid": 2106, "category": "other", "fire_min": 45.327059528088405, "poi_type": "bench", "port_min": 14.602589139430908, "road_dist_m": 12.8228378, "access_score": 99}}, {"type": "Feature", "geometry": {"type": "Point", "coordinates": [20.5982233, 38.3029565]}, "properties": {"name": null, "osm_id": 3466451756, "name_el": null, "name_en": null, "net_vid": 2106, "category": "tourism", "fire_min": 45.320277940463406, "poi_type": "information", "port_min": 14.595807551805908, "road_dist_m": 12.28031079, "access_score": 99}}, {"type": "Feature", "geometry": {"type": "Point", "coordinates": [20.5975302, 38.3020298]}, "properties": {"name": null, "osm_id": 3466422728, "name_el": null, "name_en": null, "net_vid": 2257, "category": "shop", "fire_min": 44.966021422748774, "poi_type": "bakery", "port_min": 14.241551034091275, "road_dist_m": 8.3430195, "access_score": 100}}, {"type": "Feature", "geometry": {"type": "Point", "coordinates": [20.5973934, 38.3017646]}, "properties": {"name": null, "osm_id": 3466420947, "name_el": null, "name_en": null, "net_vid": 2257, "category": "shop", "fire_min": 45.024239131998776, "poi_type": "butcher", "port_min": 14.299768743341275, "road_dist_m": 13.00043624, "access_score": 99}}, {"type": "Feature", "geometry": {"type": "Point", "coordinates": [20.5974256, 38.3018214]}, "properties": {"name": "The Local Steak House", "osm_id": 3466422731, "name_el": null, "name_en": null, "net_vid": 2257, "category": "food_drink", "fire_min": 44.93943556387377, "poi_type": "restaurant", "port_min": 14.214965175216275, "road_dist_m": 6.21615079, "access_score": 100}}, {"type": "Feature", "geometry": {"type": "Point", "coordinates": [20.5972348, 38.3016676]}, "properties": {"name": null, "osm_id": 1770992764, "name_el": null, "name_en": null, "net_vid": 2256, "category": "services", "fire_min": 44.98214443454236, "poi_type": "atm", "port_min": 14.257674045884864, "road_dist_m": 16.50675535, "access_score": 99}}, {"type": "Feature", "geometry": {"type": "Point", "coordinates": [20.5973851, 38.3015964]}, "properties": {"name": "Myrtos Rent A Car Kefalonia", "osm_id": 13502640846, "name_el": null, "name_en": null, "net_vid": 2256, "category": "other", "fire_min": 44.922209409917365, "poi_type": "car_rental", "port_min": 14.197739021259864, "road_dist_m": 11.71195338, "access_score": 99}}, {"type": "Feature", "geometry": {"type": "Point", "coordinates": [20.5983063, 38.3029966]}, "properties": {"name": null, "osm_id": 14071311331, "name_el": null, "name_en": null, "net_vid": 2106, "category": "other", "fire_min": 45.328878305463405, "poi_type": "bench", "port_min": 14.604407916805908, "road_dist_m": 12.96833999, "access_score": 99}}, {"type": "Feature", "geometry": {"type": "Point", "coordinates": [20.5983134, 38.3030549]}, "properties": {"name": null, "osm_id": 3466420941, "name_el": null, "name_en": null, "net_vid": 2106, "category": "other", "fire_min": 45.2672801764634, "poi_type": "taxi", "port_min": 14.542809787805908, "road_dist_m": 8.04048967, "access_score": 100}}, {"type": "Feature", "geometry": {"type": "Point", "coordinates": [20.5986253, 38.3030589]}, "properties": {"name": null, "osm_id": 14071311327, "name_el": null, "name_en": null, "net_vid": 2106, "category": "other", "fire_min": 45.28286846833841, "poi_type": "waste_basket", "port_min": 14.558398079680908, "road_dist_m": 9.28755302, "access_score": 100}}, {"type": "Feature", "geometry": {"type": "Point", "coordinates": [20.5987772, 38.3030445]}, "properties": {"name": null, "osm_id": 3466420939, "name_el": null, "name_en": null, "net_vid": 2106, "category": "shop", "fire_min": 45.2875524899634, "poi_type": "kiosk", "port_min": 14.563082101305907, "road_dist_m": 9.66227475, "access_score": 100}}, {"type": "Feature", "geometry": {"type": "Point", "coordinates": [20.5989011, 38.3030309]}, "properties": {"name": null, "osm_id": 14071311325, "name_el": null, "name_en": null, "net_vid": 2106, "category": "other", "fire_min": 45.2939350774634, "poi_type": "bench", "port_min": 14.569464688805908, "road_dist_m": 10.17288175, "access_score": 99}}, {"type": "Feature", "geometry": {"type": "Point", "coordinates": [20.5989333, 38.3030282]}, "properties": {"name": null, "osm_id": 14071311326, "name_el": null, "name_en": null, "net_vid": 2106, "category": "other", "fire_min": 45.2944408249634, "poi_type": "bench", "port_min": 14.569970436305908, "road_dist_m": 10.21334155, "access_score": 99}}, {"type": "Feature", "geometry": {"type": "Point", "coordinates": [20.5994174, 38.30299]}, "properties": {"name": null, "osm_id": 14071311324, "name_el": null, "name_en": null, "net_vid": 18575, "category": "other", "fire_min": 46.25149385136557, "poi_type": "bench", "port_min": 15.52702346270807, "road_dist_m": 10.30485302, "access_score": 99}}, {"type": "Feature", "geometry": {"type": "Point", "coordinates": [20.5994487, 38.3029877]}, "properties": {"name": null, "osm_id": 14071311323, "name_el": null, "name_en": null, "net_vid": 18575, "category": "other", "fire_min": 46.25125330249057, "poi_type": "bench", "port_min": 15.52678291383307, "road_dist_m": 10.28560911, "access_score": 99}}, {"type": "Feature", "geometry": {"type": "Point", "coordinates": [20.5995379, 38.3029815]}, "properties": {"name": null, "osm_id": 14071311322, "name_el": null, "name_en": null, "net_vid": 18575, "category": "other", "fire_min": 46.25007810724057, "poi_type": "bench", "port_min": 15.525607718583071, "road_dist_m": 10.19159349, "access_score": 99}}, {"type": "Feature", "geometry": {"type": "Point", "coordinates": [20.5997388, 38.3029681]}, "properties": {"name": null, "osm_id": 14071318124, "name_el": null, "name_en": null, "net_vid": 18575, "category": "other", "fire_min": 46.24665241374057, "poi_type": "waste_basket", "port_min": 15.52218202508307, "road_dist_m": 9.91753801, "access_score": 100}}, {"type": "Feature", "geometry": {"type": "Point", "coordinates": [20.5997001, 38.3030844]}, "properties": {"name": "Finikas", "osm_id": 3466420940, "name_el": null, "name_en": null, "net_vid": 18575, "category": "food_drink", "fire_min": 46.15505391436557, "poi_type": "restaurant", "port_min": 15.430583525708071, "road_dist_m": 2.58965806, "access_score": 100}}, {"type": "Feature", "geometry": {"type": "Point", "coordinates": [20.5999844, 38.3030733]}, "properties": {"name": null, "osm_id": 14071311321, "name_el": null, "name_en": null, "net_vid": 2094, "category": "other", "fire_min": 45.75445382284642, "poi_type": "bench", "port_min": 15.029983434188924, "road_dist_m": 3.46930767, "access_score": 100}}, {"type": "Feature", "geometry": {"type": "Point", "coordinates": [20.6002586, 38.3029777]}, "properties": {"name": null, "osm_id": 14071305116, "name_el": null, "name_en": null, "net_vid": 2094, "category": "other", "fire_min": 45.81774693672142, "poi_type": "bench", "port_min": 15.093276548063924, "road_dist_m": 8.53275678, "access_score": 100}}, {"type": "Feature", "geometry": {"type": "Point", "coordinates": [20.6003247, 38.3029828]}, "properties": {"name": null, "osm_id": 14075461423, "name_el": null, "name_en": null, "net_vid": 2094, "category": "other", "fire_min": 45.81650574097142, "poi_type": "waste_basket", "port_min": 15.092035352313925, "road_dist_m": 8.43346112, "access_score": 100}}, {"type": "Feature", "geometry": {"type": "Point", "coordinates": [20.6002982, 38.3030486]}, "properties": {"name": null, "osm_id": 3466422727, "name_el": null, "name_en": null, "net_vid": 2094, "category": "other", "fire_min": 45.723171944471424, "poi_type": "taxi", "port_min": 14.998701555813923, "road_dist_m": 0.9667574, "access_score": 100}}, {"type": "Feature", "geometry": {"type": "Point", "coordinates": [20.6005843, 38.3024957]}, "properties": {"name": "Agia Effimia Marina", "osm_id": 3466420960, "name_el": null, "name_en": null, "net_vid": 2094, "category": "leisure", "fire_min": 46.51255425884642, "poi_type": "marina", "port_min": 15.788083870188924, "road_dist_m": 64.11734255, "access_score": 97}}, {"type": "Feature", "geometry": {"type": "Point", "coordinates": [20.6006175, 38.3030107]}, "properties": {"name": null, "osm_id": 14075461416, "name_el": null, "name_en": null, "net_vid": 2095, "category": "other", "fire_min": 45.87098431877014, "poi_type": "bench", "port_min": 15.146513930112643, "road_dist_m": 7.34274972, "access_score": 100}}, {"type": "Feature", "geometry": {"type": "Point", "coordinates": [20.6009117, 38.3030364]}, "properties": {"name": null, "osm_id": 14075461419, "name_el": null, "name_en": null, "net_vid": 2095, "category": "other", "fire_min": 45.869752131520144, "poi_type": "waste_basket", "port_min": 15.145281742862645, "road_dist_m": 7.24417474, "access_score": 100}}, {"type": "Feature", "geometry": {"type": "Point", "coordinates": [20.600966, 38.3030412]}, "properties": {"name": null, "osm_id": 14075461417, "name_el": null, "name_en": null, "net_vid": 2095, "category": "other", "fire_min": 45.86993223327014, "poi_type": "bench", "port_min": 15.145461844612644, "road_dist_m": 7.25858288, "access_score": 100}}, {"type": "Feature", "geometry": {"type": "Point", "coordinates": [20.6009974, 38.3030433]}, "properties": {"name": null, "osm_id": 14075461418, "name_el": null, "name_en": null, "net_vid": 2095, "category": "other", "fire_min": 45.870967740895146, "poi_type": "bench", "port_min": 15.146497352237644, "road_dist_m": 7.34142349, "access_score": 100}}, {"type": "Feature", "geometry": {"type": "Point", "coordinates": [20.6013305, 38.3030685]}, "properties": {"name": null, "osm_id": 14075461421, "name_el": null, "name_en": null, "net_vid": 2095, "category": "other", "fire_min": 45.880262976270146, "poi_type": "bench", "port_min": 15.155792587612645, "road_dist_m": 8.08504232, "access_score": 100}}, {"type": "Feature", "geometry": {"type": "Point", "coordinates": [20.6014839, 38.3030827]}, "properties": {"name": null, "osm_id": 14075461420, "name_el": null, "name_en": null, "net_vid": 2095, "category": "other", "fire_min": 45.895055800020145, "poi_type": "waste_basket", "port_min": 15.170585411362644, "road_dist_m": 9.26846822, "access_score": 100}}, {"type": "Feature", "geometry": {"type": "Point", "coordinates": [20.6017144, 38.302998]}, "properties": {"name": null, "osm_id": 3466451751, "name_el": null, "name_en": null, "net_vid": 2095, "category": "services", "fire_min": 46.09507915927014, "poi_type": "parking", "port_min": 15.370608770612645, "road_dist_m": 25.27033696, "access_score": 99}}, {"type": "Feature", "geometry": {"type": "Point", "coordinates": [20.6017922, 38.303078]}, "properties": {"name": null, "osm_id": 3466451749, "name_el": null, "name_en": null, "net_vid": 2096, "category": "other", "fire_min": 46.54709579798718, "poi_type": "recycling", "port_min": 15.82262540932968, "road_dist_m": 19.41810007, "access_score": 99}}, {"type": "Feature", "geometry": {"type": "Point", "coordinates": [20.5807431, 38.2820805]}, "properties": {"name": null, "osm_id": 3466515700, "name_el": null, "name_en": null, "net_vid": 2238, "category": "other", "fire_min": 54.15604701652345, "poi_type": "place_of_worship", "port_min": 29.174303533541423, "road_dist_m": 29.38207437, "access_score": 99}}, {"type": "Feature", "geometry": {"type": "Point", "coordinates": [20.5998883, 38.255746]}, "properties": {"name": null, "osm_id": 11223296922, "name_el": null, "name_en": null, "net_vid": 13431, "category": "heritage", "fire_min": 43.670462529763455, "poi_type": "ruins", "port_min": 13.811807157576848, "road_dist_m": 29.66499121, "access_score": 99}}, {"type": "Feature", "geometry": {"type": "Point", "coordinates": [20.6014493, 38.2565]}, "properties": {"name": null, "osm_id": 11223296923, "name_el": null, "name_en": null, "net_vid": 13431, "category": "heritage", "fire_min": 43.54546954263845, "poi_type": "ruins", "port_min": 13.686814170451848, "road_dist_m": 19.66555224, "access_score": 99}}, {"type": "Feature", "geometry": {"type": "Point", "coordinates": [20.602203, 38.2561988]}, "properties": {"name": null, "osm_id": 11223296959, "name_el": null, "name_en": null, "net_vid": 13431, "category": "heritage", "fire_min": 43.79208235276345, "poi_type": "ruins", "port_min": 13.933426980576847, "road_dist_m": 39.39457705, "access_score": 98}}, {"type": "Feature", "geometry": {"type": "Point", "coordinates": [20.600878, 38.2578796]}, "properties": {"name": null, "osm_id": 11223296921, "name_el": null, "name_en": null, "net_vid": 133, "category": "heritage", "fire_min": 44.61458718025338, "poi_type": "ruins", "port_min": 14.75593180806678, "road_dist_m": 30.51355964, "access_score": 98}}, {"type": "Feature", "geometry": {"type": "Point", "coordinates": [20.6029728, 38.2564368]}, "properties": {"name": null, "osm_id": 11223296957, "name_el": null, "name_en": null, "net_vid": 13431, "category": "heritage", "fire_min": 44.04278454151345, "poi_type": "ruins", "port_min": 14.184129169326848, "road_dist_m": 59.45075215, "access_score": 97}}, {"type": "Feature", "geometry": {"type": "Point", "coordinates": [20.6034476, 38.2558934]}, "properties": {"name": null, "osm_id": 11223296956, "name_el": null, "name_en": null, "net_vid": 16698, "category": "heritage", "fire_min": 45.946812870285896, "poi_type": "ruins", "port_min": 16.005780994847097, "road_dist_m": 64.11138404, "access_score": 97}}, {"type": "Feature", "geometry": {"type": "Point", "coordinates": [20.6024525, 38.2560535]}, "properties": {"name": null, "osm_id": 11223296958, "name_el": null, "name_en": null, "net_vid": 13431, "category": "heritage", "fire_min": 44.04057189426345, "poi_type": "ruins", "port_min": 14.181916522076847, "road_dist_m": 59.27374037, "access_score": 97}}, {"type": "Feature", "geometry": {"type": "Point", "coordinates": [20.6025141, 38.2558197]}, "properties": {"name": null, "osm_id": 11223296955, "name_el": null, "name_en": null, "net_vid": 11583, "category": "heritage", "fire_min": 42.23895763867374, "poi_type": "ruins", "port_min": 12.380302266487138, "road_dist_m": 44.49130589, "access_score": 98}}, {"type": "Feature", "geometry": {"type": "Point", "coordinates": [20.6023934, 38.2555354]}, "properties": {"name": null, "osm_id": 11223296640, "name_el": null, "name_en": null, "net_vid": 11583, "category": "tourism", "fire_min": 41.83643376454874, "poi_type": "information", "port_min": 11.977778392362138, "road_dist_m": 12.28939596, "access_score": 99}}, {"type": "Feature", "geometry": {"type": "Point", "coordinates": [20.6023505, 38.2556154]}, "properties": {"name": null, "osm_id": 11223296954, "name_el": null, "name_en": null, "net_vid": 11583, "category": "heritage", "fire_min": 41.90727475929874, "poi_type": "ruins", "port_min": 12.048619387112138, "road_dist_m": 17.95667554, "access_score": 99}}, {"type": "Feature", "geometry": {"type": "Point", "coordinates": [20.6021386, 38.2556407]}, "properties": {"name": null, "osm_id": 11223296953, "name_el": null, "name_en": null, "net_vid": 11583, "category": "heritage", "fire_min": 41.91396315704874, "poi_type": "ruins", "port_min": 12.055307784862137, "road_dist_m": 18.49174736, "access_score": 99}}, {"type": "Feature", "geometry": {"type": "Point", "coordinates": [20.60249, 38.2551415]}, "properties": {"name": null, "osm_id": 11223296952, "name_el": null, "name_en": null, "net_vid": 11583, "category": "heritage", "fire_min": 41.78295818904874, "poi_type": "ruins", "port_min": 11.924302816862138, "road_dist_m": 8.01134992, "access_score": 100}}, {"type": "Feature", "geometry": {"type": "Point", "coordinates": [20.6027985, 38.2549267]}, "properties": {"name": null, "osm_id": 11223296951, "name_el": null, "name_en": null, "net_vid": 11583, "category": "heritage", "fire_min": 41.75380274067374, "poi_type": "ruins", "port_min": 11.895147368487137, "road_dist_m": 5.67891405, "access_score": 100}}, {"type": "Feature", "geometry": {"type": "Point", "coordinates": [20.6027607, 38.2548761]}, "properties": {"name": "Vlachata", "osm_id": 5433824121, "name_el": null, "name_en": null, "net_vid": 11583, "category": "tourism", "fire_min": 41.69026890404874, "poi_type": "viewpoint", "port_min": 11.831613531862137, "road_dist_m": 0.59620712, "access_score": 100}}, {"type": "Feature", "geometry": {"type": "Point", "coordinates": [20.6026778, 38.2544191]}, "properties": {"name": null, "osm_id": 11223296950, "name_el": null, "name_en": null, "net_vid": 135, "category": "heritage", "fire_min": 41.646206472726696, "poi_type": "ruins", "port_min": 11.99972447493418, "road_dist_m": 5.55814759, "access_score": 100}}, {"type": "Feature", "geometry": {"type": "Point", "coordinates": [20.6027046, 38.2535997]}, "properties": {"name": null, "osm_id": 11223296947, "name_el": null, "name_en": null, "net_vid": 135, "category": "heritage", "fire_min": 42.1902363217267, "poi_type": "ruins", "port_min": 12.543754323934179, "road_dist_m": 49.08053551, "access_score": 98}}, {"type": "Feature", "geometry": {"type": "Point", "coordinates": [20.6028065, 38.2534375]}, "properties": {"name": null, "osm_id": 11223296948, "name_el": null, "name_en": null, "net_vid": 135, "category": "heritage", "fire_min": 42.1571408459767, "poi_type": "ruins", "port_min": 12.51065884818418, "road_dist_m": 46.43289745, "access_score": 98}}, {"type": "Feature", "geometry": {"type": "Point", "coordinates": [20.6031364, 38.2531448]}, "properties": {"name": null, "osm_id": 11223296946, "name_el": null, "name_en": null, "net_vid": 135, "category": "heritage", "fire_min": 42.0982688704767, "poi_type": "ruins", "port_min": 12.45178687268418, "road_dist_m": 41.72313941, "access_score": 98}}, {"type": "Feature", "geometry": {"type": "Point", "coordinates": [20.6031203, 38.253467]}, "properties": {"name": null, "osm_id": 11223296949, "name_el": null, "name_en": null, "net_vid": 135, "category": "heritage", "fire_min": 41.8329176441017, "poi_type": "ruins", "port_min": 12.18643564630918, "road_dist_m": 20.4950413, "access_score": 99}}, {"type": "Feature", "geometry": {"type": "Point", "coordinates": [20.6039625, 38.2511817]}, "properties": {"name": null, "osm_id": 11223296942, "name_el": null, "name_en": null, "net_vid": 136, "category": "heritage", "fire_min": 38.818906343723654, "poi_type": "ruins", "port_min": 13.017033415791362, "road_dist_m": 24.24319318, "access_score": 99}}, {"type": "Feature", "geometry": {"type": "Point", "coordinates": [20.6047109, 38.2514049]}, "properties": {"name": null, "osm_id": 11223296945, "name_el": null, "name_en": null, "net_vid": 136, "category": "heritage", "fire_min": 39.12256739759865, "poi_type": "place_of_worship", "port_min": 13.320694469666362, "road_dist_m": 48.53607749, "access_score": 98}}, {"type": "Feature", "geometry": {"type": "Point", "coordinates": [20.6043032, 38.2505877]}, "properties": {"name": null, "osm_id": 11223296943, "name_el": null, "name_en": null, "net_vid": 136, "category": "heritage", "fire_min": 38.624689697598654, "poi_type": "ruins", "port_min": 12.822816769666362, "road_dist_m": 8.70586149, "access_score": 100}}, {"type": "Feature", "geometry": {"type": "Point", "coordinates": [20.6040511, 38.2506762]}, "properties": {"name": null, "osm_id": 11223296944, "name_el": null, "name_en": null, "net_vid": 136, "category": "heritage", "fire_min": 38.891948775723655, "poi_type": "ruins", "port_min": 13.090075847791361, "road_dist_m": 30.08658774, "access_score": 98}}, {"type": "Feature", "geometry": {"type": "Point", "coordinates": [20.6043139, 38.2499537]}, "properties": {"name": null, "osm_id": 11223296932, "name_el": null, "name_en": null, "net_vid": 136, "category": "heritage", "fire_min": 38.83389579009865, "poi_type": "ruins", "port_min": 13.032022862166361, "road_dist_m": 25.44234889, "access_score": 99}}, {"type": "Feature", "geometry": {"type": "Point", "coordinates": [20.6039545, 38.2497472]}, "properties": {"name": null, "osm_id": 11223296931, "name_el": null, "name_en": null, "net_vid": 136, "category": "heritage", "fire_min": 39.21387055447365, "poi_type": "ruins", "port_min": 13.411997626541362, "road_dist_m": 55.84033004, "access_score": 97}}, {"type": "Feature", "geometry": {"type": "Point", "coordinates": [20.6034771, 38.249802]}, "properties": {"name": null, "osm_id": 11223296940, "name_el": null, "name_en": null, "net_vid": 136, "category": "heritage", "fire_min": 39.00504255872365, "poi_type": "ruins", "port_min": 13.203169630791361, "road_dist_m": 39.13409038, "access_score": 98}}, {"type": "Feature", "geometry": {"type": "Point", "coordinates": [20.6037131, 38.2497072]}, "properties": {"name": null, "osm_id": 11223296936, "name_el": null, "name_en": null, "net_vid": 136, "category": "heritage", "fire_min": 39.23040233859865, "poi_type": "ruins", "port_min": 13.428529410666362, "road_dist_m": 57.16287277, "access_score": 97}}, {"type": "Feature", "geometry": {"type": "Point", "coordinates": [20.6035253, 38.2495724]}, "properties": {"name": null, "osm_id": 11223296937, "name_el": null, "name_en": null, "net_vid": 136, "category": "heritage", "fire_min": 39.02304955334865, "poi_type": "ruins", "port_min": 13.221176625416362, "road_dist_m": 40.57464995, "access_score": 98}}, {"type": "Feature", "geometry": {"type": "Point", "coordinates": [20.6039397, 38.249565]}, "properties": {"name": null, "osm_id": 11223296935, "name_el": null, "name_en": null, "net_vid": 136, "category": "heritage", "fire_min": 39.45084863647365, "poi_type": "ruins", "port_min": 13.64897570854136, "road_dist_m": 74.7985766, "access_score": 96}}, {"type": "Feature", "geometry": {"type": "Point", "coordinates": [20.602891, 38.249585]}, "properties": {"name": null, "osm_id": 11223296934, "name_el": null, "name_en": null, "net_vid": 136, "category": "heritage", "fire_min": 38.64870984697365, "poi_type": "ruins", "port_min": 12.846836919041362, "road_dist_m": 10.62747344, "access_score": 99}}, {"type": "Feature", "geometry": {"type": "Point", "coordinates": [20.6030412, 38.2499389]}, "properties": {"name": null, "osm_id": 11223296938, "name_el": null, "name_en": null, "net_vid": 136, "category": "heritage", "fire_min": 38.629050021223655, "poi_type": "ruins", "port_min": 12.827177093291361, "road_dist_m": 9.05468738, "access_score": 100}}, {"type": "Feature", "geometry": {"type": "Point", "coordinates": [20.6033564, 38.2499516]}, "properties": {"name": null, "osm_id": 11223296939, "name_el": null, "name_en": null, "net_vid": 136, "category": "heritage", "fire_min": 38.959184873348654, "poi_type": "ruins", "port_min": 13.157311945416362, "road_dist_m": 35.46547555, "access_score": 98}}, {"type": "Feature", "geometry": {"type": "Point", "coordinates": [20.6028065, 38.2503813]}, "properties": {"name": null, "osm_id": 11223296941, "name_el": null, "name_en": null, "net_vid": 136, "category": "heritage", "fire_min": 38.61607661847365, "poi_type": "ruins", "port_min": 12.814203690541362, "road_dist_m": 8.01681516, "access_score": 100}}, {"type": "Feature", "geometry": {"type": "Point", "coordinates": [20.6026657, 38.2501159]}, "properties": {"name": null, "osm_id": 11223296933, "name_el": null, "name_en": null, "net_vid": 136, "category": "heritage", "fire_min": 38.72047370209865, "poi_type": "ruins", "port_min": 12.91860077416636, "road_dist_m": 16.36858185, "access_score": 99}}, {"type": "Feature", "geometry": {"type": "Point", "coordinates": [20.6047296, 38.2449234]}, "properties": {"name": null, "osm_id": 11223296907, "name_el": null, "name_en": null, "net_vid": 11595, "category": "heritage", "fire_min": 33.87968621454913, "poi_type": "ruins", "port_min": 8.233407397903239, "road_dist_m": 9.69249833, "access_score": 100}}, {"type": "Feature", "geometry": {"type": "Point", "coordinates": [20.6041101, 38.2448855]}, "properties": {"name": null, "osm_id": 11223296912, "name_el": null, "name_en": null, "net_vid": 11595, "category": "heritage", "fire_min": 34.557171727924135, "poi_type": "ruins", "port_min": 8.910892911278237, "road_dist_m": 63.8913394, "access_score": 97}}, {"type": "Feature", "geometry": {"type": "Point", "coordinates": [20.6042308, 38.2449719]}, "properties": {"name": null, "osm_id": 11223296910, "name_el": null, "name_en": null, "net_vid": 11595, "category": "heritage", "fire_min": 34.40747994904913, "poi_type": "ruins", "port_min": 8.761201132403238, "road_dist_m": 51.91599709, "access_score": 97}}, {"type": "Feature", "geometry": {"type": "Point", "coordinates": [20.6043676, 38.244955]}, "properties": {"name": null, "osm_id": 11223296911, "name_el": null, "name_en": null, "net_vid": 11595, "category": "heritage", "fire_min": 34.263534106049136, "poi_type": "ruins", "port_min": 8.617255289403237, "road_dist_m": 40.40032965, "access_score": 98}}, {"type": "Feature", "geometry": {"type": "Point", "coordinates": [20.6044078, 38.2444726]}, "properties": {"name": null, "osm_id": 11223296913, "name_el": null, "name_en": null, "net_vid": 11595, "category": "heritage", "fire_min": 34.281925045674136, "poi_type": "ruins", "port_min": 8.635646229028238, "road_dist_m": 41.87160482, "access_score": 98}}, {"type": "Feature", "geometry": {"type": "Point", "coordinates": [20.6046277, 38.2448181]}, "properties": {"name": null, "osm_id": 11223296906, "name_el": null, "name_en": null, "net_vid": 11595, "category": "heritage", "fire_min": 34.01330760892413, "poi_type": "ruins", "port_min": 8.367028792278239, "road_dist_m": 20.38220988, "access_score": 99}}, {"type": "Feature", "geometry": {"type": "Point", "coordinates": [20.6048879, 38.2438049]}, "properties": {"name": null, "osm_id": 11223296917, "name_el": null, "name_en": null, "net_vid": 11284, "category": "heritage", "fire_min": 33.532421904181376, "poi_type": "ruins", "port_min": 8.086382788258245, "road_dist_m": 22.26377437, "access_score": 99}}, {"type": "Feature", "geometry": {"type": "Point", "coordinates": [20.6044856, 38.2439249]}, "properties": {"name": null, "osm_id": 11223296920, "name_el": null, "name_en": null, "net_vid": 11595, "category": "heritage", "fire_min": 34.398523242174136, "poi_type": "ruins", "port_min": 8.752244425528238, "road_dist_m": 51.19946054, "access_score": 97}}, {"type": "Feature", "geometry": {"type": "Point", "coordinates": [20.6040189, 38.2436637]}, "properties": {"name": null, "osm_id": 11223296919, "name_el": null, "name_en": null, "net_vid": 11284, "category": "heritage", "fire_min": 34.46109948768137, "poi_type": "ruins", "port_min": 9.015060371758244, "road_dist_m": 96.55798105, "access_score": 95}}, {"type": "Feature", "geometry": {"type": "Point", "coordinates": [20.6044453, 38.2442641]}, "properties": {"name": null, "osm_id": 11223296915, "name_el": null, "name_en": null, "net_vid": 11595, "category": "heritage", "fire_min": 34.293142082799136, "poi_type": "ruins", "port_min": 8.646863266153238, "road_dist_m": 42.76896779, "access_score": 98}}, {"type": "Feature", "geometry": {"type": "Point", "coordinates": [20.6041422, 38.2443989]}, "properties": {"name": null, "osm_id": 11223296914, "name_el": null, "name_en": null, "net_vid": 11595, "category": "heritage", "fire_min": 34.58563915267413, "poi_type": "ruins", "port_min": 8.939360336028239, "road_dist_m": 66.16873338, "access_score": 97}}, {"type": "Feature", "geometry": {"type": "Point", "coordinates": [20.6038338, 38.2443147]}, "properties": {"name": null, "osm_id": 11223296908, "name_el": null, "name_en": null, "net_vid": 11595, "category": "heritage", "fire_min": 34.93845154117413, "poi_type": "ruins", "port_min": 9.292172724528239, "road_dist_m": 94.39372446, "access_score": 95}}, {"type": "Feature", "geometry": {"type": "Point", "coordinates": [20.6038982, 38.2445864]}, "properties": {"name": null, "osm_id": 11223296909, "name_el": null, "name_en": null, "net_vid": 11595, "category": "heritage", "fire_min": 34.829762352174136, "poi_type": "ruins", "port_min": 9.183483535528238, "road_dist_m": 85.69858934, "access_score": 96}}, {"type": "Feature", "geometry": {"type": "Point", "coordinates": [20.6046143, 38.2433098]}, "properties": {"name": null, "osm_id": 11223296918, "name_el": null, "name_en": null, "net_vid": 11284, "category": "heritage", "fire_min": 33.664785718306376, "poi_type": "ruins", "port_min": 8.218746602383245, "road_dist_m": 32.8528795, "access_score": 98}}, {"type": "Feature", "geometry": {"type": "Point", "coordinates": [20.60479, 38.236046]}, "properties": {"name": null, "osm_id": 11223296901, "name_el": null, "name_en": null, "net_vid": 11285, "category": "other", "fire_min": 32.31960974909393, "poi_type": "bench", "port_min": 8.951487296847247, "road_dist_m": 28.74977925, "access_score": 99}}, {"type": "Feature", "geometry": {"type": "Point", "coordinates": [20.5807465, 38.1738357]}, "properties": {"name": null, "osm_id": 12176768001, "name_el": null, "name_en": null, "net_vid": 2556, "category": "food_drink", "fire_min": 18.486317703096393, "poi_type": "restaurant", "port_min": 20.929510754227717, "road_dist_m": 16.88880519, "access_score": 99}}, {"type": "Feature", "geometry": {"type": "Point", "coordinates": [20.57698, 38.176895]}, "properties": {"name": null, "osm_id": 12179903729, "name_el": null, "name_en": null, "net_vid": 2515, "category": "shop", "fire_min": 17.920417286502158, "poi_type": "supermarket", "port_min": 20.36361033763348, "road_dist_m": 11.89534681, "access_score": 99}}, {"type": "Feature", "geometry": {"type": "Point", "coordinates": [20.5773295, 38.176584]}, "properties": {"name": null, "osm_id": 12179914597, "name_el": null, "name_en": null, "net_vid": 2515, "category": "shop", "fire_min": 17.916073367877157, "poi_type": "bakery", "port_min": 20.35926641900848, "road_dist_m": 11.54783332, "access_score": 99}}, {"type": "Feature", "geometry": {"type": "Point", "coordinates": [20.5374107, 38.1871448]}, "properties": {"name": "ΕΛ Petrol", "osm_id": 1423435964, "name_el": null, "name_en": null, "net_vid": 2829, "category": "services", "fire_min": 11.373806960642677, "poi_type": "fuel", "port_min": 13.817000011773994, "road_dist_m": 3.15891113, "access_score": 100}}, {"type": "Feature", "geometry": {"type": "Point", "coordinates": [20.5099663, 38.2288789]}, "properties": {"name": null, "osm_id": 6434580230, "name_el": null, "name_en": null, "net_vid": 16310, "category": "other", "fire_min": 17.968272494621505, "poi_type": "place_of_worship", "port_min": 20.41146554575283, "road_dist_m": 15.71149818, "access_score": 99}}, {"type": "Feature", "geometry": {"type": "Point", "coordinates": [20.5031738, 38.2274472]}, "properties": {"name": "Old monastery of Virgin Mary Lamia", "osm_id": 5152148511, "name_el": null, "name_en": null, "net_vid": 16940, "category": "heritage", "fire_min": 19.704088534585818, "poi_type": "monastery", "port_min": 22.147281585717142, "road_dist_m": 40.21434683, "access_score": 98}}, {"type": "Feature", "geometry": {"type": "Point", "coordinates": [20.5280571, 38.1878062]}, "properties": {"name": null, "osm_id": 6600316100, "name_el": null, "name_en": null, "net_vid": 2816, "category": "food_drink", "fire_min": 10.371178568487403, "poi_type": "restaurant", "port_min": 12.81437161961872, "road_dist_m": 9.58063963, "access_score": 100}}, {"type": "Feature", "geometry": {"type": "Point", "coordinates": [20.5262023, 38.187394]}, "properties": {"name": null, "osm_id": 6600316101, "name_el": null, "name_en": null, "net_vid": 2815, "category": "other", "fire_min": 10.218774771987704, "poi_type": "place_of_worship", "port_min": 12.66196782311902, "road_dist_m": 14.71443861, "access_score": 99}}, {"type": "Feature", "geometry": {"type": "Point", "coordinates": [20.5207239, 38.1796778]}, "properties": {"name": null, "osm_id": 6600316106, "name_el": null, "name_en": null, "net_vid": 161, "category": "other", "fire_min": 11.266045683718527, "poi_type": "place_of_worship", "port_min": 13.709238734849844, "road_dist_m": 14.68084076, "access_score": 99}}, {"type": "Feature", "geometry": {"type": "Point", "coordinates": [20.5142786, 38.1823313]}, "properties": {"name": "REVOIL", "osm_id": 1423435462, "name_el": null, "name_en": null, "net_vid": 13627, "category": "services", "fire_min": 8.615612075446895, "poi_type": "fuel", "port_min": 11.058805126578212, "road_dist_m": 4.29912901, "access_score": 100}}, {"type": "Feature", "geometry": {"type": "Point", "coordinates": [20.5206039, 38.185434]}, "properties": {"name": null, "osm_id": 13609633945, "name_el": null, "name_en": null, "net_vid": 2808, "category": "shop", "fire_min": 9.486842760316007, "poi_type": "convenience", "port_min": 11.930035811447324, "road_dist_m": 11.4150921, "access_score": 99}}, {"type": "Feature", "geometry": {"type": "Point", "coordinates": [20.5102386, 38.185525]}, "properties": {"name": null, "osm_id": 12174707408, "name_el": null, "name_en": null, "net_vid": 16656, "category": "other", "fire_min": 11.958828000425573, "poi_type": "place_of_worship", "port_min": 14.40202105155689, "road_dist_m": 69.32067152, "access_score": 97}}, {"type": "Feature", "geometry": {"type": "Point", "coordinates": [20.504494, 38.1815111]}, "properties": {"name": "Agia Barbara - Prokopata", "osm_id": 5152127434, "name_el": null, "name_en": null, "net_vid": 3184, "category": "other", "fire_min": 8.519237979440412, "poi_type": "place_of_worship", "port_min": 10.962431030571729, "road_dist_m": 13.32114428, "access_score": 99}}, {"type": "Feature", "geometry": {"type": "Point", "coordinates": [20.5018674, 38.1798972]}, "properties": {"name": "Acqui Villa", "osm_id": 6600316125, "name_el": null, "name_en": null, "net_vid": 3217, "category": "tourism", "fire_min": 7.615843698183168, "poi_type": "hotel", "port_min": 10.059036749314485, "road_dist_m": 27.64793053, "access_score": 99}}, {"type": "Feature", "geometry": {"type": "Point", "coordinates": [20.4956978, 38.1752264]}, "properties": {"name": "Οβελίσκος Γέφυρα Δεβοσέτου", "osm_id": 1249867955, "name_el": "Οβελίσκος Γέφυρα Δεβοσέτου", "name_en": "De Bosset Bridge Obelisk", "net_vid": 3403, "category": "heritage", "fire_min": 5.126127545191708, "poi_type": "monument", "port_min": 7.127281946280033, "road_dist_m": 333.13699815, "access_score": 83}}, {"type": "Feature", "geometry": {"type": "Point", "coordinates": [20.4988252, 38.1773472]}, "properties": {"name": null, "osm_id": 452551516, "name_el": null, "name_en": null, "net_vid": 3204, "category": "tourism", "fire_min": 6.812747957905259, "poi_type": "viewpoint", "port_min": 9.255941009036576, "road_dist_m": 7.35793907, "access_score": 100}}, {"type": "Feature", "geometry": {"type": "Point", "coordinates": [20.494914, 38.1796159]}, "properties": {"name": null, "osm_id": 5077373315, "name_el": null, "name_en": null, "net_vid": 3225, "category": "leisure", "fire_min": 9.027219886792349, "poi_type": "slipway", "port_min": 11.470412937923664, "road_dist_m": 13.58962671, "access_score": 99}}, {"type": "Feature", "geometry": {"type": "Point", "coordinates": [20.4963097, 38.1809671]}, "properties": {"name": null, "osm_id": 6533945786, "name_el": null, "name_en": "Argostoli Marina", "net_vid": 3218, "category": "tourism", "fire_min": 9.910494180229701, "poi_type": "attraction", "port_min": 12.353687231361018, "road_dist_m": 5.99233113, "access_score": 100}}, {"type": "Feature", "geometry": {"type": "Point", "coordinates": [20.4963103, 38.181002]}, "properties": {"name": "Argostoli", "osm_id": 6533945686, "name_el": null, "name_en": "Argostoli Marina", "net_vid": 3218, "category": "tourism", "fire_min": 9.911362139979701, "poi_type": "attraction", "port_min": 12.354555191111018, "road_dist_m": 6.06176791, "access_score": 100}}, {"type": "Feature", "geometry": {"type": "Point", "coordinates": [20.4962903, 38.1809832]}, "properties": {"name": null, "osm_id": 6533945787, "name_el": null, "name_en": "Argostoli Marina", "net_vid": 3218, "category": "tourism", "fire_min": 9.889344728354702, "poi_type": "attraction", "port_min": 12.33253777948602, "road_dist_m": 4.30037498, "access_score": 100}}, {"type": "Feature", "geometry": {"type": "Point", "coordinates": [20.4997822, 38.1821081]}, "properties": {"name": null, "osm_id": 1248477219, "name_el": null, "name_en": null, "net_vid": 17064, "category": "other", "fire_min": 10.186942042352443, "poi_type": "place_of_worship", "port_min": 12.630135093483757, "road_dist_m": 29.34256601, "access_score": 99}}, {"type": "Feature", "geometry": {"type": "Point", "coordinates": [20.4996781, 38.1837578]}, "properties": {"name": "Παναγιά η Δραπανιώτισσα", "osm_id": 1248477229, "name_el": "Παναγιά η Δραπανιώτισσα", "name_en": "Virgin Mary of Drapano", "net_vid": 3236, "category": "other", "fire_min": 8.14441438860103, "poi_type": "place_of_worship", "port_min": 10.587607439732343, "road_dist_m": 12.93854106, "access_score": 99}}, {"type": "Feature", "geometry": {"type": "Point", "coordinates": [20.4778398, 38.192512]}, "properties": {"name": "The Thalassomilos", "osm_id": 1249867953, "name_el": null, "name_en": null, "net_vid": 3609, "category": "heritage", "fire_min": 6.097227048809444, "poi_type": "monument", "port_min": 3.366447877511499, "road_dist_m": 26.72171686, "access_score": 99}}, {"type": "Feature", "geometry": {"type": "Point", "coordinates": [20.4797845, 38.1906193]}, "properties": {"name": "Vinaries", "osm_id": 5644324467, "name_el": null, "name_en": null, "net_vid": 3325, "category": "food_drink", "fire_min": 5.663917876497883, "poi_type": "restaurant", "port_min": 2.9331387051999376, "road_dist_m": 13.73100606, "access_score": 99}}, {"type": "Feature", "geometry": {"type": "Point", "coordinates": [20.4813961, 38.1876796]}, "properties": {"name": "Βρεφονηπιακός Σταθμός Ουράνιο Τόξο", "osm_id": 6561844363, "name_el": null, "name_en": null, "net_vid": 3326, "category": "education", "fire_min": 4.9948266837848685, "poi_type": "school", "port_min": 2.2640475124869233, "road_dist_m": 21.72393604, "access_score": 99}}, {"type": "Feature", "geometry": {"type": "Point", "coordinates": [20.486286, 38.1850306]}, "properties": {"name": null, "osm_id": 10922230977, "name_el": null, "name_en": null, "net_vid": 3339, "category": "other", "fire_min": 4.216663840666594, "poi_type": "waste_basket", "port_min": 1.3012443017388573, "road_dist_m": 25.66702848, "access_score": 99}}, {"type": "Feature", "geometry": {"type": "Point", "coordinates": [20.486233, 38.1851042]}, "properties": {"name": null, "osm_id": 10922240960, "name_el": null, "name_en": null, "net_vid": 3339, "category": "other", "fire_min": 4.283251155916594, "poi_type": "post_box", "port_min": 1.3678316169888574, "road_dist_m": 30.9940137, "access_score": 98}}, {"type": "Feature", "geometry": {"type": "Point", "coordinates": [20.4863867, 38.1850679]}, "properties": {"name": "θεατράκι στο μπαστούνι", "osm_id": 8612642889, "name_el": null, "name_en": null, "net_vid": 3339, "category": "other", "fire_min": 4.311329591166594, "poi_type": "theatre", "port_min": 1.3959100522388574, "road_dist_m": 33.24028852, "access_score": 98}}, {"type": "Feature", "geometry": {"type": "Point", "coordinates": [20.4864538, 38.185101]}, "properties": {"name": null, "osm_id": 12174493604, "name_el": null, "name_en": null, "net_vid": 3339, "category": "other", "fire_min": 4.384704547166594, "poi_type": "toilets", "port_min": 1.4692850082388573, "road_dist_m": 39.110285, "access_score": 98}}, {"type": "Feature", "geometry": {"type": "Point", "coordinates": [20.4867988, 38.1845079]}, "properties": {"name": null, "osm_id": 10922250931, "name_el": null, "name_en": null, "net_vid": 3339, "category": "other", "fire_min": 3.9827401846665937, "poi_type": "recycling", "port_min": 1.0673206457388573, "road_dist_m": 6.953136, "access_score": 100}}, {"type": "Feature", "geometry": {"type": "Point", "coordinates": [20.4861755, 38.1834692]}, "properties": {"name": "Μνημείο Ριζοσπαστών", "osm_id": 1249867946, "name_el": "Μνημείο Ριζοσπαστών", "name_en": "Radical's Memorial", "net_vid": 3344, "category": "heritage", "fire_min": 3.949694281894959, "poi_type": "monument", "port_min": 1.0342747429672223, "road_dist_m": 13.1397377, "access_score": 99}}, {"type": "Feature", "geometry": {"type": "Point", "coordinates": [20.4865571, 38.1822083]}, "properties": {"name": null, "osm_id": 10922252435, "name_el": null, "name_en": null, "net_vid": 3368, "category": "other", "fire_min": 3.854641365881474, "poi_type": "bench", "port_min": 0.9392218269537373, "road_dist_m": 4.1919979, "access_score": 100}}, {"type": "Feature", "geometry": {"type": "Point", "coordinates": [20.4877563, 38.1827606]}, "properties": {"name": null, "osm_id": 7002771785, "name_el": null, "name_en": "Avalon Travel", "net_vid": 3349, "category": "shop", "fire_min": 3.4210534338085354, "poi_type": "travel_agency", "port_min": 0.5056338948807989, "road_dist_m": 3.22526871, "access_score": 100}}, {"type": "Feature", "geometry": {"type": "Point", "coordinates": [20.4877602, 38.182666]}, "properties": {"name": null, "osm_id": 4927294621, "name_el": null, "name_en": "Motoround", "net_vid": 3349, "category": "other", "fire_min": 3.4214763745585355, "poi_type": "car_rental", "port_min": 0.506056835630799, "road_dist_m": 3.25910397, "access_score": 100}}, {"type": "Feature", "geometry": {"type": "Point", "coordinates": [20.4867498, 38.1812893]}, "properties": {"name": null, "osm_id": 10922238641, "name_el": null, "name_en": null, "net_vid": 3366, "category": "tourism", "fire_min": 3.5642127270634996, "poi_type": "theme_park", "port_min": 0.6487931881357627, "road_dist_m": 9.86873503, "access_score": 100}}, {"type": "Feature", "geometry": {"type": "Point", "coordinates": [20.4868385, 38.1815519]}, "properties": {"name": null, "osm_id": 10922263905, "name_el": null, "name_en": null, "net_vid": 3366, "category": "other", "fire_min": 3.5069015909384995, "poi_type": "bench", "port_min": 0.5914820520107626, "road_dist_m": 5.28384414, "access_score": 100}}, {"type": "Feature", "geometry": {"type": "Point", "coordinates": [20.4868742, 38.1817917]}, "properties": {"name": "Elena's Hair Saloon", "osm_id": 10922261908, "name_el": null, "name_en": null, "net_vid": 3362, "category": "shop", "fire_min": 3.8085653076313157, "poi_type": "hairdresser", "port_min": 0.8931457687035795, "road_dist_m": 16.58760873, "access_score": 99}}, {"type": "Feature", "geometry": {"type": "Point", "coordinates": [20.486535, 38.1808086]}, "properties": {"name": "Ladakola", "osm_id": 4326745698, "name_el": null, "name_en": null, "net_vid": 3366, "category": "food_drink", "fire_min": 3.4445594418134995, "poi_type": "restaurant", "port_min": 0.5291399028857627, "road_dist_m": 0.29647221, "access_score": 100}}, {"type": "Feature", "geometry": {"type": "Point", "coordinates": [20.4871235, 38.1803702]}, "properties": {"name": "Vice", "osm_id": 11963660074, "name_el": null, "name_en": null, "net_vid": 18068, "category": "food_drink", "fire_min": 3.804339811505007, "poi_type": "bar", "port_min": 1.2514623086052024, "road_dist_m": 31.55215013, "access_score": 98}}, {"type": "Feature", "geometry": {"type": "Point", "coordinates": [20.4869165, 38.1807865]}, "properties": {"name": "Τζελατέρια Γαλιατσάτος", "osm_id": 13885067876, "name_el": null, "name_en": null, "net_vid": 3366, "category": "other", "fire_min": 3.538166711938499, "poi_type": "ice_cream", "port_min": 0.6227471730107627, "road_dist_m": 7.78505382, "access_score": 100}}, {"type": "Feature", "geometry": {"type": "Point", "coordinates": [20.4870062, 38.1808612]}, "properties": {"name": null, "osm_id": 10922233502, "name_el": null, "name_en": null, "net_vid": 3366, "category": "other", "fire_min": 3.4759006140634994, "poi_type": "waste_basket", "port_min": 0.5604810751357627, "road_dist_m": 2.80376599, "access_score": 100}}, {"type": "Feature", "geometry": {"type": "Point", "coordinates": [20.4869894, 38.1809194]}, "properties": {"name": null, "osm_id": 10922205349, "name_el": null, "name_en": null, "net_vid": 3366, "category": "other", "fire_min": 3.4878530595634993, "poi_type": "waste_basket", "port_min": 0.5724335206357627, "road_dist_m": 3.75996163, "access_score": 100}}, {"type": "Feature", "geometry": {"type": "Point", "coordinates": [20.4867606, 38.1810317]}, "properties": {"name": "Οικία Κοσμετάτου", "osm_id": 1249835453, "name_el": "Οικία Κοσμετάτου", "name_en": "Kosmetatos' House", "net_vid": 3366, "category": "tourism", "fire_min": 3.7221356644384995, "poi_type": "museum", "port_min": 0.8067161255107627, "road_dist_m": 22.50257002, "access_score": 99}}, {"type": "Feature", "geometry": {"type": "Point", "coordinates": [20.4870306, 38.1810761]}, "properties": {"name": null, "osm_id": 10922236981, "name_el": null, "name_en": null, "net_vid": 3366, "category": "other", "fire_min": 3.504809851938499, "poi_type": "bench", "port_min": 0.5893903130107627, "road_dist_m": 5.11650502, "access_score": 100}}, {"type": "Feature", "geometry": {"type": "Point", "coordinates": [20.4870801, 38.1809477]}, "properties": {"name": null, "osm_id": 10922234456, "name_el": null, "name_en": null, "net_vid": 3366, "category": "other", "fire_min": 3.490738556563499, "poi_type": "waste_basket", "port_min": 0.5753190176357627, "road_dist_m": 3.99080139, "access_score": 100}}, {"type": "Feature", "geometry": {"type": "Point", "coordinates": [20.4870122, 38.180848]}, "properties": {"name": null, "osm_id": 10922230976, "name_el": null, "name_en": null, "net_vid": 3366, "category": "other", "fire_min": 3.495356183438499, "poi_type": "bench", "port_min": 0.5799366445107627, "road_dist_m": 4.36021154, "access_score": 100}}, {"type": "Feature", "geometry": {"type": "Point", "coordinates": [20.4871051, 38.1808871]}, "properties": {"name": null, "osm_id": 10922263084, "name_el": null, "name_en": null, "net_vid": 3366, "category": "other", "fire_min": 3.4793652884384993, "poi_type": "waste_basket", "port_min": 0.5639457495107627, "road_dist_m": 3.08093994, "access_score": 100}}, {"type": "Feature", "geometry": {"type": "Point", "coordinates": [20.4871528, 38.1807671]}, "properties": {"name": null, "osm_id": 10922256760, "name_el": null, "name_en": null, "net_vid": 3366, "category": "other", "fire_min": 3.653746303313499, "poi_type": "bench", "port_min": 0.7383267643857627, "road_dist_m": 17.03142113, "access_score": 99}}, {"type": "Feature", "geometry": {"type": "Point", "coordinates": [20.4875042, 38.1809555]}, "properties": {"name": "Pharmacie", "osm_id": 13953500597, "name_el": null, "name_en": null, "net_vid": 3364, "category": "health", "fire_min": 3.437187377156858, "poi_type": "pharmacy", "port_min": 0.6162138173202352, "road_dist_m": 8.13861785, "access_score": 100}}, {"type": "Feature", "geometry": {"type": "Point", "coordinates": [20.4874204, 38.180492]}, "properties": {"name": "School Band of Kefalonia", "osm_id": 1249835436, "name_el": null, "name_en": null, "net_vid": 18068, "category": "education", "fire_min": 3.8601624430050068, "poi_type": "school", "port_min": 1.3072849401052025, "road_dist_m": 36.01796065, "access_score": 98}}, {"type": "Feature", "geometry": {"type": "Point", "coordinates": [20.4874554, 38.1803103]}, "properties": {"name": "Euronet", "osm_id": 10922256757, "name_el": null, "name_en": null, "net_vid": 18068, "category": "services", "fire_min": 3.607941066255007, "poi_type": "atm", "port_min": 1.0550635633552023, "road_dist_m": 15.84025051, "access_score": 99}}, {"type": "Feature", "geometry": {"type": "Point", "coordinates": [20.4889529, 38.1810288]}, "properties": {"name": "Thalassa Tours and car Rentals", "osm_id": 10816867757, "name_el": null, "name_en": null, "net_vid": 3388, "category": "shop", "fire_min": 3.008371512002182, "poi_type": "travel_agency", "port_min": 0.265172098036994, "road_dist_m": 4.109741, "access_score": 100}}, {"type": "Feature", "geometry": {"type": "Point", "coordinates": [20.488537, 38.1816503]}, "properties": {"name": "Dash", "osm_id": 12097411604, "name_el": null, "name_en": null, "net_vid": 3380, "category": "food_drink", "fire_min": 3.2155287597211077, "poi_type": "cafe", "port_min": 0.3001092207933713, "road_dist_m": 7.65184374, "access_score": 100}}, {"type": "Feature", "geometry": {"type": "Point", "coordinates": [20.488697, 38.1815257]}, "properties": {"name": "Coffee Break", "osm_id": 10816876806, "name_el": null, "name_en": null, "net_vid": 3369, "category": "food_drink", "fire_min": 3.1783609361397125, "poi_type": "fast_food", "port_min": 0.2629413972119759, "road_dist_m": 5.53637537, "access_score": 100}}, {"type": "Feature", "geometry": {"type": "Point", "coordinates": [20.4888896, 38.1813207]}, "properties": {"name": "Express Market argostoli", "osm_id": 4268441688, "name_el": null, "name_en": null, "net_vid": 3386, "category": "shop", "fire_min": 3.07745287674421, "poi_type": "supermarket", "port_min": 0.1988313582949655, "road_dist_m": 4.219366, "access_score": 100}}, {"type": "Feature", "geometry": {"type": "Point", "coordinates": [20.4891844, 38.1815838]}, "properties": {"name": "Αργοστόλι", "osm_id": 1636967496, "name_el": "Αργοστόλι", "name_en": "Argostoli", "net_vid": 3384, "category": "other", "fire_min": 3.170800085039176, "poi_type": "ferry_terminal", "port_min": 0, "road_dist_m": 0, "access_score": 100}}, {"type": "Feature", "geometry": {"type": "Point", "coordinates": [20.4926897, 38.1733904]}, "properties": {"name": null, "osm_id": 9094227226, "name_el": null, "name_en": null, "net_vid": 3402, "category": "other", "fire_min": 1.1783079657207205, "poi_type": "bench", "port_min": 3.1794623668090454, "road_dist_m": 8.68664571, "access_score": 100}}, {"type": "Feature", "geometry": {"type": "Point", "coordinates": [20.4925, 38.1734981]}, "properties": {"name": null, "osm_id": 9094249033, "name_el": null, "name_en": null, "net_vid": 3401, "category": "other", "fire_min": 1.2189515612548274, "poi_type": "bench", "port_min": 2.9266359694643005, "road_dist_m": 7.23655769, "access_score": 100}}, {"type": "Feature", "geometry": {"type": "Point", "coordinates": [20.4917599, 38.1745753]}, "properties": {"name": null, "osm_id": 11161691956, "name_el": null, "name_en": null, "net_vid": 3399, "category": "shop", "fire_min": 1.4929025952250625, "poi_type": "greengrocer", "port_min": 3.2005870034345354, "road_dist_m": 8.98063863, "access_score": 100}}, {"type": "Feature", "geometry": {"type": "Point", "coordinates": [20.4918211, 38.1743353]}, "properties": {"name": null, "osm_id": 9878849602, "name_el": null, "name_en": null, "net_vid": 3399, "category": "leisure", "fire_min": 1.5347793536000625, "poi_type": "outdoor_seating", "port_min": 3.2424637618095353, "road_dist_m": 12.3307793, "access_score": 99}}, {"type": "Feature", "geometry": {"type": "Point", "coordinates": [20.4918958, 38.1742252]}, "properties": {"name": "K63", "osm_id": 9878849604, "name_el": null, "name_en": null, "net_vid": 3400, "category": "leisure", "fire_min": 1.4604867806366977, "poi_type": "outdoor_seating", "port_min": 3.1681711888461708, "road_dist_m": 12.03242355, "access_score": 99}}, {"type": "Feature", "geometry": {"type": "Point", "coordinates": [20.4916967, 38.174207]}, "properties": {"name": "Megas BBQ - Grill", "osm_id": 4267841690, "name_el": null, "name_en": null, "net_vid": 3400, "category": "food_drink", "fire_min": 1.3620543675116976, "poi_type": "restaurant", "port_min": 3.069738775721171, "road_dist_m": 4.1578305, "access_score": 100}}, {"type": "Feature", "geometry": {"type": "Point", "coordinates": [20.491632, 38.1742737]}, "properties": {"name": "Κονταράκης", "osm_id": 10965528606, "name_el": "Κονταράκης", "name_en": "Kontarakis", "net_vid": 3399, "category": "shop", "fire_min": 1.4489128849750623, "poi_type": "farm", "port_min": 3.1565972931845354, "road_dist_m": 5.46146181, "access_score": 100}}, {"type": "Feature", "geometry": {"type": "Point", "coordinates": [20.4915776, 38.1743348]}, "properties": {"name": "K63", "osm_id": 9878806653, "name_el": null, "name_en": null, "net_vid": 3399, "category": "food_drink", "fire_min": 1.4591951267250625, "poi_type": "restaurant", "port_min": 3.166879534934535, "road_dist_m": 6.28404115, "access_score": 100}}, {"type": "Feature", "geometry": {"type": "Point", "coordinates": [20.4918433, 38.1739626]}, "properties": {"name": "Κρητικός", "osm_id": 1249994015, "name_el": null, "name_en": null, "net_vid": 3400, "category": "shop", "fire_min": 1.4054563581366977, "poi_type": "supermarket", "port_min": 3.1131407663461705, "road_dist_m": 7.62998975, "access_score": 100}}, {"type": "Feature", "geometry": {"type": "Point", "coordinates": [20.4919856, 38.1741093]}, "properties": {"name": null, "osm_id": 9878849603, "name_el": null, "name_en": null, "net_vid": 3400, "category": "leisure", "fire_min": 1.4576442083866976, "poi_type": "outdoor_seating", "port_min": 3.1653286165961707, "road_dist_m": 11.80501777, "access_score": 99}}, {"type": "Feature", "geometry": {"type": "Point", "coordinates": [20.4922635, 38.1737793]}, "properties": {"name": "Momento", "osm_id": 11161654669, "name_el": null, "name_en": null, "net_vid": 3401, "category": "leisure", "fire_min": 1.2681219941298274, "poi_type": "outdoor_seating", "port_min": 2.9758064023393005, "road_dist_m": 11.17019232, "access_score": 99}}, {"type": "Feature", "geometry": {"type": "Point", "coordinates": [20.4921545, 38.1735659]}, "properties": {"name": null, "osm_id": 11161673042, "name_el": null, "name_en": null, "net_vid": 3401, "category": "health", "fire_min": 1.2599004635048274, "poi_type": "pharmacy", "port_min": 2.9675848717143003, "road_dist_m": 10.51246987, "access_score": 99}}, {"type": "Feature", "geometry": {"type": "Point", "coordinates": [20.4922479, 38.1732488]}, "properties": {"name": null, "osm_id": 11161691613, "name_el": null, "name_en": null, "net_vid": 3401, "category": "shop", "fire_min": 1.2110087472548274, "poi_type": "greengrocer", "port_min": 2.9186931554643003, "road_dist_m": 6.60113257, "access_score": 100}}, {"type": "Feature", "geometry": {"type": "Point", "coordinates": [20.4921372, 38.1733427]}, "properties": {"name": null, "osm_id": 11161690355, "name_el": null, "name_en": null, "net_vid": 3401, "category": "shop", "fire_min": 1.2212217668798273, "poi_type": "butcher", "port_min": 2.9289061750893004, "road_dist_m": 7.41817414, "access_score": 100}}, {"type": "Feature", "geometry": {"type": "Point", "coordinates": [20.4918846, 38.1733982]}, "properties": {"name": null, "osm_id": 11161627404, "name_el": null, "name_en": null, "net_vid": 3408, "category": "shop", "fire_min": 1.4875665385427856, "poi_type": "convenience", "port_min": 3.1139568543859686, "road_dist_m": 5.59308684, "access_score": 100}}, {"type": "Feature", "geometry": {"type": "Point", "coordinates": [20.4918029, 38.1735147]}, "properties": {"name": "Gorgetos", "osm_id": 9942901711, "name_el": null, "name_en": null, "net_vid": 3408, "category": "shop", "fire_min": 1.4523689485427858, "poi_type": "deli", "port_min": 3.0787592643859685, "road_dist_m": 2.77727964, "access_score": 100}}, {"type": "Feature", "geometry": {"type": "Point", "coordinates": [20.4902714, 38.1739687]}, "properties": {"name": null, "osm_id": 9081945679, "name_el": null, "name_en": null, "net_vid": 14747, "category": "other", "fire_min": 2.407871177609865, "poi_type": "waste_basket", "port_min": 4.034261493453048, "road_dist_m": 33.53508387, "access_score": 98}}, {"type": "Feature", "geometry": {"type": "Point", "coordinates": [20.4903232, 38.1740503]}, "properties": {"name": null, "osm_id": 9081911780, "name_el": null, "name_en": null, "net_vid": 14747, "category": "other", "fire_min": 2.464503044859865, "poi_type": "bench", "port_min": 4.090893360703048, "road_dist_m": 38.06563325, "access_score": 98}}, {"type": "Feature", "geometry": {"type": "Point", "coordinates": [20.4902124, 38.1741601]}, "properties": {"name": "iScream", "osm_id": 13953725301, "name_el": null, "name_en": null, "net_vid": 18291, "category": "other", "fire_min": 2.2892661961311185, "poi_type": "ice_cream", "port_min": 3.996950604340591, "road_dist_m": 29.24370683, "access_score": 99}}, {"type": "Feature", "geometry": {"type": "Point", "coordinates": [20.4903601, 38.1743309]}, "properties": {"name": null, "osm_id": 1249979014, "name_el": null, "name_en": null, "net_vid": 18291, "category": "health", "fire_min": 2.1449587752561188, "poi_type": "pharmacy", "port_min": 3.8526431834655908, "road_dist_m": 17.69911316, "access_score": 99}}, {"type": "Feature", "geometry": {"type": "Point", "coordinates": [20.490347, 38.1742103]}, "properties": {"name": "Mad Dog", "osm_id": 14058198090, "name_el": null, "name_en": null, "net_vid": 18291, "category": "shop", "fire_min": 2.2898326051311186, "poi_type": "hairdresser", "port_min": 3.997517013340591, "road_dist_m": 29.28901955, "access_score": 99}}, {"type": "Feature", "geometry": {"type": "Point", "coordinates": [20.4904126, 38.1742266]}, "properties": {"name": "Down the rabbit hole", "osm_id": 11181097004, "name_el": null, "name_en": null, "net_vid": 653, "category": "shop", "fire_min": 1.9839186023158328, "poi_type": "gift", "port_min": 3.6916030105253053, "road_dist_m": 30.12930831, "access_score": 98}}, {"type": "Feature", "geometry": {"type": "Point", "coordinates": [20.4912883, 38.1741749]}, "properties": {"name": null, "osm_id": 1249987308, "name_el": null, "name_en": null, "net_vid": 3407, "category": "health", "fire_min": 1.8376663570898548, "poi_type": "pharmacy", "port_min": 3.464056672933038, "road_dist_m": 11.24675229, "access_score": 99}}, {"type": "Feature", "geometry": {"type": "Point", "coordinates": [20.4909999, 38.1742004]}, "properties": {"name": "Greco's The Coffee Bar", "osm_id": 13953578801, "name_el": null, "name_en": null, "net_vid": 3407, "category": "food_drink", "fire_min": 1.761088101714855, "poi_type": "cafe", "port_min": 3.3874784175580377, "road_dist_m": 5.12049186, "access_score": 100}}, {"type": "Feature", "geometry": {"type": "Point", "coordinates": [20.4909501, 38.1745791]}, "properties": {"name": null, "osm_id": 4928371423, "name_el": null, "name_en": "Ainos bikes", "net_vid": 653, "category": "other", "fire_min": 1.7026834369408328, "poi_type": "car_rental", "port_min": 3.4103678451503057, "road_dist_m": 7.63049508, "access_score": 100}}, {"type": "Feature", "geometry": {"type": "Point", "coordinates": [20.4912224, 38.1746098]}, "properties": {"name": "Opsarion Fish Bar", "osm_id": 13953623863, "name_el": null, "name_en": null, "net_vid": 3398, "category": "food_drink", "fire_min": 1.492656536787839, "poi_type": "fast_food", "port_min": 3.2003409449973117, "road_dist_m": 3.22701689, "access_score": 100}}, {"type": "Feature", "geometry": {"type": "Point", "coordinates": [20.4911172, 38.1747221]}, "properties": {"name": "Εστιατόριο Τζιβράς 1933", "osm_id": 6600249465, "name_el": null, "name_en": "Tzivras", "net_vid": 3397, "category": "food_drink", "fire_min": 1.5926036718609526, "poi_type": "restaurant", "port_min": 3.300288080070425, "road_dist_m": 7.56290634, "access_score": 100}}, {"type": "Feature", "geometry": {"type": "Point", "coordinates": [20.4904635, 38.1751903]}, "properties": {"name": null, "osm_id": 6576808286, "name_el": null, "name_en": null, "net_vid": 3406, "category": "shop", "fire_min": 2.001125321105459, "poi_type": "variety_store", "port_min": 3.7088097293149316, "road_dist_m": 6.74066564, "access_score": 100}}, {"type": "Feature", "geometry": {"type": "Point", "coordinates": [20.490532, 38.1757013]}, "properties": {"name": "Alpha Bank", "osm_id": 1249987304, "name_el": null, "name_en": null, "net_vid": 3393, "category": "services", "fire_min": 1.8522960376081303, "poi_type": "bank", "port_min": 3.5599804458176028, "road_dist_m": 8.82380022, "access_score": 100}}, {"type": "Feature", "geometry": {"type": "Point", "coordinates": [20.4908227, 38.1753627]}, "properties": {"name": null, "osm_id": 1249987302, "name_el": null, "name_en": null, "net_vid": 3406, "category": "health", "fire_min": 2.016654512980459, "poi_type": "pharmacy", "port_min": 3.7243389211899314, "road_dist_m": 7.98300099, "access_score": 100}}, {"type": "Feature", "geometry": {"type": "Point", "coordinates": [20.4911577, 38.1756564]}, "properties": {"name": null, "osm_id": 6600249473, "name_el": null, "name_en": null, "net_vid": 3395, "category": "shop", "fire_min": 1.8845289058763806, "poi_type": "seafood", "port_min": 3.592213314085853, "road_dist_m": 14.21486757, "access_score": 99}}, {"type": "Feature", "geometry": {"type": "Point", "coordinates": [20.4911192, 38.1754503]}, "properties": {"name": null, "osm_id": 6600249472, "name_el": null, "name_en": null, "net_vid": 3395, "category": "shop", "fire_min": 1.9486337826263804, "poi_type": "greengrocer", "port_min": 3.656318190835853, "road_dist_m": 19.34325771, "access_score": 99}}, {"type": "Feature", "geometry": {"type": "Point", "coordinates": [20.4909287, 38.1751743]}, "properties": {"name": null, "osm_id": 1250000657, "name_el": null, "name_en": null, "net_vid": 3396, "category": "shop", "fire_min": 1.6718668361438118, "poi_type": "bakery", "port_min": 3.3795512443532845, "road_dist_m": 10.37170427, "access_score": 99}}, {"type": "Feature", "geometry": {"type": "Point", "coordinates": [20.4911687, 38.1748685]}, "properties": {"name": "Kuro Siwo", "osm_id": 6600249467, "name_el": null, "name_en": null, "net_vid": 3397, "category": "food_drink", "fire_min": 1.5598493649859526, "poi_type": "bar", "port_min": 3.2675337731954253, "road_dist_m": 4.94256179, "access_score": 100}}, {"type": "Feature", "geometry": {"type": "Point", "coordinates": [20.4911192, 38.1749441]}, "properties": {"name": "Μανέντης", "osm_id": 6600249466, "name_el": null, "name_en": null, "net_vid": 3396, "category": "shop", "fire_min": 1.6416186137688118, "poi_type": "bakery", "port_min": 3.3493030219782844, "road_dist_m": 7.95184648, "access_score": 100}}, {"type": "Feature", "geometry": {"type": "Point", "coordinates": [20.4911929, 38.1749325]}, "properties": {"name": null, "osm_id": 1249956229, "name_el": null, "name_en": null, "net_vid": 3397, "category": "other", "fire_min": 1.5371333528609525, "poi_type": "taxi", "port_min": 3.244817761070425, "road_dist_m": 3.12528082, "access_score": 100}}, {"type": "Feature", "geometry": {"type": "Point", "coordinates": [20.4913788, 38.1749168]}, "properties": {"name": "EKO", "osm_id": 6600249468, "name_el": null, "name_en": null, "net_vid": 3397, "category": "services", "fire_min": 1.6258537862359526, "poi_type": "fuel", "port_min": 3.333538194445425, "road_dist_m": 10.22291549, "access_score": 99}}, {"type": "Feature", "geometry": {"type": "Point", "coordinates": [20.4915958, 38.1749223]}, "properties": {"name": null, "osm_id": 6600249469, "name_el": null, "name_en": null, "net_vid": 3397, "category": "food_drink", "fire_min": 1.7501807466109525, "poi_type": "cafe", "port_min": 3.4578651548204253, "road_dist_m": 20.16907232, "access_score": 99}}, {"type": "Feature", "geometry": {"type": "Point", "coordinates": [20.4914649, 38.1751025]}, "properties": {"name": "Laiki Agora", "osm_id": 1249933918, "name_el": null, "name_en": null, "net_vid": 3396, "category": "other", "fire_min": 1.7984392103938118, "poi_type": "marketplace", "port_min": 3.5061236186032847, "road_dist_m": 20.49749421, "access_score": 99}}, {"type": "Feature", "geometry": {"type": "Point", "coordinates": [20.4913768, 38.175152]}, "properties": {"name": null, "osm_id": 6600249470, "name_el": null, "name_en": null, "net_vid": 3396, "category": "shop", "fire_min": 1.827720753268812, "poi_type": "gift", "port_min": 3.5354051614782844, "road_dist_m": 22.84001764, "access_score": 99}}, {"type": "Feature", "geometry": {"type": "Point", "coordinates": [20.4916499, 38.1748755]}, "properties": {"name": "Rassias", "osm_id": 11161690354, "name_el": null, "name_en": null, "net_vid": 3398, "category": "shop", "fire_min": 1.684109917662839, "poi_type": "seafood", "port_min": 3.3917943258723118, "road_dist_m": 18.54328736, "access_score": 99}}, {"type": "Feature", "geometry": {"type": "Point", "coordinates": [20.4915811, 38.1753974]}, "properties": {"name": null, "osm_id": 11143432305, "name_el": null, "name_en": null, "net_vid": 3396, "category": "tourism", "fire_min": 1.5957685646438118, "poi_type": "viewpoint", "port_min": 3.3034529728532847, "road_dist_m": 4.28384255, "access_score": 100}}, {"type": "Feature", "geometry": {"type": "Point", "coordinates": [20.4903657, 38.1758575]}, "properties": {"name": null, "osm_id": 1249987303, "name_el": null, "name_en": null, "net_vid": 3392, "category": "health", "fire_min": 1.770846312812618, "poi_type": "pharmacy", "port_min": 3.4785307210220906, "road_dist_m": 0.22421432, "access_score": 100}}, {"type": "Feature", "geometry": {"type": "Point", "coordinates": [20.4903014, 38.1760454]}, "properties": {"name": "ΑΒ Food Market", "osm_id": 13084924195, "name_el": null, "name_en": null, "net_vid": 3391, "category": "shop", "fire_min": 1.9056015987731205, "poi_type": "supermarket", "port_min": 3.613286006982593, "road_dist_m": 6.02127624, "access_score": 100}}, {"type": "Feature", "geometry": {"type": "Point", "coordinates": [20.4896722, 38.1757617]}, "properties": {"name": "EV Loader - Mouikis Hotel", "osm_id": 13266504400, "name_el": null, "name_en": null, "net_vid": 18284, "category": "other", "fire_min": 2.2987854916986468, "poi_type": "charging_station", "port_min": 4.00646989990812, "road_dist_m": 11.98172597, "access_score": 99}}, {"type": "Feature", "geometry": {"type": "Point", "coordinates": [20.4896248, 38.176126]}, "properties": {"name": "Mouikis Hotel", "osm_id": 11755635889, "name_el": null, "name_en": null, "net_vid": 3414, "category": "tourism", "fire_min": 2.2569226782837966, "poi_type": "hotel", "port_min": 1.8081019866411516, "road_dist_m": 7.7147326, "access_score": 100}}, {"type": "Feature", "geometry": {"type": "Point", "coordinates": [20.4894602, 38.1760796]}, "properties": {"name": "Καρλης - Τατσακη", "osm_id": 1249987307, "name_el": null, "name_en": null, "net_vid": 3414, "category": "health", "fire_min": 2.3070534367837965, "poi_type": "pharmacy", "port_min": 1.8582327451411516, "road_dist_m": 11.72519328, "access_score": 99}}, {"type": "Feature", "geometry": {"type": "Point", "coordinates": [20.4890729, 38.1766502]}, "properties": {"name": "Άγιος Σπυρίδωνας", "osm_id": 1248477220, "name_el": "Άγιος Σπυρίδωνας", "name_en": "St Spyridon", "net_vid": 17400, "category": "other", "fire_min": 2.9859025271537556, "poi_type": "place_of_worship", "port_min": 1.816282268729646, "road_dist_m": 22.48608379, "access_score": 99}}, {"type": "Feature", "geometry": {"type": "Point", "coordinates": [20.4890129, 38.1764687]}, "properties": {"name": "Cinnamon Cafe", "osm_id": 11758658050, "name_el": null, "name_en": null, "net_vid": 17400, "category": "food_drink", "fire_min": 3.1018562354037558, "poi_type": "cafe", "port_min": 1.932235976979646, "road_dist_m": 31.76238045, "access_score": 98}}, {"type": "Feature", "geometry": {"type": "Point", "coordinates": [20.4888577, 38.1763563]}, "properties": {"name": "Black & Gold", "osm_id": 11756622976, "name_el": null, "name_en": null, "net_vid": 17400, "category": "food_drink", "fire_min": 3.1353381144037558, "poi_type": "bar", "port_min": 1.965717855979646, "road_dist_m": 34.44093077, "access_score": 98}}, {"type": "Feature", "geometry": {"type": "Point", "coordinates": [20.4883197, 38.1765095]}, "properties": {"name": null, "osm_id": 6661533785, "name_el": null, "name_en": "Oinops Wine Bar - Restaurant", "net_vid": 3422, "category": "food_drink", "fire_min": 2.6513623790332463, "poi_type": "restaurant", "port_min": 1.481742120609137, "road_dist_m": 6.10325011, "access_score": 100}}, {"type": "Feature", "geometry": {"type": "Point", "coordinates": [20.4888647, 38.175514]}, "properties": {"name": "Vodafone", "osm_id": 5085059114, "name_el": null, "name_en": null, "net_vid": 3416, "category": "shop", "fire_min": 2.8753228963802426, "poi_type": "telecommunication", "port_min": 1.7057026379561333, "road_dist_m": 7.69465737, "access_score": 100}}, {"type": "Feature", "geometry": {"type": "Point", "coordinates": [20.4892091, 38.1756128]}, "properties": {"name": "Μαυροειδής", "osm_id": 6557101986, "name_el": "Μαυροειδής", "name_en": "Mauroidis", "net_vid": 18506, "category": "food_drink", "fire_min": 2.2699340501992893, "poi_type": "cafe", "port_min": 3.9776184584087617, "road_dist_m": 12.89961761, "access_score": 99}}, {"type": "Feature", "geometry": {"type": "Point", "coordinates": [20.4893553, 38.1756512]}, "properties": {"name": "Ελληνικά Ταχυδρομεία", "osm_id": 5149797487, "name_el": null, "name_en": null, "net_vid": 18506, "category": "services", "fire_min": 2.257315003449289, "poi_type": "post_office", "port_min": 3.9649994116587615, "road_dist_m": 11.89009387, "access_score": 99}}, {"type": "Feature", "geometry": {"type": "Point", "coordinates": [20.4893397, 38.1757226]}, "properties": {"name": null, "osm_id": 6600249464, "name_el": null, "name_en": null, "net_vid": 18284, "category": "other", "fire_min": 2.205982358823647, "poi_type": "telephone", "port_min": 3.9136667670331193, "road_dist_m": 4.55747534, "access_score": 100}}, {"type": "Feature", "geometry": {"type": "Point", "coordinates": [20.4893976, 38.1754821]}, "properties": {"name": "Ἡδύ Ἰδεῖν", "osm_id": 11760432819, "name_el": null, "name_en": null, "net_vid": 18506, "category": "shop", "fire_min": 2.196554422324289, "poi_type": "optician", "port_min": 3.9042388305337616, "road_dist_m": 7.02924738, "access_score": 100}}, {"type": "Feature", "geometry": {"type": "Point", "coordinates": [20.4899004, 38.1757311]}, "properties": {"name": "La Barberia", "osm_id": 11760432818, "name_el": null, "name_en": null, "net_vid": 3419, "category": "shop", "fire_min": 1.922611095790498, "poi_type": "hairdresser", "port_min": 2.0523477716344494, "road_dist_m": 4.1121007, "access_score": 100}}, {"type": "Feature", "geometry": {"type": "Point", "coordinates": [20.4900778, 38.1746763]}, "properties": {"name": "Uforia Cafe", "osm_id": 9093941279, "name_el": null, "name_en": null, "net_vid": 18201, "category": "food_drink", "fire_min": 1.970322778836543, "poi_type": "cafe", "port_min": 3.6780071870460156, "road_dist_m": 1.28423886, "access_score": 100}}, {"type": "Feature", "geometry": {"type": "Point", "coordinates": [20.4900028, 38.174592]}, "properties": {"name": "Ο Σέσουλας", "osm_id": 14063341927, "name_el": null, "name_en": null, "net_vid": 18201, "category": "shop", "fire_min": 2.013712683336543, "poi_type": "pastry", "port_min": 3.7213970915460157, "road_dist_m": 4.75543122, "access_score": 100}}, {"type": "Feature", "geometry": {"type": "Point", "coordinates": [20.4898595, 38.1744039]}, "properties": {"name": "Hobby art shop", "osm_id": 11181148131, "name_el": null, "name_en": null, "net_vid": 18291, "category": "shop", "fire_min": 2.0298575346311187, "poi_type": "gift", "port_min": 3.737541942840591, "road_dist_m": 8.49101391, "access_score": 100}}, {"type": "Feature", "geometry": {"type": "Point", "coordinates": [20.4896363, 38.1746191]}, "properties": {"name": null, "osm_id": 5051378421, "name_el": null, "name_en": null, "net_vid": 18201, "category": "tourism", "fire_min": 2.0940894734615427, "poi_type": "museum", "port_min": 3.8017738816710156, "road_dist_m": 11.18557443, "access_score": 99}}, {"type": "Feature", "geometry": {"type": "Point", "coordinates": [20.4897763, 38.1746354]}, "properties": {"name": "Eurobank", "osm_id": 6600249463, "name_el": null, "name_en": null, "net_vid": 18201, "category": "services", "fire_min": 2.047318955211543, "poi_type": "bank", "port_min": 3.7550033634210154, "road_dist_m": 7.44393297, "access_score": 100}}, {"type": "Feature", "geometry": {"type": "Point", "coordinates": [20.4894913, 38.1747907]}, "properties": {"name": "Καθολικός Ναός Αγίου Νικολάου", "osm_id": 1248477216, "name_el": "Καθολικός Ναός Αγίου Νικολάου", "name_en": "St Nicholas", "net_vid": 18332, "category": "other", "fire_min": 2.439829860250983, "poi_type": "place_of_worship", "port_min": 4.147514268460456, "road_dist_m": 19.82596012, "access_score": 99}}, {"type": "Feature", "geometry": {"type": "Point", "coordinates": [20.4895365, 38.1747342]}, "properties": {"name": null, "osm_id": 6600249462, "name_el": null, "name_en": null, "net_vid": 18332, "category": "tourism", "fire_min": 2.512936654375983, "poi_type": "museum", "port_min": 4.220621062585455, "road_dist_m": 25.67450365, "access_score": 99}}, {"type": "Feature", "geometry": {"type": "Point", "coordinates": [20.4898766, 38.1741235]}, "properties": {"name": null, "osm_id": 11755635891, "name_el": "Αλυσανδράτος", "name_en": null, "net_vid": 18291, "category": "shop", "fire_min": 2.1835683713811185, "poi_type": "jewelry", "port_min": 3.891252779590591, "road_dist_m": 20.78788085, "access_score": 99}}, {"type": "Feature", "geometry": {"type": "Point", "coordinates": [20.4900533, 38.1740954]}, "properties": {"name": "Libretto", "osm_id": 11088749131, "name_el": null, "name_en": null, "net_vid": 18291, "category": "food_drink", "fire_min": 2.2953127711311185, "poi_type": "cafe", "port_min": 4.002997179340591, "road_dist_m": 29.72743283, "access_score": 99}}, {"type": "Feature", "geometry": {"type": "Point", "coordinates": [20.4899741, 38.1739513]}, "properties": {"name": "Πύργος του Ρολογιού", "osm_id": 1249875715, "name_el": "Πύργος του Ρολογιού", "name_en": "Bell Tower", "net_vid": 18291, "category": "heritage", "fire_min": 2.4425738370061185, "poi_type": "monument", "port_min": 4.150258245215591, "road_dist_m": 41.5083181, "access_score": 98}}, {"type": "Feature", "geometry": {"type": "Point", "coordinates": [20.4888321, 38.1747324]}, "properties": {"name": "Μητρόπολη Αργοστολίου", "osm_id": 6600249461, "name_el": "Μητρόπολη Αργοστολίου", "name_en": null, "net_vid": 3429, "category": "other", "fire_min": 2.5478276778289266, "poi_type": "place_of_worship", "port_min": 2.0074973825524296, "road_dist_m": 16.7555749, "access_score": 99}}, {"type": "Feature", "geometry": {"type": "Point", "coordinates": [20.4856177, 38.1739474]}, "properties": {"name": null, "osm_id": 1249933908, "name_el": null, "name_en": null, "net_vid": 3445, "category": "services", "fire_min": 2.792581823300986, "poi_type": "fuel", "port_min": 2.240602530729655, "road_dist_m": 11.58301293, "access_score": 99}}, {"type": "Feature", "geometry": {"type": "Point", "coordinates": [20.4856287, 38.1743154]}, "properties": {"name": null, "osm_id": 11181147725, "name_el": null, "name_en": null, "net_vid": 3446, "category": "other", "fire_min": 2.8114135644271183, "poi_type": "veterinary", "port_min": 2.164132695103522, "road_dist_m": 9.27748915, "access_score": 100}}, {"type": "Feature", "geometry": {"type": "Point", "coordinates": [20.4858329, 38.1743387]}, "properties": {"name": null, "osm_id": 11161627403, "name_el": null, "name_en": null, "net_vid": 3446, "category": "other", "fire_min": 2.7989398555521183, "poi_type": "taxi", "port_min": 2.151658986228522, "road_dist_m": 8.27959244, "access_score": 100}}, {"type": "Feature", "geometry": {"type": "Point", "coordinates": [20.4856448, 38.1750693]}, "properties": {"name": "Bazaar", "osm_id": 11161688799, "name_el": null, "name_en": null, "net_vid": 3447, "category": "shop", "fire_min": 2.9012014113292612, "poi_type": "supermarket", "port_min": 2.0474705797013795, "road_dist_m": 8.20251841, "access_score": 100}}, {"type": "Feature", "geometry": {"type": "Point", "coordinates": [20.4867224, 38.1770827]}, "properties": {"name": "2ο Δημοτικό Σχολείο Αργοστολίου", "osm_id": 1249671145, "name_el": "2ο Δημοτικό Σχολείο Αργοστολίου", "name_en": "2nd Primary School of Argostoli", "net_vid": 3471, "category": "education", "fire_min": 2.938877036574656, "poi_type": "school", "port_min": 1.7692567781505466, "road_dist_m": 14.10695315, "access_score": 99}}, {"type": "Feature", "geometry": {"type": "Point", "coordinates": [20.4864219, 38.1775575]}, "properties": {"name": "1ο Δημοτικό Σχολείο Αργοστολίου", "osm_id": 1249671149, "name_el": "1ο Δημοτικό Σχολείο Αργοστολίου", "name_en": "1st Primary School of Argostoli", "net_vid": 18251, "category": "education", "fire_min": 3.159467789615374, "poi_type": "school", "port_min": 1.7384039541337313, "road_dist_m": 9.29815947, "access_score": 100}}, {"type": "Feature", "geometry": {"type": "Point", "coordinates": [20.4858426, 38.1775065]}, "properties": {"name": "1ο Γυμνάσιο Αργοστολίου", "osm_id": 1249669024, "name_el": "1ο Γυμνάσιο Αργοστολίου", "name_en": "1st Middle School of Argostoli", "net_vid": 3476, "category": "education", "fire_min": 3.15467744744973, "poi_type": "school", "port_min": 1.6572647796021256, "road_dist_m": 19.64445095, "access_score": 99}}, {"type": "Feature", "geometry": {"type": "Point", "coordinates": [20.4857896, 38.1780884]}, "properties": {"name": "Προτομή του Κάρολου Νάπιερ", "osm_id": 1249835433, "name_el": "Προτομή του Κάρολου Νάπιερ", "name_en": "Bust of Sir Charles Napier", "net_vid": 3476, "category": "heritage", "fire_min": 3.32710257057473, "poi_type": "monument", "port_min": 1.8296899027271256, "road_dist_m": 33.4384608, "access_score": 98}}, {"type": "Feature", "geometry": {"type": "Point", "coordinates": [20.4867826, 38.1784181]}, "properties": {"name": "El Greco", "osm_id": 6027347883, "name_el": null, "name_en": null, "net_vid": 171, "category": "food_drink", "fire_min": 2.8845319180095124, "poi_type": "restaurant", "port_min": 1.3871192501619076, "road_dist_m": 6.23827938, "access_score": 100}}, {"type": "Feature", "geometry": {"type": "Point", "coordinates": [20.4876361, 38.1779585]}, "properties": {"name": null, "osm_id": 6600232563, "name_el": null, "name_en": null, "net_vid": 3478, "category": "other", "fire_min": 2.6237123683780017, "poi_type": "telephone", "port_min": 1.4540921099538922, "road_dist_m": 4.82666298, "access_score": 100}}, {"type": "Feature", "geometry": {"type": "Point", "coordinates": [20.4876317, 38.1779069]}, "properties": {"name": "Cosmote", "osm_id": 9020250732, "name_el": null, "name_en": null, "net_vid": 3478, "category": "shop", "fire_min": 2.6607302565030015, "poi_type": "telecommunication", "port_min": 1.4911099980788922, "road_dist_m": 7.78809403, "access_score": 100}}, {"type": "Feature", "geometry": {"type": "Point", "coordinates": [20.4875232, 38.1776127]}, "properties": {"name": "Άννα Γ. Πολυκαλά", "osm_id": 13982385901, "name_el": null, "name_en": null, "net_vid": 15297, "category": "health", "fire_min": 2.7786334644292445, "poi_type": "dentist", "port_min": 1.609013206005135, "road_dist_m": 4.73637095, "access_score": 100}}, {"type": "Feature", "geometry": {"type": "Point", "coordinates": [20.4869269, 38.1767727]}, "properties": {"name": "Κοργιαλένειο Ιστορικό και Λαογραφικό Μουσείο Αργοστολίου", "osm_id": 1249835435, "name_el": "Κοργιαλένειο Ιστορικό και Λαογραφικό Μουσείο Αργοστολίου", "name_en": "Korgialeneio Historic and Folklore Museum of Argostoli", "net_vid": 3471, "category": "tourism", "fire_min": 3.066436961574656, "poi_type": "museum", "port_min": 1.8968167031505465, "road_dist_m": 24.31174715, "access_score": 99}}, {"type": "Feature", "geometry": {"type": "Point", "coordinates": [20.4868624, 38.1767896]}, "properties": {"name": "Κοργιαλένειος Βιβλιοθήκη", "osm_id": 1249835455, "name_el": "Κοργιαλένειος Βιβλιοθήκη", "name_en": "Korgialeneios Library", "net_vid": 3471, "category": "other", "fire_min": 3.020740515574656, "poi_type": "library", "port_min": 1.8511202571505465, "road_dist_m": 20.65603147, "access_score": 99}}, {"type": "Feature", "geometry": {"type": "Point", "coordinates": [20.4881096, 38.1770385]}, "properties": {"name": "Coffee Boat", "osm_id": 9020398939, "name_el": null, "name_en": null, "net_vid": 3421, "category": "food_drink", "fire_min": 2.557564244634837, "poi_type": "cafe", "port_min": 1.3879439862107275, "road_dist_m": 6.85282734, "access_score": 100}}, {"type": "Feature", "geometry": {"type": "Point", "coordinates": [20.4880064, 38.177117]}, "properties": {"name": null, "osm_id": 1249987313, "name_el": null, "name_en": null, "net_vid": 3421, "category": "health", "fire_min": 2.566107916009837, "poi_type": "pharmacy", "port_min": 1.3964876575857275, "road_dist_m": 7.53632105, "access_score": 100}}, {"type": "Feature", "geometry": {"type": "Point", "coordinates": [20.4885141, 38.1775548]}, "properties": {"name": "Via Vallianou", "osm_id": 11756622977, "name_el": null, "name_en": null, "net_vid": 3492, "category": "food_drink", "fire_min": 2.491597267820056, "poi_type": "bar", "port_min": 1.3219770093959462, "road_dist_m": 13.51198314, "access_score": 99}}, {"type": "Feature", "geometry": {"type": "Point", "coordinates": [20.4888954, 38.1774925]}, "properties": {"name": "The Body Shop", "osm_id": 11760432820, "name_el": null, "name_en": null, "net_vid": 3492, "category": "shop", "fire_min": 2.3896676056950557, "poi_type": "cosmetics", "port_min": 1.2200473472709463, "road_dist_m": 5.35761017, "access_score": 100}}, {"type": "Feature", "geometry": {"type": "Point", "coordinates": [20.488892, 38.1768231]}, "properties": {"name": "AnticoCafe", "osm_id": 11758658049, "name_el": null, "name_en": null, "net_vid": 17400, "category": "food_drink", "fire_min": 2.8685699994037557, "poi_type": "cafe", "port_min": 1.698949740979646, "road_dist_m": 13.09948157, "access_score": 99}}, {"type": "Feature", "geometry": {"type": "Point", "coordinates": [20.4890807, 38.1768168]}, "properties": {"name": "Meraklides", "osm_id": 13882606243, "name_el": null, "name_en": null, "net_vid": 17400, "category": "food_drink", "fire_min": 2.9333441890287557, "poi_type": "restaurant", "port_min": 1.763723930604646, "road_dist_m": 18.28141674, "access_score": 99}}, {"type": "Feature", "geometry": {"type": "Point", "coordinates": [20.4897881, 38.1767956]}, "properties": {"name": "Artostoli", "osm_id": 13882581233, "name_el": null, "name_en": null, "net_vid": 3490, "category": "shop", "fire_min": 2.163064469117707, "poi_type": "bakery", "port_min": 1.360560795436835, "road_dist_m": 6.96854307, "access_score": 100}}, {"type": "Feature", "geometry": {"type": "Point", "coordinates": [20.4894245, 38.1774377]}, "properties": {"name": "Eurobank", "osm_id": 6027374887, "name_el": null, "name_en": null, "net_vid": 16810, "category": "services", "fire_min": 2.2857307327316425, "poi_type": "bank", "port_min": 1.1161104743075332, "road_dist_m": 9.24164488, "access_score": 100}}, {"type": "Feature", "geometry": {"type": "Point", "coordinates": [20.4892081, 38.1773362]}, "properties": {"name": "Mouikis", "osm_id": 1250041137, "name_el": null, "name_en": null, "net_vid": 3493, "category": "tourism", "fire_min": 2.363993161320186, "poi_type": "hotel", "port_min": 1.1943729028960766, "road_dist_m": 10.35911388, "access_score": 99}}, {"type": "Feature", "geometry": {"type": "Point", "coordinates": [20.4897035, 38.1775606]}, "properties": {"name": "I Love Kefalonia", "osm_id": 9888111351, "name_el": null, "name_en": null, "net_vid": 16810, "category": "tourism", "fire_min": 2.3601762578566428, "poi_type": "attraction", "port_min": 1.1905559994325332, "road_dist_m": 15.19728689, "access_score": 99}}, {"type": "Feature", "geometry": {"type": "Point", "coordinates": [20.4892546, 38.1782103]}, "properties": {"name": "Kefalonia Grand", "osm_id": 4245913189, "name_el": null, "name_en": null, "net_vid": 3141, "category": "tourism", "fire_min": 2.475461553939481, "poi_type": "hotel", "port_min": 1.0677753023496945, "road_dist_m": 14.89747085, "access_score": 99}}, {"type": "Feature", "geometry": {"type": "Point", "coordinates": [20.4883386, 38.1776711]}, "properties": {"name": null, "osm_id": 4350056889, "name_el": null, "name_en": null, "net_vid": 18480, "category": "other", "fire_min": null, "poi_type": "bus_station", "port_min": null, "road_dist_m": 25.27188108, "access_score": 99}}, {"type": "Feature", "geometry": {"type": "Point", "coordinates": [20.4881822, 38.1776351]}, "properties": {"name": "Αρχαιολογικό Μουσείο Αργοστολίου", "osm_id": 1249835448, "name_el": "Αρχαιολογικό Μουσείο Αργοστολίου", "name_en": "Archaeological Museum of Argostoli", "net_vid": 3480, "category": "tourism", "fire_min": 2.7145148824525127, "poi_type": "museum", "port_min": 1.5448946240284036, "road_dist_m": 22.45629356, "access_score": 99}}, {"type": "Feature", "geometry": {"type": "Point", "coordinates": [20.4881376, 38.1786408]}, "properties": {"name": "Baroque Le Bistrot", "osm_id": 11758658048, "name_el": null, "name_en": null, "net_vid": 18503, "category": "food_drink", "fire_min": null, "poi_type": "cafe", "port_min": null, "road_dist_m": 31.8836618, "access_score": 98}}, {"type": "Feature", "geometry": {"type": "Point", "coordinates": [20.4882463, 38.1788219]}, "properties": {"name": "Hotel Mirabel", "osm_id": 1249933913, "name_el": null, "name_en": null, "net_vid": 18503, "category": "tourism", "fire_min": null, "poi_type": "hotel", "port_min": null, "road_dist_m": 28.96869988, "access_score": 99}}, {"type": "Feature", "geometry": {"type": "Point", "coordinates": [20.4880874, 38.17886]}, "properties": {"name": "Polo Café", "osm_id": 13144087701, "name_el": null, "name_en": null, "net_vid": 18503, "category": "food_drink", "fire_min": null, "poi_type": "cafe", "port_min": null, "road_dist_m": 43.41519977, "access_score": 98}}, {"type": "Feature", "geometry": {"type": "Point", "coordinates": [20.4881398, 38.1792826]}, "properties": {"name": "La Gondola Cafe - Restaurant", "osm_id": 6027336338, "name_el": null, "name_en": null, "net_vid": 18456, "category": "food_drink", "fire_min": 3.8130361023366897, "poi_type": "restaurant", "port_min": 1.3796525035392724, "road_dist_m": 38.94535956, "access_score": 98}}, {"type": "Feature", "geometry": {"type": "Point", "coordinates": [20.48818, 38.1791603]}, "properties": {"name": "Grill", "osm_id": 6027347884, "name_el": null, "name_en": null, "net_vid": 18456, "category": "food_drink", "fire_min": 3.8831958132116897, "poi_type": "restaurant", "port_min": 1.4498122144142724, "road_dist_m": 44.55813643, "access_score": 98}}, {"type": "Feature", "geometry": {"type": "Point", "coordinates": [20.4882467, 38.1789571]}, "properties": {"name": "Levante Ferries", "osm_id": 13883346063, "name_el": null, "name_en": null, "net_vid": 18456, "category": "shop", "fire_min": 3.72721978833669, "poi_type": "ticket", "port_min": 1.2938361895392725, "road_dist_m": 32.08005444, "access_score": 98}}, {"type": "Feature", "geometry": {"type": "Point", "coordinates": [20.4884455, 38.1789263]}, "properties": {"name": "Pizzaria Paparazzi", "osm_id": 6027336339, "name_el": null, "name_en": null, "net_vid": 3496, "category": "food_drink", "fire_min": 3.1667517501702256, "poi_type": "restaurant", "port_min": 1.9971314917461158, "road_dist_m": 14.80930497, "access_score": 99}}, {"type": "Feature", "geometry": {"type": "Point", "coordinates": [20.4884755, 38.1786478]}, "properties": {"name": null, "osm_id": 4924094522, "name_el": null, "name_en": "Casa Grec", "net_vid": 18503, "category": "food_drink", "fire_min": null, "poi_type": "restaurant", "port_min": null, "road_dist_m": 5.82672555, "access_score": 100}}, {"type": "Feature", "geometry": {"type": "Point", "coordinates": [20.4886112, 38.1784638]}, "properties": {"name": "Sepia", "osm_id": 9020581271, "name_el": null, "name_en": "Sepia", "net_vid": 18503, "category": "food_drink", "fire_min": null, "poi_type": "restaurant", "port_min": null, "road_dist_m": 4.76304952, "access_score": 100}}, {"type": "Feature", "geometry": {"type": "Point", "coordinates": [20.489302, 38.1788426]}, "properties": {"name": "Hidden Garden", "osm_id": 13789024302, "name_el": null, "name_en": null, "net_vid": 3499, "category": "food_drink", "fire_min": 2.6953365895688006, "poi_type": "restaurant", "port_min": 0.762699083220375, "road_dist_m": 11.48942351, "access_score": 99}}, {"type": "Feature", "geometry": {"type": "Point", "coordinates": [20.4893521, 38.1795208]}, "properties": {"name": "Captain's Table", "osm_id": 6027336337, "name_el": null, "name_en": null, "net_vid": 3497, "category": "food_drink", "fire_min": 2.735810385247106, "poi_type": "restaurant", "port_min": 0.6363934097920698, "road_dist_m": 8.0561484, "access_score": 100}}, {"type": "Feature", "geometry": {"type": "Point", "coordinates": [20.4897746, 38.1796606]}, "properties": {"name": null, "osm_id": 12416107833, "name_el": null, "name_en": null, "net_vid": 3497, "category": "heritage", "fire_min": 2.993958688997106, "poi_type": "memorial", "port_min": 0.8945417135420699, "road_dist_m": 28.7080127, "access_score": 99}}, {"type": "Feature", "geometry": {"type": "Point", "coordinates": [20.4898234, 38.1800026]}, "properties": {"name": null, "osm_id": 1249933914, "name_el": null, "name_en": null, "net_vid": 3497, "category": "tourism", "fire_min": 3.045018928122106, "poi_type": "information", "port_min": 0.9456019526670698, "road_dist_m": 32.79283183, "access_score": 98}}, {"type": "Feature", "geometry": {"type": "Point", "coordinates": [20.4892594, 38.1798233]}, "properties": {"name": "Portside Taverna", "osm_id": 9947794818, "name_el": null, "name_en": null, "net_vid": 3497, "category": "food_drink", "fire_min": 2.845591237372106, "poi_type": "restaurant", "port_min": 0.7461742619170699, "road_dist_m": 16.83861657, "access_score": 99}}, {"type": "Feature", "geometry": {"type": "Point", "coordinates": [20.4887557, 38.1795419]}, "properties": {"name": "Cosi", "osm_id": 11760432821, "name_el": null, "name_en": null, "net_vid": 18479, "category": "food_drink", "fire_min": 3.3410991772609817, "poi_type": "cafe", "port_min": 0.9077155784635642, "road_dist_m": 7.13586287, "access_score": 100}}, {"type": "Feature", "geometry": {"type": "Point", "coordinates": [20.4882038, 38.179505]}, "properties": {"name": "Ainos Hotel", "osm_id": 1249933917, "name_el": null, "name_en": null, "net_vid": 18456, "category": "tourism", "fire_min": 3.63740788671169, "poi_type": "hotel", "port_min": 1.2040242879142724, "road_dist_m": 24.89510231, "access_score": 99}}, {"type": "Feature", "geometry": {"type": "Point", "coordinates": [20.4880698, 38.1801757]}, "properties": {"name": "Michael the Archangel", "osm_id": 1248471811, "name_el": null, "name_en": null, "net_vid": 3374, "category": "other", "fire_min": 3.339250665126406, "poi_type": "place_of_worship", "port_min": 0.7863731622266015, "road_dist_m": 10.1206856, "access_score": 99}}, {"type": "Feature", "geometry": {"type": "Point", "coordinates": [20.4875164, 38.1799038]}, "properties": {"name": null, "osm_id": 10922234455, "name_el": null, "name_en": null, "net_vid": 18396, "category": "other", "fire_min": 3.4259324279081333, "poi_type": "telephone", "port_min": 0.9925488291107161, "road_dist_m": 3.6645885, "access_score": 100}}, {"type": "Feature", "geometry": {"type": "Point", "coordinates": [20.4874549, 38.1799154]}, "properties": {"name": null, "osm_id": 10922256758, "name_el": null, "name_en": null, "net_vid": 18396, "category": "other", "fire_min": 3.4667524007831334, "poi_type": "bench", "port_min": 1.0333688019857161, "road_dist_m": 6.93018633, "access_score": 100}}, {"type": "Feature", "geometry": {"type": "Point", "coordinates": [20.4874628, 38.179895]}, "properties": {"name": null, "osm_id": 10922256759, "name_el": null, "name_en": null, "net_vid": 18396, "category": "other", "fire_min": 3.437299785283133, "poi_type": "waste_basket", "port_min": 1.003916186485716, "road_dist_m": 4.57397709, "access_score": 100}}, {"type": "Feature", "geometry": {"type": "Point", "coordinates": [20.4873823, 38.17988]}, "properties": {"name": null, "osm_id": 10922240492, "name_el": null, "name_en": null, "net_vid": 18396, "category": "other", "fire_min": 3.485570982533133, "poi_type": "waste_basket", "port_min": 1.052187383735716, "road_dist_m": 8.43567287, "access_score": 100}}, {"type": "Feature", "geometry": {"type": "Point", "coordinates": [20.4873758, 38.1798974]}, "properties": {"name": null, "osm_id": 10922252434, "name_el": null, "name_en": null, "net_vid": 18396, "category": "other", "fire_min": 3.5106378787831334, "poi_type": "bench", "port_min": 1.077254279985716, "road_dist_m": 10.44102457, "access_score": 99}}, {"type": "Feature", "geometry": {"type": "Point", "coordinates": [20.4873287, 38.1799656]}, "properties": {"name": null, "osm_id": 5051261822, "name_el": null, "name_en": "to Arhontiko", "net_vid": 18396, "category": "food_drink", "fire_min": 3.590419186283133, "poi_type": "restaurant", "port_min": 1.157035587485716, "road_dist_m": 16.82352917, "access_score": 99}}, {"type": "Feature", "geometry": {"type": "Point", "coordinates": [20.4874403, 38.1799607]}, "properties": {"name": null, "osm_id": 10922250929, "name_el": null, "name_en": null, "net_vid": 18396, "category": "other", "fire_min": 3.5309119512831333, "poi_type": "waste_basket", "port_min": 1.097528352485716, "road_dist_m": 12.06295037, "access_score": 99}}, {"type": "Feature", "geometry": {"type": "Point", "coordinates": [20.487267, 38.1797993]}, "properties": {"name": "EV Loader - Ionian Plaza Hotel", "osm_id": 13266531601, "name_el": null, "name_en": null, "net_vid": 18396, "category": "other", "fire_min": 3.4280160471581334, "poi_type": "charging_station", "port_min": 0.9946324483607161, "road_dist_m": 3.83127804, "access_score": 100}}, {"type": "Feature", "geometry": {"type": "Point", "coordinates": [20.4872163, 38.1794966]}, "properties": {"name": "Ionian Plaza", "osm_id": 1249933899, "name_el": null, "name_en": null, "net_vid": 18070, "category": "tourism", "fire_min": null, "poi_type": "hotel", "port_min": null, "road_dist_m": 25.76673236, "access_score": 99}}, {"type": "Feature", "geometry": {"type": "Point", "coordinates": [20.4875605, 38.1797906]}, "properties": {"name": null, "osm_id": 10922227430, "name_el": null, "name_en": null, "net_vid": 18509, "category": "services", "fire_min": 3.673570721044205, "poi_type": "atm", "port_min": 1.9158980604610152, "road_dist_m": 9.41894075, "access_score": 100}}, {"type": "Feature", "geometry": {"type": "Point", "coordinates": [20.4875582, 38.1797355]}, "properties": {"name": null, "osm_id": 10922238143, "name_el": null, "name_en": null, "net_vid": 18509, "category": "other", "fire_min": 3.712539029669205, "poi_type": "bench", "port_min": 1.954866369086015, "road_dist_m": 12.53640544, "access_score": 99}}, {"type": "Feature", "geometry": {"type": "Point", "coordinates": [20.4875159, 38.179656]}, "properties": {"name": null, "osm_id": 10922209404, "name_el": null, "name_en": null, "net_vid": 18509, "category": "other", "fire_min": 3.793237272294205, "poi_type": "bench", "port_min": 2.035564611711015, "road_dist_m": 18.99226485, "access_score": 99}}, {"type": "Feature", "geometry": {"type": "Point", "coordinates": [20.4874454, 38.1796015]}, "properties": {"name": "Melograno", "osm_id": 10922260651, "name_el": null, "name_en": null, "net_vid": 18509, "category": "food_drink", "fire_min": 3.8350798557942047, "poi_type": "restaurant", "port_min": 2.0774071952110154, "road_dist_m": 22.33967153, "access_score": 99}}, {"type": "Feature", "geometry": {"type": "Point", "coordinates": [20.4877339, 38.1796554]}, "properties": {"name": "Premier", "osm_id": 5865968385, "name_el": null, "name_en": null, "net_vid": 18509, "category": "food_drink", "fire_min": 3.919878751419205, "poi_type": "cafe", "port_min": 2.162206090836015, "road_dist_m": 29.12358318, "access_score": 99}}, {"type": "Feature", "geometry": {"type": "Point", "coordinates": [20.4870159, 38.1785046]}, "properties": {"name": "Λαδόκολλα", "osm_id": 6027347882, "name_el": null, "name_en": null, "net_vid": 15444, "category": "food_drink", "fire_min": 2.774163512311527, "poi_type": "restaurant", "port_min": 1.5497752421098925, "road_dist_m": 8.32978283, "access_score": 100}}, {"type": "Feature", "geometry": {"type": "Point", "coordinates": [20.486855, 38.1788461]}, "properties": {"name": null, "osm_id": 6027336336, "name_el": null, "name_en": null, "net_vid": 16946, "category": "leisure", "fire_min": 3.4576194220507523, "poi_type": "fitness_station", "port_min": 1.7811948622402698, "road_dist_m": 21.22817346, "access_score": 99}}, {"type": "Feature", "geometry": {"type": "Point", "coordinates": [20.4864118, 38.1785608]}, "properties": {"name": null, "osm_id": 1249835432, "name_el": null, "name_en": null, "net_vid": 171, "category": "leisure", "fire_min": 3.105180091009512, "poi_type": "playground", "port_min": 1.6077674231619077, "road_dist_m": 23.89013322, "access_score": 99}}, {"type": "Feature", "geometry": {"type": "Point", "coordinates": [20.4854704, 38.1786429]}, "properties": {"name": "3ο Γυμνάσιο Αργοστολίου «Ρόκκος Χοϊδάς»", "osm_id": 1249835451, "name_el": "3ο Γυμνάσιο Αργοστολίου «Ρόκκος Χοϊδάς»", "name_en": "3rd Middle School of Argostoli", "net_vid": 3513, "category": "education", "fire_min": 3.645281006928338, "poi_type": "school", "port_min": 2.147868339080733, "road_dist_m": 19.89923171, "access_score": 99}}, {"type": "Feature", "geometry": {"type": "Point", "coordinates": [20.4840217, 38.1776727]}, "properties": {"name": null, "osm_id": 11775369670, "name_el": null, "name_en": "Hotel Europe", "net_vid": 3515, "category": "tourism", "fire_min": 3.550534909166213, "poi_type": "hotel", "port_min": 2.0531222413186083, "road_dist_m": 18.19211294, "access_score": 99}}, {"type": "Feature", "geometry": {"type": "Point", "coordinates": [20.4840293, 38.1776598]}, "properties": {"name": null, "osm_id": 11775375569, "name_el": null, "name_en": "Hotel Europe", "net_vid": 3515, "category": "tourism", "fire_min": 3.541425496041213, "poi_type": "hotel", "port_min": 2.0440128281936083, "road_dist_m": 17.46335989, "access_score": 99}}, {"type": "Feature", "geometry": {"type": "Point", "coordinates": [20.4850192, 38.1781522]}, "properties": {"name": "Aspasia", "osm_id": 4267702890, "name_el": null, "name_en": null, "net_vid": 3514, "category": "tourism", "fire_min": 3.3113355723736784, "poi_type": "hotel", "port_min": 1.8139229045260732, "road_dist_m": 1.85399851, "access_score": 100}}, {"type": "Feature", "geometry": {"type": "Point", "coordinates": [20.4850416, 38.1768227]}, "properties": {"name": "Anna's nails", "osm_id": 11161687365, "name_el": null, "name_en": null, "net_vid": 3525, "category": "shop", "fire_min": 3.1950496543231055, "poi_type": "beauty", "port_min": 1.6976369864755005, "road_dist_m": 7.43318728, "access_score": 100}}, {"type": "Feature", "geometry": {"type": "Point", "coordinates": [20.4810231, 38.1804687]}, "properties": {"name": null, "osm_id": 452223044, "name_el": null, "name_en": null, "net_vid": 16073, "category": "tourism", "fire_min": 7.561942787677579, "poi_type": "viewpoint", "port_min": 6.7082119560496976, "road_dist_m": 0, "access_score": 100}}, {"type": "Feature", "geometry": {"type": "Point", "coordinates": [20.4846195, 38.1804924]}, "properties": {"name": "4o Δημοτικό Σχολείο Αργοστολίου", "osm_id": 1249671146, "name_el": "4o Δημοτικό Σχολείο Αργοστολίου", "name_en": "4th Primary School of Argostoli", "net_vid": 3560, "category": "education", "fire_min": 3.407676780706992, "poi_type": "school", "port_min": 1.1401894800697594, "road_dist_m": 16.23812474, "access_score": 99}}, {"type": "Feature", "geometry": {"type": "Point", "coordinates": [20.4846544, 38.1814566]}, "properties": {"name": null, "osm_id": 5032024623, "name_el": null, "name_en": "Vivian Villas", "net_vid": 3558, "category": "tourism", "fire_min": 3.5162274420378252, "poi_type": "hotel", "port_min": 1.248740141400593, "road_dist_m": 9.048598, "access_score": 100}}, {"type": "Feature", "geometry": {"type": "Point", "coordinates": [20.4852749, 38.1830771]}, "properties": {"name": "2ο Γυμνάσιο Αργοστολίου", "osm_id": 1249835452, "name_el": "2ο Γυμνάσιο Αργοστολίου", "name_en": "2nd Middle School of Argostoli", "net_vid": 3569, "category": "education", "fire_min": 4.215912946334249, "poi_type": "school", "port_min": 1.7552676893931, "road_dist_m": 43.28957722, "access_score": 98}}, {"type": "Feature", "geometry": {"type": "Point", "coordinates": [20.4850794, 38.1840259]}, "properties": {"name": null, "osm_id": 5051611821, "name_el": null, "name_en": null, "net_vid": 3577, "category": "heritage", "fire_min": 4.011613586411823, "poi_type": "monument", "port_min": 1.2808344151138784, "road_dist_m": 11.34513114, "access_score": 99}}, {"type": "Feature", "geometry": {"type": "Point", "coordinates": [20.4847056, 38.1854404]}, "properties": {"name": "Παλιά Πλάκα", "osm_id": 4398405892, "name_el": "Παλιά Πλάκα", "name_en": "Palia Plaka", "net_vid": 18075, "category": "food_drink", "fire_min": 4.6295136149693725, "poi_type": "restaurant", "port_min": 1.8987344436714269, "road_dist_m": 10.34585864, "access_score": 99}}, {"type": "Feature", "geometry": {"type": "Point", "coordinates": [20.4834589, 38.1849774]}, "properties": {"name": "Kefalonia's Dream", "osm_id": 11963660075, "name_el": null, "name_en": null, "net_vid": 3572, "category": "tourism", "fire_min": 4.35716267041033, "poi_type": "apartment", "port_min": 1.626383499112385, "road_dist_m": 3.39746768, "access_score": 100}}, {"type": "Feature", "geometry": {"type": "Point", "coordinates": [20.4834893, 38.1865802]}, "properties": {"name": null, "osm_id": 5077357674, "name_el": null, "name_en": null, "net_vid": 16638, "category": "leisure", "fire_min": 4.5770781870782535, "poi_type": "slipway", "port_min": 1.8462990157803072, "road_dist_m": 0, "access_score": 100}}, {"type": "Feature", "geometry": {"type": "Point", "coordinates": [20.4745834, 38.1854388]}, "properties": {"name": "Limanaki Hotel", "osm_id": 4918576611, "name_el": null, "name_en": null, "net_vid": 15757, "category": "tourism", "fire_min": 8.128259184153665, "poi_type": "hotel", "port_min": 6.912273272872758, "road_dist_m": 20.88389846, "access_score": 99}}, {"type": "Feature", "geometry": {"type": "Point", "coordinates": [20.4735049, 38.1874713]}, "properties": {"name": "Italian War Memorial", "osm_id": 452551298, "name_el": null, "name_en": null, "net_vid": 3598, "category": "heritage", "fire_min": 8.256411570721387, "poi_type": "memorial", "port_min": 6.051709954845688, "road_dist_m": 6.69149405, "access_score": 100}}, {"type": "Feature", "geometry": {"type": "Point", "coordinates": [20.4750556, 38.1813669]}, "properties": {"name": null, "osm_id": 7860550032, "name_el": null, "name_en": null, "net_vid": 18275, "category": "tourism", "fire_min": 9.17766358737902, "poi_type": "viewpoint", "port_min": 8.323932755751141, "road_dist_m": 98.27042367, "access_score": 95}}, {"type": "Feature", "geometry": {"type": "Point", "coordinates": [20.4762063, 38.1786245]}, "properties": {"name": "Βαρδιόλα κτήματος Πινιατώρου", "osm_id": 9947372709, "name_el": "Βαρδιόλα κτήματος Πινιατώρου", "name_en": "Vardiola at Piniatoros’ property", "net_vid": 13128, "category": "heritage", "fire_min": 8.02687114120274, "poi_type": "castle", "port_min": 7.173140309574861, "road_dist_m": 104.37425138, "access_score": 95}}, {"type": "Feature", "geometry": {"type": "Point", "coordinates": [20.4754485, 38.193527]}, "properties": {"name": null, "osm_id": 7860550367, "name_el": null, "name_en": null, "net_vid": 3608, "category": "leisure", "fire_min": 6.4809245126821065, "poi_type": "picnic_table", "port_min": 3.750145341384162, "road_dist_m": 5.79121478, "access_score": 100}}, {"type": "Feature", "geometry": {"type": "Point", "coordinates": [20.4741153, 38.1941701]}, "properties": {"name": "Καταβόθρες", "osm_id": 3816412601, "name_el": "Καταβόθρες", "name_en": "The Katavothres Sea Mills", "net_vid": 3617, "category": "tourism", "fire_min": 7.1003920405486, "poi_type": "attraction", "port_min": 4.369612869250656, "road_dist_m": 29.77546686, "access_score": 99}}, {"type": "Feature", "geometry": {"type": "Point", "coordinates": [20.4690195, 38.1914874]}, "properties": {"name": null, "osm_id": 452551296, "name_el": null, "name_en": null, "net_vid": 3601, "category": "other", "fire_min": 7.892902309151851, "poi_type": "place_of_worship", "port_min": 5.162123137853906, "road_dist_m": 3.38131246, "access_score": 100}}, {"type": "Feature", "geometry": {"type": "Point", "coordinates": [20.4681167, 38.1914464]}, "properties": {"name": null, "osm_id": 7449550816, "name_el": null, "name_en": null, "net_vid": 14630, "category": "other", "fire_min": 8.44724731076353, "poi_type": "bench", "port_min": 5.716468139465584, "road_dist_m": 1.32851415, "access_score": 100}}, {"type": "Feature", "geometry": {"type": "Point", "coordinates": [20.4679692, 38.1914183]}, "properties": {"name": null, "osm_id": 7449550817, "name_el": null, "name_en": null, "net_vid": 14630, "category": "other", "fire_min": 8.449849631513528, "poi_type": "bench", "port_min": 5.719070460215584, "road_dist_m": 1.53669981, "access_score": 100}}, {"type": "Feature", "geometry": {"type": "Point", "coordinates": [20.4878869, 38.2053943]}, "properties": {"name": null, "osm_id": 4963688521, "name_el": null, "name_en": "To Eksoxiko", "net_vid": 3643, "category": "food_drink", "fire_min": 12.128954966482194, "poi_type": "restaurant", "port_min": 14.572148017613507, "road_dist_m": 1.60651327, "access_score": 100}}, {"type": "Feature", "geometry": {"type": "Point", "coordinates": [20.4771002, 38.2251586]}, "properties": {"name": null, "osm_id": 6553570785, "name_el": null, "name_en": "Mylos Taverna", "net_vid": 3661, "category": "food_drink", "fire_min": 19.225466650647014, "poi_type": "restaurant", "port_min": 21.668659701778324, "road_dist_m": 14.02611078, "access_score": 99}}, {"type": "Feature", "geometry": {"type": "Point", "coordinates": [20.4764284, 38.2287939]}, "properties": {"name": null, "osm_id": 14068032252, "name_el": null, "name_en": null, "net_vid": 3657, "category": "leisure", "fire_min": 17.625740041717037, "poi_type": "playground", "port_min": 20.06893309284835, "road_dist_m": 10.95511088, "access_score": 99}}, {"type": "Feature", "geometry": {"type": "Point", "coordinates": [20.4756538, 38.2292766]}, "properties": {"name": "Café Marina", "osm_id": 13953749001, "name_el": null, "name_en": null, "net_vid": 3654, "category": "food_drink", "fire_min": 17.672801881925597, "poi_type": "cafe", "port_min": 20.11599493305691, "road_dist_m": 8.38842046, "access_score": 100}}, {"type": "Feature", "geometry": {"type": "Point", "coordinates": [20.4758294, 38.2286924]}, "properties": {"name": null, "osm_id": 14054849870, "name_el": null, "name_en": null, "net_vid": 174, "category": "leisure", "fire_min": 17.856106907561923, "poi_type": "pitch", "port_min": 20.299299958693236, "road_dist_m": 12.07648466, "access_score": 99}}, {"type": "Feature", "geometry": {"type": "Point", "coordinates": [20.4756468, 38.2312064]}, "properties": {"name": "Πολιτιστικό Κέντρο Φάρσων", "osm_id": 14052271401, "name_el": null, "name_en": "Cultural center of Farsa", "net_vid": 13947, "category": "other", "fire_min": 18.42217968100162, "poi_type": "events_venue", "port_min": 20.865372732132933, "road_dist_m": 38.56718029, "access_score": 98}}, {"type": "Feature", "geometry": {"type": "Point", "coordinates": [20.4759712, 38.2310719]}, "properties": {"name": null, "osm_id": 14052294683, "name_el": null, "name_en": null, "net_vid": 15972, "category": "services", "fire_min": 18.507529193303267, "poi_type": "parking", "port_min": 20.95072224443458, "road_dist_m": 19.06936895, "access_score": 99}}, {"type": "Feature", "geometry": {"type": "Point", "coordinates": [20.4759712, 38.2395048]}, "properties": {"name": "Honey", "osm_id": 13005997603, "name_el": null, "name_en": null, "net_vid": 3655, "category": "shop", "fire_min": 19.475824224497906, "poi_type": "farm", "port_min": 21.919017275629216, "road_dist_m": 6.3163957, "access_score": 100}}, {"type": "Feature", "geometry": {"type": "Point", "coordinates": [20.4642275, 38.2682026]}, "properties": {"name": null, "osm_id": 12005967675, "name_el": null, "name_en": null, "net_vid": 3825, "category": "other", "fire_min": 27.279161521607527, "poi_type": "drinking_water", "port_min": 27.344429445223156, "road_dist_m": 23.93157016, "access_score": 99}}, {"type": "Feature", "geometry": {"type": "Point", "coordinates": [20.4636527, 38.275388]}, "properties": {"name": "Platanos", "osm_id": 6660165177, "name_el": null, "name_en": null, "net_vid": 3894, "category": "other", "fire_min": 28.121620772520995, "poi_type": "drinking_water", "port_min": 25.465769317338857, "road_dist_m": 6.11904882, "access_score": 100}}, {"type": "Feature", "geometry": {"type": "Point", "coordinates": [20.4331969, 38.2830981]}, "properties": {"name": null, "osm_id": 10086186893, "name_el": null, "name_en": null, "net_vid": 3943, "category": "tourism", "fire_min": 37.02863636338629, "poi_type": "viewpoint", "port_min": 16.428775928223562, "road_dist_m": 0.91993689, "access_score": 100}}, {"type": "Feature", "geometry": {"type": "Point", "coordinates": [20.4221216, 38.2713598]}, "properties": {"name": "Taverna Tis Pareas", "osm_id": 5885114777, "name_el": null, "name_en": "Three Umbrellas", "net_vid": 17272, "category": "food_drink", "fire_min": 44.31207862897731, "poi_type": "cafe", "port_min": 15.237538843172915, "road_dist_m": 12.54251915, "access_score": 99}}, {"type": "Feature", "geometry": {"type": "Point", "coordinates": [20.4217889, 38.260844]}, "properties": {"name": "REVOIL", "osm_id": 6669961598, "name_el": null, "name_en": null, "net_vid": 3969, "category": "services", "fire_min": 42.19361924271862, "poi_type": "fuel", "port_min": 11.347732750641226, "road_dist_m": 4.27752496, "access_score": 100}}, {"type": "Feature", "geometry": {"type": "Point", "coordinates": [20.4289026, 38.2315488]}, "properties": {"name": null, "osm_id": 8285361717, "name_el": null, "name_en": null, "net_vid": 4008, "category": "tourism", "fire_min": 47.81125589307185, "poi_type": "guest_house", "port_min": 6.073996600038007, "road_dist_m": 18.03354495, "access_score": 99}}, {"type": "Feature", "geometry": {"type": "Point", "coordinates": [20.3883385, 38.2351208]}, "properties": {"name": null, "osm_id": 4918482958, "name_el": null, "name_en": null, "net_vid": 4311, "category": "other", "fire_min": 54.751087346809506, "poi_type": "place_of_worship", "port_min": 11.959455283604976, "road_dist_m": 10.10737537, "access_score": 99}}, {"type": "Feature", "geometry": {"type": "Point", "coordinates": [20.3930859, 38.2417082]}, "properties": {"name": null, "osm_id": 4918481580, "name_el": null, "name_en": null, "net_vid": 4235, "category": "other", "fire_min": 54.65172394788666, "poi_type": "place_of_worship", "port_min": 13.758598381128543, "road_dist_m": 21.05977088, "access_score": 99}}, {"type": "Feature", "geometry": {"type": "Point", "coordinates": [20.3876599, 38.2429176]}, "properties": {"name": null, "osm_id": 4918481008, "name_el": null, "name_en": null, "net_vid": 4313, "category": "other", "fire_min": 53.54866123824578, "poi_type": "place_of_worship", "port_min": 13.18044073390476, "road_dist_m": 17.37315958, "access_score": 99}}, {"type": "Feature", "geometry": {"type": "Point", "coordinates": [20.4185561, 38.2664189]}, "properties": {"name": null, "osm_id": 4409225289, "name_el": null, "name_en": "Kefalonia Holiday Villa Fengaraki", "net_vid": 4553, "category": "tourism", "fire_min": 41.82357459220059, "poi_type": "guest_house", "port_min": 12.749034806396198, "road_dist_m": 11.11081084, "access_score": 99}}, {"type": "Feature", "geometry": {"type": "Point", "coordinates": [20.3822744, 38.2644424]}, "properties": {"name": "Petani bay", "osm_id": 4918347990, "name_el": null, "name_en": null, "net_vid": 4639, "category": "tourism", "fire_min": 50.189993410272194, "poi_type": "hotel", "port_min": 17.630008211621856, "road_dist_m": 13.40336998, "access_score": 99}}, {"type": "Feature", "geometry": {"type": "Point", "coordinates": [20.3820262, 38.2631628]}, "properties": {"name": "Niforos apartements", "osm_id": 4918444020, "name_el": null, "name_en": null, "net_vid": 4639, "category": "tourism", "fire_min": 50.31997709864719, "poi_type": "hotel", "port_min": 17.759991899996855, "road_dist_m": 23.80206505, "access_score": 99}}, {"type": "Feature", "geometry": {"type": "Point", "coordinates": [20.3775009, 38.2611096]}, "properties": {"name": "Ερασμία", "osm_id": 3073625372, "name_el": null, "name_en": null, "net_vid": 4642, "category": "food_drink", "fire_min": 53.889511161051296, "poi_type": "restaurant", "port_min": 21.329525962400954, "road_dist_m": 5.12995839, "access_score": 100}}, {"type": "Feature", "geometry": {"type": "Point", "coordinates": [20.3777812, 38.2612862]}, "properties": {"name": null, "osm_id": 5933685683, "name_el": null, "name_en": null, "net_vid": 4642, "category": "services", "fire_min": 53.9778627166763, "poi_type": "parking", "port_min": 21.417877518025954, "road_dist_m": 12.19808284, "access_score": 99}}, {"type": "Feature", "geometry": {"type": "Point", "coordinates": [20.3767259, 38.2607104]}, "properties": {"name": null, "osm_id": 6710828186, "name_el": null, "name_en": "Shower", "net_vid": 4642, "category": "other", "fire_min": 54.5806142625513, "poi_type": "shower", "port_min": 22.02062906390095, "road_dist_m": 60.41820651, "access_score": 97}}, {"type": "Feature", "geometry": {"type": "Point", "coordinates": [20.3688506, 38.2592628]}, "properties": {"name": null, "osm_id": 5116847926, "name_el": null, "name_en": "Viewpoint Petani beach and sunset", "net_vid": 4682, "category": "tourism", "fire_min": 64.73813476689236, "poi_type": "viewpoint", "port_min": 28.42062183336907, "road_dist_m": 35.41778931, "access_score": 98}}, {"type": "Feature", "geometry": {"type": "Point", "coordinates": [20.3839834, 38.2521857]}, "properties": {"name": "Μουριά", "osm_id": 8296599817, "name_el": "Μουριά", "name_en": null, "net_vid": 4726, "category": "food_drink", "fire_min": 51.073483877733956, "poi_type": "restaurant", "port_min": 14.755970944210652, "road_dist_m": 7.31678219, "access_score": 100}}, {"type": "Feature", "geometry": {"type": "Point", "coordinates": [20.376212, 38.2427238]}, "properties": {"name": null, "osm_id": 4918486379, "name_el": null, "name_en": null, "net_vid": 4740, "category": "other", "fire_min": 59.7868998449125, "poi_type": "place_of_worship", "port_min": 18.175717361289497, "road_dist_m": 32.37818097, "access_score": 98}}, {"type": "Feature", "geometry": {"type": "Point", "coordinates": [20.3734615, 38.2392327]}, "properties": {"name": null, "osm_id": 11270092350, "name_el": null, "name_en": null, "net_vid": 4703, "category": "other", "fire_min": 57.50312805595209, "poi_type": "bench", "port_min": 15.891945572329103, "road_dist_m": 3.45230735, "access_score": 100}}, {"type": "Feature", "geometry": {"type": "Point", "coordinates": [20.37343, 38.2391756]}, "properties": {"name": null, "osm_id": 11270092349, "name_el": null, "name_en": null, "net_vid": 4703, "category": "other", "fire_min": 57.49829671220209, "poi_type": "bench", "port_min": 15.887114228579103, "road_dist_m": 3.06579985, "access_score": 100}}, {"type": "Feature", "geometry": {"type": "Point", "coordinates": [20.3733771, 38.239088]}, "properties": {"name": null, "osm_id": 11270092348, "name_el": null, "name_en": null, "net_vid": 4703, "category": "tourism", "fire_min": 57.49646803257709, "poi_type": "viewpoint", "port_min": 15.885285548954103, "road_dist_m": 2.91950548, "access_score": 100}}, {"type": "Feature", "geometry": {"type": "Point", "coordinates": [20.3734457, 38.2388335]}, "properties": {"name": "Ladokolla", "osm_id": 8296548818, "name_el": null, "name_en": null, "net_vid": 4703, "category": "food_drink", "fire_min": 57.552878484452094, "poi_type": "restaurant", "port_min": 15.941696000829102, "road_dist_m": 7.43234163, "access_score": 100}}, {"type": "Feature", "geometry": {"type": "Point", "coordinates": [20.3772137, 38.2351311]}, "properties": {"name": null, "osm_id": 4918487993, "name_el": null, "name_en": null, "net_vid": 4698, "category": "other", "fire_min": 57.12501046398971, "poi_type": "place_of_worship", "port_min": 14.442912389589807, "road_dist_m": 14.7383553, "access_score": 99}}, {"type": "Feature", "geometry": {"type": "Point", "coordinates": [20.3767449, 38.2351412]}, "properties": {"name": "Atsoupi", "osm_id": 8296547918, "name_el": null, "name_en": null, "net_vid": 4676, "category": "food_drink", "fire_min": 56.97376302427628, "poi_type": "restaurant", "port_min": 14.449120936053244, "road_dist_m": 8.93679957, "access_score": 100}}, {"type": "Feature", "geometry": {"type": "Point", "coordinates": [20.3832703, 38.2333671]}, "properties": {"name": null, "osm_id": 11274966483, "name_el": null, "name_en": null, "net_vid": 4773, "category": "tourism", "fire_min": 58.37470413011358, "poi_type": "viewpoint", "port_min": 14.455734755465945, "road_dist_m": 65.23899658, "access_score": 97}}, {"type": "Feature", "geometry": {"type": "Point", "coordinates": [20.3713844, 38.2201846]}, "properties": {"name": null, "osm_id": 11303149603, "name_el": null, "name_en": null, "net_vid": 15643, "category": "tourism", "fire_min": 62.83993041051598, "poi_type": "viewpoint", "port_min": 15.486009709023552, "road_dist_m": 9.07326901, "access_score": 100}}, {"type": "Feature", "geometry": {"type": "Point", "coordinates": [20.3713657, 38.2201252]}, "properties": {"name": null, "osm_id": 11303136134, "name_el": null, "name_en": null, "net_vid": 15643, "category": "other", "fire_min": 62.851406702015986, "poi_type": "bench", "port_min": 15.497486000523551, "road_dist_m": 9.99137233, "access_score": 100}}, {"type": "Feature", "geometry": {"type": "Point", "coordinates": [20.3787284, 38.2224221]}, "properties": {"name": "Anatoli", "osm_id": 8296543717, "name_el": null, "name_en": null, "net_vid": 4821, "category": "food_drink", "fire_min": 61.262135503702446, "poi_type": "restaurant", "port_min": 13.186908625074365, "road_dist_m": 7.37651873, "access_score": 100}}, {"type": "Feature", "geometry": {"type": "Point", "coordinates": [20.3829203, 38.2220813]}, "properties": {"name": null, "osm_id": 4918496732, "name_el": null, "name_en": null, "net_vid": 5458, "category": "other", "fire_min": 60.3327293382137, "poi_type": "place_of_worship", "port_min": 11.311144264007172, "road_dist_m": 25.02502611, "access_score": 99}}, {"type": "Feature", "geometry": {"type": "Point", "coordinates": [20.3620774, 38.2136662]}, "properties": {"name": null, "osm_id": 11308042746, "name_el": null, "name_en": null, "net_vid": 4808, "category": "other", "fire_min": 68.10793403571573, "poi_type": "bench", "port_min": 24.41053833496393, "road_dist_m": 205.41702972, "access_score": 90}}, {"type": "Feature", "geometry": {"type": "Point", "coordinates": [20.3612011, 38.2123655]}, "properties": {"name": null, "osm_id": 11308042747, "name_el": null, "name_en": null, "net_vid": 15483, "category": "other", "fire_min": 75.6104777318485, "poi_type": "bench", "port_min": 29.214164545038123, "road_dist_m": 224.09373476, "access_score": 89}}, {"type": "Feature", "geometry": {"type": "Point", "coordinates": [20.3482137, 38.2031494]}, "properties": {"name": "Μονή Υπεραγίας Θεοτόκου Κηπουραίων", "osm_id": 1770694091, "name_el": null, "name_en": null, "net_vid": 16111, "category": "other", "fire_min": 72.07904026754865, "poi_type": "place_of_worship", "port_min": 27.095033190217247, "road_dist_m": 7.11086556, "access_score": 100}}, {"type": "Feature", "geometry": {"type": "Point", "coordinates": [20.3520636, 38.2066664]}, "properties": {"name": "Stathis", "osm_id": 9144645204, "name_el": null, "name_en": null, "net_vid": 17082, "category": "food_drink", "fire_min": 69.91402097563656, "poi_type": "restaurant", "port_min": 26.21662527488479, "road_dist_m": 19.19372988, "access_score": 99}}, {"type": "Feature", "geometry": {"type": "Point", "coordinates": [20.352644, 38.21402]}, "properties": {"name": null, "osm_id": 9192775217, "name_el": null, "name_en": null, "net_vid": 4844, "category": "tourism", "fire_min": 74.06414375448942, "poi_type": "viewpoint", "port_min": 30.366748053737645, "road_dist_m": 40.71442471, "access_score": 98}}, {"type": "Feature", "geometry": {"type": "Point", "coordinates": [20.3529467, 38.2139735]}, "properties": {"name": null, "osm_id": 9192766181, "name_el": null, "name_en": null, "net_vid": 4844, "category": "tourism", "fire_min": 73.86480592873943, "poi_type": "viewpoint", "port_min": 30.167410227987645, "road_dist_m": 24.76739865, "access_score": 99}}, {"type": "Feature", "geometry": {"type": "Point", "coordinates": [20.3808367, 38.1949432]}, "properties": {"name": "Ionian Balcony", "osm_id": 3044950360, "name_el": null, "name_en": null, "net_vid": 15359, "category": "tourism", "fire_min": 63.12245393936017, "poi_type": "hotel", "port_min": 11.841693862765958, "road_dist_m": 13.56256613, "access_score": 99}}, {"type": "Feature", "geometry": {"type": "Point", "coordinates": [20.3719474, 38.185507]}, "properties": {"name": "Λαγκαδάκια Παραδοσιακή Ταβέρνα", "osm_id": 6710827786, "name_el": "Λαγκαδάκια Παραδοσιακή Ταβέρνα", "name_en": "Lagadakia Greek Tavern", "net_vid": 4959, "category": "food_drink", "fire_min": 65.67131155266779, "poi_type": "restaurant", "port_min": 14.390551476073576, "road_dist_m": 16.16079315, "access_score": 99}}, {"type": "Feature", "geometry": {"type": "Point", "coordinates": [20.3872675, 38.1828119]}, "properties": {"name": null, "osm_id": 4918500916, "name_el": null, "name_en": null, "net_vid": 5025, "category": "other", "fire_min": 64.37793563253062, "poi_type": "place_of_worship", "port_min": 12.05664856663335, "road_dist_m": 19.23997121, "access_score": 99}}, {"type": "Feature", "geometry": {"type": "Point", "coordinates": [20.3903346, 38.1831031]}, "properties": {"name": null, "osm_id": 4918501049, "name_el": null, "name_en": null, "net_vid": 15565, "category": "other", "fire_min": 64.76867045676721, "poi_type": "place_of_worship", "port_min": 12.447383390869936, "road_dist_m": 10.99998455, "access_score": 99}}, {"type": "Feature", "geometry": {"type": "Point", "coordinates": [20.4033366, 38.1777923]}, "properties": {"name": null, "osm_id": 4918501218, "name_el": null, "name_en": null, "net_vid": 5065, "category": "other", "fire_min": 60.24434411484084, "poi_type": "place_of_worship", "port_min": 7.923057048943552, "road_dist_m": 8.16310943, "access_score": 100}}, {"type": "Feature", "geometry": {"type": "Point", "coordinates": [20.4083606, 38.1775252]}, "properties": {"name": "Αγία Σοφία", "osm_id": 1831855903, "name_el": null, "name_en": null, "net_vid": 18087, "category": "other", "fire_min": 59.74418446578324, "poi_type": "place_of_worship", "port_min": 7.422897399885952, "road_dist_m": 23.49705264, "access_score": 99}}, {"type": "Feature", "geometry": {"type": "Point", "coordinates": [20.4100082, 38.1770003]}, "properties": {"name": null, "osm_id": 4918502910, "name_el": null, "name_en": null, "net_vid": 13805, "category": "other", "fire_min": 60.20519059112924, "poi_type": "place_of_worship", "port_min": 7.883903525231942, "road_dist_m": 11.32296384, "access_score": 99}}, {"type": "Feature", "geometry": {"type": "Point", "coordinates": [20.4156566, 38.1855928]}, "properties": {"name": null, "osm_id": 4918494501, "name_el": null, "name_en": null, "net_vid": 5144, "category": "other", "fire_min": 58.10891279938611, "poi_type": "place_of_worship", "port_min": 5.787625733488821, "road_dist_m": 8.9395993, "access_score": 100}}, {"type": "Feature", "geometry": {"type": "Point", "coordinates": [20.4146561, 38.1848825]}, "properties": {"name": null, "osm_id": 4918508088, "name_el": null, "name_en": null, "net_vid": 5149, "category": "other", "fire_min": 58.400604169081866, "poi_type": "place_of_worship", "port_min": 6.079317103184586, "road_dist_m": 8.89011349, "access_score": 100}}, {"type": "Feature", "geometry": {"type": "Point", "coordinates": [20.4136061, 38.1863407]}, "properties": {"name": "SHELL", "osm_id": 9750302324, "name_el": null, "name_en": null, "net_vid": 40, "category": "services", "fire_min": 57.92594979806133, "poi_type": "fuel", "port_min": 5.60466273216404, "road_dist_m": 10.95521148, "access_score": 99}}, {"type": "Feature", "geometry": {"type": "Point", "coordinates": [20.3844695, 38.1991501]}, "properties": {"name": null, "osm_id": 2999704136, "name_el": null, "name_en": null, "net_vid": 5298, "category": "shop", "fire_min": 61.44741757183582, "poi_type": "convenience", "port_min": 10.16665749524161, "road_dist_m": 7.39927537, "access_score": 100}}, {"type": "Feature", "geometry": {"type": "Point", "coordinates": [20.3858356, 38.2016162]}, "properties": {"name": "Yolandas", "osm_id": 8296577217, "name_el": null, "name_en": null, "net_vid": 232, "category": "food_drink", "fire_min": 60.949056969887856, "poi_type": "restaurant", "port_min": 9.668296893293642, "road_dist_m": 9.04016827, "access_score": 100}}, {"type": "Feature", "geometry": {"type": "Point", "coordinates": [20.3858637, 38.2016871]}, "properties": {"name": "Mini Market Yolanda's", "osm_id": 2999702324, "name_el": null, "name_en": null, "net_vid": 232, "category": "shop", "fire_min": 60.95952098888785, "poi_type": "convenience", "port_min": 9.67876091229364, "road_dist_m": 9.87728979, "access_score": 100}}, {"type": "Feature", "geometry": {"type": "Point", "coordinates": [20.3857468, 38.2033753]}, "properties": {"name": null, "osm_id": 4918498804, "name_el": null, "name_en": null, "net_vid": 5301, "category": "other", "fire_min": 61.402145365778594, "poi_type": "place_of_worship", "port_min": 10.121385289184385, "road_dist_m": 24.86203317, "access_score": 99}}, {"type": "Feature", "geometry": {"type": "Point", "coordinates": [20.3860991, 38.2037805]}, "properties": {"name": "Bylli", "osm_id": 8296586017, "name_el": "Billy's place", "name_en": null, "net_vid": 233, "category": "food_drink", "fire_min": 61.09828206242197, "poi_type": "restaurant", "port_min": 9.817521985827767, "road_dist_m": 0.55400326, "access_score": 100}}, {"type": "Feature", "geometry": {"type": "Point", "coordinates": [20.419827, 38.2115616]}, "properties": {"name": "ΕΚΟ", "osm_id": 9839456604, "name_el": null, "name_en": null, "net_vid": 5670, "category": "services", "fire_min": 53.826042280786886, "poi_type": "fuel", "port_min": 4.055271559883978, "road_dist_m": 2.52232758, "access_score": 100}}, {"type": "Feature", "geometry": {"type": "Point", "coordinates": [20.4153442, 38.2129656]}, "properties": {"name": null, "osm_id": 7860617227, "name_el": null, "name_en": null, "net_vid": 5665, "category": "other", "fire_min": 54.43362067052067, "poi_type": "recycling", "port_min": 4.662849949617757, "road_dist_m": 5.05983731, "access_score": 100}}, {"type": "Feature", "geometry": {"type": "Point", "coordinates": [20.4153778, 38.2129635]}, "properties": {"name": null, "osm_id": 7860617226, "name_el": null, "name_en": null, "net_vid": 5665, "category": "other", "fire_min": 54.43223280027067, "poi_type": "waste_basket", "port_min": 4.661462079367757, "road_dist_m": 4.94880769, "access_score": 100}}, {"type": "Feature", "geometry": {"type": "Point", "coordinates": [20.4382848, 38.2020439]}, "properties": {"name": null, "osm_id": 6710828185, "name_el": null, "name_en": null, "net_vid": 5816, "category": "shop", "fire_min": 52.9458748253429, "poi_type": "supermarket", "port_min": 0.6679966492226309, "road_dist_m": 0.2760485, "access_score": 100}}, {"type": "Feature", "geometry": {"type": "Point", "coordinates": [20.4386356, 38.2021398]}, "properties": {"name": null, "osm_id": 6710828085, "name_el": null, "name_en": "Computer and security services", "net_vid": 5868, "category": "shop", "fire_min": 53.194389308603974, "poi_type": "computer", "port_min": 0.665932173431594, "road_dist_m": 7.56059626, "access_score": 100}}, {"type": "Feature", "geometry": {"type": "Point", "coordinates": [20.438808, 38.2023433]}, "properties": {"name": null, "osm_id": 8303459217, "name_el": null, "name_en": null, "net_vid": 5867, "category": "shop", "fire_min": 53.16437443888934, "poi_type": "butcher", "port_min": 0.6359173037169629, "road_dist_m": 2.26513327, "access_score": 100}}, {"type": "Feature", "geometry": {"type": "Point", "coordinates": [20.4388188, 38.2021421]}, "properties": {"name": "Εθνική Τράπεζα", "osm_id": 4340806737, "name_el": "Εθνική Τράπεζα", "name_en": "National Bank of Greece", "net_vid": 5868, "category": "services", "fire_min": 53.12473701672897, "poi_type": "bank", "port_min": 0.5962798815565941, "road_dist_m": 1.98841291, "access_score": 100}}, {"type": "Feature", "geometry": {"type": "Point", "coordinates": [20.4388022, 38.2020556]}, "properties": {"name": "Τράπεζα Πειραιώς", "osm_id": 4340794038, "name_el": "Τράπεζα Πειραιώς", "name_en": "Piraeus Bank", "net_vid": 1521, "category": "services", "fire_min": 53.10411429999395, "poi_type": "bank", "port_min": 0.5756571648215745, "road_dist_m": 2.91204811, "access_score": 100}}, {"type": "Feature", "geometry": {"type": "Point", "coordinates": [20.439223, 38.2024764]}, "properties": {"name": null, "osm_id": 5263746874, "name_el": null, "name_en": null, "net_vid": 5813, "category": "leisure", "fire_min": 53.51132881284604, "poi_type": "slipway", "port_min": 0.9828716776736657, "road_dist_m": 21.55057803, "access_score": 99}}, {"type": "Feature", "geometry": {"type": "Point", "coordinates": [20.4387603, 38.202688]}, "properties": {"name": null, "osm_id": 4340817103, "name_el": null, "name_en": null, "net_vid": 5866, "category": "health", "fire_min": 53.063851334496576, "poi_type": "pharmacy", "port_min": 0.8391953392649464, "road_dist_m": 4.46944474, "access_score": 100}}, {"type": "Feature", "geometry": {"type": "Point", "coordinates": [20.436395, 38.20427]}, "properties": {"name": "Άγιος Γεράσιμος", "osm_id": 4918534250, "name_el": null, "name_en": null, "net_vid": 5837, "category": "other", "fire_min": 52.637342167553626, "poi_type": "place_of_worship", "port_min": 1.3104409165864692, "road_dist_m": 9.86512532, "access_score": 100}}, {"type": "Feature", "geometry": {"type": "Point", "coordinates": [20.4366081, 38.2043576]}, "properties": {"name": null, "osm_id": 8296727117, "name_el": null, "name_en": null, "net_vid": 5837, "category": "shop", "fire_min": 52.521578668303626, "poi_type": "bakery", "port_min": 1.1946774173364691, "road_dist_m": 0.60404538, "access_score": 100}}, {"type": "Feature", "geometry": {"type": "Point", "coordinates": [20.4351908, 38.2058011]}, "properties": {"name": null, "osm_id": 8296672117, "name_el": null, "name_en": null, "net_vid": 246, "category": "shop", "fire_min": 52.218556893628666, "poi_type": "bakery", "port_min": 1.5111603072614215, "road_dist_m": 1.14248999, "access_score": 100}}, {"type": "Feature", "geometry": {"type": "Point", "coordinates": [20.4365884, 38.2059332]}, "properties": {"name": "Tipadu", "osm_id": 8296722417, "name_el": null, "name_en": null, "net_vid": 5851, "category": "shop", "fire_min": 52.11073752334751, "poi_type": "confectionery", "port_min": 1.4574995667623587, "road_dist_m": 5.35292883, "access_score": 100}}, {"type": "Feature", "geometry": {"type": "Point", "coordinates": [20.4361099, 38.2086652]}, "properties": {"name": "Κλειστός Καταυλισμός", "osm_id": 2669077807, "name_el": null, "name_en": null, "net_vid": 5936, "category": "other", "fire_min": 51.94786083897727, "poi_type": "shelter", "port_min": 2.175586731382593, "road_dist_m": 27.56134804, "access_score": 99}}, {"type": "Feature", "geometry": {"type": "Point", "coordinates": [20.4331726, 38.2074893]}, "properties": {"name": "AVIN", "osm_id": 7860614015, "name_el": null, "name_en": null, "net_vid": 5687, "category": "services", "fire_min": 52.74307171841363, "poi_type": "fuel", "port_min": 2.0429819609620385, "road_dist_m": 10.34376848, "access_score": 99}}, {"type": "Feature", "geometry": {"type": "Point", "coordinates": [20.433425, 38.2074365]}, "properties": {"name": null, "osm_id": 7860614014, "name_el": null, "name_en": null, "net_vid": 5687, "category": "shop", "fire_min": 52.76726251041363, "poi_type": "supermarket", "port_min": 2.0671727529620387, "road_dist_m": 12.27903184, "access_score": 99}}, {"type": "Feature", "geometry": {"type": "Point", "coordinates": [20.4377212, 38.209192]}, "properties": {"name": "Μαντζαβινάτειο Γενικό Νοσοκομείο Ληξουρίου", "osm_id": 1831860110, "name_el": "Μαντζαβινάτειο Γενικό Νοσοκομείο Ληξουρίου", "name_en": "Μatzavinateio Hospital", "net_vid": 14373, "category": "health", "fire_min": 52.350797679444845, "poi_type": "hospital", "port_min": 2.4385961798744784, "road_dist_m": 22.72952404, "access_score": 99}}, {"type": "Feature", "geometry": {"type": "Point", "coordinates": [20.4377959, 38.2104908]}, "properties": {"name": "Carpe Diem Travel & Tourism Services", "osm_id": 4271026889, "name_el": null, "name_en": null, "net_vid": 13377, "category": "tourism", "fire_min": 53.28723047340396, "poi_type": "information", "port_min": 3.61571992310553, "road_dist_m": 19.3919118, "access_score": 99}}, {"type": "Feature", "geometry": {"type": "Point", "coordinates": [20.4360183, 38.2120157]}, "properties": {"name": "ΕΛΙΝΟΙΛ", "osm_id": 9750214614, "name_el": null, "name_en": null, "net_vid": 13322, "category": "services", "fire_min": 51.08540058683691, "poi_type": "fuel", "port_min": 2.443069595522953, "road_dist_m": 3.76225252, "access_score": 100}}, {"type": "Feature", "geometry": {"type": "Point", "coordinates": [20.4293962, 38.2110357]}, "properties": {"name": "Moschopoulos", "osm_id": 13116363701, "name_el": null, "name_en": null, "net_vid": 5679, "category": "shop", "fire_min": 52.65006169630299, "poi_type": "doityourself", "port_min": 2.879290975400092, "road_dist_m": 10.32940023, "access_score": 99}}, {"type": "Feature", "geometry": {"type": "Point", "coordinates": [20.4324797, 38.2276005]}, "properties": {"name": "Phaedra", "osm_id": 5695269521, "name_el": null, "name_en": null, "net_vid": 15099, "category": "tourism", "fire_min": 49.911528410448824, "poi_type": "hotel", "port_min": 7.564715683579213, "road_dist_m": 13.19763039, "access_score": 99}}, {"type": "Feature", "geometry": {"type": "Point", "coordinates": [20.4397353, 38.1989687]}, "properties": {"name": null, "osm_id": 2669070463, "name_el": null, "name_en": null, "net_vid": 6093, "category": "leisure", "fire_min": 54.429843763867936, "poi_type": "marina", "port_min": 1.5502529332312998, "road_dist_m": 53.3337278, "access_score": 97}}, {"type": "Feature", "geometry": {"type": "Point", "coordinates": [20.438607, 38.2019544]}, "properties": {"name": "Joltie - Super Market Ευαγγελάτος", "osm_id": 12944241459, "name_el": "Joltie - Super Market Ευαγγελάτος", "name_en": "Joltie - Super Market Evagelatos", "net_vid": 5816, "category": "other", "fire_min": 53.101871711217896, "poi_type": "charging_station", "port_min": 0.8239935350976308, "road_dist_m": 12.75579937, "access_score": 99}}, {"type": "Feature", "geometry": {"type": "Point", "coordinates": [20.4385132, 38.2019122]}, "properties": {"name": "DΕΙ blue - Super Market Ευαγγελάτος", "osm_id": 13143852733, "name_el": "DΕΙ blue - Super Market Ευαγγελάτος", "name_en": "DΕΙ blue - Super Market Evagelatos", "net_vid": 5816, "category": "other", "fire_min": 53.1521060909679, "poi_type": "charging_station", "port_min": 0.8742279148476308, "road_dist_m": 16.77454975, "access_score": 99}}, {"type": "Feature", "geometry": {"type": "Point", "coordinates": [20.4385929, 38.2017916]}, "properties": {"name": null, "osm_id": 4340817910, "name_el": null, "name_en": null, "net_vid": 5870, "category": "other", "fire_min": 53.52269330054909, "poi_type": "bus_station", "port_min": 0.8510784975164385, "road_dist_m": 30.67206144, "access_score": 98}}, {"type": "Feature", "geometry": {"type": "Point", "coordinates": [20.438836, 38.2013668]}, "properties": {"name": "Supermarket Rigatos", "osm_id": 1831854964, "name_el": null, "name_en": null, "net_vid": 6086, "category": "shop", "fire_min": 53.284836847591365, "poi_type": "supermarket", "port_min": 0.45113771747217174, "road_dist_m": 9.51988422, "access_score": 100}}, {"type": "Feature", "geometry": {"type": "Point", "coordinates": [20.4388177, 38.2014633]}, "properties": {"name": "Post Office Lixouri", "osm_id": 1831855791, "name_el": null, "name_en": null, "net_vid": 6060, "category": "services", "fire_min": 53.22321532205629, "poi_type": "post_office", "port_min": 0.4237902875072458, "road_dist_m": 5.961126, "access_score": 100}}, {"type": "Feature", "geometry": {"type": "Point", "coordinates": [20.4388405, 38.2012023]}, "properties": {"name": "AEGEAN", "osm_id": 2999704138, "name_el": null, "name_en": null, "net_vid": 6087, "category": "services", "fire_min": 53.27885597737464, "poi_type": "fuel", "port_min": 0.32446985121814614, "road_dist_m": 5.22668312, "access_score": 100}}, {"type": "Feature", "geometry": {"type": "Point", "coordinates": [20.4388717, 38.2010747]}, "properties": {"name": "Υποδήματα Λιναρδάτος", "osm_id": 4340794035, "name_el": null, "name_en": null, "net_vid": 6088, "category": "shop", "fire_min": 53.29600914814935, "poi_type": "shoes", "port_min": 0.2379340113598848, "road_dist_m": 4.00369817, "access_score": 100}}, {"type": "Feature", "geometry": {"type": "Point", "coordinates": [20.439117, 38.2013171]}, "properties": {"name": null, "osm_id": 3005353332, "name_el": null, "name_en": null, "net_vid": 6087, "category": "shop", "fire_min": 53.34815582662464, "poi_type": "kiosk", "port_min": 0.39376970046814613, "road_dist_m": 10.77067106, "access_score": 99}}, {"type": "Feature", "geometry": {"type": "Point", "coordinates": [20.4393087, 38.2014585]}, "properties": {"name": null, "osm_id": 11230773336, "name_el": null, "name_en": null, "net_vid": 6086, "category": "other", "fire_min": 53.25957517446636, "poi_type": "toilets", "port_min": 0.42587604434717174, "road_dist_m": 7.49895037, "access_score": 100}}, {"type": "Feature", "geometry": {"type": "Point", "coordinates": [20.4394222, 38.2009614]}, "properties": {"name": "Ληξούρι", "osm_id": 3044950367, "name_el": "Ληξούρι", "name_en": "Lixouri", "net_vid": 578, "category": "other", "fire_min": 53.43385070525924, "poi_type": "ferry_terminal", "port_min": 0, "road_dist_m": 0, "access_score": 100}}, {"type": "Feature", "geometry": {"type": "Point", "coordinates": [20.4391892, 38.2002773]}, "properties": {"name": null, "osm_id": 6600316099, "name_el": null, "name_en": null, "net_vid": 13673, "category": "heritage", "fire_min": 53.99795787878241, "poi_type": "monument", "port_min": 1.1642587486632174, "road_dist_m": 12.33632416, "access_score": 99}}, {"type": "Feature", "geometry": {"type": "Point", "coordinates": [20.4386711, 38.2005139]}, "properties": {"name": "Pero", "osm_id": 4340817909, "name_el": null, "name_en": null, "net_vid": 6090, "category": "food_drink", "fire_min": 53.50765506078043, "poi_type": "cafe", "port_min": 0.38465172523245805, "road_dist_m": 5.80391063, "access_score": 100}}, {"type": "Feature", "geometry": {"type": "Point", "coordinates": [20.4384607, 38.2004966]}, "properties": {"name": "Στέλλα Γερ. Ελευθεράτου", "osm_id": 4340817904, "name_el": null, "name_en": null, "net_vid": 6057, "category": "health", "fire_min": 53.27898488712042, "poi_type": "pharmacy", "port_min": 0.5964725348288398, "road_dist_m": 4.64453044, "access_score": 100}}, {"type": "Feature", "geometry": {"type": "Point", "coordinates": [20.4385066, 38.2006983]}, "properties": {"name": "Ιωσήφ", "osm_id": 4340782730, "name_el": null, "name_en": null, "net_vid": 6057, "category": "shop", "fire_min": 53.55653611924542, "poi_type": "alcohol", "port_min": 0.8740237669538398, "road_dist_m": 26.84862901, "access_score": 99}}, {"type": "Feature", "geometry": {"type": "Point", "coordinates": [20.4385558, 38.2007283]}, "properties": {"name": "La Luna", "osm_id": 4340817401, "name_el": null, "name_en": null, "net_vid": 6089, "category": "food_drink", "fire_min": 53.65340521277861, "poi_type": "cafe", "port_min": 0.5304018772306335, "road_dist_m": 29.99825539, "access_score": 99}}, {"type": "Feature", "geometry": {"type": "Point", "coordinates": [20.4388383, 38.2008452]}, "properties": {"name": "Μοσχόπουλος", "osm_id": 2999702326, "name_el": null, "name_en": null, "net_vid": 6089, "category": "food_drink", "fire_min": 53.44088018877861, "poi_type": "cafe", "port_min": 0.31787685323063347, "road_dist_m": 12.99625347, "access_score": 99}}, {"type": "Feature", "geometry": {"type": "Point", "coordinates": [20.4388326, 38.2009584]}, "properties": {"name": null, "osm_id": 2999704137, "name_el": null, "name_en": null, "net_vid": 6089, "category": "food_drink", "fire_min": 53.389150060653606, "poi_type": "cafe", "port_min": 0.2661467251056335, "road_dist_m": 8.85784322, "access_score": 100}}, {"type": "Feature", "geometry": {"type": "Point", "coordinates": [20.4382436, 38.2007589]}, "properties": {"name": "Megusta", "osm_id": 9709545603, "name_el": null, "name_en": null, "net_vid": 6054, "category": "food_drink", "fire_min": 53.1501407620957, "poi_type": "fast_food", "port_min": 0.6073884939758393, "road_dist_m": 8.72918641, "access_score": 100}}, {"type": "Feature", "geometry": {"type": "Point", "coordinates": [20.4382655, 38.2004949]}, "properties": {"name": null, "osm_id": 3044970965, "name_el": null, "name_en": null, "net_vid": 6057, "category": "food_drink", "fire_min": 53.285434103495426, "poi_type": "cafe", "port_min": 0.6029217512038398, "road_dist_m": 5.16046775, "access_score": 100}}, {"type": "Feature", "geometry": {"type": "Point", "coordinates": [20.4376105, 38.2002259]}, "properties": {"name": null, "osm_id": 11757876480, "name_el": "Κοτσας", "name_en": null, "net_vid": 6055, "category": "shop", "fire_min": 53.10633948026488, "poi_type": "butcher", "port_min": 0.7850524143676032, "road_dist_m": 10.32394366, "access_score": 99}}, {"type": "Feature", "geometry": {"type": "Point", "coordinates": [20.4376245, 38.2003572]}, "properties": {"name": null, "osm_id": 6656649586, "name_el": "Μοσχόπουλος", "name_en": null, "net_vid": 6055, "category": "shop", "fire_min": 53.08269530763988, "poi_type": "bakery", "port_min": 0.7614082417426032, "road_dist_m": 8.43240985, "access_score": 100}}, {"type": "Feature", "geometry": {"type": "Point", "coordinates": [20.4374149, 38.2003532]}, "properties": {"name": null, "osm_id": 11757876485, "name_el": "Κρητικός", "name_en": null, "net_vid": 6055, "category": "shop", "fire_min": 53.088292106139875, "poi_type": "supermarket", "port_min": 0.7670050402426032, "road_dist_m": 8.88015373, "access_score": 100}}, {"type": "Feature", "geometry": {"type": "Point", "coordinates": [20.4374309, 38.2005018]}, "properties": {"name": "Messaris", "osm_id": 11757876473, "name_el": null, "name_en": null, "net_vid": 6055, "category": "shop", "fire_min": 53.07300701188988, "poi_type": "bakery", "port_min": 0.7517199459926032, "road_dist_m": 7.65734619, "access_score": 100}}, {"type": "Feature", "geometry": {"type": "Point", "coordinates": [20.4374424, 38.2007366]}, "properties": {"name": "ACS", "osm_id": 11757876482, "name_el": null, "name_en": null, "net_vid": 6135, "category": "services", "fire_min": 53.02420035512357, "poi_type": "post_office", "port_min": 0.7029132892262945, "road_dist_m": 9.06915691, "access_score": 100}}, {"type": "Feature", "geometry": {"type": "Point", "coordinates": [20.437456, 38.2007875]}, "properties": {"name": "Κηήπος Της Γεσθημανής", "osm_id": 11757876483, "name_el": null, "name_en": null, "net_vid": 6135, "category": "shop", "fire_min": 53.01522816274857, "poi_type": "greengrocer", "port_min": 0.6939410968512945, "road_dist_m": 8.35138152, "access_score": 100}}, {"type": "Feature", "geometry": {"type": "Point", "coordinates": [20.4374353, 38.2006289]}, "properties": {"name": "Yolo Σπιτογυρο", "osm_id": 11757876481, "name_el": null, "name_en": null, "net_vid": 6055, "category": "food_drink", "fire_min": 53.08491717051488, "poi_type": "fast_food", "port_min": 0.7636301046176032, "road_dist_m": 8.61015888, "access_score": 100}}, {"type": "Feature", "geometry": {"type": "Point", "coordinates": [20.4376057, 38.2007077]}, "properties": {"name": "Savrami", "osm_id": 11757876484, "name_el": null, "name_en": null, "net_vid": 6135, "category": "shop", "fire_min": 52.97898287912357, "poi_type": "florist", "port_min": 0.6576958132262944, "road_dist_m": 5.45175883, "access_score": 100}}, {"type": "Feature", "geometry": {"type": "Point", "coordinates": [20.4375631, 38.2012891]}, "properties": {"name": null, "osm_id": 6721103286, "name_el": null, "name_en": "Fish market", "net_vid": 6137, "category": "shop", "fire_min": 52.865061598682914, "poi_type": "seafood", "port_min": 0.5995586085763204, "road_dist_m": 1.23078008, "access_score": 100}}, {"type": "Feature", "geometry": {"type": "Point", "coordinates": [20.4377023, 38.2013854]}, "properties": {"name": null, "osm_id": 4340799906, "name_el": null, "name_en": null, "net_vid": 6138, "category": "food_drink", "fire_min": 52.94768455365793, "poi_type": "cafe", "port_min": 0.7798246093513019, "road_dist_m": 11.74633831, "access_score": 99}}, {"type": "Feature", "geometry": {"type": "Point", "coordinates": [20.4377139, 38.2012495]}, "properties": {"name": "Smarket", "osm_id": 4340785336, "name_el": null, "name_en": null, "net_vid": 6137, "category": "shop", "fire_min": 52.92020778443292, "poi_type": "gift", "port_min": 0.6547047943263203, "road_dist_m": 5.64247494, "access_score": 100}}, {"type": "Feature", "geometry": {"type": "Point", "coordinates": [20.4377324, 38.2011507]}, "properties": {"name": null, "osm_id": 6815339533, "name_el": null, "name_en": null, "net_vid": 6137, "category": "other", "fire_min": 52.916905048432916, "poi_type": "bench", "port_min": 0.6514020583263204, "road_dist_m": 5.37825606, "access_score": 100}}, {"type": "Feature", "geometry": {"type": "Point", "coordinates": [20.4376604, 38.2019515]}, "properties": {"name": null, "osm_id": 4340785334, "name_el": null, "name_en": null, "net_vid": 1970, "category": "shop", "fire_min": 52.76446857360358, "poi_type": "greengrocer", "port_min": 0.7582682411556565, "road_dist_m": 3.55544438, "access_score": 100}}, {"type": "Feature", "geometry": {"type": "Point", "coordinates": [20.4374465, 38.2017981]}, "properties": {"name": "Καφέ Ουζερί \"Η Γέφυρα\"", "osm_id": 4340785335, "name_el": null, "name_en": null, "net_vid": 13129, "category": "food_drink", "fire_min": 52.88102143213411, "poi_type": "cafe", "port_min": 0.7887293303751293, "road_dist_m": 9.43600229, "access_score": 100}}, {"type": "Feature", "geometry": {"type": "Point", "coordinates": [20.43691, 38.2009856]}, "properties": {"name": null, "osm_id": 6552360867, "name_el": null, "name_en": null, "net_vid": 5253, "category": "heritage", "fire_min": 53.111329734293314, "poi_type": "wayside_shrine", "port_min": 0.8147225879692438, "road_dist_m": 4.60526288, "access_score": 100}}, {"type": "Feature", "geometry": {"type": "Point", "coordinates": [20.4354555, 38.1996107]}, "properties": {"name": "Iacovatios Library", "osm_id": 1831859999, "name_el": null, "name_en": null, "net_vid": 6159, "category": "tourism", "fire_min": 53.693433284468746, "poi_type": "museum", "port_min": 1.3721462185714772, "road_dist_m": 2.34915201, "access_score": 100}}, {"type": "Feature", "geometry": {"type": "Point", "coordinates": [20.4353951, 38.1996285]}, "properties": {"name": "Iacovatios Library", "osm_id": 1831859749, "name_el": null, "name_en": null, "net_vid": 6159, "category": "other", "fire_min": 53.69019245171875, "poi_type": "library", "port_min": 1.3689053858214772, "road_dist_m": 2.08988539, "access_score": 100}}, {"type": "Feature", "geometry": {"type": "Point", "coordinates": [20.4373027, 38.1988474]}, "properties": {"name": "Ηλίας Μηνιάτης", "osm_id": 11494407987, "name_el": "Ηλίας Μηνιάτης", "name_en": null, "net_vid": 6130, "category": "tourism", "fire_min": 53.34443857531093, "poi_type": "artwork", "port_min": 1.0231515094136596, "road_dist_m": 7.37377893, "access_score": 100}}, {"type": "Feature", "geometry": {"type": "Point", "coordinates": [20.4374246, 38.1998409]}, "properties": {"name": null, "osm_id": 11757876476, "name_el": "Χρήστος Συνοδινός", "name_en": null, "net_vid": 6134, "category": "shop", "fire_min": 53.138144705524, "poi_type": "hairdresser", "port_min": 0.8168576396267249, "road_dist_m": 3.77914573, "access_score": 100}}, {"type": "Feature", "geometry": {"type": "Point", "coordinates": [20.4374424, 38.2001266]}, "properties": {"name": null, "osm_id": 11757876478, "name_el": "Σφαέλου Ευανθία", "name_en": null, "net_vid": 6055, "category": "shop", "fire_min": 53.02509790738988, "poi_type": "chemist", "port_min": 0.7038108414926032, "road_dist_m": 3.82461783, "access_score": 100}}, {"type": "Feature", "geometry": {"type": "Point", "coordinates": [20.4375938, 38.1999887]}, "properties": {"name": null, "osm_id": 11757876477, "name_el": "Αραβαντινός", "name_en": null, "net_vid": 6134, "category": "shop", "fire_min": 53.218325805149, "poi_type": "greengrocer", "port_min": 0.8970387392517248, "road_dist_m": 10.1936337, "access_score": 99}}, {"type": "Feature", "geometry": {"type": "Point", "coordinates": [20.4380055, 38.1998709]}, "properties": {"name": "The Old Square Barber", "osm_id": 11757862366, "name_el": null, "name_en": null, "net_vid": 6105, "category": "shop", "fire_min": 53.637311014312324, "poi_type": "hairdresser", "port_min": 0.7606921580624718, "road_dist_m": 6.01201504, "access_score": 100}}, {"type": "Feature", "geometry": {"type": "Point", "coordinates": [20.4381415, 38.1998983]}, "properties": {"name": "Ηλιάνα", "osm_id": 4340782726, "name_el": null, "name_en": null, "net_vid": 6105, "category": "shop", "fire_min": 53.655072592812324, "poi_type": "clothes", "port_min": 0.7784537365624719, "road_dist_m": 7.43294132, "access_score": 100}}, {"type": "Feature", "geometry": {"type": "Point", "coordinates": [20.4378705, 38.2000567]}, "properties": {"name": "Διόνυσος Cafe", "osm_id": 9709545602, "name_el": null, "name_en": null, "net_vid": 6105, "category": "food_drink", "fire_min": 53.66352930081232, "poi_type": "cafe", "port_min": 0.7869104445624718, "road_dist_m": 8.10947796, "access_score": 100}}, {"type": "Feature", "geometry": {"type": "Point", "coordinates": [20.4378578, 38.2001252]}, "properties": {"name": "Μαυροειδής", "osm_id": 6656653185, "name_el": null, "name_en": null, "net_vid": 6105, "category": "food_drink", "fire_min": 53.75207575518732, "poi_type": "cafe", "port_min": 0.8754568989374718, "road_dist_m": 15.19319431, "access_score": 99}}, {"type": "Feature", "geometry": {"type": "Point", "coordinates": [20.438141, 38.1999793]}, "properties": {"name": null, "osm_id": 4340806735, "name_el": null, "name_en": null, "net_vid": 6105, "category": "shop", "fire_min": 53.60819479868732, "poi_type": "electronics", "port_min": 0.7315759424374718, "road_dist_m": 3.68271779, "access_score": 100}}, {"type": "Feature", "geometry": {"type": "Point", "coordinates": [20.4382503, 38.1999179]}, "properties": {"name": "Χ.Α. Χαριτάτος", "osm_id": 4340806736, "name_el": null, "name_en": null, "net_vid": 6105, "category": "health", "fire_min": 53.587689506812325, "poi_type": "pharmacy", "port_min": 0.7110706505624719, "road_dist_m": 2.04229444, "access_score": 100}}, {"type": "Feature", "geometry": {"type": "Point", "coordinates": [20.4382182, 38.1997882]}, "properties": {"name": "Το Ζεύκι", "osm_id": 4340782727, "name_el": null, "name_en": null, "net_vid": 6084, "category": "food_drink", "fire_min": 53.51423215396958, "poi_type": "restaurant", "port_min": 0.8484024522096435, "road_dist_m": 7.02345299, "access_score": 100}}, {"type": "Feature", "geometry": {"type": "Point", "coordinates": [20.4383189, 38.1998054]}, "properties": {"name": "Alobar", "osm_id": 4340785325, "name_el": null, "name_en": null, "net_vid": 6084, "category": "food_drink", "fire_min": 53.44659595234458, "poi_type": "bar", "port_min": 0.7807662505846434, "road_dist_m": 1.61255686, "access_score": 100}}, {"type": "Feature", "geometry": {"type": "Point", "coordinates": [20.4383914, 38.1997216]}, "properties": {"name": "Happy House", "osm_id": 4340785328, "name_el": null, "name_en": null, "net_vid": 6084, "category": "shop", "fire_min": 53.45941973946958, "poi_type": "books", "port_min": 0.7935900377096435, "road_dist_m": 2.63845983, "access_score": 100}}, {"type": "Feature", "geometry": {"type": "Point", "coordinates": [20.4384021, 38.1996097]}, "properties": {"name": null, "osm_id": 11757876471, "name_el": "Ο Φίλαθλος", "name_en": null, "net_vid": 6084, "category": "food_drink", "fire_min": 53.48866840959458, "poi_type": "cafe", "port_min": 0.8228387078346435, "road_dist_m": 4.97835344, "access_score": 100}}, {"type": "Feature", "geometry": {"type": "Point", "coordinates": [20.4380155, 38.1996362]}, "properties": {"name": "EleFlab", "osm_id": 11757876472, "name_el": "Γεράσιμος Φλαμπουραρης", "name_en": null, "net_vid": 6104, "category": "shop", "fire_min": 53.388236403978375, "poi_type": "chemist", "port_min": 0.8914168017008471, "road_dist_m": 3.70419697, "access_score": 100}}, {"type": "Feature", "geometry": {"type": "Point", "coordinates": [20.4385501, 38.1994212]}, "properties": {"name": "Diwani Optics", "osm_id": 11757876470, "name_el": null, "name_en": null, "net_vid": 16409, "category": "shop", "fire_min": 53.55784090534213, "poi_type": "optician", "port_min": 0.7615812947913246, "road_dist_m": 1.45464773, "access_score": 100}}, {"type": "Feature", "geometry": {"type": "Point", "coordinates": [20.4389977, 38.1995395]}, "properties": {"name": "Mezzo", "osm_id": 9709545585, "name_el": null, "name_en": null, "net_vid": 6092, "category": "food_drink", "fire_min": 53.73223424082953, "poi_type": "restaurant", "port_min": 0.7639603650539318, "road_dist_m": 8.52554396, "access_score": 100}}, {"type": "Feature", "geometry": {"type": "Point", "coordinates": [20.4389947, 38.1996363]}, "properties": {"name": "Perdikis Travel", "osm_id": 9709545586, "name_el": null, "name_en": null, "net_vid": 646, "category": "shop", "fire_min": 53.67188232404414, "poi_type": "travel_agency", "port_min": 0.6363299733850801, "road_dist_m": 4.84656064, "access_score": 100}}, {"type": "Feature", "geometry": {"type": "Point", "coordinates": [20.4388308, 38.1996384]}, "properties": {"name": "Σ' αναμένα κάρβουλα", "osm_id": 9709545596, "name_el": null, "name_en": null, "net_vid": 6082, "category": "food_drink", "fire_min": 53.569950707782965, "poi_type": "restaurant", "port_min": 0.715550267646257, "road_dist_m": 3.93810776, "access_score": 100}}, {"type": "Feature", "geometry": {"type": "Point", "coordinates": [20.4386883, 38.1996212]}, "properties": {"name": "Smart Optics", "osm_id": 11757876479, "name_el": "Οπτικά Φακουντου", "name_en": null, "net_vid": 6082, "category": "shop", "fire_min": 53.587538667907964, "poi_type": "optician", "port_min": 0.733138227771257, "road_dist_m": 5.34514457, "access_score": 100}}, {"type": "Feature", "geometry": {"type": "Point", "coordinates": [20.4385885, 38.1995227]}, "properties": {"name": "Tsibibo", "osm_id": 9709545600, "name_el": null, "name_en": null, "net_vid": 16409, "category": "food_drink", "fire_min": 53.66331418359213, "poi_type": "restaurant", "port_min": 0.8670545730413247, "road_dist_m": 9.89250999, "access_score": 100}}, {"type": "Feature", "geometry": {"type": "Point", "coordinates": [20.438607, 38.1997138]}, "properties": {"name": "SPEEDEX - ΛΗΞΟΥΡΙ", "osm_id": 9819047876, "name_el": null, "name_en": null, "net_vid": 6082, "category": "services", "fire_min": 53.58527727603296, "poi_type": "post_office", "port_min": 0.730876835896257, "road_dist_m": 5.16423322, "access_score": 100}}, {"type": "Feature", "geometry": {"type": "Point", "coordinates": [20.4384412, 38.2000869]}, "properties": {"name": "Senso", "osm_id": 9709545594, "name_el": null, "name_en": null, "net_vid": 6105, "category": "food_drink", "fire_min": 53.63092095656232, "poi_type": "cafe", "port_min": 0.7543021003124719, "road_dist_m": 5.50081042, "access_score": 100}}, {"type": "Feature", "geometry": {"type": "Point", "coordinates": [20.4386972, 38.2000851]}, "properties": {"name": "Iscream", "osm_id": 9709545593, "name_el": null, "name_en": null, "net_vid": 6091, "category": "other", "fire_min": 53.62202190647918, "poi_type": "ice_cream", "port_min": 0.4990185709312098, "road_dist_m": 3.9155241, "access_score": 100}}, {"type": "Feature", "geometry": {"type": "Point", "coordinates": [20.4389146, 38.200078]}, "properties": {"name": "V+S corner bar+restaurant", "osm_id": 9709545592, "name_el": null, "name_en": null, "net_vid": 6091, "category": "food_drink", "fire_min": 53.60335672135419, "poi_type": "restaurant", "port_min": 0.4803533858062098, "road_dist_m": 2.42230929, "access_score": 100}}, {"type": "Feature", "geometry": {"type": "Point", "coordinates": [20.438969, 38.1999125]}, "properties": {"name": "City car rental", "osm_id": 9709545591, "name_el": null, "name_en": null, "net_vid": 6091, "category": "other", "fire_min": 53.68801649547919, "poi_type": "car_rental", "port_min": 0.5650131599312098, "road_dist_m": 9.19509122, "access_score": 100}}, {"type": "Feature", "geometry": {"type": "Point", "coordinates": [20.438969, 38.1998395]}, "properties": {"name": "Asilon", "osm_id": 9709545590, "name_el": null, "name_en": null, "net_vid": 646, "category": "food_drink", "fire_min": 53.735833193544146, "poi_type": "cafe", "port_min": 0.7002808428850801, "road_dist_m": 9.9626302, "access_score": 100}}, {"type": "Feature", "geometry": {"type": "Point", "coordinates": [20.4387198, 38.1999143]}, "properties": {"name": null, "osm_id": 9709545595, "name_el": null, "name_en": null, "net_vid": 6082, "category": "health", "fire_min": 53.70984218703296, "poi_type": "pharmacy", "port_min": 0.855441746896257, "road_dist_m": 15.1294261, "access_score": 99}}, {"type": "Feature", "geometry": {"type": "Point", "coordinates": [20.4389327, 38.1997274]}, "properties": {"name": "Emmily's", "osm_id": 9709545588, "name_el": null, "name_en": null, "net_vid": 646, "category": "shop", "fire_min": 53.680174406669146, "poi_type": "gift", "port_min": 0.6446220560100802, "road_dist_m": 5.50992725, "access_score": 100}}, {"type": "Feature", "geometry": {"type": "Point", "coordinates": [20.43935, 38.1998044]}, "properties": {"name": "Ανδρέας Λασκαράτος", "osm_id": 5933653627, "name_el": "Ανδρέας Λασκαράτος", "name_en": null, "net_vid": 646, "category": "tourism", "fire_min": 53.89744345029414, "poi_type": "artwork", "port_min": 0.8618910996350801, "road_dist_m": 22.89145074, "access_score": 99}}, {"type": "Feature", "geometry": {"type": "Point", "coordinates": [20.4390337, 38.1990223]}, "properties": {"name": "Cozy", "osm_id": 9709545583, "name_el": null, "name_en": null, "net_vid": 6079, "category": "other", "fire_min": 53.78945952987757, "poi_type": "internet_cafe", "port_min": 0.849372152290723, "road_dist_m": 7.69070934, "access_score": 100}}, {"type": "Feature", "geometry": {"type": "Point", "coordinates": [20.4390367, 38.1991191]}, "properties": {"name": "Esspresso Martini", "osm_id": 9709545584, "name_el": null, "name_en": null, "net_vid": 6079, "category": "food_drink", "fire_min": 53.74012269287757, "poi_type": "cafe", "port_min": 0.800035315290723, "road_dist_m": 3.74376238, "access_score": 100}}, {"type": "Feature", "geometry": {"type": "Point", "coordinates": [20.439012, 38.1992089]}, "properties": {"name": "Ακρογιαλι", "osm_id": 5912544441, "name_el": "Ακρογιαλι", "name_en": "Akrogiali", "net_vid": 6079, "category": "food_drink", "fire_min": 53.77059089250257, "poi_type": "restaurant", "port_min": 0.830503514915723, "road_dist_m": 6.18121835, "access_score": 100}}, {"type": "Feature", "geometry": {"type": "Point", "coordinates": [20.4388444, 38.1990546]}, "properties": {"name": "Νόστιμον Ήμαρ", "osm_id": 9709545599, "name_el": null, "name_en": null, "net_vid": 6079, "category": "food_drink", "fire_min": 53.83359502087757, "poi_type": "bar", "port_min": 0.893507643290723, "road_dist_m": 11.22154862, "access_score": 99}}, {"type": "Feature", "geometry": {"type": "Point", "coordinates": [20.438747, 38.19914]}, "properties": {"name": "Inside Bar", "osm_id": 9709545597, "name_el": null, "name_en": null, "net_vid": 6079, "category": "food_drink", "fire_min": 53.71646148687757, "poi_type": "bar", "port_min": 0.776374109290723, "road_dist_m": 1.8508659, "access_score": 100}}, {"type": "Feature", "geometry": {"type": "Point", "coordinates": [20.438867, 38.1989354]}, "properties": {"name": "Loft Bar", "osm_id": 9709545598, "name_el": null, "name_en": null, "net_vid": 6093, "category": "food_drink", "fire_min": 54.00135488149294, "poi_type": "bar", "port_min": 1.1217640508562998, "road_dist_m": 19.05461721, "access_score": 99}}, {"type": "Feature", "geometry": {"type": "Point", "coordinates": [20.4387277, 38.1987162]}, "properties": {"name": null, "osm_id": 11757876469, "name_el": "Φιλαρμονική Σχολή Ληξουρίου", "name_en": null, "net_vid": 6110, "category": "other", "fire_min": 53.61322382626073, "poi_type": "music_school", "port_min": 1.1654833348385119, "road_dist_m": 5.27814636, "access_score": 100}}, {"type": "Feature", "geometry": {"type": "Point", "coordinates": [20.4387614, 38.1984551]}, "properties": {"name": "Mimoza", "osm_id": 11757876474, "name_el": "Μεζεδοπωλείο Mimoza", "name_en": null, "net_vid": 6109, "category": "food_drink", "fire_min": 54.0397818288114, "poi_type": "restaurant", "port_min": 1.667686426018053, "road_dist_m": 34.30064979, "access_score": 98}}, {"type": "Feature", "geometry": {"type": "Point", "coordinates": [20.4390758, 38.1984531]}, "properties": {"name": "Άνεμος", "osm_id": 9709545581, "name_el": null, "name_en": null, "net_vid": 6093, "category": "food_drink", "fire_min": 53.85449293786794, "poi_type": "cafe", "port_min": 0.9749021072312998, "road_dist_m": 7.30566172, "access_score": 100}}, {"type": "Feature", "geometry": {"type": "Point", "coordinates": [20.4390698, 38.1987247]}, "properties": {"name": "Vamos", "osm_id": 9709545582, "name_el": null, "name_en": null, "net_vid": 6093, "category": "other", "fire_min": 53.814405682117936, "poi_type": "internet_cafe", "port_min": 0.9348148514812998, "road_dist_m": 4.09868126, "access_score": 100}}, {"type": "Feature", "geometry": {"type": "Point", "coordinates": [20.4395059, 38.1981533]}, "properties": {"name": "Ionian Aquarium", "osm_id": 11757862368, "name_el": null, "name_en": null, "net_vid": 6050, "category": "tourism", "fire_min": 54.584594067590075, "poi_type": "aquarium", "port_min": 1.7214662432502028, "road_dist_m": 30.19943395, "access_score": 98}}, {"type": "Feature", "geometry": {"type": "Point", "coordinates": [20.4393269, 38.1981635]}, "properties": {"name": null, "osm_id": 11494377857, "name_el": null, "name_en": null, "net_vid": 6094, "category": "heritage", "fire_min": 54.206190105763014, "poi_type": "memorial", "port_min": 1.3430622814231368, "road_dist_m": 13.13945019, "access_score": 99}}, {"type": "Feature", "geometry": {"type": "Point", "coordinates": [20.4391061, 38.1982863]}, "properties": {"name": "Bella Mangia", "osm_id": 9709545604, "name_el": null, "name_en": null, "net_vid": 6094, "category": "food_drink", "fire_min": 54.11139174401301, "poi_type": "restaurant", "port_min": 1.2482639196731367, "road_dist_m": 5.55558125, "access_score": 100}}, {"type": "Feature", "geometry": {"type": "Point", "coordinates": [20.4387423, 38.1979401]}, "properties": {"name": "Avli", "osm_id": 11757862367, "name_el": "Αυλη", "name_en": null, "net_vid": 16709, "category": "food_drink", "fire_min": 54.09865896879766, "poi_type": "restaurant", "port_min": 1.4087248466384903, "road_dist_m": 11.46470732, "access_score": 99}}, {"type": "Feature", "geometry": {"type": "Point", "coordinates": [20.4387643, 38.1973297]}, "properties": {"name": null, "osm_id": 9709627796, "name_el": null, "name_en": null, "net_vid": 6096, "category": "other", "fire_min": 54.07483310167771, "poi_type": "police", "port_min": 1.6235070277399521, "road_dist_m": 7.58859186, "access_score": 100}}, {"type": "Feature", "geometry": {"type": "Point", "coordinates": [20.4387619, 38.1969962]}, "properties": {"name": "ΑΒ Βασιλόπουλος", "osm_id": 9709627795, "name_el": "ΑΒ Βασιλόπουλος", "name_en": "AB Vassilopoulos", "net_vid": 6096, "category": "shop", "fire_min": 54.07795346280271, "poi_type": "supermarket", "port_min": 1.626627388864952, "road_dist_m": 7.83822075, "access_score": 100}}, {"type": "Feature", "geometry": {"type": "Point", "coordinates": [20.439221, 38.1962125]}, "properties": {"name": null, "osm_id": 5007554223, "name_el": null, "name_en": null, "net_vid": 16405, "category": "other", "fire_min": 54.79354860972673, "poi_type": "fountain", "port_min": 2.47226154382945, "road_dist_m": 27.17053874, "access_score": 99}}, {"type": "Feature", "geometry": {"type": "Point", "coordinates": [20.4390553, 38.1948577]}, "properties": {"name": "Poseidon Hotel", "osm_id": 4918524545, "name_el": null, "name_en": null, "net_vid": 6115, "category": "tourism", "fire_min": 55.00993331519634, "poi_type": "hotel", "port_min": 2.6886462492990644, "road_dist_m": 12.44550002, "access_score": 99}}, {"type": "Feature", "geometry": {"type": "Point", "coordinates": [20.4387443, 38.1947707]}, "properties": {"name": "4 Seasons Studios", "osm_id": 5588703484, "name_el": null, "name_en": null, "net_vid": 18492, "category": "tourism", "fire_min": 55.22026068200691, "poi_type": "apartment", "port_min": 2.898973616109625, "road_dist_m": 11.7348349, "access_score": 99}}, {"type": "Feature", "geometry": {"type": "Point", "coordinates": [20.4335151, 38.1981766]}, "properties": {"name": "Palatino", "osm_id": 4918528905, "name_el": null, "name_en": null, "net_vid": 250, "category": "tourism", "fire_min": 54.71712390032114, "poi_type": "hotel", "port_min": 2.3958368344238656, "road_dist_m": 19.55578317, "access_score": 99}}, {"type": "Feature", "geometry": {"type": "Point", "coordinates": [20.4275829, 38.1876741]}, "properties": {"name": "AEGEAN", "osm_id": 9839437185, "name_el": null, "name_en": null, "net_vid": 3200, "category": "services", "fire_min": 55.74679676423695, "poi_type": "fuel", "port_min": 3.4255096983396536, "road_dist_m": 6.62800694, "access_score": 100}}, {"type": "Feature", "geometry": {"type": "Point", "coordinates": [20.4290816, 38.1888987]}, "properties": {"name": "car wash/ gas station", "osm_id": 1831834719, "name_el": null, "name_en": null, "net_vid": 6220, "category": "other", "fire_min": 55.875759574643894, "poi_type": "car_wash", "port_min": 3.5544725087466023, "road_dist_m": 43.23738222, "access_score": 98}}, {"type": "Feature", "geometry": {"type": "Point", "coordinates": [20.4282154, 38.1875404]}, "properties": {"name": "Κρητικός", "osm_id": 1831854521, "name_el": null, "name_en": "Kritikos", "net_vid": 6224, "category": "shop", "fire_min": 55.906330469718085, "poi_type": "supermarket", "port_min": 3.585043403820792, "road_dist_m": 16.13941897, "access_score": 99}}, {"type": "Feature", "geometry": {"type": "Point", "coordinates": [20.4283637, 38.1876138]}, "properties": {"name": "DΕΙ blue - Κρητικός", "osm_id": 12944241458, "name_el": "DΕΙ blue - Κρητικός", "name_en": "DΕΙ blue - Kritikos", "net_vid": 6221, "category": "other", "fire_min": 55.768682194621555, "poi_type": "charging_station", "port_min": 3.4473951287242612, "road_dist_m": 4.26646968, "access_score": 100}}, {"type": "Feature", "geometry": {"type": "Point", "coordinates": [20.4298621, 38.187684]}, "properties": {"name": null, "osm_id": 1831854718, "name_el": null, "name_en": null, "net_vid": 17425, "category": "shop", "fire_min": 56.011790587588074, "poi_type": "car_repair", "port_min": 3.6905035216907787, "road_dist_m": 15.54389465, "access_score": 99}}, {"type": "Feature", "geometry": {"type": "Point", "coordinates": [20.4389259, 38.1803267]}, "properties": {"name": "Villa Ostria", "osm_id": 12061668229, "name_el": null, "name_en": null, "net_vid": 6277, "category": "tourism", "fire_min": 59.62349918184886, "poi_type": "apartment", "port_min": 7.172173107911096, "road_dist_m": 19.89391908, "access_score": 99}}, {"type": "Feature", "geometry": {"type": "Point", "coordinates": [20.4273785, 38.1871445]}, "properties": {"name": "ΕΛΙΝΟΙΛ", "osm_id": 9750302319, "name_el": null, "name_en": null, "net_vid": 13792, "category": "services", "fire_min": 55.78594360532262, "poi_type": "fuel", "port_min": 3.4646565394253264, "road_dist_m": 4.15418158, "access_score": 100}}, {"type": "Feature", "geometry": {"type": "Point", "coordinates": [20.4257181, 38.1634663]}, "properties": {"name": "Ostria", "osm_id": 8297257955, "name_el": null, "name_en": null, "net_vid": 6342, "category": "food_drink", "fire_min": 66.59225860259477, "poi_type": "restaurant", "port_min": 14.27097153669747, "road_dist_m": 2.85863499, "access_score": 100}}, {"type": "Feature", "geometry": {"type": "Point", "coordinates": [20.428131, 38.1616075]}, "properties": {"name": null, "osm_id": 6717792699, "name_el": null, "name_en": "Shower", "net_vid": 13433, "category": "other", "fire_min": 68.06105770034848, "poi_type": "shower", "port_min": 15.739770634451189, "road_dist_m": 66.45040162, "access_score": 97}}, {"type": "Feature", "geometry": {"type": "Point", "coordinates": [20.3875663, 38.1505516]}, "properties": {"name": "Small Akrotiri Marina", "osm_id": 1831860545, "name_el": null, "name_en": null, "net_vid": 6445, "category": "leisure", "fire_min": 70.13093044726934, "poi_type": "marina", "port_min": 17.809643381372027, "road_dist_m": 49.00932011, "access_score": 98}}, {"type": "Feature", "geometry": {"type": "Point", "coordinates": [20.3885191, 38.1486505]}, "properties": {"name": "Κουνόπετρα", "osm_id": 4910571722, "name_el": null, "name_en": null, "net_vid": 6463, "category": "tourism", "fire_min": 70.13797040609566, "poi_type": "viewpoint", "port_min": 17.81668334019835, "road_dist_m": 17.25078166, "access_score": 99}}, {"type": "Feature", "geometry": {"type": "Point", "coordinates": [20.3866087, 38.1583126]}, "properties": {"name": null, "osm_id": 2444588223, "name_el": null, "name_en": null, "net_vid": 6461, "category": "tourism", "fire_min": 65.97671712815037, "poi_type": "motel", "port_min": 13.655430062253073, "road_dist_m": 6.84162367, "access_score": 100}}, {"type": "Feature", "geometry": {"type": "Point", "coordinates": [20.405642, 38.1544975]}, "properties": {"name": null, "osm_id": 6815339520, "name_el": null, "name_en": null, "net_vid": 6482, "category": "tourism", "fire_min": 70.03033579384787, "poi_type": "viewpoint", "port_min": 17.709048727950556, "road_dist_m": 46.3868976, "access_score": 98}}, {"type": "Feature", "geometry": {"type": "Point", "coordinates": [20.4124089, 38.1616983]}, "properties": {"name": "Vardianna Taverna", "osm_id": 5667867879, "name_el": null, "name_en": null, "net_vid": 6503, "category": "food_drink", "fire_min": 65.22808722938784, "poi_type": "restaurant", "port_min": 12.906800163490534, "road_dist_m": 21.63859922, "access_score": 99}}, {"type": "Feature", "geometry": {"type": "Point", "coordinates": [20.4130415, 38.1617589]}, "properties": {"name": null, "osm_id": 4334066091, "name_el": null, "name_en": null, "net_vid": 6509, "category": "shop", "fire_min": 65.12227725659744, "poi_type": "convenience", "port_min": 12.800990190700157, "road_dist_m": 3.14550515, "access_score": 100}}, {"type": "Feature", "geometry": {"type": "Point", "coordinates": [20.4129077, 38.1615927]}, "properties": {"name": "Village Xi", "osm_id": 4333617889, "name_el": null, "name_en": null, "net_vid": 14544, "category": "tourism", "fire_min": 65.28703935374044, "poi_type": "hotel", "port_min": 12.965752287843149, "road_dist_m": 4.72199861, "access_score": 100}}, {"type": "Feature", "geometry": {"type": "Point", "coordinates": [20.4137936, 38.1610018]}, "properties": {"name": "Averto", "osm_id": 6656710885, "name_el": null, "name_en": null, "net_vid": 16180, "category": "food_drink", "fire_min": 65.66408165238558, "poi_type": "restaurant", "port_min": 13.342794586488289, "road_dist_m": 32.06086663, "access_score": 98}}, {"type": "Feature", "geometry": {"type": "Point", "coordinates": [20.4136612, 38.1604004]}, "properties": {"name": null, "osm_id": 6656648185, "name_el": null, "name_en": null, "net_vid": 18100, "category": "other", "fire_min": 65.7384089294399, "poi_type": "shower", "port_min": 13.417121863542599, "road_dist_m": 14.50760194, "access_score": 99}}, {"type": "Feature", "geometry": {"type": "Point", "coordinates": [20.415914, 38.1607272]}, "properties": {"name": null, "osm_id": 11212284432, "name_el": null, "name_en": null, "net_vid": 18101, "category": "other", "fire_min": 65.01832851752184, "poi_type": "shower", "port_min": 12.697041451624548, "road_dist_m": 6.81124927, "access_score": 100}}, {"type": "Feature", "geometry": {"type": "Point", "coordinates": [20.4177417, 38.1648556]}, "properties": {"name": "Apollonion Resort and Spa", "osm_id": 4910570656, "name_el": null, "name_en": null, "net_vid": 6524, "category": "tourism", "fire_min": 64.52180349454856, "poi_type": "hotel", "port_min": 12.200516428651289, "road_dist_m": 58.93864131, "access_score": 97}}, {"type": "Feature", "geometry": {"type": "Point", "coordinates": [20.4169455, 38.1643462]}, "properties": {"name": "nrg - Apollonion Resort", "osm_id": 12944272512, "name_el": null, "name_en": null, "net_vid": 6521, "category": "other", "fire_min": 63.8571418498266, "poi_type": "charging_station", "port_min": 11.535854783929317, "road_dist_m": 8.86765737, "access_score": 100}}, {"type": "Feature", "geometry": {"type": "Point", "coordinates": [20.4158065, 38.1651951]}, "properties": {"name": "Mercury Rent A Car", "osm_id": 10976186457, "name_el": null, "name_en": null, "net_vid": 18485, "category": "other", "fire_min": 63.633769192033064, "poi_type": "car_rental", "port_min": 11.312482126135778, "road_dist_m": 12.65530919, "access_score": 99}}, {"type": "Feature", "geometry": {"type": "Point", "coordinates": [20.4148614, 38.16267]}, "properties": {"name": "Cephalonia Palace", "osm_id": 4910568453, "name_el": null, "name_en": null, "net_vid": 584, "category": "tourism", "fire_min": 65.26253219763217, "poi_type": "hotel", "port_min": 12.94124513173488, "road_dist_m": 65.00925646, "access_score": 97}}, {"type": "Feature", "geometry": {"type": "Point", "coordinates": [20.3767825, 38.1658712]}, "properties": {"name": "Captain Nikolas", "osm_id": 4924028021, "name_el": null, "name_en": "Captain Nikolas family tavern", "net_vid": 6722, "category": "food_drink", "fire_min": 66.7525787991509, "poi_type": "restaurant", "port_min": 14.431291733253662, "road_dist_m": 5.32271996, "access_score": 100}}, {"type": "Feature", "geometry": {"type": "Point", "coordinates": [20.3733, 38.1646498]}, "properties": {"name": null, "osm_id": 11270092346, "name_el": null, "name_en": null, "net_vid": 6689, "category": "other", "fire_min": 69.34563211474375, "poi_type": "bench", "port_min": 17.02434504884647, "road_dist_m": 10.16128136, "access_score": 99}}, {"type": "Feature", "geometry": {"type": "Point", "coordinates": [20.3733383, 38.1646096]}, "properties": {"name": null, "osm_id": 11270092347, "name_el": null, "name_en": null, "net_vid": 6689, "category": "leisure", "fire_min": 69.33159405549375, "poi_type": "firepit", "port_min": 17.010306989596472, "road_dist_m": 9.03823662, "access_score": 100}}, {"type": "Feature", "geometry": {"type": "Point", "coordinates": [20.3756574, 38.1649084]}, "properties": {"name": "Spiaggia Vatsa", "osm_id": 4348267189, "name_el": null, "name_en": null, "net_vid": 6723, "category": "food_drink", "fire_min": 67.87352936132228, "poi_type": "restaurant", "port_min": 15.552242295425039, "road_dist_m": 34.92375163, "access_score": 98}}, {"type": "Feature", "geometry": {"type": "Point", "coordinates": [20.3815326, 38.1538096]}, "properties": {"name": "Mezzao", "osm_id": 5098362923, "name_el": "Mezzao", "name_en": null, "net_vid": 16579, "category": "tourism", "fire_min": 68.83043167915444, "poi_type": "chalet", "port_min": 16.509144613257153, "road_dist_m": 2.53017465, "access_score": 100}}, {"type": "Feature", "geometry": {"type": "Point", "coordinates": [20.5143149, 38.1019945]}, "properties": {"name": null, "osm_id": 3073741590, "name_el": null, "name_en": null, "net_vid": 14526, "category": "leisure", "fire_min": 18.971381014874655, "poi_type": "marina", "port_min": 17.839300922633736, "road_dist_m": 59.53375981, "access_score": 97}}, {"type": "Feature", "geometry": {"type": "Point", "coordinates": [20.5197099, 38.1067947]}, "properties": {"name": null, "osm_id": 9659790517, "name_el": null, "name_en": "Gyros house", "net_vid": 269, "category": "food_drink", "fire_min": 15.880758899693962, "poi_type": "fast_food", "port_min": 14.748678807453045, "road_dist_m": 20.27160297, "access_score": 99}}, {"type": "Feature", "geometry": {"type": "Point", "coordinates": [20.5218893, 38.1057912]}, "properties": {"name": null, "osm_id": 9659790717, "name_el": null, "name_en": "Fois", "net_vid": 6688, "category": "food_drink", "fire_min": 16.910238084410658, "poi_type": "restaurant", "port_min": 15.77815799216974, "road_dist_m": 32.674356, "access_score": 98}}, {"type": "Feature", "geometry": {"type": "Point", "coordinates": [20.5221797, 38.1038244]}, "properties": {"name": "Ai Helis Beach", "osm_id": 4245894690, "name_el": null, "name_en": null, "net_vid": 18106, "category": "food_drink", "fire_min": 17.361520244844325, "poi_type": "restaurant", "port_min": 16.22944015260341, "road_dist_m": 4.620948, "access_score": 100}}, {"type": "Feature", "geometry": {"type": "Point", "coordinates": [20.5231964, 38.1040465]}, "properties": {"name": null, "osm_id": 9019333327, "name_el": null, "name_en": null, "net_vid": 16812, "category": "food_drink", "fire_min": 18.508966883726416, "poi_type": "bar", "port_min": 17.376886791485497, "road_dist_m": 39.56010686, "access_score": 98}}, {"type": "Feature", "geometry": {"type": "Point", "coordinates": [20.5241293, 38.1041974]}, "properties": {"name": "Sea Salt", "osm_id": 3366677080, "name_el": null, "name_en": null, "net_vid": 16812, "category": "food_drink", "fire_min": 18.320391602851416, "poi_type": "restaurant", "port_min": 17.188311510610497, "road_dist_m": 24.47408439, "access_score": 99}}, {"type": "Feature", "geometry": {"type": "Point", "coordinates": [20.5264896, 38.1029819]}, "properties": {"name": "nrg - Tetra Resort & Spa", "osm_id": 13720093172, "name_el": null, "name_en": null, "net_vid": 6785, "category": "other", "fire_min": 17.94009749071695, "poi_type": "charging_station", "port_min": 16.808017398476036, "road_dist_m": 6.79827365, "access_score": 100}}, {"type": "Feature", "geometry": {"type": "Point", "coordinates": [20.5244868, 38.1068594]}, "properties": {"name": null, "osm_id": 6612939088, "name_el": null, "name_en": "Ai Helis Hotel Apartments", "net_vid": 6805, "category": "tourism", "fire_min": 16.044870469211617, "poi_type": "apartment", "port_min": 14.912790376970701, "road_dist_m": 25.16500195, "access_score": 99}}, {"type": "Feature", "geometry": {"type": "Point", "coordinates": [20.5246632, 38.1115258]}, "properties": {"name": null, "osm_id": 9659791917, "name_el": null, "name_en": "Acropolis", "net_vid": 6810, "category": "food_drink", "fire_min": 14.318064943372509, "poi_type": "restaurant", "port_min": 13.185984851131591, "road_dist_m": 12.69073042, "access_score": 99}}, {"type": "Feature", "geometry": {"type": "Point", "coordinates": [20.528705, 38.1114682]}, "properties": {"name": null, "osm_id": 9659792617, "name_el": null, "name_en": "Esperides", "net_vid": 6816, "category": "food_drink", "fire_min": 14.682602683145417, "poi_type": "restaurant", "port_min": 13.5505225909045, "road_dist_m": 19.3664402, "access_score": 99}}, {"type": "Feature", "geometry": {"type": "Point", "coordinates": [20.5308959, 38.1141543]}, "properties": {"name": null, "osm_id": 2889272551, "name_el": null, "name_en": null, "net_vid": 8017, "category": "other", "fire_min": 13.134818908078236, "poi_type": "telephone", "port_min": 12.002738815837318, "road_dist_m": 6.1236626, "access_score": 100}}, {"type": "Feature", "geometry": {"type": "Point", "coordinates": [20.5247781, 38.1140037]}, "properties": {"name": "ΑΠ", "osm_id": 9750236152, "name_el": null, "name_en": null, "net_vid": 15102, "category": "services", "fire_min": 13.972083074173517, "poi_type": "fuel", "port_min": 12.8400029819326, "road_dist_m": 0.10809214, "access_score": 100}}, {"type": "Feature", "geometry": {"type": "Point", "coordinates": [20.5261321, 38.1122621]}, "properties": {"name": null, "osm_id": 2889272548, "name_el": null, "name_en": null, "net_vid": 6811, "category": "shop", "fire_min": 14.126420244677107, "poi_type": "convenience", "port_min": 12.99434015243619, "road_dist_m": 10.92740188, "access_score": 99}}, {"type": "Feature", "geometry": {"type": "Point", "coordinates": [20.5205592, 38.1148129]}, "properties": {"name": null, "osm_id": 2889272554, "name_el": null, "name_en": null, "net_vid": 6833, "category": "other", "fire_min": 15.18911730353099, "poi_type": "place_of_worship", "port_min": 14.071886836699045, "road_dist_m": 30.67677428, "access_score": 98}}, {"type": "Feature", "geometry": {"type": "Point", "coordinates": [20.5132209, 38.1093025]}, "properties": {"name": null, "osm_id": 9780150517, "name_el": null, "name_en": "Discover Kefalonia Rent a Car", "net_vid": 6873, "category": "other", "fire_min": 17.03303520654906, "poi_type": "car_rental", "port_min": 15.900955114308143, "road_dist_m": 6.18562684, "access_score": 100}}, {"type": "Feature", "geometry": {"type": "Point", "coordinates": [20.5146223, 38.1104619]}, "properties": {"name": null, "osm_id": 3073741607, "name_el": null, "name_en": null, "net_vid": 13709, "category": "shop", "fire_min": 17.736523354854505, "poi_type": "convenience", "port_min": 16.867858936473233, "road_dist_m": 19.74063816, "access_score": 99}}, {"type": "Feature", "geometry": {"type": "Point", "coordinates": [20.5144768, 38.1103778]}, "properties": {"name": "La Tavolita", "osm_id": 6711941032, "name_el": null, "name_en": null, "net_vid": 13709, "category": "food_drink", "fire_min": 17.771261575604502, "poi_type": "restaurant", "port_min": 16.90259715722323, "road_dist_m": 22.51969582, "access_score": 99}}, {"type": "Feature", "geometry": {"type": "Point", "coordinates": [20.5150481, 38.1110124]}, "properties": {"name": "Astra Market", "osm_id": 6709589187, "name_el": null, "name_en": null, "net_vid": 6756, "category": "shop", "fire_min": 16.624518783987018, "poi_type": "convenience", "port_min": 15.492438691746102, "road_dist_m": 15.38797593, "access_score": 99}}, {"type": "Feature", "geometry": {"type": "Point", "coordinates": [20.5149493, 38.1110787]}, "properties": {"name": "Astra Village Hotel & Spa", "osm_id": 1242916973, "name_el": null, "name_en": null, "net_vid": 6756, "category": "tourism", "fire_min": 16.76134338798702, "poi_type": "hotel", "port_min": 15.629263295746103, "road_dist_m": 26.33394425, "access_score": 99}}, {"type": "Feature", "geometry": {"type": "Point", "coordinates": [20.5151538, 38.1127537]}, "properties": {"name": null, "osm_id": 2889272549, "name_el": null, "name_en": null, "net_vid": 6855, "category": "other", "fire_min": 16.415676806371003, "poi_type": "place_of_worship", "port_min": 15.283596714130086, "road_dist_m": 33.39044155, "access_score": 98}}, {"type": "Feature", "geometry": {"type": "Point", "coordinates": [20.511271, 38.1088421]}, "properties": {"name": "Ψαρόγατος", "osm_id": 12114106902, "name_el": "Ψαρόγατος", "name_en": "Fishcat", "net_vid": 6870, "category": "food_drink", "fire_min": 16.899868344062263, "poi_type": "restaurant", "port_min": 16.55289104791538, "road_dist_m": 23.23561005, "access_score": 99}}, {"type": "Feature", "geometry": {"type": "Point", "coordinates": [20.5112287, 38.1085587]}, "properties": {"name": "Tropicana Snack Bar-Café", "osm_id": 12114115702, "name_el": null, "name_en": null, "net_vid": 6870, "category": "food_drink", "fire_min": 17.080094369062266, "poi_type": "cafe", "port_min": 16.733117072915384, "road_dist_m": 37.65369205, "access_score": 98}}, {"type": "Feature", "geometry": {"type": "Point", "coordinates": [20.5120426, 38.1064515]}, "properties": {"name": "Koutoupa", "osm_id": 5836725224, "name_el": null, "name_en": null, "net_vid": 6761, "category": "food_drink", "fire_min": 17.36879104783067, "poi_type": "restaurant", "port_min": 17.021813751683787, "road_dist_m": 20.99484287, "access_score": 99}}, {"type": "Feature", "geometry": {"type": "Point", "coordinates": [20.5121547, 38.1055729]}, "properties": {"name": "Ammes Hotel", "osm_id": 5836725285, "name_el": null, "name_en": null, "net_vid": 6762, "category": "tourism", "fire_min": 17.88417604603024, "poi_type": "hotel", "port_min": 16.981010900710217, "road_dist_m": 35.07879072, "access_score": 98}}, {"type": "Feature", "geometry": {"type": "Point", "coordinates": [20.5120668, 38.1059261]}, "properties": {"name": "O Milos", "osm_id": 2894042148, "name_el": null, "name_en": null, "net_vid": 6762, "category": "food_drink", "fire_min": 17.672283938905238, "poi_type": "restaurant", "port_min": 16.769118793585214, "road_dist_m": 18.12742215, "access_score": 99}}, {"type": "Feature", "geometry": {"type": "Point", "coordinates": [20.4923027, 38.1271673]}, "properties": {"name": "Tortuga Beach Bar", "osm_id": 12114126901, "name_el": null, "name_en": null, "net_vid": 7749, "category": "food_drink", "fire_min": 15.78848065697808, "poi_type": "bar", "port_min": 15.558189279977903, "road_dist_m": 8.39288929, "access_score": 100}}, {"type": "Feature", "geometry": {"type": "Point", "coordinates": [20.4944039, 38.1314415]}, "properties": {"name": "Σπάσματα", "osm_id": 4398470189, "name_el": "Σπάσματα", "name_en": "Spasmata Beach", "net_vid": 15903, "category": "food_drink", "fire_min": 16.585803929154014, "poi_type": "cafe", "port_min": 16.355512552153836, "road_dist_m": 72.63792961, "access_score": 96}}, {"type": "Feature", "geometry": {"type": "Point", "coordinates": [20.4826283, 38.1596861]}, "properties": {"name": "Bit & Bite", "osm_id": 11161630377, "name_el": null, "name_en": null, "net_vid": 13934, "category": "food_drink", "fire_min": 5.338063291139176, "poi_type": "cafe", "port_min": 5.107771914138998, "road_dist_m": 10.54021733, "access_score": 99}}, {"type": "Feature", "geometry": {"type": "Point", "coordinates": [20.4824653, 38.1598128]}, "properties": {"name": "Euronet", "osm_id": 11161683324, "name_el": null, "name_en": null, "net_vid": 13934, "category": "services", "fire_min": 5.261025174889176, "poi_type": "atm", "port_min": 5.030733797888998, "road_dist_m": 4.37716803, "access_score": 100}}, {"type": "Feature", "geometry": {"type": "Point", "coordinates": [20.4826358, 38.1598905]}, "properties": {"name": "Tanu's", "osm_id": 11161683602, "name_el": null, "name_en": null, "net_vid": 13934, "category": "food_drink", "fire_min": 5.333224944889176, "poi_type": "restaurant", "port_min": 5.102933567888998, "road_dist_m": 10.15314963, "access_score": 99}}, {"type": "Feature", "geometry": {"type": "Point", "coordinates": [20.4821814, 38.1598357]}, "properties": {"name": null, "osm_id": 11161639586, "name_el": null, "name_en": null, "net_vid": 13934, "category": "other", "fire_min": 5.573175274139176, "poi_type": "car_rental", "port_min": 5.342883897138998, "road_dist_m": 29.34917597, "access_score": 99}}, {"type": "Feature", "geometry": {"type": "Point", "coordinates": [20.4826618, 38.1601891]}, "properties": {"name": null, "osm_id": 11161683600, "name_el": null, "name_en": null, "net_vid": 6923, "category": "shop", "fire_min": 4.923118761198237, "poi_type": "supermarket", "port_min": 4.6928273841980594, "road_dist_m": 10.90472723, "access_score": 99}}, {"type": "Feature", "geometry": {"type": "Point", "coordinates": [20.4826435, 38.1600445]}, "properties": {"name": "Via Venetia", "osm_id": 11161690356, "name_el": null, "name_en": null, "net_vid": 6923, "category": "other", "fire_min": 4.9123213610732375, "poi_type": "car_rental", "port_min": 4.6820299840730595, "road_dist_m": 10.04093522, "access_score": 99}}, {"type": "Feature", "geometry": {"type": "Point", "coordinates": [20.4844, 38.1621501]}, "properties": {"name": null, "osm_id": 4924398021, "name_el": null, "name_en": "Logos grand view", "net_vid": 557, "category": "food_drink", "fire_min": 5.377239856982051, "poi_type": "bar", "port_min": 5.146948479981873, "road_dist_m": 7.02139261, "access_score": 100}}, {"type": "Feature", "geometry": {"type": "Point", "coordinates": [20.4838117, 38.1613511]}, "properties": {"name": "Stefanos Studios", "osm_id": 12051027570, "name_el": null, "name_en": null, "net_vid": 6910, "category": "tourism", "fire_min": 5.338433535944719, "poi_type": "hotel", "port_min": 5.108142158944541, "road_dist_m": 17.46630188, "access_score": 99}}, {"type": "Feature", "geometry": {"type": "Point", "coordinates": [20.4823562, 38.1619394]}, "properties": {"name": null, "osm_id": 11161681325, "name_el": null, "name_en": null, "net_vid": 6919, "category": "services", "fire_min": 4.658407450831782, "poi_type": "atm", "port_min": 4.428116073831604, "road_dist_m": 12.69577386, "access_score": 99}}, {"type": "Feature", "geometry": {"type": "Point", "coordinates": [20.4822598, 38.1619135]}, "properties": {"name": null, "osm_id": 11161654671, "name_el": null, "name_en": null, "net_vid": 6919, "category": "other", "fire_min": 4.768259834831782, "poi_type": "car_rental", "port_min": 4.537968457831604, "road_dist_m": 21.48396458, "access_score": 99}}, {"type": "Feature", "geometry": {"type": "Point", "coordinates": [20.4826038, 38.1619344]}, "properties": {"name": "Da Veronika", "osm_id": 11161664971, "name_el": null, "name_en": null, "net_vid": 6919, "category": "food_drink", "fire_min": 4.608019773956782, "poi_type": "restaurant", "port_min": 4.377728396956604, "road_dist_m": 8.66475971, "access_score": 100}}, {"type": "Feature", "geometry": {"type": "Point", "coordinates": [20.4823775, 38.1612894]}, "properties": {"name": "Trentis", "osm_id": 11161662689, "name_el": null, "name_en": null, "net_vid": 6925, "category": "food_drink", "fire_min": 4.87463407928852, "poi_type": "bar", "port_min": 4.644342702288342, "road_dist_m": 18.22237204, "access_score": 99}}, {"type": "Feature", "geometry": {"type": "Point", "coordinates": [20.482749, 38.1615197]}, "properties": {"name": "Il Gabbiano", "osm_id": 11161691969, "name_el": null, "name_en": null, "net_vid": 6925, "category": "food_drink", "fire_min": 4.82496760591352, "poi_type": "restaurant", "port_min": 4.594676228913342, "road_dist_m": 14.24905417, "access_score": 99}}, {"type": "Feature", "geometry": {"type": "Point", "coordinates": [20.4827098, 38.1604845]}, "properties": {"name": "Blue Sky", "osm_id": 11161686935, "name_el": null, "name_en": null, "net_vid": 6923, "category": "food_drink", "fire_min": 4.954760394948238, "poi_type": "restaurant", "port_min": 4.72446901794806, "road_dist_m": 13.43605793, "access_score": 99}}, {"type": "Feature", "geometry": {"type": "Point", "coordinates": [20.4827191, 38.1606068]}, "properties": {"name": null, "osm_id": 11161662690, "name_el": null, "name_en": null, "net_vid": 6923, "category": "shop", "fire_min": 4.954264340448238, "poi_type": "gift", "port_min": 4.72397296344806, "road_dist_m": 13.39637357, "access_score": 99}}, {"type": "Feature", "geometry": {"type": "Point", "coordinates": [20.4826995, 38.160727]}, "properties": {"name": "Eurobank", "osm_id": 11161686452, "name_el": null, "name_en": null, "net_vid": 6924, "category": "services", "fire_min": 4.850183604539761, "poi_type": "atm", "port_min": 4.619892227539583, "road_dist_m": 10.8435337, "access_score": 99}}, {"type": "Feature", "geometry": {"type": "Point", "coordinates": [20.4824149, 38.1606107]}, "properties": {"name": "Retseto", "osm_id": 11161668299, "name_el": null, "name_en": null, "net_vid": 6923, "category": "food_drink", "fire_min": 4.952289625448238, "poi_type": "restaurant", "port_min": 4.72199824844806, "road_dist_m": 13.23839637, "access_score": 99}}, {"type": "Feature", "geometry": {"type": "Point", "coordinates": [20.4826505, 38.1604419]}, "properties": {"name": null, "osm_id": 11161688800, "name_el": null, "name_en": null, "net_vid": 6923, "category": "other", "fire_min": 4.893639656198237, "poi_type": "telephone", "port_min": 4.663348279198059, "road_dist_m": 8.54639883, "access_score": 100}}, {"type": "Feature", "geometry": {"type": "Point", "coordinates": [20.4826809, 38.1610664]}, "properties": {"name": "Euronet", "osm_id": 11161692329, "name_el": null, "name_en": null, "net_vid": 6925, "category": "services", "fire_min": 4.741764630788521, "poi_type": "atm", "port_min": 4.511473253788343, "road_dist_m": 7.59281616, "access_score": 100}}, {"type": "Feature", "geometry": {"type": "Point", "coordinates": [20.4821126, 38.1624008]}, "properties": {"name": "Bar code", "osm_id": 11161639587, "name_el": null, "name_en": null, "net_vid": 6919, "category": "food_drink", "fire_min": 4.824610679081782, "poi_type": "bar", "port_min": 4.594319302081604, "road_dist_m": 25.99203212, "access_score": 99}}, {"type": "Feature", "geometry": {"type": "Point", "coordinates": [20.4821029, 38.1626915]}, "properties": {"name": "Tzivras Studios", "osm_id": 5598718107, "name_el": null, "name_en": null, "net_vid": 6916, "category": "tourism", "fire_min": 4.634403098259128, "poi_type": "apartment", "port_min": 4.40411172125895, "road_dist_m": 22.02263112, "access_score": 99}}, {"type": "Feature", "geometry": {"type": "Point", "coordinates": [20.4820867, 38.1635999]}, "properties": {"name": "Sirtaki", "osm_id": 11161688801, "name_el": null, "name_en": null, "net_vid": 6914, "category": "food_drink", "fire_min": 4.255396037453218, "poi_type": "restaurant", "port_min": 4.02510466045304, "road_dist_m": 8.82491815, "access_score": 100}}, {"type": "Feature", "geometry": {"type": "Point", "coordinates": [20.4821846, 38.1632259]}, "properties": {"name": null, "osm_id": 9084275380, "name_el": null, "name_en": null, "net_vid": 6916, "category": "services", "fire_min": 4.435379344759128, "poi_type": "atm", "port_min": 4.20508796775895, "road_dist_m": 6.10073084, "access_score": 100}}, {"type": "Feature", "geometry": {"type": "Point", "coordinates": [20.4823718, 38.1630981]}, "properties": {"name": null, "osm_id": 11161655929, "name_el": null, "name_en": null, "net_vid": 6916, "category": "shop", "fire_min": 4.459212181134128, "poi_type": "gift", "port_min": 4.22892080413395, "road_dist_m": 8.00735775, "access_score": 100}}, {"type": "Feature", "geometry": {"type": "Point", "coordinates": [20.4823271, 38.1633465]}, "properties": {"name": "Nefeli", "osm_id": 9084249788, "name_el": null, "name_en": null, "net_vid": 6916, "category": "food_drink", "fire_min": 4.4621625207591284, "poi_type": "restaurant", "port_min": 4.2318711437589505, "road_dist_m": 8.24338492, "access_score": 100}}, {"type": "Feature", "geometry": {"type": "Point", "coordinates": [20.4823042, 38.1637119]}, "properties": {"name": "Kefalos", "osm_id": 11161630378, "name_el": null, "name_en": null, "net_vid": 6914, "category": "food_drink", "fire_min": 4.2803358109532175, "poi_type": "restaurant", "port_min": 4.0500444339530395, "road_dist_m": 10.82010003, "access_score": 99}}, {"type": "Feature", "geometry": {"type": "Point", "coordinates": [20.4824159, 38.1629188]}, "properties": {"name": "Unicorn", "osm_id": 11161655930, "name_el": null, "name_en": null, "net_vid": 6916, "category": "other", "fire_min": 4.455913668259128, "poi_type": "car_rental", "port_min": 4.22562229125895, "road_dist_m": 7.74347672, "access_score": 100}}, {"type": "Feature", "geometry": {"type": "Point", "coordinates": [20.4823396, 38.162814]}, "properties": {"name": null, "osm_id": 9108391632, "name_el": null, "name_en": null, "net_vid": 6916, "category": "other", "fire_min": 4.365575631884128, "poi_type": "bench", "port_min": 4.13528425488395, "road_dist_m": 0.51643381, "access_score": 100}}, {"type": "Feature", "geometry": {"type": "Point", "coordinates": [20.4824949, 38.1627566]}, "properties": {"name": "treat House", "osm_id": 5599763510, "name_el": null, "name_en": null, "net_vid": 6916, "category": "food_drink", "fire_min": 4.521930562759128, "poi_type": "restaurant", "port_min": 4.29163918575895, "road_dist_m": 13.02482828, "access_score": 99}}, {"type": "Feature", "geometry": {"type": "Point", "coordinates": [20.4825057, 38.1626026]}, "properties": {"name": null, "osm_id": 11161692161, "name_el": null, "name_en": null, "net_vid": 6916, "category": "shop", "fire_min": 4.501778897259128, "poi_type": "gift", "port_min": 4.27148752025895, "road_dist_m": 11.41269504, "access_score": 99}}, {"type": "Feature", "geometry": {"type": "Point", "coordinates": [20.4822736, 38.1625046]}, "properties": {"name": "Butler's house", "osm_id": 4924382222, "name_el": null, "name_en": "So simple", "net_vid": 6919, "category": "food_drink", "fire_min": 4.628740273581782, "poi_type": "bar", "port_min": 4.398448896581604, "road_dist_m": 10.32239968, "access_score": 99}}, {"type": "Feature", "geometry": {"type": "Point", "coordinates": [20.4825772, 38.162247]}, "properties": {"name": "Trata", "osm_id": 11161691615, "name_el": null, "name_en": null, "net_vid": 6919, "category": "food_drink", "fire_min": 4.6703226412067815, "poi_type": "restaurant", "port_min": 4.4400312642066035, "road_dist_m": 13.64898909, "access_score": 99}}, {"type": "Feature", "geometry": {"type": "Point", "coordinates": [20.4845349, 38.1642108]}, "properties": {"name": "Royal Apartments", "osm_id": 6535498285, "name_el": null, "name_en": null, "net_vid": 6207, "category": "tourism", "fire_min": 5.057862744271651, "poi_type": "hotel", "port_min": 4.827571367271473, "road_dist_m": 38.78328137, "access_score": 98}}, {"type": "Feature", "geometry": {"type": "Point", "coordinates": [20.4847427, 38.1642657]}, "properties": {"name": null, "osm_id": 6535502485, "name_el": null, "name_en": "Royal Appartments", "net_vid": 15202, "category": "tourism", "fire_min": 5.592378200786319, "poi_type": "hotel", "port_min": 5.362086823786141, "road_dist_m": 36.97800507, "access_score": 98}}, {"type": "Feature", "geometry": {"type": "Point", "coordinates": [20.482661, 38.1651433]}, "properties": {"name": "Express Rent A Car", "osm_id": 5598549804, "name_el": null, "name_en": null, "net_vid": 6934, "category": "other", "fire_min": 4.154083938271935, "poi_type": "car_rental", "port_min": 3.9237925612717572, "road_dist_m": 8.21073982, "access_score": 100}}, {"type": "Feature", "geometry": {"type": "Point", "coordinates": [20.4823592, 38.1642042]}, "properties": {"name": null, "osm_id": 4924146721, "name_el": null, "name_en": "Phaedra", "net_vid": 6914, "category": "food_drink", "fire_min": 4.330582128078217, "poi_type": "restaurant", "port_min": 4.100290751078039, "road_dist_m": 14.8398054, "access_score": 99}}, {"type": "Feature", "geometry": {"type": "Point", "coordinates": [20.4821529, 38.1641532]}, "properties": {"name": null, "osm_id": 11161655931, "name_el": null, "name_en": null, "net_vid": 6914, "category": "other", "fire_min": 4.181022926078217, "poi_type": "telephone", "port_min": 3.9507315490780393, "road_dist_m": 2.87506924, "access_score": 100}}, {"type": "Feature", "geometry": {"type": "Point", "coordinates": [20.4824186, 38.164871]}, "properties": {"name": "Taverna Bar Ionio", "osm_id": 9997684218, "name_el": null, "name_en": null, "net_vid": 6917, "category": "food_drink", "fire_min": 4.0483224545578995, "poi_type": "restaurant", "port_min": 3.818031077557722, "road_dist_m": 5.05343123, "access_score": 100}}, {"type": "Feature", "geometry": {"type": "Point", "coordinates": [20.4820382, 38.1640293]}, "properties": {"name": null, "osm_id": 11161627301, "name_el": null, "name_en": null, "net_vid": 6914, "category": "shop", "fire_min": 4.296336950078217, "poi_type": "supermarket", "port_min": 4.066045573078039, "road_dist_m": 12.10019116, "access_score": 99}}, {"type": "Feature", "geometry": {"type": "Point", "coordinates": [20.479908, 38.1656366]}, "properties": {"name": null, "osm_id": 5563785121, "name_el": null, "name_en": "Caves", "net_vid": 6938, "category": "tourism", "fire_min": 5.553159436364305, "poi_type": "attraction", "port_min": 5.322868059364127, "road_dist_m": 8.23397923, "access_score": 100}}, {"type": "Feature", "geometry": {"type": "Point", "coordinates": [20.4800822, 38.1646874]}, "properties": {"name": null, "osm_id": 11161639585, "name_el": null, "name_en": null, "net_vid": 6937, "category": "other", "fire_min": 5.448786765011189, "poi_type": "toilets", "port_min": 5.218495388011011, "road_dist_m": 1.93849562, "access_score": 100}}, {"type": "Feature", "geometry": {"type": "Point", "coordinates": [20.4830786, 38.1706514]}, "properties": {"name": "Sto Psito", "osm_id": 11161662688, "name_el": null, "name_en": null, "net_vid": 6946, "category": "food_drink", "fire_min": 4.73891108003647, "poi_type": "restaurant", "port_min": 4.508619703036292, "road_dist_m": 8.78830977, "access_score": 100}}, {"type": "Feature", "geometry": {"type": "Point", "coordinates": [20.4832504, 38.1670439]}, "properties": {"name": "ARK", "osm_id": 11161691612, "name_el": null, "name_en": null, "net_vid": 6912, "category": "other", "fire_min": 3.8158744046967104, "poi_type": "animal_shelter", "port_min": 3.585583027696533, "road_dist_m": 11.7279934, "access_score": 99}}, {"type": "Feature", "geometry": {"type": "Point", "coordinates": [20.4828285, 38.166826]}, "properties": {"name": "Mel's", "osm_id": 9802719617, "name_el": null, "name_en": null, "net_vid": 6926, "category": "food_drink", "fire_min": 3.8064490119638332, "poi_type": "restaurant", "port_min": 3.5761576349636557, "road_dist_m": 10.15272085, "access_score": 99}}, {"type": "Feature", "geometry": {"type": "Point", "coordinates": [20.4827828, 38.1669643]}, "properties": {"name": "Dolphin", "osm_id": 5644324471, "name_el": null, "name_en": null, "net_vid": 6926, "category": "shop", "fire_min": 3.8991113702138334, "poi_type": "supermarket", "port_min": 3.668819993213656, "road_dist_m": 17.56570951, "access_score": 99}}, {"type": "Feature", "geometry": {"type": "Point", "coordinates": [20.4812501, 38.1667769]}, "properties": {"name": "Poseidon studios", "osm_id": 6600249460, "name_el": null, "name_en": null, "net_vid": 6962, "category": "tourism", "fire_min": 4.327963235385649, "poi_type": "hotel", "port_min": 4.097671858385471, "road_dist_m": 7.61958227, "access_score": 100}}, {"type": "Feature", "geometry": {"type": "Point", "coordinates": [20.4835084, 38.1671028]}, "properties": {"name": null, "osm_id": 11161692412, "name_el": null, "name_en": null, "net_vid": 6955, "category": "food_drink", "fire_min": 3.7102786231225746, "poi_type": "cafe", "port_min": 3.479987246122397, "road_dist_m": 6.1733672, "access_score": 100}}, {"type": "Feature", "geometry": {"type": "Point", "coordinates": [20.4842418, 38.1670105]}, "properties": {"name": null, "osm_id": 11161688798, "name_el": null, "name_en": null, "net_vid": 6955, "category": "tourism", "fire_min": 3.8830923499975745, "poi_type": "apartment", "port_min": 3.652800972997397, "road_dist_m": 19.99846535, "access_score": 99}}, {"type": "Feature", "geometry": {"type": "Point", "coordinates": [20.4845553, 38.1669904]}, "properties": {"name": "Irilena", "osm_id": 11161668298, "name_el": null, "name_en": null, "net_vid": 18109, "category": "tourism", "fire_min": 5.166039701993386, "poi_type": "apartment", "port_min": 4.935748324993208, "road_dist_m": 27.54460413, "access_score": 99}}, {"type": "Feature", "geometry": {"type": "Point", "coordinates": [20.4879485, 38.1662142]}, "properties": {"name": null, "osm_id": 9839508383, "name_el": null, "name_en": null, "net_vid": 6965, "category": "services", "fire_min": 3.3266747947492483, "poi_type": "fuel", "port_min": 3.703328283626213, "road_dist_m": 11.64079836, "access_score": 99}}, {"type": "Feature", "geometry": {"type": "Point", "coordinates": [20.4884651, 38.169393]}, "properties": {"name": null, "osm_id": 11181142521, "name_el": null, "name_en": null, "net_vid": 13541, "category": "shop", "fire_min": 2.951489526548781, "poi_type": "lighting", "port_min": 3.9863140301302065, "road_dist_m": 17.59331794, "access_score": 99}}, {"type": "Feature", "geometry": {"type": "Point", "coordinates": [20.4887055, 38.1689643]}, "properties": {"name": null, "osm_id": 11181143547, "name_el": null, "name_en": null, "net_vid": 18404, "category": "shop", "fire_min": 2.93980956260916, "poi_type": "houseware", "port_min": 3.9746340661905855, "road_dist_m": 19.25799507, "access_score": 99}}, {"type": "Feature", "geometry": {"type": "Point", "coordinates": [20.4881297, 38.1688295]}, "properties": {"name": "FRESKO CARI", "osm_id": 7463785762, "name_el": null, "name_en": null, "net_vid": 18235, "category": "food_drink", "fire_min": 3.3612998595560803, "poi_type": "restaurant", "port_min": 4.123754682295236, "road_dist_m": 32.93412296, "access_score": 98}}, {"type": "Feature", "geometry": {"type": "Point", "coordinates": [20.487692, 38.1683409]}, "properties": {"name": null, "osm_id": 11181149486, "name_el": null, "name_en": null, "net_vid": 18235, "category": "other", "fire_min": 3.2034419269310805, "poi_type": "car_wash", "port_min": 3.965896749670236, "road_dist_m": 20.30548835, "access_score": 99}}, {"type": "Feature", "geometry": {"type": "Point", "coordinates": [20.487204, 38.1702839]}, "properties": {"name": null, "osm_id": 11181080990, "name_el": null, "name_en": null, "net_vid": 7064, "category": "shop", "fire_min": 3.008167514885995, "poi_type": "pet", "port_min": 3.040290069151892, "road_dist_m": 13.59283635, "access_score": 99}}, {"type": "Feature", "geometry": {"type": "Point", "coordinates": [20.4869081, 38.1704511]}, "properties": {"name": "Η γειτονιά μας", "osm_id": 11181043504, "name_el": null, "name_en": null, "net_vid": 7064, "category": "shop", "fire_min": 3.007153526260995, "poi_type": "convenience", "port_min": 3.039276080526892, "road_dist_m": 13.51171726, "access_score": 99}}, {"type": "Feature", "geometry": {"type": "Point", "coordinates": [20.4860252, 38.1703612]}, "properties": {"name": null, "osm_id": 1680094870, "name_el": null, "name_en": null, "net_vid": 18337, "category": "other", "fire_min": 2.9944495063247842, "poi_type": "parking_entrance", "port_min": 2.967516276455879, "road_dist_m": 0, "access_score": 100}}, {"type": "Feature", "geometry": {"type": "Point", "coordinates": [20.4861327, 38.1711805]}, "properties": {"name": null, "osm_id": 1249933903, "name_el": null, "name_en": null, "net_vid": 3448, "category": "services", "fire_min": 3.048120875293711, "poi_type": "fuel", "port_min": 2.8178294982935332, "road_dist_m": 17.10409815, "access_score": 99}}, {"type": "Feature", "geometry": {"type": "Point", "coordinates": [20.486057, 38.1727964]}, "properties": {"name": "SHELL", "osm_id": 9750214605, "name_el": null, "name_en": null, "net_vid": 3452, "category": "services", "fire_min": 2.6670824672545237, "poi_type": "fuel", "port_min": 2.3513290647794256, "road_dist_m": 0.69840654, "access_score": 100}}, {"type": "Feature", "geometry": {"type": "Point", "coordinates": [20.4862891, 38.1724902]}, "properties": {"name": null, "osm_id": 4935233923, "name_el": null, "name_en": null, "net_vid": 3454, "category": "other", "fire_min": 2.7513865276420635, "poi_type": "bicycle_rental", "port_min": 2.521095150641886, "road_dist_m": 10.86121239, "access_score": 99}}, {"type": "Feature", "geometry": {"type": "Point", "coordinates": [20.4862777, 38.1724798]}, "properties": {"name": "rentabikekefalonia", "osm_id": 4927294522, "name_el": null, "name_en": "Rentabikekefalonia", "net_vid": 3454, "category": "other", "fire_min": 2.7324658146420635, "poi_type": "car_rental", "port_min": 2.502174437641886, "road_dist_m": 9.34755535, "access_score": 100}}, {"type": "Feature", "geometry": {"type": "Point", "coordinates": [20.4878408, 38.1726271]}, "properties": {"name": "Άγιος Ελευθέριος", "osm_id": 1250020651, "name_el": "Άγιος Ελευθέριος", "name_en": "Saint Eleftherios", "net_vid": 7006, "category": "other", "fire_min": 2.2430841723256907, "poi_type": "place_of_worship", "port_min": 2.83141713745495, "road_dist_m": 13.23569116, "access_score": 99}}, {"type": "Feature", "geometry": {"type": "Point", "coordinates": [20.4874453, 38.1723415]}, "properties": {"name": "Medical Diagnosis Argostoliou", "osm_id": 12088456652, "name_el": null, "name_en": null, "net_vid": 7006, "category": "health", "fire_min": 2.2087236819506906, "poi_type": "doctors", "port_min": 2.79705664707995, "road_dist_m": 10.48685193, "access_score": 99}}, {"type": "Feature", "geometry": {"type": "Point", "coordinates": [20.4898337, 38.171923]}, "properties": {"name": "3ο Δημοτικό Σχολείο Αργοστολίου", "osm_id": 1249669035, "name_el": "3ο Δημοτικό Σχολείο Αργοστολίου", "name_en": "3rd Primary School of Argostoli", "net_vid": 7017, "category": "education", "fire_min": 2.240821417125648, "poi_type": "school", "port_min": 3.608222491094704, "road_dist_m": 23.99694525, "access_score": 99}}, {"type": "Feature", "geometry": {"type": "Point", "coordinates": [20.4880733, 38.1696376]}, "properties": {"name": null, "osm_id": 11181148628, "name_el": null, "name_en": null, "net_vid": 15924, "category": "food_drink", "fire_min": 3.0927295097001624, "poi_type": "cafe", "port_min": 3.5839136755585406, "road_dist_m": 10.87104614, "access_score": 99}}, {"type": "Feature", "geometry": {"type": "Point", "coordinates": [20.488553, 38.169698]}, "properties": {"name": "Ολέα Kouzinaki", "osm_id": 13882561634, "name_el": null, "name_en": null, "net_vid": 13821, "category": "food_drink", "fire_min": 2.847022229847957, "poi_type": "restaurant", "port_min": 3.8818467334293825, "road_dist_m": 15.45146602, "access_score": 99}}, {"type": "Feature", "geometry": {"type": "Point", "coordinates": [20.490635, 38.1696483]}, "properties": {"name": null, "osm_id": 1249994028, "name_el": null, "name_en": null, "net_vid": 7010, "category": "shop", "fire_min": 1.5425095530393362, "poi_type": "supermarket", "port_min": 3.3507041459100972, "road_dist_m": 15.92030519, "access_score": 99}}, {"type": "Feature", "geometry": {"type": "Point", "coordinates": [20.4906212, 38.1698037]}, "properties": {"name": "Λόγου και Έργου Εξέλιξις", "osm_id": 4355161093, "name_el": "Λόγου και Έργου Εξέλιξις", "name_en": null, "net_vid": 4170, "category": "health", "fire_min": 1.4737909610939508, "poi_type": "clinic", "port_min": 3.2088388428554824, "road_dist_m": 7.49694939, "access_score": 100}}, {"type": "Feature", "geometry": {"type": "Point", "coordinates": [20.4912025, 38.1719185]}, "properties": {"name": null, "osm_id": 1249987311, "name_el": null, "name_en": null, "net_vid": 3428, "category": "health", "fire_min": 2.7172103949815125, "poi_type": "pharmacy", "port_min": 2.4468640752958875, "road_dist_m": 11.08774759, "access_score": 99}}, {"type": "Feature", "geometry": {"type": "Point", "coordinates": [20.4907305, 38.1730194]}, "properties": {"name": null, "osm_id": 1249987306, "name_el": null, "name_en": null, "net_vid": 669, "category": "health", "fire_min": 2.576046767481012, "poi_type": "pharmacy", "port_min": 2.344222227089498, "road_dist_m": 6.85106233, "access_score": 100}}, {"type": "Feature", "geometry": {"type": "Point", "coordinates": [20.491794, 38.1714662]}, "properties": {"name": "Ψητοπωλείο Ο Σπύρος", "osm_id": 8264027917, "name_el": "Ψητοπωλείο Ο Σπύρος", "name_en": "Grillhouse Spyros", "net_vid": 3420, "category": "food_drink", "fire_min": 0.7932209925427879, "poi_type": "restaurant", "port_min": 2.513131120156114, "road_dist_m": 8.07635285, "access_score": 100}}, {"type": "Feature", "geometry": {"type": "Point", "coordinates": [20.4920995, 38.1715714]}, "properties": {"name": null, "osm_id": 1249987312, "name_el": null, "name_en": null, "net_vid": 7018, "category": "leisure", "fire_min": 0.8460416397199262, "poi_type": "playground", "port_min": 2.5659517673332526, "road_dist_m": 6.4766399, "access_score": 100}}, {"type": "Feature", "geometry": {"type": "Point", "coordinates": [20.4933085, 38.1727805]}, "properties": {"name": null, "osm_id": 11161681324, "name_el": null, "name_en": null, "net_vid": 3404, "category": "shop", "fire_min": 1.0017555901840114, "poi_type": "greengrocer", "port_min": 3.002909991272336, "road_dist_m": 8.67962664, "access_score": 100}}, {"type": "Feature", "geometry": {"type": "Point", "coordinates": [20.4933793, 38.1724475]}, "properties": {"name": "SPEEDEX -ΚΕΦΑΛΛΟΝΙΑ", "osm_id": 9819056536, "name_el": null, "name_en": null, "net_vid": 7024, "category": "services", "fire_min": 0.9689700842504207, "poi_type": "post_office", "port_min": 2.866154023013765, "road_dist_m": 8.22515625, "access_score": 100}}, {"type": "Feature", "geometry": {"type": "Point", "coordinates": [20.4939581, 38.1722306]}, "properties": {"name": null, "osm_id": 11161673041, "name_el": null, "name_en": null, "net_vid": 7339, "category": "health", "fire_min": 0.8514663158640552, "poi_type": "pharmacy", "port_min": 3.04477166665013, "road_dist_m": 10.66971126, "access_score": 99}}, {"type": "Feature", "geometry": {"type": "Point", "coordinates": [20.4940418, 38.1722273]}, "properties": {"name": "De Bosset", "osm_id": 13184334647, "name_el": null, "name_en": null, "net_vid": 7339, "category": "food_drink", "fire_min": 0.7893008963640551, "poi_type": "cafe", "port_min": 2.9826062471501302, "road_dist_m": 5.6964777, "access_score": 100}}, {"type": "Feature", "geometry": {"type": "Point", "coordinates": [20.4936685, 38.1724094]}, "properties": {"name": "SHELL", "osm_id": 1249933900, "name_el": null, "name_en": null, "net_vid": 7024, "category": "services", "fire_min": 0.9787830576254207, "poi_type": "fuel", "port_min": 2.875966996388765, "road_dist_m": 9.01019412, "access_score": 100}}, {"type": "Feature", "geometry": {"type": "Point", "coordinates": [20.4944438, 38.1709848]}, "properties": {"name": "Likiardopoulata", "osm_id": 1249933904, "name_el": null, "name_en": null, "net_vid": 7027, "category": "other", "fire_min": 0.5756920557643728, "poi_type": "marketplace", "port_min": 3.4213198139239545, "road_dist_m": 22.66306478, "access_score": 99}}, {"type": "Feature", "geometry": {"type": "Point", "coordinates": [20.4931874, 38.1708052]}, "properties": {"name": "Άγιος Νικόλαος των Ξένων", "osm_id": 1248477222, "name_el": "Άγιος Νικόλαος των Ξένων", "name_en": "St Nicholas of the Foreigners", "net_vid": 7037, "category": "other", "fire_min": 0.5461226476066923, "poi_type": "place_of_worship", "port_min": 2.66980907009221, "road_dist_m": 4.45953705, "access_score": 100}}, {"type": "Feature", "geometry": {"type": "Point", "coordinates": [20.4944257, 38.1702702]}, "properties": {"name": "ΠΥ Αργοστολίου", "osm_id": 1249669039, "name_el": null, "name_en": null, "net_vid": 17737, "category": "other", "fire_min": 0.098162726625, "poi_type": "fire_station", "port_min": 3.202606018073902, "road_dist_m": 7.85301813, "access_score": 100}}, {"type": "Feature", "geometry": {"type": "Point", "coordinates": [20.4940081, 38.1686336]}, "properties": {"name": null, "osm_id": 1250000656, "name_el": null, "name_en": null, "net_vid": 7013, "category": "shop", "fire_min": 0.841767508814427, "poi_type": "bakery", "port_min": 3.2849605599457434, "road_dist_m": 13.0949347, "access_score": 99}}, {"type": "Feature", "geometry": {"type": "Point", "coordinates": [20.4916683, 38.1686085]}, "properties": {"name": "5th Primary School of Argostoli", "osm_id": 1249669041, "name_el": null, "name_en": null, "net_vid": 7058, "category": "education", "fire_min": 1.5868605592720644, "poi_type": "school", "port_min": 3.901994006806944, "road_dist_m": 25.00616691, "access_score": 99}}, {"type": "Feature", "geometry": {"type": "Point", "coordinates": [20.4916987, 38.1691897]}, "properties": {"name": "Παπαντωνάτος", "osm_id": 11161691614, "name_el": null, "name_en": null, "net_vid": 7011, "category": "shop", "fire_min": 1.367108100641983, "poi_type": "supermarket", "port_min": 3.6306437348074505, "road_dist_m": 20.10183065, "access_score": 99}}, {"type": "Feature", "geometry": {"type": "Point", "coordinates": [20.4916044, 38.1693252]}, "properties": {"name": null, "osm_id": 1249936402, "name_el": null, "name_en": null, "net_vid": 7011, "category": "health", "fire_min": 1.245610458766983, "poi_type": "pharmacy", "port_min": 3.5091460929324505, "road_dist_m": 10.3820193, "access_score": 99}}, {"type": "Feature", "geometry": {"type": "Point", "coordinates": [20.4911855, 38.1689038]}, "properties": {"name": "Education Centre for Social Support and Training for People with Disabilities", "osm_id": 1249669030, "name_el": null, "name_en": null, "net_vid": 7051, "category": "education", "fire_min": 1.8878826934894062, "poi_type": "school", "port_min": 3.696077286360167, "road_dist_m": 21.53432368, "access_score": 99}}, {"type": "Feature", "geometry": {"type": "Point", "coordinates": [20.4933635, 38.1657992]}, "properties": {"name": "6th Primary School of Argostoli", "osm_id": 1249671148, "name_el": null, "name_en": null, "net_vid": 17530, "category": "education", "fire_min": 2.6902959255046164, "poi_type": "school", "port_min": 4.992357450330278, "road_dist_m": 23.46726604, "access_score": 99}}, {"type": "Feature", "geometry": {"type": "Point", "coordinates": [20.4893088, 38.1628088]}, "properties": {"name": "DΕΙ blue - The L Suites & Apartments", "osm_id": 12944684973, "name_el": null, "name_en": null, "net_vid": 7269, "category": "other", "fire_min": 4.145428375059417, "poi_type": "charging_station", "port_min": 4.522081863936382, "road_dist_m": 28.08669654, "access_score": 99}}, {"type": "Feature", "geometry": {"type": "Point", "coordinates": [20.4862755, 38.1599862]}, "properties": {"name": "Σπήλαιο-Ερμιτάζ Αγίου Γερασίμου", "osm_id": 5850991787, "name_el": "Σπήλαιο-Ερμιτάζ Αγίου Γερασίμου", "name_en": "Cave-Hermitage St. Gerasimos", "net_vid": 7112, "category": "tourism", "fire_min": 5.598791653823656, "poi_type": "attraction", "port_min": 5.927677226376265, "road_dist_m": 0.22665562, "access_score": 100}}, {"type": "Feature", "geometry": {"type": "Point", "coordinates": [20.4900599, 38.1546721]}, "properties": {"name": "Dionysos hotel", "osm_id": 2467479040, "name_el": null, "name_en": null, "net_vid": 7144, "category": "tourism", "fire_min": 7.41231938870975, "poi_type": "hotel", "port_min": 7.7889728775867155, "road_dist_m": 4.54879592, "access_score": 100}}, {"type": "Feature", "geometry": {"type": "Point", "coordinates": [20.4860285, 38.1516602]}, "properties": {"name": "Chargespot - White Rocks Hotel", "osm_id": 12944645422, "name_el": null, "name_en": null, "net_vid": 7167, "category": "other", "fire_min": 7.179667315817833, "poi_type": "charging_station", "port_min": 6.949375938817655, "road_dist_m": 27.77363083, "access_score": 99}}, {"type": "Feature", "geometry": {"type": "Point", "coordinates": [20.4874029, 38.1584806]}, "properties": {"name": null, "osm_id": 3763136135, "name_el": null, "name_en": "Liberatos Village", "net_vid": 7119, "category": "tourism", "fire_min": 6.103280976578709, "poi_type": "motel", "port_min": 6.479934465455674, "road_dist_m": 37.28597204, "access_score": 98}}, {"type": "Feature", "geometry": {"type": "Point", "coordinates": [20.4845573, 38.1560334]}, "properties": {"name": "Kekkatos", "osm_id": 9079490077, "name_el": null, "name_en": null, "net_vid": 7150, "category": "tourism", "fire_min": 6.648532762748825, "poi_type": "apartment", "port_min": 6.418241385748647, "road_dist_m": 24.82214046, "access_score": 99}}, {"type": "Feature", "geometry": {"type": "Point", "coordinates": [20.4831048, 38.1552042]}, "properties": {"name": "Princess Hotel", "osm_id": 5048397609, "name_el": null, "name_en": null, "net_vid": 7153, "category": "tourism", "fire_min": 5.94481773970209, "poi_type": "hotel", "port_min": 5.714526362701912, "road_dist_m": 12.75689427, "access_score": 99}}, {"type": "Feature", "geometry": {"type": "Point", "coordinates": [20.4817758, 38.1565129]}, "properties": {"name": "Zorba's", "osm_id": 5644287115, "name_el": null, "name_en": null, "net_vid": 18415, "category": "food_drink", "fire_min": 6.475007355476327, "poi_type": "restaurant", "port_min": 6.244715978476149, "road_dist_m": 11.25192258, "access_score": 99}}, {"type": "Feature", "geometry": {"type": "Point", "coordinates": [20.4818318, 38.156388]}, "properties": {"name": "Mina supermarket", "osm_id": 2536232694, "name_el": null, "name_en": null, "net_vid": 18415, "category": "shop", "fire_min": 6.5130848159763275, "poi_type": "supermarket", "port_min": 6.2827934389761495, "road_dist_m": 14.29811942, "access_score": 99}}, {"type": "Feature", "geometry": {"type": "Point", "coordinates": [20.4815963, 38.1569994]}, "properties": {"name": "Deli Foods", "osm_id": 5048397415, "name_el": null, "name_en": null, "net_vid": 6913, "category": "shop", "fire_min": 5.498693101054457, "poi_type": "supermarket", "port_min": 5.268401724054279, "road_dist_m": 12.74535955, "access_score": 99}}, {"type": "Feature", "geometry": {"type": "Point", "coordinates": [20.4818293, 38.1570594]}, "properties": {"name": null, "osm_id": 11161654670, "name_el": null, "name_en": null, "net_vid": 6913, "category": "other", "fire_min": 5.432087007429457, "poi_type": "telephone", "port_min": 5.201795630429279, "road_dist_m": 7.41687206, "access_score": 100}}, {"type": "Feature", "geometry": {"type": "Point", "coordinates": [20.4816471, 38.1567852]}, "properties": {"name": "Euronet", "osm_id": 5644287112, "name_el": null, "name_en": null, "net_vid": 6913, "category": "services", "fire_min": 5.472393665429457, "poi_type": "atm", "port_min": 5.242102288429279, "road_dist_m": 10.6414047, "access_score": 99}}, {"type": "Feature", "geometry": {"type": "Point", "coordinates": [20.4824623, 38.1580761]}, "properties": {"name": null, "osm_id": 11161694105, "name_el": null, "name_en": null, "net_vid": 6918, "category": "food_drink", "fire_min": 5.2057905463240175, "poi_type": "bar", "port_min": 4.9754991693238395, "road_dist_m": 13.67576289, "access_score": 99}}, {"type": "Feature", "geometry": {"type": "Point", "coordinates": [20.482522, 38.1584585]}, "properties": {"name": "Drosia", "osm_id": 11161691617, "name_el": null, "name_en": null, "net_vid": 6918, "category": "food_drink", "fire_min": 5.137100668074018, "poi_type": "restaurant", "port_min": 4.90680929107384, "road_dist_m": 8.18057263, "access_score": 100}}, {"type": "Feature", "geometry": {"type": "Point", "coordinates": [20.4821718, 38.1582154]}, "properties": {"name": "Tzogia's Taverna", "osm_id": 6711929662, "name_el": null, "name_en": null, "net_vid": 6918, "category": "food_drink", "fire_min": 5.234851148074018, "poi_type": "restaurant", "port_min": 5.00455977107384, "road_dist_m": 16.00061103, "access_score": 99}}, {"type": "Feature", "geometry": {"type": "Point", "coordinates": [20.4792232, 38.1552118]}, "properties": {"name": null, "osm_id": 4924382221, "name_el": null, "name_en": "Stevento bar", "net_vid": 7164, "category": "food_drink", "fire_min": 6.534178512912962, "poi_type": "bar", "port_min": 6.303887135912784, "road_dist_m": 12.04693626, "access_score": 99}}, {"type": "Feature", "geometry": {"type": "Point", "coordinates": [20.4797124, 38.1551368]}, "properties": {"name": "El Pecado Beach Bar", "osm_id": 3073717346, "name_el": null, "name_en": null, "net_vid": 7164, "category": "food_drink", "fire_min": 6.644327995037962, "poi_type": "bar", "port_min": 6.414036618037784, "road_dist_m": 20.85889483, "access_score": 99}}, {"type": "Feature", "geometry": {"type": "Point", "coordinates": [20.480103, 38.1562308]}, "properties": {"name": null, "osm_id": 3073717357, "name_el": null, "name_en": null, "net_vid": 7163, "category": "services", "fire_min": 5.93311246920465, "poi_type": "parking", "port_min": 5.702821092204472, "road_dist_m": 4.34912249, "access_score": 100}}, {"type": "Feature", "geometry": {"type": "Point", "coordinates": [20.4801315, 38.1548002]}, "properties": {"name": "Makris Yialos Restaurant - Beach Bar", "osm_id": 12618030017, "name_el": null, "name_en": null, "net_vid": 18249, "category": "food_drink", "fire_min": 7.038636624411313, "poi_type": "bar", "port_min": 6.808345247411135, "road_dist_m": 29.65025832, "access_score": 99}}, {"type": "Feature", "geometry": {"type": "Point", "coordinates": [20.4837062, 38.1522509]}, "properties": {"name": null, "osm_id": 9887517847, "name_el": null, "name_en": null, "net_vid": 18115, "category": "leisure", "fire_min": 7.349689284914677, "poi_type": "outdoor_seating", "port_min": 7.119397907914499, "road_dist_m": 29.38766752, "access_score": 99}}, {"type": "Feature", "geometry": {"type": "Point", "coordinates": [20.4838008, 38.152291]}, "properties": {"name": null, "osm_id": 9887517840, "name_el": null, "name_en": null, "net_vid": 18115, "category": "shop", "fire_min": 7.245368431289678, "poi_type": "kiosk", "port_min": 7.0150770542895, "road_dist_m": 21.04199923, "access_score": 99}}, {"type": "Feature", "geometry": {"type": "Point", "coordinates": [20.4839359, 38.1522807]}, "properties": {"name": null, "osm_id": 9887517850, "name_el": null, "name_en": null, "net_vid": 18115, "category": "other", "fire_min": 7.199368647539678, "poi_type": "dressing_room", "port_min": 6.9690772705395, "road_dist_m": 17.36201653, "access_score": 99}}, {"type": "Feature", "geometry": {"type": "Point", "coordinates": [20.4838504, 38.1521977]}, "properties": {"name": null, "osm_id": 9887664946, "name_el": null, "name_en": null, "net_vid": 18115, "category": "other", "fire_min": 7.338693876914677, "poi_type": "shower", "port_min": 7.108402499914499, "road_dist_m": 28.50803488, "access_score": 99}}, {"type": "Feature", "geometry": {"type": "Point", "coordinates": [20.4975323, 38.1509822]}, "properties": {"name": "EV Loader - Harmony Suites", "osm_id": 13266522509, "name_el": null, "name_en": null, "net_vid": 16396, "category": "other", "fire_min": 6.232180166324747, "poi_type": "charging_station", "port_min": 6.608833655201713, "road_dist_m": 3.09836816, "access_score": 100}}, {"type": "Feature", "geometry": {"type": "Point", "coordinates": [20.5106379, 38.1576599]}, "properties": {"name": null, "osm_id": 6600249458, "name_el": null, "name_en": null, "net_vid": 7238, "category": "other", "fire_min": 5.610565696423449, "poi_type": "marketplace", "port_min": 8.053758747554767, "road_dist_m": 27.05803639, "access_score": 99}}, {"type": "Feature", "geometry": {"type": "Point", "coordinates": [20.497797, 38.1513519]}, "properties": {"name": "Harmony Suits", "osm_id": 11093035290, "name_el": null, "name_en": null, "net_vid": 16396, "category": "tourism", "fire_min": 6.699311844074748, "poi_type": "hotel", "port_min": 7.075965332951713, "road_dist_m": 40.46890238, "access_score": 98}}, {"type": "Feature", "geometry": {"type": "Point", "coordinates": [20.4969286, 38.1604048]}, "properties": {"name": "Botanischer Garten", "osm_id": 5606722368, "name_el": null, "name_en": null, "net_vid": 14580, "category": "leisure", "fire_min": 2.550648595140405, "poi_type": "park", "port_min": 4.993841646271721, "road_dist_m": 20.5987971, "access_score": 99}}, {"type": "Feature", "geometry": {"type": "Point", "coordinates": [20.4991684, 38.1615455]}, "properties": {"name": "Toyota ΓΕΡΑΣΙΜΟΣ ΑΓΓΕΛΑΤΟΣ", "osm_id": 9412532895, "name_el": null, "name_en": null, "net_vid": 14580, "category": "shop", "fire_min": 2.537866448140405, "poi_type": "car_repair", "port_min": 4.981059499271722, "road_dist_m": 19.57622534, "access_score": 99}}, {"type": "Feature", "geometry": {"type": "Point", "coordinates": [20.5005043, 38.1653783]}, "properties": {"name": null, "osm_id": 14054833602, "name_el": null, "name_en": null, "net_vid": 7308, "category": "leisure", "fire_min": 1.7030541101421073, "poi_type": "playground", "port_min": 4.146247161273423, "road_dist_m": 22.59782232, "access_score": 99}}, {"type": "Feature", "geometry": {"type": "Point", "coordinates": [20.4976336, 38.1630159]}, "properties": {"name": "Αστυνομικό Τμήμα Αργοστολίου", "osm_id": 1249669032, "name_el": "Αστυνομικό Τμήμα Αργοστολίου", "name_en": "Police Station of Argostoli", "net_vid": 16419, "category": "other", "fire_min": 1.7424756824343324, "poi_type": "police", "port_min": 4.185668733565648, "road_dist_m": 17.38492427, "access_score": 99}}, {"type": "Feature", "geometry": {"type": "Point", "coordinates": [20.4968204, 38.1638875]}, "properties": {"name": "nrg - Shell 403 Αργοστόλι", "osm_id": 13930456294, "name_el": "nrg - Shell 403 Αργοστόλι", "name_en": "nrg - Shell 403 Argostoli", "net_vid": 14924, "category": "other", "fire_min": 1.462489504007596, "poi_type": "charging_station", "port_min": 3.9056825551389123, "road_dist_m": 12.05594131, "access_score": 99}}, {"type": "Feature", "geometry": {"type": "Point", "coordinates": [20.4969367, 38.1637538]}, "properties": {"name": "SHELL", "osm_id": 1249933907, "name_el": null, "name_en": null, "net_vid": 14924, "category": "services", "fire_min": 1.5116031765075961, "poi_type": "fuel", "port_min": 3.954796227638912, "road_dist_m": 15.98503511, "access_score": 99}}, {"type": "Feature", "geometry": {"type": "Point", "coordinates": [20.4968772, 38.1643617]}, "properties": {"name": "Four seasons", "osm_id": 11181111998, "name_el": null, "name_en": null, "net_vid": 7315, "category": "food_drink", "fire_min": 1.3609130848972566, "poi_type": "cafe", "port_min": 3.8041061360285724, "road_dist_m": 13.39764857, "access_score": 99}}, {"type": "Feature", "geometry": {"type": "Point", "coordinates": [20.4968116, 38.1656805]}, "properties": {"name": null, "osm_id": 11181098274, "name_el": null, "name_en": null, "net_vid": 7331, "category": "shop", "fire_min": 1.1250490187370201, "poi_type": "car", "port_min": 3.568242069868336, "road_dist_m": 8.07574002, "access_score": 100}}, {"type": "Feature", "geometry": {"type": "Point", "coordinates": [20.4962291, 38.1673175]}, "properties": {"name": "Βρεφονηπιακός Σταθμός Αργοστολίου", "osm_id": 1249671776, "name_el": null, "name_en": null, "net_vid": 7351, "category": "education", "fire_min": 0.973902957099248, "poi_type": "kindergarten", "port_min": 3.417096008230564, "road_dist_m": 7.08104369, "access_score": 100}}, {"type": "Feature", "geometry": {"type": "Point", "coordinates": [20.4968775, 38.1667527]}, "properties": {"name": null, "osm_id": 11181146879, "name_el": null, "name_en": null, "net_vid": 7316, "category": "food_drink", "fire_min": 0.974931540441274, "poi_type": "cafe", "port_min": 3.41812459157259, "road_dist_m": 10.6359133, "access_score": 99}}, {"type": "Feature", "geometry": {"type": "Point", "coordinates": [20.4991397, 38.1679282]}, "properties": {"name": null, "osm_id": 10064015017, "name_el": null, "name_en": null, "net_vid": 7348, "category": "other", "fire_min": 1.2747790942246444, "poi_type": "bench", "port_min": 4.099791235964261, "road_dist_m": 9.62868371, "access_score": 100}}, {"type": "Feature", "geometry": {"type": "Point", "coordinates": [20.4953012, 38.168275]}, "properties": {"name": "Bazzar", "osm_id": 13779113503, "name_el": null, "name_en": null, "net_vid": 7333, "category": "shop", "fire_min": 0.6056789033278063, "poi_type": "supermarket", "port_min": 3.0488719544591225, "road_dist_m": 6.40111326, "access_score": 100}}, {"type": "Feature", "geometry": {"type": "Point", "coordinates": [20.4950788, 38.168604]}, "properties": {"name": "Ο Ξυλόφουρνος του Αωέργη", "osm_id": 13778987179, "name_el": null, "name_en": null, "net_vid": 7035, "category": "shop", "fire_min": 0.6281143554298249, "poi_type": "bakery", "port_min": 3.071307406561141, "road_dist_m": 10.94710545, "access_score": 99}}, {"type": "Feature", "geometry": {"type": "Point", "coordinates": [20.4967182, 38.1701249]}, "properties": {"name": "My market", "osm_id": 1249994012, "name_el": null, "name_en": null, "net_vid": 7346, "category": "shop", "fire_min": 1.0320673695981892, "poi_type": "supermarket", "port_min": 3.8570795113378065, "road_dist_m": 17.83308833, "access_score": 99}}, {"type": "Feature", "geometry": {"type": "Point", "coordinates": [20.496367, 38.1703807]}, "properties": {"name": null, "osm_id": 6467588739, "name_el": null, "name_en": null, "net_vid": 7345, "category": "leisure", "fire_min": 0.7747476966794987, "poi_type": "playground", "port_min": 3.599759838419116, "road_dist_m": 19.53933462, "access_score": 99}}, {"type": "Feature", "geometry": {"type": "Point", "coordinates": [20.4957419, 38.1708249]}, "properties": {"name": null, "osm_id": 1249994017, "name_el": null, "name_en": null, "net_vid": 7358, "category": "shop", "fire_min": 0.7231664086219147, "poi_type": "supermarket", "port_min": 3.6960097212504373, "road_dist_m": 13.83381575, "access_score": 99}}, {"type": "Feature", "geometry": {"type": "Point", "coordinates": [20.495739, 38.1708468]}, "properties": {"name": "Σταμούλης", "osm_id": 9883247417, "name_el": null, "name_en": null, "net_vid": 7345, "category": "shop", "fire_min": 0.7265677726794987, "poi_type": "butcher", "port_min": 3.5515799144191162, "road_dist_m": 15.6849407, "access_score": 99}}, {"type": "Feature", "geometry": {"type": "Point", "coordinates": [20.4953154, 38.170655]}, "properties": {"name": null, "osm_id": 1249956212, "name_el": null, "name_en": null, "net_vid": 7356, "category": "services", "fire_min": 0.35809398558357214, "poi_type": "parking", "port_min": 3.3907438687529274, "road_dist_m": 5.49535288, "access_score": 100}}, {"type": "Feature", "geometry": {"type": "Point", "coordinates": [20.4949932, 38.1713946]}, "properties": {"name": "Soulatso", "osm_id": 12089324201, "name_el": null, "name_en": null, "net_vid": 7342, "category": "food_drink", "fire_min": 0.665854161001718, "poi_type": "cafe", "port_min": 3.3267686000124677, "road_dist_m": 14.5251024, "access_score": 99}}, {"type": "Feature", "geometry": {"type": "Point", "coordinates": [20.4948219, 38.1713512]}, "properties": {"name": null, "osm_id": 11161692328, "name_el": null, "name_en": null, "net_vid": 7026, "category": "other", "fire_min": 0.4910760508990911, "poi_type": "toilets", "port_min": 3.083130751539236, "road_dist_m": 5.75086209, "access_score": 100}}, {"type": "Feature", "geometry": {"type": "Point", "coordinates": [20.4947907, 38.1715291]}, "properties": {"name": null, "osm_id": 9883247317, "name_el": null, "name_en": null, "net_vid": 7342, "category": "food_drink", "fire_min": 0.712673170376718, "poi_type": "restaurant", "port_min": 3.3735876093874677, "road_dist_m": 18.27062315, "access_score": 99}}, {"type": "Feature", "geometry": {"type": "Point", "coordinates": [20.4958132, 38.1712794]}, "properties": {"name": null, "osm_id": 6815339500, "name_el": null, "name_en": null, "net_vid": 7344, "category": "other", "fire_min": 0.7041492163660663, "poi_type": "bench", "port_min": 3.529161358105684, "road_dist_m": 20.45705071, "access_score": 99}}, {"type": "Feature", "geometry": {"type": "Point", "coordinates": [20.4997755, 38.167068]}, "properties": {"name": null, "osm_id": 13953606242, "name_el": null, "name_en": null, "net_vid": 7349, "category": "other", "fire_min": 1.6375260320051084, "poi_type": "bench", "port_min": 4.080719083136424, "road_dist_m": 14.81340808, "access_score": 99}}, {"type": "Feature", "geometry": {"type": "Point", "coordinates": [20.5111064, 38.1670016]}, "properties": {"name": "Acient City of Krane", "osm_id": 10087564844, "name_el": null, "name_en": null, "net_vid": 7362, "category": "tourism", "fire_min": 3.6872339019607856, "poi_type": "information", "port_min": 6.130426953092101, "road_dist_m": 6.6843021, "access_score": 100}}, {"type": "Feature", "geometry": {"type": "Point", "coordinates": [20.5065803, 38.1624112]}, "properties": {"name": null, "osm_id": 6600249459, "name_el": null, "name_en": null, "net_vid": 7367, "category": "food_drink", "fire_min": 2.32557298948692, "poi_type": "fast_food", "port_min": 4.768766040618236, "road_dist_m": 33.71079159, "access_score": 98}}, {"type": "Feature", "geometry": {"type": "Point", "coordinates": [20.5074137, 38.1613357]}, "properties": {"name": "DΕΙ blue - ELIN Λιοσάτος", "osm_id": 12944684971, "name_el": "DΕΙ blue - ELIN Λιοσάτος", "name_en": "DΕΙ blue - ELIN Liosatos", "net_vid": 7242, "category": "other", "fire_min": 5.207176739642955, "poi_type": "charging_station", "port_min": 7.650369790774274, "road_dist_m": 13.99170664, "access_score": 99}}, {"type": "Feature", "geometry": {"type": "Point", "coordinates": [20.5072451, 38.1614216]}, "properties": {"name": "ΕΛΙΝΟΙΛ", "osm_id": 9750214601, "name_el": null, "name_en": null, "net_vid": 7242, "category": "services", "fire_min": 5.093023301517955, "poi_type": "fuel", "port_min": 7.536216352649274, "road_dist_m": 4.85943159, "access_score": 100}}, {"type": "Feature", "geometry": {"type": "Point", "coordinates": [20.5221526, 38.1714303]}, "properties": {"name": "Acient City of Krane", "osm_id": 2925637101, "name_el": null, "name_en": null, "net_vid": 18298, "category": "tourism", "fire_min": 17.437256114143487, "poi_type": "information", "port_min": 19.880449165274804, "road_dist_m": 13.98893659, "access_score": 99}}, {"type": "Feature", "geometry": {"type": "Point", "coordinates": [20.522694, 38.1716954]}, "properties": {"name": null, "osm_id": 2925637177, "name_el": null, "name_en": null, "net_vid": 3138, "category": "services", "fire_min": 16.63248788827532, "poi_type": "parking", "port_min": 19.075680939406638, "road_dist_m": 9.88979979, "access_score": 100}}, {"type": "Feature", "geometry": {"type": "Point", "coordinates": [20.5280372, 38.1624356]}, "properties": {"name": null, "osm_id": 13519528238, "name_el": null, "name_en": "Drakospilia Mycenean rock tomb", "net_vid": 7381, "category": "heritage", "fire_min": 12.507535465137824, "poi_type": "monument", "port_min": 14.950728516269141, "road_dist_m": 34.88715824, "access_score": 98}}, {"type": "Feature", "geometry": {"type": "Point", "coordinates": [20.5274033, 38.1630051]}, "properties": {"name": null, "osm_id": 6533945785, "name_el": null, "name_en": "Chariot wheel tracks (traces)", "net_vid": 7381, "category": "heritage", "fire_min": 13.390411684887825, "poi_type": "monument", "port_min": 15.833604736019142, "road_dist_m": 105.51725582, "access_score": 95}}, {"type": "Feature", "geometry": {"type": "Point", "coordinates": [20.5251726, 38.1495805]}, "properties": {"name": "Kafkas", "osm_id": 7501205388, "name_el": null, "name_en": null, "net_vid": 7494, "category": "shop", "fire_min": 6.610388312225738, "poi_type": "electrical", "port_min": 9.053581363357054, "road_dist_m": 12.71353646, "access_score": 99}}, {"type": "Feature", "geometry": {"type": "Point", "coordinates": [20.5289096, 38.1479921]}, "properties": {"name": "AEGEAN", "osm_id": 1423435434, "name_el": null, "name_en": null, "net_vid": 7505, "category": "services", "fire_min": 6.138569854237848, "poi_type": "fuel", "port_min": 8.581762905369166, "road_dist_m": 5.63008336, "access_score": 100}}, {"type": "Feature", "geometry": {"type": "Point", "coordinates": [20.5311325, 38.1469755]}, "properties": {"name": "DΕΙ blue - Καπελλάκης service", "osm_id": 13192230135, "name_el": "DΕΙ blue - Καπελλάκης service", "name_en": "DΕΙ blue - Kapellakis service", "net_vid": 7438, "category": "other", "fire_min": 6.3419268743253845, "poi_type": "charging_station", "port_min": 8.7851199254567, "road_dist_m": 12.59210457, "access_score": 99}}, {"type": "Feature", "geometry": {"type": "Point", "coordinates": [20.5315321, 38.1468458]}, "properties": {"name": "ΕΛΙΝΟΙΛ", "osm_id": 1423435971, "name_el": null, "name_en": null, "net_vid": 532, "category": "services", "fire_min": 6.292732531883364, "poi_type": "fuel", "port_min": 8.73592558301468, "road_dist_m": 0.46490043, "access_score": 100}}, {"type": "Feature", "geometry": {"type": "Point", "coordinates": [20.5309689, 38.1466485]}, "properties": {"name": "Καπελλάκης", "osm_id": 13192230134, "name_el": null, "name_en": null, "net_vid": 14155, "category": "shop", "fire_min": 6.807720070039169, "poi_type": "car_repair", "port_min": 9.250913121170484, "road_dist_m": 46.51921717, "access_score": 98}}, {"type": "Feature", "geometry": {"type": "Point", "coordinates": [20.5270375, 38.1472292]}, "properties": {"name": null, "osm_id": 13141365511, "name_el": null, "name_en": null, "net_vid": 7525, "category": "shop", "fire_min": 6.110541228267753, "poi_type": "clothes", "port_min": 8.55373427939907, "road_dist_m": 28.59043009, "access_score": 99}}, {"type": "Feature", "geometry": {"type": "Point", "coordinates": [20.5146798, 38.1328076]}, "properties": {"name": "Menegata Garden Home", "osm_id": 9192704054, "name_el": null, "name_en": null, "net_vid": 17741, "category": "tourism", "fire_min": 13.752657974483121, "poi_type": "apartment", "port_min": 14.129311463360088, "road_dist_m": 14.71584938, "access_score": 99}}, {"type": "Feature", "geometry": {"type": "Point", "coordinates": [20.5060689, 38.1397911]}, "properties": {"name": null, "osm_id": 9754384217, "name_el": null, "name_en": "Villa Adelinas' Apartments", "net_vid": 7700, "category": "tourism", "fire_min": 8.618250182665218, "poi_type": "guest_house", "port_min": 8.994903671542184, "road_dist_m": 21.67673906, "access_score": 99}}, {"type": "Feature", "geometry": {"type": "Point", "coordinates": [20.5031975, 38.1439912]}, "properties": {"name": "ΑΡΓΩ", "osm_id": 9839508382, "name_el": null, "name_en": null, "net_vid": 7696, "category": "services", "fire_min": 7.51777954527082, "poi_type": "fuel", "port_min": 7.894433034147785, "road_dist_m": 3.81997371, "access_score": 100}}, {"type": "Feature", "geometry": {"type": "Point", "coordinates": [20.4966393, 38.1377578]}, "properties": {"name": null, "osm_id": 4927294521, "name_el": null, "name_en": "Gentilini winery", "net_vid": 14391, "category": "shop", "fire_min": 9.708875776312539, "poi_type": "wine", "port_min": 9.47858439931236, "road_dist_m": 3.39569867, "access_score": 100}}, {"type": "Feature", "geometry": {"type": "Point", "coordinates": [20.4976004, 38.1324871]}, "properties": {"name": "Armorel Platinum Villa", "osm_id": 10198353351, "name_el": null, "name_en": null, "net_vid": 7684, "category": "tourism", "fire_min": 16.42057819218714, "poi_type": "guest_house", "port_min": 16.190286815186962, "road_dist_m": 15.27564304, "access_score": 99}}, {"type": "Feature", "geometry": {"type": "Point", "coordinates": [20.4953892, 38.1304886]}, "properties": {"name": null, "osm_id": 9659788417, "name_el": null, "name_en": "Sunset Beach app.", "net_vid": 7685, "category": "tourism", "fire_min": 15.6052861858056, "poi_type": "guest_house", "port_min": 15.374994808805422, "road_dist_m": 20.37907975, "access_score": 99}}, {"type": "Feature", "geometry": {"type": "Point", "coordinates": [20.4953493, 38.1299984]}, "properties": {"name": "Spa", "osm_id": 8269130817, "name_el": "Spasmata app.", "name_en": null, "net_vid": 7685, "category": "tourism", "fire_min": 15.5386041686806, "poi_type": "apartment", "port_min": 15.308312791680422, "road_dist_m": 15.04451838, "access_score": 99}}, {"type": "Feature", "geometry": {"type": "Point", "coordinates": [20.5126451, 38.1266119]}, "properties": {"name": null, "osm_id": 9027098556, "name_el": null, "name_en": null, "net_vid": 7874, "category": "other", "fire_min": 10.795931710257655, "poi_type": "waste_basket", "port_min": 11.172585199134621, "road_dist_m": 12.94366368, "access_score": 99}}, {"type": "Feature", "geometry": {"type": "Point", "coordinates": [20.5125815, 38.1263689]}, "properties": {"name": null, "osm_id": 9027098600, "name_el": null, "name_en": null, "net_vid": 7874, "category": "other", "fire_min": 10.719437518382655, "poi_type": "bench", "port_min": 11.096091007259622, "road_dist_m": 6.82412833, "access_score": 100}}, {"type": "Feature", "geometry": {"type": "Point", "coordinates": [20.5127028, 38.126095]}, "properties": {"name": null, "osm_id": 9027098594, "name_el": null, "name_en": null, "net_vid": 14442, "category": "other", "fire_min": 11.430601097732513, "poi_type": "bench", "port_min": 11.80725458660948, "road_dist_m": 8.34346992, "access_score": 100}}, {"type": "Feature", "geometry": {"type": "Point", "coordinates": [20.5126568, 38.1261641]}, "properties": {"name": null, "osm_id": 9027098593, "name_el": null, "name_en": null, "net_vid": 14442, "category": "other", "fire_min": 11.416874291232514, "poi_type": "bench", "port_min": 11.79352778010948, "road_dist_m": 7.2453254, "access_score": 100}}, {"type": "Feature", "geometry": {"type": "Point", "coordinates": [20.5126208, 38.1263182]}, "properties": {"name": null, "osm_id": 9027098599, "name_el": null, "name_en": null, "net_vid": 7874, "category": "other", "fire_min": 10.750422488007654, "poi_type": "bench", "port_min": 11.12707597688462, "road_dist_m": 9.3029259, "access_score": 100}}, {"type": "Feature", "geometry": {"type": "Point", "coordinates": [20.5126878, 38.1263992]}, "properties": {"name": null, "osm_id": 9027098557, "name_el": null, "name_en": null, "net_vid": 7874, "category": "other", "fire_min": 10.840808607007656, "poi_type": "waste_basket", "port_min": 11.217462095884622, "road_dist_m": 16.53381542, "access_score": 99}}, {"type": "Feature", "geometry": {"type": "Point", "coordinates": [20.5128301, 38.1262649]}, "properties": {"name": null, "osm_id": 9027098558, "name_el": null, "name_en": null, "net_vid": 14442, "category": "other", "fire_min": 11.639744925232513, "poi_type": "waste_basket", "port_min": 12.01639841410948, "road_dist_m": 25.07497612, "access_score": 99}}, {"type": "Feature", "geometry": {"type": "Point", "coordinates": [20.5130644, 38.1263385]}, "properties": {"name": null, "osm_id": 9027098598, "name_el": null, "name_en": null, "net_vid": 14442, "category": "other", "fire_min": 11.559259677982514, "poi_type": "bench", "port_min": 11.93591316685948, "road_dist_m": 18.63615634, "access_score": 99}}, {"type": "Feature", "geometry": {"type": "Point", "coordinates": [20.5131306, 38.1262879]}, "properties": {"name": null, "osm_id": 9027098597, "name_el": null, "name_en": null, "net_vid": 14442, "category": "other", "fire_min": 11.597544131982513, "poi_type": "bench", "port_min": 11.97419762085948, "road_dist_m": 21.69891266, "access_score": 99}}, {"type": "Feature", "geometry": {"type": "Point", "coordinates": [20.5130452, 38.1262379]}, "properties": {"name": null, "osm_id": 9027098559, "name_el": null, "name_en": null, "net_vid": 14442, "category": "other", "fire_min": 11.697107939982514, "poi_type": "waste_basket", "port_min": 12.07376142885948, "road_dist_m": 29.6640173, "access_score": 99}}, {"type": "Feature", "geometry": {"type": "Point", "coordinates": [20.5129171, 38.126097]}, "properties": {"name": null, "osm_id": 9027098560, "name_el": null, "name_en": null, "net_vid": 14442, "category": "other", "fire_min": 11.632878243482514, "poi_type": "waste_basket", "port_min": 12.00953173235948, "road_dist_m": 24.52564158, "access_score": 99}}, {"type": "Feature", "geometry": {"type": "Point", "coordinates": [20.5131055, 38.1260397]}, "properties": {"name": null, "osm_id": 9027098561, "name_el": null, "name_en": null, "net_vid": 14442, "category": "other", "fire_min": 11.663350815107513, "poi_type": "waste_basket", "port_min": 12.04000430398448, "road_dist_m": 26.96344731, "access_score": 99}}, {"type": "Feature", "geometry": {"type": "Point", "coordinates": [20.5130921, 38.1259949]}, "properties": {"name": null, "osm_id": 9027098562, "name_el": null, "name_en": null, "net_vid": 14442, "category": "other", "fire_min": 11.600209709482513, "poi_type": "waste_basket", "port_min": 11.97686319835948, "road_dist_m": 21.91215886, "access_score": 99}}, {"type": "Feature", "geometry": {"type": "Point", "coordinates": [20.5130996, 38.1259185]}, "properties": {"name": null, "osm_id": 9027098572, "name_el": null, "name_en": null, "net_vid": 14442, "category": "other", "fire_min": 11.504974415857514, "poi_type": "bench", "port_min": 11.881627904734481, "road_dist_m": 14.29333537, "access_score": 99}}, {"type": "Feature", "geometry": {"type": "Point", "coordinates": [20.5129297, 38.1259561]}, "properties": {"name": null, "osm_id": 9027098596, "name_el": null, "name_en": null, "net_vid": 14442, "category": "other", "fire_min": 11.479108672857514, "poi_type": "bench", "port_min": 11.85576216173448, "road_dist_m": 12.22407593, "access_score": 99}}, {"type": "Feature", "geometry": {"type": "Point", "coordinates": [20.5128343, 38.125991]}, "properties": {"name": null, "osm_id": 9027098595, "name_el": null, "name_en": null, "net_vid": 14442, "category": "other", "fire_min": 11.465356407482513, "poi_type": "bench", "port_min": 11.84200989635948, "road_dist_m": 11.1238947, "access_score": 99}}, {"type": "Feature", "geometry": {"type": "Point", "coordinates": [20.508264, 38.1271384]}, "properties": {"name": "Minies Autocare", "osm_id": 12944687426, "name_el": null, "name_en": null, "net_vid": 17607, "category": "other", "fire_min": 13.507378516975095, "poi_type": "car_wash", "port_min": 13.277087139974917, "road_dist_m": 68.52207258, "access_score": 97}}, {"type": "Feature", "geometry": {"type": "Point", "coordinates": [20.5083458, 38.1270456]}, "properties": {"name": "DΕΙ blue - Minies Autocare", "osm_id": 12944687427, "name_el": null, "name_en": null, "net_vid": 17607, "category": "other", "fire_min": 13.400598021225093, "poi_type": "charging_station", "port_min": 13.170306644224915, "road_dist_m": 59.97963292, "access_score": 97}}, {"type": "Feature", "geometry": {"type": "Point", "coordinates": [20.5044875, 38.1280858]}, "properties": {"name": "Blink - Casa Buganvilla", "osm_id": 12944687425, "name_el": null, "name_en": null, "net_vid": 7722, "category": "other", "fire_min": 11.42188075390895, "poi_type": "charging_station", "port_min": 11.191589376908771, "road_dist_m": 7.91905355, "access_score": 100}}, {"type": "Feature", "geometry": {"type": "Point", "coordinates": [20.5051074, 38.1187774]}, "properties": {"name": "Sir Barley", "osm_id": 11127487689, "name_el": null, "name_en": null, "net_vid": 15471, "category": "food_drink", "fire_min": 14.302921675548832, "poi_type": "restaurant", "port_min": 14.072630298548654, "road_dist_m": 16.3614025, "access_score": 99}}, {"type": "Feature", "geometry": {"type": "Point", "coordinates": [20.5046729, 38.1192983]}, "properties": {"name": "Sir Barley", "osm_id": 11127487687, "name_el": null, "name_en": null, "net_vid": 15609, "category": "food_drink", "fire_min": 14.938843336280053, "poi_type": "restaurant", "port_min": 14.708551959279875, "road_dist_m": 18.7320884, "access_score": 99}}, {"type": "Feature", "geometry": {"type": "Point", "coordinates": [20.504848, 38.1193223]}, "properties": {"name": "Hellenic Duty Free Shops", "osm_id": 11127487686, "name_el": null, "name_en": null, "net_vid": 15609, "category": "shop", "fire_min": 15.116314313655053, "poi_type": "convenience", "port_min": 14.886022936654875, "road_dist_m": 32.92976659, "access_score": 98}}, {"type": "Feature", "geometry": {"type": "Point", "coordinates": [20.5051812, 38.1188705]}, "properties": {"name": "Hellenic Duty Free Shops", "osm_id": 11127487688, "name_el": null, "name_en": null, "net_vid": 15471, "category": "shop", "fire_min": 14.332585413423832, "poi_type": "convenience", "port_min": 14.102294036423654, "road_dist_m": 18.73450153, "access_score": 99}}, {"type": "Feature", "geometry": {"type": "Point", "coordinates": [20.5054079, 38.1191669]}, "properties": {"name": "The BakeAir", "osm_id": 9888935194, "name_el": null, "name_en": null, "net_vid": 7776, "category": "shop", "fire_min": 14.015040586196758, "poi_type": "bakery", "port_min": 13.78474920919658, "road_dist_m": 12.77149813, "access_score": 99}}, {"type": "Feature", "geometry": {"type": "Point", "coordinates": [20.5055902, 38.1192573]}, "properties": {"name": null, "osm_id": 9888935196, "name_el": null, "name_en": null, "net_vid": 7776, "category": "other", "fire_min": 13.892176578571759, "poi_type": "taxi", "port_min": 13.66188520157158, "road_dist_m": 2.94237752, "access_score": 100}}, {"type": "Feature", "geometry": {"type": "Point", "coordinates": [20.5065296, 38.1191856]}, "properties": {"name": "Yours Car Rental", "osm_id": 12192757901, "name_el": null, "name_en": null, "net_vid": 7747, "category": "other", "fire_min": 13.926795993933547, "poi_type": "car_rental", "port_min": 13.69650461693337, "road_dist_m": 14.95687862, "access_score": 99}}, {"type": "Feature", "geometry": {"type": "Point", "coordinates": [20.5064901, 38.1191843]}, "properties": {"name": "Greek Stones", "osm_id": 9888935195, "name_el": null, "name_en": null, "net_vid": 7747, "category": "other", "fire_min": 13.900396040308548, "poi_type": "car_rental", "port_min": 13.67010466330837, "road_dist_m": 12.84488233, "access_score": 99}}, {"type": "Feature", "geometry": {"type": "Point", "coordinates": [20.5064322, 38.1191922]}, "properties": {"name": "cbr", "osm_id": 9888935193, "name_el": null, "name_en": null, "net_vid": 7783, "category": "other", "fire_min": 13.806696637565997, "poi_type": "car_rental", "port_min": 13.576405260565819, "road_dist_m": 9.02964166, "access_score": 100}}, {"type": "Feature", "geometry": {"type": "Point", "coordinates": [20.509705, 38.1202492]}, "properties": {"name": "REVOIL", "osm_id": 9750236093, "name_el": null, "name_en": null, "net_vid": 14864, "category": "services", "fire_min": 13.111492856418455, "poi_type": "fuel", "port_min": 12.881201479418277, "road_dist_m": 4.18029635, "access_score": 100}}, {"type": "Feature", "geometry": {"type": "Point", "coordinates": [20.5164304, 38.1246308]}, "properties": {"name": null, "osm_id": 2889272564, "name_el": null, "name_en": null, "net_vid": 7866, "category": "other", "fire_min": 11.794991028622597, "poi_type": "place_of_worship", "port_min": 12.171644517499564, "road_dist_m": 7.87593409, "access_score": 100}}, {"type": "Feature", "geometry": {"type": "Point", "coordinates": [20.5162882, 38.1246275]}, "properties": {"name": "Byron's Rock", "osm_id": 2889272541, "name_el": null, "name_en": null, "net_vid": 7866, "category": "tourism", "fire_min": 11.909823852747598, "poi_type": "attraction", "port_min": 12.286477341624565, "road_dist_m": 17.06256002, "access_score": 99}}, {"type": "Feature", "geometry": {"type": "Point", "coordinates": [20.517619, 38.1253799]}, "properties": {"name": null, "osm_id": 2889272567, "name_el": null, "name_en": null, "net_vid": 7871, "category": "food_drink", "fire_min": 11.651354256683565, "poi_type": "restaurant", "port_min": 11.944880070727987, "road_dist_m": 12.73521047, "access_score": 99}}, {"type": "Feature", "geometry": {"type": "Point", "coordinates": [20.5168836, 38.1257063]}, "properties": {"name": null, "osm_id": 2889272570, "name_el": null, "name_en": null, "net_vid": 7957, "category": "other", "fire_min": 11.439927562419962, "poi_type": "place_of_worship", "port_min": 11.816581051296929, "road_dist_m": 11.74725069, "access_score": 99}}, {"type": "Feature", "geometry": {"type": "Point", "coordinates": [20.5152501, 38.1254697]}, "properties": {"name": "Byron's", "osm_id": 2889272542, "name_el": null, "name_en": null, "net_vid": 7867, "category": "food_drink", "fire_min": 11.360647595784872, "poi_type": "restaurant", "port_min": 11.737301084661839, "road_dist_m": 10.10599226, "access_score": 99}}, {"type": "Feature", "geometry": {"type": "Point", "coordinates": [20.513776, 38.1259554]}, "properties": {"name": null, "osm_id": 9027098591, "name_el": null, "name_en": null, "net_vid": 14442, "category": "other", "fire_min": 11.773435824607514, "poi_type": "toilets", "port_min": 12.15008931348448, "road_dist_m": 35.77024807, "access_score": 98}}, {"type": "Feature", "geometry": {"type": "Point", "coordinates": [20.5133097, 38.1258474]}, "properties": {"name": null, "osm_id": 9027098573, "name_el": null, "name_en": null, "net_vid": 14442, "category": "other", "fire_min": 11.491210641732513, "poi_type": "bench", "port_min": 11.86786413060948, "road_dist_m": 13.19223344, "access_score": 99}}, {"type": "Feature", "geometry": {"type": "Point", "coordinates": [20.5134344, 38.1258981]}, "properties": {"name": null, "osm_id": 9027098563, "name_el": null, "name_en": null, "net_vid": 14442, "category": "other", "fire_min": 11.593716276482514, "poi_type": "waste_basket", "port_min": 11.97036976535948, "road_dist_m": 21.39268422, "access_score": 99}}, {"type": "Feature", "geometry": {"type": "Point", "coordinates": [20.5132344, 38.1259389]}, "properties": {"name": null, "osm_id": 9027098564, "name_el": null, "name_en": null, "net_vid": 14442, "category": "other", "fire_min": 11.586486692607513, "poi_type": "waste_basket", "port_min": 11.96314018148448, "road_dist_m": 20.81431751, "access_score": 99}}, {"type": "Feature", "geometry": {"type": "Point", "coordinates": [20.5131775, 38.1259791]}, "properties": {"name": null, "osm_id": 9027098571, "name_el": null, "name_en": null, "net_vid": 14442, "category": "other", "fire_min": 11.614888727732513, "poi_type": "bench", "port_min": 11.99154221660948, "road_dist_m": 23.08648032, "access_score": 99}}, {"type": "Feature", "geometry": {"type": "Point", "coordinates": [20.5133265, 38.1261648]}, "properties": {"name": null, "osm_id": 9027098565, "name_el": null, "name_en": null, "net_vid": 14442, "category": "other", "fire_min": 11.551574991107513, "poi_type": "waste_basket", "port_min": 11.92822847998448, "road_dist_m": 18.02138139, "access_score": 99}}, {"type": "Feature", "geometry": {"type": "Point", "coordinates": [20.5133155, 38.1260241]}, "properties": {"name": "Ανοιχτό Αμφιθέατρο «Καλλιθέας»", "osm_id": 8558355872, "name_el": null, "name_en": null, "net_vid": 14442, "category": "other", "fire_min": 11.660466145857514, "poi_type": "theatre", "port_min": 12.03711963473448, "road_dist_m": 26.73267377, "access_score": 99}}, {"type": "Feature", "geometry": {"type": "Point", "coordinates": [20.5194973, 38.1255269]}, "properties": {"name": "Το Ψηστήρι", "osm_id": 2889272568, "name_el": null, "name_en": null, "net_vid": 7908, "category": "food_drink", "fire_min": 11.846344019090091, "poi_type": "restaurant", "port_min": 11.70239519157146, "road_dist_m": 10.8354058, "access_score": 99}}, {"type": "Feature", "geometry": {"type": "Point", "coordinates": [20.5189437, 38.1257047]}, "properties": {"name": "Αντώνης", "osm_id": 2889272546, "name_el": null, "name_en": null, "net_vid": 7908, "category": "shop", "fire_min": 11.82709780896509, "poi_type": "pastry", "port_min": 11.68314898144646, "road_dist_m": 9.29570899, "access_score": 100}}, {"type": "Feature", "geometry": {"type": "Point", "coordinates": [20.5194499, 38.1258917]}, "properties": {"name": null, "osm_id": 6467588738, "name_el": null, "name_en": null, "net_vid": 7908, "category": "leisure", "fire_min": 11.86996314584009, "poi_type": "playground", "port_min": 11.72601431832146, "road_dist_m": 12.72493594, "access_score": 99}}, {"type": "Feature", "geometry": {"type": "Point", "coordinates": [20.5185917, 38.1256849]}, "properties": {"name": "George's Bar", "osm_id": 2889272543, "name_el": null, "name_en": null, "net_vid": 7908, "category": "food_drink", "fire_min": 11.83998078084009, "poi_type": "bar", "port_min": 11.696031953321459, "road_dist_m": 10.32634674, "access_score": 99}}, {"type": "Feature", "geometry": {"type": "Point", "coordinates": [20.5177838, 38.1243523]}, "properties": {"name": null, "osm_id": 13519528235, "name_el": null, "name_en": "Mycenaen Chamber Tomb (Cemetery of Lakithra)", "net_vid": 7864, "category": "heritage", "fire_min": 12.978294076328218, "poi_type": "monument", "port_min": 12.834345248809587, "road_dist_m": 28.56409015, "access_score": 99}}, {"type": "Feature", "geometry": {"type": "Point", "coordinates": [20.5249056, 38.1251009]}, "properties": {"name": "Obelix grill house", "osm_id": 2889272566, "name_el": null, "name_en": null, "net_vid": 7962, "category": "food_drink", "fire_min": 11.807034486304174, "poi_type": "restaurant", "port_min": 10.93476449274339, "road_dist_m": 12.00882451, "access_score": 99}}, {"type": "Feature", "geometry": {"type": "Point", "coordinates": [20.5254201, 38.1244221]}, "properties": {"name": "Αγία Άννα", "osm_id": 1610856230, "name_el": null, "name_en": null, "net_vid": 15777, "category": "other", "fire_min": 12.30679332936149, "poi_type": "place_of_worship", "port_min": 11.434523335800707, "road_dist_m": 23.16967739, "access_score": 99}}, {"type": "Feature", "geometry": {"type": "Point", "coordinates": [20.5238497, 38.1253211]}, "properties": {"name": "Mini-market", "osm_id": 2889272545, "name_el": null, "name_en": null, "net_vid": 7961, "category": "shop", "fire_min": 12.036045793444202, "poi_type": "convenience", "port_min": 11.16377579988342, "road_dist_m": 9.17838304, "access_score": 100}}, {"type": "Feature", "geometry": {"type": "Point", "coordinates": [20.5291664, 38.1250267]}, "properties": {"name": null, "osm_id": 2889272565, "name_el": null, "name_en": null, "net_vid": 7970, "category": "shop", "fire_min": 11.230453040897125, "poi_type": "bakery", "port_min": 10.358183047336341, "road_dist_m": 7.93680819, "access_score": 100}}, {"type": "Feature", "geometry": {"type": "Point", "coordinates": [20.5257179, 38.1159359]}, "properties": {"name": null, "osm_id": 2889272556, "name_el": null, "name_en": null, "net_vid": 8004, "category": "other", "fire_min": 14.363941310646563, "poi_type": "place_of_worship", "port_min": 14.104218178440831, "road_dist_m": 6.8869988, "access_score": 100}}, {"type": "Feature", "geometry": {"type": "Point", "coordinates": [20.5288208, 38.115275]}, "properties": {"name": "Dias", "osm_id": 9848693317, "name_el": null, "name_en": null, "net_vid": 16140, "category": "shop", "fire_min": 14.347120603831753, "poi_type": "convenience", "port_min": 13.215040511590836, "road_dist_m": 11.0699387, "access_score": 99}}, {"type": "Feature", "geometry": {"type": "Point", "coordinates": [20.5281011, 38.117657]}, "properties": {"name": null, "osm_id": 2889272557, "name_el": null, "name_en": null, "net_vid": 8007, "category": "other", "fire_min": 14.1120038702535, "poi_type": "place_of_worship", "port_min": 12.979923778012582, "road_dist_m": 8.55810944, "access_score": 100}}, {"type": "Feature", "geometry": {"type": "Point", "coordinates": [20.5295162, 38.115654]}, "properties": {"name": null, "osm_id": 2889272555, "name_el": null, "name_en": null, "net_vid": 16140, "category": "other", "fire_min": 14.442813846456753, "poi_type": "place_of_worship", "port_min": 13.310733754215835, "road_dist_m": 18.72539811, "access_score": 99}}, {"type": "Feature", "geometry": {"type": "Point", "coordinates": [20.5341383, 38.1185774]}, "properties": {"name": "Marina's Cafe", "osm_id": 2885626474, "name_el": null, "name_en": null, "net_vid": 8049, "category": "food_drink", "fire_min": 11.819598498565577, "poi_type": "cafe", "port_min": 10.947328505004794, "road_dist_m": 10.26493297, "access_score": 99}}, {"type": "Feature", "geometry": {"type": "Point", "coordinates": [20.5344916, 38.1181429]}, "properties": {"name": null, "osm_id": 2885626488, "name_el": null, "name_en": null, "net_vid": 8032, "category": "other", "fire_min": 11.89171516784665, "poi_type": "telephone", "port_min": 11.019445174285867, "road_dist_m": 5.99262372, "access_score": 100}}, {"type": "Feature", "geometry": {"type": "Point", "coordinates": [20.5351137, 38.1160362]}, "properties": {"name": "Church of the Theotokos", "osm_id": 2885626473, "name_el": null, "name_en": null, "net_vid": 9449, "category": "other", "fire_min": 12.496837039449497, "poi_type": "place_of_worship", "port_min": 11.36475694720858, "road_dist_m": 13.5298599, "access_score": 99}}, {"type": "Feature", "geometry": {"type": "Point", "coordinates": [20.5365488, 38.1177066]}, "properties": {"name": null, "osm_id": 2885626487, "name_el": null, "name_en": null, "net_vid": 8026, "category": "other", "fire_min": 12.18353596737525, "poi_type": "place_of_worship", "port_min": 11.051455875134332, "road_dist_m": 21.46361581, "access_score": 99}}, {"type": "Feature", "geometry": {"type": "Point", "coordinates": [20.538643, 38.1196516]}, "properties": {"name": "Site of Lord Byron's House", "osm_id": 2889272547, "name_el": null, "name_en": null, "net_vid": 8045, "category": "tourism", "fire_min": 11.170190170196586, "poi_type": "attraction", "port_min": 9.9127784594479, "road_dist_m": 17.50459605, "access_score": 99}}, {"type": "Feature", "geometry": {"type": "Point", "coordinates": [20.5392591, 38.1196365]}, "properties": {"name": null, "osm_id": 2889272559, "name_el": null, "name_en": null, "net_vid": 8046, "category": "other", "fire_min": 11.224528675886262, "poi_type": "telephone", "port_min": 9.645445985758224, "road_dist_m": 8.98483733, "access_score": 100}}, {"type": "Feature", "geometry": {"type": "Point", "coordinates": [20.5393282, 38.1195376]}, "properties": {"name": null, "osm_id": 2889272558, "name_el": null, "name_en": null, "net_vid": 8046, "category": "other", "fire_min": 11.310395878386261, "poi_type": "place_of_worship", "port_min": 9.731313188258223, "road_dist_m": 15.85421353, "access_score": 99}}, {"type": "Feature", "geometry": {"type": "Point", "coordinates": [20.5387889, 38.1197016]}, "properties": {"name": "Bust of Lord Byron", "osm_id": 2889272540, "name_el": null, "name_en": null, "net_vid": 8046, "category": "heritage", "fire_min": 11.286093480886262, "poi_type": "monument", "port_min": 9.707010790758224, "road_dist_m": 13.91002173, "access_score": 99}}, {"type": "Feature", "geometry": {"type": "Point", "coordinates": [20.5369959, 38.1205945]}, "properties": {"name": "Mini-market", "osm_id": 2889272544, "name_el": null, "name_en": null, "net_vid": 8043, "category": "shop", "fire_min": 10.936408956312306, "poi_type": "convenience", "port_min": 10.020975439082177, "road_dist_m": 12.48122668, "access_score": 99}}, {"type": "Feature", "geometry": {"type": "Point", "coordinates": [20.5366368, 38.1208736]}, "properties": {"name": null, "osm_id": 2889272563, "name_el": null, "name_en": null, "net_vid": 8042, "category": "food_drink", "fire_min": 10.696240444691814, "poi_type": "fast_food", "port_min": 9.82397045113103, "road_dist_m": 12.85076223, "access_score": 99}}, {"type": "Feature", "geometry": {"type": "Point", "coordinates": [20.5340652, 38.1208516]}, "properties": {"name": "Vergotis Cultural Centre", "osm_id": 2889435248, "name_el": null, "name_en": null, "net_vid": 8055, "category": "other", "fire_min": 12.4397060944943, "poi_type": "arts_centre", "port_min": 11.567436100933516, "road_dist_m": 46.68184575, "access_score": 98}}, {"type": "Feature", "geometry": {"type": "Point", "coordinates": [20.5348111, 38.120204]}, "properties": {"name": null, "osm_id": 2889435253, "name_el": null, "name_en": null, "net_vid": 8054, "category": "leisure", "fire_min": 11.925411364921116, "poi_type": "stadium", "port_min": 11.053141371360333, "road_dist_m": 24.2485458, "access_score": 99}}, {"type": "Feature", "geometry": {"type": "Point", "coordinates": [20.5348593, 38.1247552]}, "properties": {"name": "Parking for En Kefallinia", "osm_id": 9931464484, "name_el": null, "name_en": null, "net_vid": 16386, "category": "services", "fire_min": 12.074354605369336, "poi_type": "parking", "port_min": 10.817228044492202, "road_dist_m": 17.61884226, "access_score": 99}}, {"type": "Feature", "geometry": {"type": "Point", "coordinates": [20.5360899, 38.1245403]}, "properties": {"name": "Εν Κεφαλληνία", "osm_id": 9931464485, "name_el": "Εν Κεφαλληνία", "name_en": "En Keffalonia", "net_vid": 16386, "category": "food_drink", "fire_min": 11.974965887869336, "poi_type": "restaurant", "port_min": 10.717839326992202, "road_dist_m": 9.66774486, "access_score": 100}}, {"type": "Feature", "geometry": {"type": "Point", "coordinates": [20.5390952, 38.123205]}, "properties": {"name": "Koxyli Village", "osm_id": 4325514202, "name_el": null, "name_en": null, "net_vid": 8083, "category": "tourism", "fire_min": 10.607766237455039, "poi_type": "hotel", "port_min": 9.140647737861192, "road_dist_m": 5.03698117, "access_score": 100}}, {"type": "Feature", "geometry": {"type": "Point", "coordinates": [20.5460315, 38.1288701]}, "properties": {"name": "DΕΙ blue - Averto Cafe", "osm_id": 14004024084, "name_el": null, "name_en": null, "net_vid": 8090, "category": "other", "fire_min": 10.060055254110184, "poi_type": "charging_station", "port_min": 7.749659666983096, "road_dist_m": 11.37781749, "access_score": 99}}, {"type": "Feature", "geometry": {"type": "Point", "coordinates": [20.5462521, 38.128782]}, "properties": {"name": "Averto Cafe", "osm_id": 14004024085, "name_el": null, "name_en": null, "net_vid": 8311, "category": "food_drink", "fire_min": 10.235229188041107, "poi_type": "cafe", "port_min": 7.685796031302173, "road_dist_m": 15.83022942, "access_score": 99}}, {"type": "Feature", "geometry": {"type": "Point", "coordinates": [20.5454768, 38.1247732]}, "properties": {"name": null, "osm_id": 10948409505, "name_el": null, "name_en": "Leventis Villas Complex with Shared Pool", "net_vid": 8153, "category": "tourism", "fire_min": 10.791299346430089, "poi_type": "hotel", "port_min": 8.241866189691155, "road_dist_m": 1.04709453, "access_score": 100}}, {"type": "Feature", "geometry": {"type": "Point", "coordinates": [20.547496, 38.1203733]}, "properties": {"name": "Eleonas", "osm_id": 1544575542, "name_el": null, "name_en": "Olive Grove", "net_vid": 15084, "category": "food_drink", "fire_min": 12.216785762530046, "poi_type": "restaurant", "port_min": 8.053052266462666, "road_dist_m": 14.96256428, "access_score": 99}}, {"type": "Feature", "geometry": {"type": "Point", "coordinates": [20.5472153, 38.1202217]}, "properties": {"name": "Elaionas", "osm_id": 9506384117, "name_el": null, "name_en": null, "net_vid": 8123, "category": "food_drink", "fire_min": 11.710416738223758, "poi_type": "restaurant", "port_min": 7.6642979007208885, "road_dist_m": 3.69197192, "access_score": 100}}, {"type": "Feature", "geometry": {"type": "Point", "coordinates": [20.552674, 38.1197385]}, "properties": {"name": null, "osm_id": 2889435252, "name_el": null, "name_en": null, "net_vid": 8135, "category": "other", "fire_min": 12.663776710778386, "poi_type": "place_of_worship", "port_min": 7.902666754646411, "road_dist_m": 6.47720769, "access_score": 100}}, {"type": "Feature", "geometry": {"type": "Point", "coordinates": [20.5562855, 38.1187938]}, "properties": {"name": null, "osm_id": 2889435251, "name_el": null, "name_en": null, "net_vid": 8137, "category": "other", "fire_min": 13.210676207901864, "poi_type": "place_of_worship", "port_min": 7.227994908408867, "road_dist_m": 12.44434788, "access_score": 99}}, {"type": "Feature", "geometry": {"type": "Point", "coordinates": [20.558991, 38.117507]}, "properties": {"name": "Joleni Cottage", "osm_id": 12816931845, "name_el": null, "name_en": null, "net_vid": 8170, "category": "tourism", "fire_min": 14.081572554932437, "poi_type": "chalet", "port_min": 7.545598624845128, "road_dist_m": 14.36350993, "access_score": 99}}, {"type": "Feature", "geometry": {"type": "Point", "coordinates": [20.5559574, 38.1186313]}, "properties": {"name": null, "osm_id": 2889435250, "name_el": null, "name_en": null, "net_vid": 8136, "category": "heritage", "fire_min": 13.224370104920046, "poi_type": "memorial", "port_min": 7.241688805427051, "road_dist_m": 4.42852295, "access_score": 100}}, {"type": "Feature", "geometry": {"type": "Point", "coordinates": [20.5628541, 38.1193356]}, "properties": {"name": "Ksasteria", "osm_id": 1544577781, "name_el": null, "name_en": null, "net_vid": 8181, "category": "food_drink", "fire_min": 13.160454644008468, "poi_type": "restaurant", "port_min": 6.624480713921161, "road_dist_m": 12.00847926, "access_score": 99}}, {"type": "Feature", "geometry": {"type": "Point", "coordinates": [20.5619641, 38.1194354]}, "properties": {"name": "Δημοτικό Σχολείο Κεραμειών", "osm_id": 6561844360, "name_el": null, "name_en": null, "net_vid": 8180, "category": "education", "fire_min": 12.88992157485895, "poi_type": "school", "port_min": 6.353947644771642, "road_dist_m": 21.22664744, "access_score": 99}}, {"type": "Feature", "geometry": {"type": "Point", "coordinates": [20.5560944, 38.1241673]}, "properties": {"name": null, "osm_id": 4919015132, "name_el": null, "name_en": null, "net_vid": 8198, "category": "other", "fire_min": 12.059113047500398, "poi_type": "place_of_worship", "port_min": 6.704098359540317, "road_dist_m": 8.84949124, "access_score": 100}}, {"type": "Feature", "geometry": {"type": "Point", "coordinates": [20.5523097, 38.1311217]}, "properties": {"name": null, "osm_id": 2889435254, "name_el": null, "name_en": null, "net_vid": 8212, "category": "other", "fire_min": 11.9636161851412, "poi_type": "place_of_worship", "port_min": 9.414183028402265, "road_dist_m": 11.42732291, "access_score": 99}}, {"type": "Feature", "geometry": {"type": "Point", "coordinates": [20.5516634, 38.1348703]}, "properties": {"name": null, "osm_id": 6600068912, "name_el": null, "name_en": null, "net_vid": 8220, "category": "food_drink", "fire_min": 9.918150793251693, "poi_type": "restaurant", "port_min": 9.085572683010614, "road_dist_m": 8.85251373, "access_score": 100}}, {"type": "Feature", "geometry": {"type": "Point", "coordinates": [20.5514843, 38.1352527]}, "properties": {"name": "Μεταμόρφωση Σωτήρος", "osm_id": 2889435261, "name_el": null, "name_en": null, "net_vid": 8219, "category": "other", "fire_min": 10.32668683845171, "poi_type": "place_of_worship", "port_min": 9.494108728210632, "road_dist_m": 30.09911293, "access_score": 98}}, {"type": "Feature", "geometry": {"type": "Point", "coordinates": [20.5520554, 38.1350753]}, "properties": {"name": null, "osm_id": 6600068911, "name_el": null, "name_en": null, "net_vid": 8220, "category": "food_drink", "fire_min": 9.956702350376693, "poi_type": "restaurant", "port_min": 9.124124240135615, "road_dist_m": 11.9366383, "access_score": 99}}, {"type": "Feature", "geometry": {"type": "Point", "coordinates": [20.5524293, 38.135065]}, "properties": {"name": "nrg - AVIN 4055", "osm_id": 12944587322, "name_el": null, "name_en": "nrg - AVIN 4055", "net_vid": 13141, "category": "other", "fire_min": 10.061083168088105, "poi_type": "charging_station", "port_min": 9.228505057847027, "road_dist_m": 15.82051824, "access_score": 99}}, {"type": "Feature", "geometry": {"type": "Point", "coordinates": [20.5529464, 38.1347156]}, "properties": {"name": null, "osm_id": 2889435257, "name_el": null, "name_en": null, "net_vid": 8250, "category": "heritage", "fire_min": 10.035952259095536, "poi_type": "memorial", "port_min": 9.203374148854458, "road_dist_m": 6.09290742, "access_score": 100}}, {"type": "Feature", "geometry": {"type": "Point", "coordinates": [20.5525455, 38.1349258]}, "properties": {"name": "AVIN", "osm_id": 1423435436, "name_el": null, "name_en": null, "net_vid": 15276, "category": "services", "fire_min": 9.924133287122768, "poi_type": "fuel", "port_min": 9.09155517688169, "road_dist_m": 1.42347045, "access_score": 100}}, {"type": "Feature", "geometry": {"type": "Point", "coordinates": [20.5526332, 38.1346845]}, "properties": {"name": null, "osm_id": 2889435256, "name_el": null, "name_en": null, "net_vid": 15276, "category": "food_drink", "fire_min": 9.995907079372769, "poi_type": "cafe", "port_min": 9.16332896913169, "road_dist_m": 7.16537383, "access_score": 100}}, {"type": "Feature", "geometry": {"type": "Point", "coordinates": [20.5548634, 38.1345237]}, "properties": {"name": null, "osm_id": 6600068910, "name_el": null, "name_en": null, "net_vid": 8251, "category": "health", "fire_min": 10.371357955699075, "poi_type": "pharmacy", "port_min": 9.538779845457997, "road_dist_m": 10.67519638, "access_score": 99}}, {"type": "Feature", "geometry": {"type": "Point", "coordinates": [20.5578326, 38.1352133]}, "properties": {"name": null, "osm_id": 2889435260, "name_el": null, "name_en": null, "net_vid": 8238, "category": "food_drink", "fire_min": 10.82675867816413, "poi_type": "cafe", "port_min": 9.994180567923053, "road_dist_m": 14.13317567, "access_score": 99}}, {"type": "Feature", "geometry": {"type": "Point", "coordinates": [20.5638254, 38.1356343]}, "properties": {"name": null, "osm_id": 6600068908, "name_el": null, "name_en": null, "net_vid": 8258, "category": "shop", "fire_min": 11.558186787896993, "poi_type": "bakery", "port_min": 10.433334863750506, "road_dist_m": 13.30232571, "access_score": 99}}, {"type": "Feature", "geometry": {"type": "Point", "coordinates": [20.5594029, 38.135768]}, "properties": {"name": null, "osm_id": 6600068909, "name_el": null, "name_en": null, "net_vid": 17207, "category": "food_drink", "fire_min": 11.28114752349512, "poi_type": "cafe", "port_min": 10.448569413254042, "road_dist_m": 7.04650798, "access_score": 100}}, {"type": "Feature", "geometry": {"type": "Point", "coordinates": [20.5600076, 38.1369706]}, "properties": {"name": null, "osm_id": 4919020775, "name_el": null, "name_en": null, "net_vid": 8275, "category": "other", "fire_min": 11.410076086220354, "poi_type": "place_of_worship", "port_min": 10.577497975979275, "road_dist_m": 9.84351699, "access_score": 100}}, {"type": "Feature", "geometry": {"type": "Point", "coordinates": [20.5556383, 38.1404939]}, "properties": {"name": null, "osm_id": 4919023538, "name_el": null, "name_en": null, "net_vid": 8278, "category": "other", "fire_min": 11.386626734530747, "poi_type": "place_of_worship", "port_min": 13.188314736973828, "road_dist_m": 97.0015139, "access_score": 95}}, {"type": "Feature", "geometry": {"type": "Point", "coordinates": [20.5570776, 38.1397955]}, "properties": {"name": "Άγιος Σπυρίδων", "osm_id": 4919024765, "name_el": null, "name_en": null, "net_vid": 8278, "category": "other", "fire_min": 10.433883933405747, "poi_type": "place_of_worship", "port_min": 12.235571935848828, "road_dist_m": 20.78208981, "access_score": 99}}, {"type": "Feature", "geometry": {"type": "Point", "coordinates": [20.5570294, 38.1381003]}, "properties": {"name": "Olive lounge Restaurant", "osm_id": 3278225922, "name_el": null, "name_en": null, "net_vid": 8279, "category": "food_drink", "fire_min": 10.922229225699994, "poi_type": "restaurant", "port_min": 12.085201420391028, "road_dist_m": 15.274965, "access_score": 99}}, {"type": "Feature", "geometry": {"type": "Point", "coordinates": [20.5579327, 38.1380146]}, "properties": {"name": null, "osm_id": 5133282222, "name_el": null, "name_en": "Church of Evangelistria", "net_vid": 8279, "category": "heritage", "fire_min": 10.834426811074994, "poi_type": "monument", "port_min": 11.99739900576603, "road_dist_m": 8.25077183, "access_score": 100}}, {"type": "Feature", "geometry": {"type": "Point", "coordinates": [20.5576734, 38.1381135]}, "properties": {"name": null, "osm_id": 5602523439, "name_el": null, "name_en": null, "net_vid": 8279, "category": "heritage", "fire_min": 10.781842943449993, "poi_type": "gate", "port_min": 11.944815138141028, "road_dist_m": 4.04406242, "access_score": 100}}, {"type": "Feature", "geometry": {"type": "Point", "coordinates": [20.5546461, 38.1381077]}, "properties": {"name": "Άγιοι Θεόδωροι", "osm_id": 4919028065, "name_el": null, "name_en": null, "net_vid": 13621, "category": "other", "fire_min": 11.64397240486016, "poi_type": "place_of_worship", "port_min": 11.665669448980864, "road_dist_m": 27.36341331, "access_score": 99}}, {"type": "Feature", "geometry": {"type": "Point", "coordinates": [20.5552828, 38.1383907]}, "properties": {"name": "Kastro Gift Shoo", "osm_id": 13140514273, "name_el": null, "name_en": null, "net_vid": 13621, "category": "shop", "fire_min": 11.385906759110158, "poi_type": "gift", "port_min": 11.407603803230863, "road_dist_m": 6.71816165, "access_score": 100}}, {"type": "Feature", "geometry": {"type": "Point", "coordinates": [20.5556949, 38.1382978]}, "properties": {"name": "il Borgo", "osm_id": 4924051221, "name_el": null, "name_en": null, "net_vid": 16222, "category": "food_drink", "fire_min": 11.076713361339168, "poi_type": "restaurant", "port_min": 11.751727053501853, "road_dist_m": 8.11535575, "access_score": 100}}, {"type": "Feature", "geometry": {"type": "Point", "coordinates": [20.5543796, 38.1382477]}, "properties": {"name": null, "osm_id": 5602523429, "name_el": null, "name_en": null, "net_vid": 18440, "category": "heritage", "fire_min": 11.65032607836368, "poi_type": "memorial", "port_min": 12.325339770526364, "road_dist_m": 7.75385989, "access_score": 100}}, {"type": "Feature", "geometry": {"type": "Point", "coordinates": [20.5543721, 38.138431]}, "properties": {"name": "Kastro cafe", "osm_id": 4919027429, "name_el": null, "name_en": null, "net_vid": 18440, "category": "food_drink", "fire_min": 11.66364190148868, "poi_type": "cafe", "port_min": 12.338655593651364, "road_dist_m": 8.81912574, "access_score": 100}}, {"type": "Feature", "geometry": {"type": "Point", "coordinates": [20.5528953, 38.1386695]}, "properties": {"name": "Κάστρο Αγίου Γεωργίου Κεφαλονιάς", "osm_id": 9947397064, "name_el": "Κάστρο Αγίου Γεωργίου Κεφαλονιάς", "name_en": "Kefalonia Castle", "net_vid": 18440, "category": "heritage", "fire_min": 13.04635411236368, "poi_type": "castle", "port_min": 13.721367804526365, "road_dist_m": 119.43610261, "access_score": 94}}, {"type": "Feature", "geometry": {"type": "Point", "coordinates": [20.5431328, 38.142536]}, "properties": {"name": "kafepoleion", "osm_id": 13083941968, "name_el": null, "name_en": null, "net_vid": 8401, "category": "food_drink", "fire_min": 8.19975848724153, "poi_type": "cafe", "port_min": 10.642951538372845, "road_dist_m": 21.99058665, "access_score": 99}}, {"type": "Feature", "geometry": {"type": "Point", "coordinates": [20.5423855, 38.1426677]}, "properties": {"name": "Πολλάτος", "osm_id": 1423435966, "name_el": null, "name_en": null, "net_vid": 8399, "category": "shop", "fire_min": 7.924180620632613, "poi_type": "supermarket", "port_min": 10.367373671763927, "road_dist_m": 7.64848483, "access_score": 100}}, {"type": "Feature", "geometry": {"type": "Point", "coordinates": [20.5426794, 38.1426111]}, "properties": {"name": "DΕΙ blue - Πολλάτος", "osm_id": 12944587321, "name_el": "DΕΙ blue - Πολλάτος", "name_en": "DΕΙ blue - Pollatos", "net_vid": 8283, "category": "other", "fire_min": 8.114789699836958, "poi_type": "charging_station", "port_min": 10.557982750968273, "road_dist_m": 14.91394038, "access_score": 99}}, {"type": "Feature", "geometry": {"type": "Point", "coordinates": [20.5434718, 38.1417175]}, "properties": {"name": "BP", "osm_id": 1423435440, "name_el": null, "name_en": null, "net_vid": 8390, "category": "services", "fire_min": 8.067609627027984, "poi_type": "fuel", "port_min": 10.361466137436397, "road_dist_m": 3.66629672, "access_score": 100}}, {"type": "Feature", "geometry": {"type": "Point", "coordinates": [20.5436787, 38.1421447]}, "properties": {"name": null, "osm_id": 6600068913, "name_el": null, "name_en": null, "net_vid": 8289, "category": "shop", "fire_min": 8.392097350746875, "poi_type": "supermarket", "port_min": 10.672913282175621, "road_dist_m": 15.54495232, "access_score": 99}}, {"type": "Feature", "geometry": {"type": "Point", "coordinates": [20.5444792, 38.1417947]}, "properties": {"name": "ΤΕΧΝΙΚΟ ΜΑΡΚΕΤ", "osm_id": 7501170753, "name_el": null, "name_en": null, "net_vid": 8293, "category": "shop", "fire_min": 8.437652809348087, "poi_type": "hardware", "port_min": 10.390333205866293, "road_dist_m": 19.62270675, "access_score": 99}}, {"type": "Feature", "geometry": {"type": "Point", "coordinates": [20.5456713, 38.1387649]}, "properties": {"name": null, "osm_id": 9883255217, "name_el": null, "name_en": null, "net_vid": 8298, "category": "shop", "fire_min": 8.710289105401516, "poi_type": "butcher", "port_min": 9.644319399812865, "road_dist_m": 0.68760635, "access_score": 100}}, {"type": "Feature", "geometry": {"type": "Point", "coordinates": [20.5477644, 38.134597]}, "properties": {"name": "Siora Maria Studios", "osm_id": 9094564107, "name_el": null, "name_en": null, "net_vid": 8336, "category": "tourism", "fire_min": 10.19081268972718, "poi_type": "apartment", "port_min": 9.544472337659236, "road_dist_m": 12.72609274, "access_score": 99}}, {"type": "Feature", "geometry": {"type": "Point", "coordinates": [20.5472818, 38.1315863]}, "properties": {"name": null, "osm_id": 4919016195, "name_el": null, "name_en": null, "net_vid": 14175, "category": "other", "fire_min": 10.930807259251528, "poi_type": "place_of_worship", "port_min": 8.693643776334731, "road_dist_m": 22.65199817, "access_score": 99}}, {"type": "Feature", "geometry": {"type": "Point", "coordinates": [20.5319167, 38.1465344]}, "properties": {"name": null, "osm_id": 6600249457, "name_el": null, "name_en": null, "net_vid": 8391, "category": "shop", "fire_min": 6.568565484680651, "poi_type": "car_repair", "port_min": 9.011758535811964, "road_dist_m": 17.03198886, "access_score": 99}}, {"type": "Feature", "geometry": {"type": "Point", "coordinates": [20.5559859, 38.1594724]}, "properties": {"name": "Old Time", "osm_id": 13001330101, "name_el": null, "name_en": null, "net_vid": 8559, "category": "food_drink", "fire_min": 14.152029243514477, "poi_type": "cafe", "port_min": 15.953717245957558, "road_dist_m": 1.46942559, "access_score": 100}}, {"type": "Feature", "geometry": {"type": "Point", "coordinates": [20.5589202, 38.1572975]}, "properties": {"name": null, "osm_id": 8262061717, "name_el": null, "name_en": "Taverna Hersonas", "net_vid": 8520, "category": "food_drink", "fire_min": 13.365761834008518, "poi_type": "restaurant", "port_min": 15.167449836451599, "road_dist_m": 0.73839801, "access_score": 100}}, {"type": "Feature", "geometry": {"type": "Point", "coordinates": [20.5841452, 38.170764]}, "properties": {"name": "Μποτσολος", "osm_id": 9671723317, "name_el": null, "name_en": null, "net_vid": 2559, "category": "food_drink", "fire_min": 19.450813767980904, "poi_type": "restaurant", "port_min": 21.894006819112228, "road_dist_m": 25.38450175, "access_score": 99}}, {"type": "Feature", "geometry": {"type": "Point", "coordinates": [20.5813705, 38.1648986]}, "properties": {"name": "Makis", "osm_id": 6619400086, "name_el": null, "name_en": null, "net_vid": 8536, "category": "food_drink", "fire_min": 20.5128130458968, "poi_type": "restaurant", "port_min": 22.314501048339885, "road_dist_m": 8.21862513, "access_score": 100}}, {"type": "Feature", "geometry": {"type": "Point", "coordinates": [20.5948238, 38.1643945]}, "properties": {"name": "Robola winery", "osm_id": 5695337623, "name_el": null, "name_en": null, "net_vid": 8712, "category": "shop", "fire_min": 21.367420475821742, "poi_type": "wine", "port_min": 23.810613526953066, "road_dist_m": 8.62781781, "access_score": 100}}, {"type": "Feature", "geometry": {"type": "Point", "coordinates": [20.5891135, 38.1656342]}, "properties": {"name": "Eiche", "osm_id": 1025999055, "name_el": null, "name_en": null, "net_vid": 8783, "category": "tourism", "fire_min": 20.83315077182478, "poi_type": "attraction", "port_min": 23.276343822956104, "road_dist_m": 48.04843497, "access_score": 98}}, {"type": "Feature", "geometry": {"type": "Point", "coordinates": [20.5902783, 38.1629534]}, "properties": {"name": null, "osm_id": 1025998763, "name_el": "Ορεάλιος Γη", "name_en": "Orealios Gaea", "net_vid": 8728, "category": "shop", "fire_min": 22.469527645954987, "poi_type": "alcohol", "port_min": 24.91272069708631, "road_dist_m": 29.03129666, "access_score": 99}}, {"type": "Feature", "geometry": {"type": "Point", "coordinates": [20.5898595, 38.1631715]}, "properties": {"name": "DΕΙ blue - Ορεάλιος Γη", "osm_id": 12944392506, "name_el": "DΕΙ blue - Ορεάλιος Γη", "name_en": "DΕΙ blue - Orealios Gaea Winery", "net_vid": 8728, "category": "other", "fire_min": 22.375933094204985, "poi_type": "charging_station", "port_min": 24.81912614533631, "road_dist_m": 21.54373252, "access_score": 99}}, {"type": "Feature", "geometry": {"type": "Point", "coordinates": [20.5886747, 38.1657652]}, "properties": {"name": "Μονή Αγίου Γερασίμου", "osm_id": 1770659125, "name_el": null, "name_en": null, "net_vid": 8783, "category": "other", "fire_min": 20.87831773582478, "poi_type": "place_of_worship", "port_min": 23.321510786956104, "road_dist_m": 51.66179209, "access_score": 97}}, {"type": "Feature", "geometry": {"type": "Point", "coordinates": [20.5894313, 38.1659267]}, "properties": {"name": null, "osm_id": 4951346572, "name_el": null, "name_en": null, "net_vid": 8783, "category": "other", "fire_min": 20.49968338507478, "poi_type": "waste_disposal", "port_min": 22.942876436206102, "road_dist_m": 21.37104403, "access_score": 99}}, {"type": "Feature", "geometry": {"type": "Point", "coordinates": [20.5773242, 38.1296661]}, "properties": {"name": "EVziiin - GEM Villas", "osm_id": 13420582379, "name_el": null, "name_en": null, "net_vid": 9010, "category": "other", "fire_min": 13.897552265914975, "poi_type": "charging_station", "port_min": 8.045109154732526, "road_dist_m": 11.34791647, "access_score": 99}}, {"type": "Feature", "geometry": {"type": "Point", "coordinates": [20.5853703, 38.1293252]}, "properties": {"name": "Rodi Studios", "osm_id": 13981426902, "name_el": null, "name_en": null, "net_vid": 9044, "category": "tourism", "fire_min": 15.416527829007766, "poi_type": "apartment", "port_min": 8.095745750255432, "road_dist_m": 16.62822663, "access_score": 99}}, {"type": "Feature", "geometry": {"type": "Point", "coordinates": [20.5836331, 38.1289291]}, "properties": {"name": null, "osm_id": 5164539925, "name_el": null, "name_en": "Pegasos studios", "net_vid": 9016, "category": "tourism", "fire_min": 15.208297910295999, "poi_type": "hostel", "port_min": 7.887515831543665, "road_dist_m": 37.06401723, "access_score": 98}}, {"type": "Feature", "geometry": {"type": "Point", "coordinates": [20.5852008, 38.1276411]}, "properties": {"name": "Happiness", "osm_id": 5056142109, "name_el": null, "name_en": null, "net_vid": 17696, "category": "food_drink", "fire_min": 15.456325858199659, "poi_type": "restaurant", "port_min": 7.335728883617766, "road_dist_m": 9.52291182, "access_score": 100}}, {"type": "Feature", "geometry": {"type": "Point", "coordinates": [20.5853651, 38.1277096]}, "properties": {"name": "Mini Market", "osm_id": 1025998265, "name_el": null, "name_en": null, "net_vid": 17696, "category": "shop", "fire_min": 15.46613139044966, "poi_type": "convenience", "port_min": 7.345534415867766, "road_dist_m": 10.3073544, "access_score": 99}}, {"type": "Feature", "geometry": {"type": "Point", "coordinates": [20.5773886, 38.1294076]}, "properties": {"name": "Gem Luxury Villas", "osm_id": 13420582378, "name_el": null, "name_en": null, "net_vid": 9010, "category": "tourism", "fire_min": 14.208600306789975, "poi_type": "apartment", "port_min": 8.356157195607526, "road_dist_m": 36.23175974, "access_score": 98}}, {"type": "Feature", "geometry": {"type": "Point", "coordinates": [20.5695689, 38.1205579]}, "properties": {"name": "La Casa Di Costa", "osm_id": 9802445274, "name_el": null, "name_en": null, "net_vid": 15521, "category": "tourism", "fire_min": 14.038707676616449, "poi_type": "apartment", "port_min": 4.947796705640423, "road_dist_m": 10.6669289, "access_score": 99}}, {"type": "Feature", "geometry": {"type": "Point", "coordinates": [20.600311, 38.1248014]}, "properties": {"name": "Enastron", "osm_id": 2090842345, "name_el": null, "name_en": null, "net_vid": 9154, "category": "food_drink", "fire_min": 17.565026247405815, "poi_type": "restaurant", "port_min": 7.9430852129759595, "road_dist_m": 18.01156204, "access_score": 99}}, {"type": "Feature", "geometry": {"type": "Point", "coordinates": [20.6026217, 38.1271616]}, "properties": {"name": null, "osm_id": 5781768782, "name_el": null, "name_en": null, "net_vid": 18133, "category": "tourism", "fire_min": 18.976390161100124, "poi_type": "guest_house", "port_min": 9.354449126670264, "road_dist_m": 5.35148658, "access_score": 100}}, {"type": "Feature", "geometry": {"type": "Point", "coordinates": [20.6028378, 38.1272863]}, "properties": {"name": null, "osm_id": 5781768783, "name_el": null, "name_en": null, "net_vid": 9179, "category": "tourism", "fire_min": 18.890138247327855, "poi_type": "guest_house", "port_min": 9.268197212897997, "road_dist_m": 13.37151802, "access_score": 99}}, {"type": "Feature", "geometry": {"type": "Point", "coordinates": [20.6031955, 38.1272365]}, "properties": {"name": null, "osm_id": 5781768784, "name_el": null, "name_en": null, "net_vid": 9179, "category": "tourism", "fire_min": 18.887617738702854, "poi_type": "guest_house", "port_min": 9.265676704272998, "road_dist_m": 13.16987733, "access_score": 99}}, {"type": "Feature", "geometry": {"type": "Point", "coordinates": [20.603039, 38.1270446]}, "properties": {"name": "Villa Sofia", "osm_id": 5781768785, "name_el": null, "name_en": null, "net_vid": 16814, "category": "tourism", "fire_min": 18.914518072681485, "poi_type": "guest_house", "port_min": 9.292577038251626, "road_dist_m": 2.98876708, "access_score": 100}}, {"type": "Feature", "geometry": {"type": "Point", "coordinates": [20.6030387, 38.1268795]}, "properties": {"name": null, "osm_id": 6600068907, "name_el": null, "name_en": null, "net_vid": 16814, "category": "tourism", "fire_min": 19.139935966556486, "poi_type": "viewpoint", "port_min": 9.517994932126626, "road_dist_m": 21.02219859, "access_score": 99}}, {"type": "Feature", "geometry": {"type": "Point", "coordinates": [20.6043139, 38.1241929]}, "properties": {"name": "Joltie - Endless Blue", "osm_id": 12944668622, "name_el": null, "name_en": null, "net_vid": 9157, "category": "other", "fire_min": 18.111720135043207, "poi_type": "charging_station", "port_min": 8.48977910061335, "road_dist_m": 6.35213477, "access_score": 100}}, {"type": "Feature", "geometry": {"type": "Point", "coordinates": [20.5963676, 38.1180022]}, "properties": {"name": "Karavados Beach Hotel", "osm_id": 1025949052, "name_el": null, "name_en": null, "net_vid": 13891, "category": "tourism", "fire_min": 19.371717462825462, "poi_type": "hotel", "port_min": 9.749776428395606, "road_dist_m": 20.76127886, "access_score": 99}}, {"type": "Feature", "geometry": {"type": "Point", "coordinates": [20.5993791, 38.1168015]}, "properties": {"name": "Εκκλησία Άγιος Θωμάς", "osm_id": 5056222936, "name_el": "Εκκλησία Άγιος Θωμάς", "name_en": "Church of St. Thomas", "net_vid": 9138, "category": "other", "fire_min": 20.18765400100441, "poi_type": "place_of_worship", "port_min": 10.565712966574555, "road_dist_m": 12.22572286, "access_score": 99}}, {"type": "Feature", "geometry": {"type": "Point", "coordinates": [20.5997074, 38.116179]}, "properties": {"name": null, "osm_id": 5602876725, "name_el": null, "name_en": null, "net_vid": 9138, "category": "tourism", "fire_min": 20.30331289337941, "poi_type": "apartment", "port_min": 10.681371858949555, "road_dist_m": 21.47843425, "access_score": 99}}, {"type": "Feature", "geometry": {"type": "Point", "coordinates": [20.5995561, 38.1164958]}, "properties": {"name": null, "osm_id": 11041984159, "name_el": null, "name_en": null, "net_vid": 9138, "category": "other", "fire_min": 20.05387957775441, "poi_type": "drinking_water", "port_min": 10.431938543324554, "road_dist_m": 1.523769, "access_score": 100}}, {"type": "Feature", "geometry": {"type": "Point", "coordinates": [20.5997626, 38.115879]}, "properties": {"name": null, "osm_id": 5602523432, "name_el": null, "name_en": null, "net_vid": 9138, "category": "food_drink", "fire_min": 20.203956580379412, "poi_type": "restaurant", "port_min": 10.582015545949554, "road_dist_m": 13.52992921, "access_score": 99}}, {"type": "Feature", "geometry": {"type": "Point", "coordinates": [20.599524, 38.1158447]}, "properties": {"name": null, "osm_id": 5602876723, "name_el": null, "name_en": null, "net_vid": 9138, "category": "services", "fire_min": 20.086437177754412, "poi_type": "parking", "port_min": 10.464496143324554, "road_dist_m": 4.128377, "access_score": 100}}, {"type": "Feature", "geometry": {"type": "Point", "coordinates": [20.5997009, 38.1156779]}, "properties": {"name": null, "osm_id": 5602523433, "name_el": null, "name_en": null, "net_vid": 9138, "category": "other", "fire_min": 20.25305865750441, "poi_type": "shower", "port_min": 10.631117623074555, "road_dist_m": 17.45809538, "access_score": 99}}, {"type": "Feature", "geometry": {"type": "Point", "coordinates": [20.5995003, 38.1156015]}, "properties": {"name": "Tratamento Cafe Bar", "osm_id": 5056222935, "name_el": null, "name_en": null, "net_vid": 9138, "category": "food_drink", "fire_min": 20.37182916800441, "poi_type": "bar", "port_min": 10.749888133574554, "road_dist_m": 26.95973622, "access_score": 99}}, {"type": "Feature", "geometry": {"type": "Point", "coordinates": [20.6025467, 38.1185207]}, "properties": {"name": "Trapezaki Bay Hotel", "osm_id": 5055782195, "name_el": null, "name_en": null, "net_vid": 16630, "category": "tourism", "fire_min": 21.788346722839535, "poi_type": "hotel", "port_min": 12.166405688409677, "road_dist_m": 20.16603386, "access_score": 99}}, {"type": "Feature", "geometry": {"type": "Point", "coordinates": [20.6037827, 38.1174391]}, "properties": {"name": null, "osm_id": 13146761440, "name_el": null, "name_en": null, "net_vid": 15919, "category": "tourism", "fire_min": 21.290152074258923, "poi_type": "apartment", "port_min": 11.668211039829062, "road_dist_m": 12.5060934, "access_score": 99}}, {"type": "Feature", "geometry": {"type": "Point", "coordinates": [20.6038797, 38.1177473]}, "properties": {"name": null, "osm_id": 13146867597, "name_el": null, "name_en": null, "net_vid": 10713, "category": "other", "fire_min": 21.05395908580883, "poi_type": "shower", "port_min": 11.432018051378973, "road_dist_m": 4.62914131, "access_score": 100}}, {"type": "Feature", "geometry": {"type": "Point", "coordinates": [20.6044425, 38.1177867]}, "properties": {"name": "Villa Rosa Apartments Reception", "osm_id": 13146761442, "name_el": null, "name_en": null, "net_vid": 13933, "category": "other", "fire_min": 21.17455707742835, "poi_type": "reception", "port_min": 11.55261604299849, "road_dist_m": 10.44042693, "access_score": 99}}, {"type": "Feature", "geometry": {"type": "Point", "coordinates": [20.6044028, 38.1178057]}, "properties": {"name": null, "osm_id": 13146857213, "name_el": null, "name_en": null, "net_vid": 13933, "category": "other", "fire_min": 21.12554879692835, "poi_type": "toilets", "port_min": 11.503607762498492, "road_dist_m": 6.51976449, "access_score": 100}}, {"type": "Feature", "geometry": {"type": "Point", "coordinates": [20.6040483, 38.1177737]}, "properties": {"name": "Joy Bistrot & Lounge Pool Bar", "osm_id": 13146761439, "name_el": null, "name_en": null, "net_vid": 10713, "category": "food_drink", "fire_min": 21.14914102918383, "poi_type": "bar", "port_min": 11.527199994753973, "road_dist_m": 12.24369678, "access_score": 99}}, {"type": "Feature", "geometry": {"type": "Point", "coordinates": [20.6044634, 38.1175102]}, "properties": {"name": null, "osm_id": 13146761438, "name_el": null, "name_en": null, "net_vid": 14201, "category": "tourism", "fire_min": 21.534553698397698, "poi_type": "apartment", "port_min": 11.912612663967838, "road_dist_m": 21.89944674, "access_score": 99}}, {"type": "Feature", "geometry": {"type": "Point", "coordinates": [20.6041251, 38.1173462]}, "properties": {"name": null, "osm_id": 13146761445, "name_el": null, "name_en": null, "net_vid": 14201, "category": "tourism", "fire_min": 21.5529334692727, "poi_type": "apartment", "port_min": 11.930992434842837, "road_dist_m": 23.36982841, "access_score": 99}}, {"type": "Feature", "geometry": {"type": "Point", "coordinates": [20.5897615, 38.1073395]}, "properties": {"name": "Πεσσάδα", "osm_id": 3082589095, "name_el": "Πεσσάδα", "name_en": "Pessada", "net_vid": 13059, "category": "other", "fire_min": 17.52526948384328, "poi_type": "ferry_terminal", "port_min": 0, "road_dist_m": 0, "access_score": 100}}, {"type": "Feature", "geometry": {"type": "Point", "coordinates": [20.5897493, 38.107382]}, "properties": {"name": "Phiscin", "osm_id": 9506351817, "name_el": "Fishingtrip escursione", "name_en": null, "net_vid": 13059, "category": "shop", "fire_min": 17.56390189971828, "poi_type": "seafood", "port_min": 0.038632415875, "road_dist_m": 3.09059327, "access_score": 100}}, {"type": "Feature", "geometry": {"type": "Point", "coordinates": [20.5895549, 38.1078537]}, "properties": {"name": null, "osm_id": 4919135943, "name_el": null, "name_en": null, "net_vid": 15097, "category": "leisure", "fire_min": 17.625208694151777, "poi_type": "slipway", "port_min": 0.5693836286997969, "road_dist_m": 0, "access_score": 100}}, {"type": "Feature", "geometry": {"type": "Point", "coordinates": [20.5896255, 38.1075606]}, "properties": {"name": null, "osm_id": 4362839091, "name_el": null, "name_en": null, "net_vid": 16426, "category": "other", "fire_min": 17.43404051512548, "poi_type": "bus_station", "port_min": 0.11131294571780008, "road_dist_m": 0.80335908, "access_score": 100}}, {"type": "Feature", "geometry": {"type": "Point", "coordinates": [20.5888237, 38.1072595]}, "properties": {"name": "Sunset Pessada", "osm_id": 3082589092, "name_el": null, "name_en": null, "net_vid": 9270, "category": "food_drink", "fire_min": 17.433145195838872, "poi_type": "bar", "port_min": 0.4438613620044088, "road_dist_m": 14.06948296, "access_score": 99}}, {"type": "Feature", "geometry": {"type": "Point", "coordinates": [20.5873055, 38.1075252]}, "properties": {"name": null, "osm_id": 6555170843, "name_el": null, "name_en": null, "net_vid": 9207, "category": "other", "fire_min": 17.021702855852286, "poi_type": "waste_disposal", "port_min": 0.5920290342409937, "road_dist_m": 3.53849625, "access_score": 100}}, {"type": "Feature", "geometry": {"type": "Point", "coordinates": [20.5722453, 38.1031142]}, "properties": {"name": "Kefallonia Bay Resort", "osm_id": 5681507036, "name_el": null, "name_en": null, "net_vid": 9233, "category": "tourism", "fire_min": 19.455753310340604, "poi_type": "hotel", "port_min": 9.128979913178474, "road_dist_m": 22.61545295, "access_score": 99}}, {"type": "Feature", "geometry": {"type": "Point", "coordinates": [20.5715919, 38.1035609]}, "properties": {"name": "Isalos", "osm_id": 5681585647, "name_el": null, "name_en": null, "net_vid": 16527, "category": "food_drink", "fire_min": 19.31351389531623, "poi_type": "restaurant", "port_min": 8.986740498154099, "road_dist_m": 6.21853754, "access_score": 100}}, {"type": "Feature", "geometry": {"type": "Point", "coordinates": [20.5755773, 38.103235]}, "properties": {"name": null, "osm_id": 9879480659, "name_el": null, "name_en": null, "net_vid": 9237, "category": "other", "fire_min": 20.14860011443186, "poi_type": "shower", "port_min": 9.821826717269731, "road_dist_m": 9.67460303, "access_score": 100}}, {"type": "Feature", "geometry": {"type": "Point", "coordinates": [20.5747869, 38.1036356]}, "properties": {"name": "Panas Restaturant", "osm_id": 5681600939, "name_el": null, "name_en": null, "net_vid": 9231, "category": "food_drink", "fire_min": 20.16517764902454, "poi_type": "restaurant", "port_min": 9.838404251862407, "road_dist_m": 10.67404828, "access_score": 99}}, {"type": "Feature", "geometry": {"type": "Point", "coordinates": [20.5744834, 38.1039175]}, "properties": {"name": "Panas Bungalows", "osm_id": 4338959790, "name_el": null, "name_en": null, "net_vid": 9230, "category": "tourism", "fire_min": 20.452644417700217, "poi_type": "hotel", "port_min": 10.12587102053809, "road_dist_m": 19.26381473, "access_score": 99}}, {"type": "Feature", "geometry": {"type": "Point", "coordinates": [20.5735722, 38.1032246]}, "properties": {"name": "Mihaila Bungallows", "osm_id": 4690071891, "name_el": null, "name_en": null, "net_vid": 609, "category": "tourism", "fire_min": 19.933037463796722, "poi_type": "hotel", "port_min": 9.606264066634587, "road_dist_m": 17.09274536, "access_score": 99}}, {"type": "Feature", "geometry": {"type": "Point", "coordinates": [20.5746112, 38.1029023]}, "properties": {"name": "Waterway Cafe Bar Restaurant", "osm_id": 5681596647, "name_el": null, "name_en": null, "net_vid": 9235, "category": "food_drink", "fire_min": 19.97050135140572, "poi_type": "restaurant", "port_min": 9.643727954243587, "road_dist_m": 18.69548966, "access_score": 99}}, {"type": "Feature", "geometry": {"type": "Point", "coordinates": [20.5859868, 38.1069515]}, "properties": {"name": "Pessada Beach Parking", "osm_id": 5681538617, "name_el": null, "name_en": null, "net_vid": 9243, "category": "services", "fire_min": 17.395212116999527, "poi_type": "parking", "port_min": 1.1341438345861283, "road_dist_m": 8.57174427, "access_score": 100}}, {"type": "Feature", "geometry": {"type": "Point", "coordinates": [20.5802898, 38.1102855]}, "properties": {"name": null, "osm_id": 9880694723, "name_el": null, "name_en": null, "net_vid": 9259, "category": "other", "fire_min": 16.01229468356255, "poi_type": "waste_disposal", "port_min": 1.627881345030729, "road_dist_m": 4.59626179, "access_score": 100}}, {"type": "Feature", "geometry": {"type": "Point", "coordinates": [20.582598, 38.1125978]}, "properties": {"name": "Ευαγγελίστρια", "osm_id": 4919006598, "name_el": null, "name_en": null, "net_vid": 9292, "category": "other", "fire_min": 16.72772105935603, "poi_type": "place_of_worship", "port_min": 3.111996621347637, "road_dist_m": 42.00413232, "access_score": 98}}, {"type": "Feature", "geometry": {"type": "Point", "coordinates": [20.578502, 38.113339]}, "properties": {"name": null, "osm_id": 2452905455, "name_el": null, "name_en": null, "net_vid": 9303, "category": "shop", "fire_min": 15.343335985145778, "poi_type": "alcohol", "port_min": 2.5649896349475005, "road_dist_m": 15.32224545, "access_score": 99}}, {"type": "Feature", "geometry": {"type": "Point", "coordinates": [20.56171, 38.1110387]}, "properties": {"name": "Cavo Liakas Taverna", "osm_id": 2885626472, "name_el": null, "name_en": null, "net_vid": 9329, "category": "food_drink", "fire_min": 14.540481354700168, "poi_type": "restaurant", "port_min": 5.354461488368065, "road_dist_m": 5.79619891, "access_score": 100}}, {"type": "Feature", "geometry": {"type": "Point", "coordinates": [20.5619555, 38.1110072]}, "properties": {"name": "Stop and Shop", "osm_id": 2885626480, "name_el": "Stop & Shop", "name_en": "Stop & Shop", "net_vid": 9380, "category": "shop", "fire_min": 14.652782994043664, "poi_type": "convenience", "port_min": 5.46676312771156, "road_dist_m": 5.08046764, "access_score": 100}}, {"type": "Feature", "geometry": {"type": "Point", "coordinates": [20.5618799, 38.1107468]}, "properties": {"name": "Caffe", "osm_id": 2885626478, "name_el": "Cafe Bar Aeolos", "name_en": "Cafe Bar Aeolos", "net_vid": 9327, "category": "food_drink", "fire_min": 14.773491227651771, "poi_type": "cafe", "port_min": 5.5874713613196665, "road_dist_m": 8.94346328, "access_score": 100}}, {"type": "Feature", "geometry": {"type": "Point", "coordinates": [20.5619433, 38.1106593]}, "properties": {"name": null, "osm_id": 9041437417, "name_el": null, "name_en": null, "net_vid": 9327, "category": "other", "fire_min": 14.684655713151772, "poi_type": "telephone", "port_min": 5.498635846819667, "road_dist_m": 1.83662212, "access_score": 100}}, {"type": "Feature", "geometry": {"type": "Point", "coordinates": [20.5619024, 38.1106865]}, "properties": {"name": "Marina's Market", "osm_id": 9041437517, "name_el": null, "name_en": null, "net_vid": 9327, "category": "shop", "fire_min": 14.68708765702677, "poi_type": "convenience", "port_min": 5.501067790694667, "road_dist_m": 2.03117763, "access_score": 100}}, {"type": "Feature", "geometry": {"type": "Point", "coordinates": [20.5623604, 38.1110295]}, "properties": {"name": null, "osm_id": 2885626481, "name_el": null, "name_en": null, "net_vid": 9380, "category": "other", "fire_min": 14.802001439543664, "poi_type": "place_of_worship", "port_min": 5.61598157321156, "road_dist_m": 17.01794328, "access_score": 99}}, {"type": "Feature", "geometry": {"type": "Point", "coordinates": [20.562074, 38.11104]}, "properties": {"name": "Cubic³ The Coffee Bar", "osm_id": 9041462317, "name_el": null, "name_en": null, "net_vid": 9380, "category": "food_drink", "fire_min": 14.786275511293663, "poi_type": "bar", "port_min": 5.6002556449615595, "road_dist_m": 15.75986902, "access_score": 99}}, {"type": "Feature", "geometry": {"type": "Point", "coordinates": [20.5651828, 38.1061216]}, "properties": {"name": "GSR", "osm_id": 5681522196, "name_el": null, "name_en": null, "net_vid": 17083, "category": "other", "fire_min": 17.149814028774102, "poi_type": "car_rental", "port_min": 7.6316816948247155, "road_dist_m": 14.66061976, "access_score": 99}}, {"type": "Feature", "geometry": {"type": "Point", "coordinates": [20.5632419, 38.1079026]}, "properties": {"name": null, "osm_id": 4918960753, "name_el": null, "name_en": null, "net_vid": 310, "category": "other", "fire_min": 16.23971757739081, "poi_type": "place_of_worship", "port_min": 6.779955335773682, "road_dist_m": 20.63700272, "access_score": 99}}, {"type": "Feature", "geometry": {"type": "Point", "coordinates": [20.5554141, 38.105415]}, "properties": {"name": "Πλατεία Η Ελιά", "osm_id": 12089960544, "name_el": null, "name_en": null, "net_vid": 9391, "category": "food_drink", "fire_min": 15.823363811573419, "poi_type": "cafe", "port_min": 9.063667013048969, "road_dist_m": 10.96017868, "access_score": 99}}, {"type": "Feature", "geometry": {"type": "Point", "coordinates": [20.5565109, 38.1046607]}, "properties": {"name": null, "osm_id": 2885626475, "name_el": null, "name_en": null, "net_vid": 13626, "category": "other", "fire_min": 16.596136256856713, "poi_type": "place_of_worship", "port_min": 9.836439458332265, "road_dist_m": 8.76126838, "access_score": 100}}, {"type": "Feature", "geometry": {"type": "Point", "coordinates": [20.5357131, 38.1135097]}, "properties": {"name": null, "osm_id": 2885626484, "name_el": null, "name_en": null, "net_vid": 9452, "category": "other", "fire_min": 13.096972130219227, "poi_type": "place_of_worship", "port_min": 11.96489203797831, "road_dist_m": 8.89706422, "access_score": 100}}, {"type": "Feature", "geometry": {"type": "Point", "coordinates": [20.5320734, 38.1144622]}, "properties": {"name": null, "osm_id": 2889272553, "name_el": null, "name_en": null, "net_vid": 8020, "category": "other", "fire_min": 13.081273948365979, "poi_type": "place_of_worship", "port_min": 11.949193856125062, "road_dist_m": 8.37540319, "access_score": 100}}, {"type": "Feature", "geometry": {"type": "Point", "coordinates": [20.5346932, 38.1117766]}, "properties": {"name": null, "osm_id": 2885626482, "name_el": null, "name_en": null, "net_vid": 9445, "category": "other", "fire_min": 13.713643574082383, "poi_type": "place_of_worship", "port_min": 12.581563481841465, "road_dist_m": 14.11904568, "access_score": 99}}, {"type": "Feature", "geometry": {"type": "Point", "coordinates": [20.5381304, 38.1052445]}, "properties": {"name": "DΕΙ blue - Leivatho Hotel", "osm_id": 13322257304, "name_el": null, "name_en": null, "net_vid": 9478, "category": "other", "fire_min": 17.644002152183514, "poi_type": "charging_station", "port_min": 16.511922059942595, "road_dist_m": 4.69871258, "access_score": 100}}, {"type": "Feature", "geometry": {"type": "Point", "coordinates": [20.538306, 38.1021904]}, "properties": {"name": null, "osm_id": 3073715431, "name_el": null, "name_en": null, "net_vid": 9492, "category": "food_drink", "fire_min": 18.323586683505457, "poi_type": "bar", "port_min": 17.191506591264538, "road_dist_m": 35.60159121, "access_score": 98}}, {"type": "Feature", "geometry": {"type": "Point", "coordinates": [20.5381034, 38.1026701]}, "properties": {"name": "To Enetiko", "osm_id": 2894042149, "name_el": null, "name_en": null, "net_vid": 9492, "category": "food_drink", "fire_min": 17.956884505880456, "poi_type": "restaurant", "port_min": 16.824804413639537, "road_dist_m": 6.265417, "access_score": 100}}, {"type": "Feature", "geometry": {"type": "Point", "coordinates": [20.5379812, 38.10275]}, "properties": {"name": "Avithos Preview", "osm_id": 2894042147, "name_el": null, "name_en": null, "net_vid": 9492, "category": "food_drink", "fire_min": 18.00229427188046, "poi_type": "restaurant", "port_min": 16.87021417963954, "road_dist_m": 9.89819828, "access_score": 100}}, {"type": "Feature", "geometry": {"type": "Point", "coordinates": [20.5630063, 38.0957818]}, "properties": {"name": "Liakas Village", "osm_id": 9031804523, "name_el": null, "name_en": null, "net_vid": 9557, "category": "tourism", "fire_min": 21.30501259629062, "poi_type": "apartment", "port_min": 11.786880262341231, "road_dist_m": 24.51587392, "access_score": 99}}, {"type": "Feature", "geometry": {"type": "Point", "coordinates": [20.6297075, 38.1141868]}, "properties": {"name": "Lithero", "osm_id": 10971426602, "name_el": null, "name_en": null, "net_vid": 9582, "category": "food_drink", "fire_min": 25.195584488707432, "poi_type": "restaurant", "port_min": 15.57364345427757, "road_dist_m": 7.51921102, "access_score": 100}}, {"type": "Feature", "geometry": {"type": "Point", "coordinates": [20.6310371, 38.1148176]}, "properties": {"name": "Rosa's Beach Studios", "osm_id": 5779072821, "name_el": null, "name_en": null, "net_vid": 13824, "category": "tourism", "fire_min": 25.39774282701174, "poi_type": "hotel", "port_min": 15.77580179258188, "road_dist_m": 8.99470888, "access_score": 100}}, {"type": "Feature", "geometry": {"type": "Point", "coordinates": [20.6318682, 38.1141012]}, "properties": {"name": "Waikiki Bar", "osm_id": 5132773715, "name_el": null, "name_en": null, "net_vid": 13824, "category": "food_drink", "fire_min": 25.43298831813674, "poi_type": "bar", "port_min": 15.81104728370688, "road_dist_m": 11.81434817, "access_score": 99}}, {"type": "Feature", "geometry": {"type": "Point", "coordinates": [20.6337551, 38.1137107]}, "properties": {"name": "Angela Studios", "osm_id": 3278185732, "name_el": null, "name_en": null, "net_vid": 14679, "category": "tourism", "fire_min": 24.859907633509682, "poi_type": "hotel", "port_min": 15.237966599079822, "road_dist_m": 6.08591104, "access_score": 100}}, {"type": "Feature", "geometry": {"type": "Point", "coordinates": [20.6340524, 38.1138443]}, "properties": {"name": "Villa Mare", "osm_id": 3278185731, "name_el": null, "name_en": null, "net_vid": 14679, "category": "tourism", "fire_min": 24.916200133259682, "poi_type": "hotel", "port_min": 15.294259098829823, "road_dist_m": 10.58931102, "access_score": 99}}, {"type": "Feature", "geometry": {"type": "Point", "coordinates": [20.6344115, 38.1138979]}, "properties": {"name": "Stefanos Studios", "osm_id": 3278185730, "name_el": null, "name_en": null, "net_vid": 717, "category": "tourism", "fire_min": 24.944689609758825, "poi_type": "hotel", "port_min": 15.322748575328964, "road_dist_m": 20.52907252, "access_score": 99}}, {"type": "Feature", "geometry": {"type": "Point", "coordinates": [20.6368666, 38.1132728]}, "properties": {"name": "F Zeen", "osm_id": 5787165164, "name_el": null, "name_en": null, "net_vid": 9608, "category": "tourism", "fire_min": 24.212325851953413, "poi_type": "hotel", "port_min": 14.590384817523555, "road_dist_m": 27.83437226, "access_score": 99}}, {"type": "Feature", "geometry": {"type": "Point", "coordinates": [20.6367999, 38.1128669]}, "properties": {"name": "Lorraine's Magic Hill", "osm_id": 4924094721, "name_el": null, "name_en": "Lorraine's Magic Hill", "net_vid": 9606, "category": "food_drink", "fire_min": 24.287856210538568, "poi_type": "restaurant", "port_min": 14.665915176108706, "road_dist_m": 11.12320434, "access_score": 99}}, {"type": "Feature", "geometry": {"type": "Point", "coordinates": [20.6355008, 38.1127006]}, "properties": {"name": "Blue Sea", "osm_id": 10971434962, "name_el": null, "name_en": null, "net_vid": 9591, "category": "food_drink", "fire_min": 24.32109380512722, "poi_type": "restaurant", "port_min": 14.699152770697356, "road_dist_m": 6.80157099, "access_score": 100}}, {"type": "Feature", "geometry": {"type": "Point", "coordinates": [20.6358035, 38.1125966]}, "properties": {"name": "Lourdas Mare", "osm_id": 5787146150, "name_el": null, "name_en": null, "net_vid": 9591, "category": "food_drink", "fire_min": 24.338963046627217, "poi_type": "restaurant", "port_min": 14.717022012197356, "road_dist_m": 8.23111031, "access_score": 100}}, {"type": "Feature", "geometry": {"type": "Point", "coordinates": [20.6356771, 38.1126364]}, "properties": {"name": "Lourdas Mare", "osm_id": 5787140118, "name_el": null, "name_en": null, "net_vid": 9591, "category": "food_drink", "fire_min": 24.325268582877218, "poi_type": "cafe", "port_min": 14.703327548447357, "road_dist_m": 7.13555321, "access_score": 100}}, {"type": "Feature", "geometry": {"type": "Point", "coordinates": [20.6357029, 38.1126925]}, "properties": {"name": "Seven", "osm_id": 5787140117, "name_el": null, "name_en": null, "net_vid": 9591, "category": "food_drink", "fire_min": 24.332790806877217, "poi_type": "cafe", "port_min": 14.710849772447357, "road_dist_m": 7.73733113, "access_score": 100}}, {"type": "Feature", "geometry": {"type": "Point", "coordinates": [20.6366954, 38.1122144]}, "properties": {"name": null, "osm_id": 5787146149, "name_el": null, "name_en": null, "net_vid": 9593, "category": "services", "fire_min": 24.625530071610537, "poi_type": "atm", "port_min": 15.003589037180676, "road_dist_m": 5.951739, "access_score": 100}}, {"type": "Feature", "geometry": {"type": "Point", "coordinates": [20.6370142, 38.1121427]}, "properties": {"name": "Klimatis", "osm_id": 5598781283, "name_el": null, "name_en": null, "net_vid": 9593, "category": "food_drink", "fire_min": 24.69958313661054, "poi_type": "restaurant", "port_min": 15.077642102180675, "road_dist_m": 11.8759842, "access_score": 99}}, {"type": "Feature", "geometry": {"type": "Point", "coordinates": [20.6372404, 38.1123025]}, "properties": {"name": null, "osm_id": 5781557530, "name_el": null, "name_en": null, "net_vid": 9593, "category": "shop", "fire_min": 24.72695205836054, "poi_type": "convenience", "port_min": 15.105011023930675, "road_dist_m": 14.06549794, "access_score": 99}}, {"type": "Feature", "geometry": {"type": "Point", "coordinates": [20.640118, 38.1128628]}, "properties": {"name": "Anna studios", "osm_id": 2715757459, "name_el": null, "name_en": null, "net_vid": 17072, "category": "tourism", "fire_min": 25.59926491159359, "poi_type": "apartment", "port_min": 15.977323877163723, "road_dist_m": 31.02076079, "access_score": 98}}, {"type": "Feature", "geometry": {"type": "Point", "coordinates": [20.6413176, 38.1099869]}, "properties": {"name": "Katerina Mare", "osm_id": 7198600103, "name_el": null, "name_en": null, "net_vid": 9597, "category": "tourism", "fire_min": 25.50213614753768, "poi_type": "apartment", "port_min": 15.880195113107812, "road_dist_m": 6.31704968, "access_score": 100}}, {"type": "Feature", "geometry": {"type": "Point", "coordinates": [20.6412855, 38.1104056]}, "properties": {"name": "Christina Studios", "osm_id": 5598465118, "name_el": null, "name_en": null, "net_vid": 9597, "category": "tourism", "fire_min": 25.962538519787678, "poi_type": "apartment", "port_min": 16.34059748535781, "road_dist_m": 43.14923946, "access_score": 98}}, {"type": "Feature", "geometry": {"type": "Point", "coordinates": [20.6602595, 38.100684]}, "properties": {"name": null, "osm_id": 2451944028, "name_el": null, "name_en": null, "net_vid": 9717, "category": "services", "fire_min": 29.26120923383195, "poi_type": "parking", "port_min": 20.908036467563527, "road_dist_m": 0.7358462, "access_score": 100}}, {"type": "Feature", "geometry": {"type": "Point", "coordinates": [20.6595177, 38.1006594]}, "properties": {"name": "Ιερά Μονή Υπεραγίας Θεοτόκου Σισσίων", "osm_id": 778136360, "name_el": null, "name_en": null, "net_vid": 9610, "category": "other", "fire_min": 30.184300930901202, "poi_type": "monastery", "port_min": 21.83112816463278, "road_dist_m": 24.51276906, "access_score": 99}}, {"type": "Feature", "geometry": {"type": "Point", "coordinates": [20.6571192, 38.0998608]}, "properties": {"name": null, "osm_id": 2451944033, "name_el": null, "name_en": null, "net_vid": 9611, "category": "services", "fire_min": 31.288962103494992, "poi_type": "parking", "port_min": 22.93578933722657, "road_dist_m": 20.80670275, "access_score": 99}}, {"type": "Feature", "geometry": {"type": "Point", "coordinates": [20.6444232, 38.1099761]}, "properties": {"name": null, "osm_id": 778116563, "name_el": null, "name_en": null, "net_vid": 9624, "category": "tourism", "fire_min": 27.393686179030837, "poi_type": "viewpoint", "port_min": 17.771745144600978, "road_dist_m": 37.08907804, "access_score": 98}}, {"type": "Feature", "geometry": {"type": "Point", "coordinates": [20.6779325, 38.0960777]}, "properties": {"name": "EKO Charge&Go - EKO Τζάκης", "osm_id": 12944652827, "name_el": "EKO Charge&Go - EKO Τζάκης", "name_en": "EKO Charge&Go - EKO Tzakis", "net_vid": 9747, "category": "other", "fire_min": 29.978732472957496, "poi_type": "charging_station", "port_min": 21.625559706689074, "road_dist_m": 7.06527235, "access_score": 100}}, {"type": "Feature", "geometry": {"type": "Point", "coordinates": [20.6780751, 38.0960019]}, "properties": {"name": "ΕΚΟ", "osm_id": 1424561925, "name_el": null, "name_en": null, "net_vid": 9747, "category": "services", "fire_min": 29.951058183457494, "poi_type": "fuel", "port_min": 21.597885417189072, "road_dist_m": 4.85132919, "access_score": 100}}, {"type": "Feature", "geometry": {"type": "Point", "coordinates": [20.686758, 38.084864]}, "properties": {"name": null, "osm_id": 4924382223, "name_el": null, "name_en": "Sesto koroni hill bar", "net_vid": 9757, "category": "food_drink", "fire_min": 35.848021608215156, "poi_type": "bar", "port_min": 27.494848841946734, "road_dist_m": 25.28486575, "access_score": 99}}, {"type": "Feature", "geometry": {"type": "Point", "coordinates": [20.6898454, 38.0823967]}, "properties": {"name": null, "osm_id": 10020417526, "name_el": null, "name_en": null, "net_vid": 18138, "category": "other", "fire_min": 38.968180156479974, "poi_type": "drinking_water", "port_min": 30.615007390211556, "road_dist_m": 9.03971689, "access_score": 100}}, {"type": "Feature", "geometry": {"type": "Point", "coordinates": [20.7066246, 38.0783243]}, "properties": {"name": null, "osm_id": 6434612024, "name_el": null, "name_en": null, "net_vid": 9821, "category": "other", "fire_min": 39.007172257068305, "poi_type": "place_of_worship", "port_min": 29.618269197378606, "road_dist_m": 16.24573879, "access_score": 99}}, {"type": "Feature", "geometry": {"type": "Point", "coordinates": [20.7158674, 38.0705413]}, "properties": {"name": null, "osm_id": 6434612034, "name_el": null, "name_en": null, "net_vid": 14621, "category": "other", "fire_min": 41.32488808544422, "poi_type": "place_of_worship", "port_min": 29.316696951159635, "road_dist_m": 23.17440529, "access_score": 99}}, {"type": "Feature", "geometry": {"type": "Point", "coordinates": [20.7494446, 38.0643974]}, "properties": {"name": "Nemesis", "osm_id": 1410532328, "name_el": null, "name_en": null, "net_vid": 9868, "category": "food_drink", "fire_min": 43.776595132434075, "poi_type": "fast_food", "port_min": 27.676707079928345, "road_dist_m": 11.8053198, "access_score": 99}}, {"type": "Feature", "geometry": {"type": "Point", "coordinates": [20.7491973, 38.0640773]}, "properties": {"name": "Delicious", "osm_id": 1407327160, "name_el": null, "name_en": null, "net_vid": 9868, "category": "food_drink", "fire_min": 43.695404303934076, "poi_type": "restaurant", "port_min": 27.595516251428343, "road_dist_m": 5.31005352, "access_score": 100}}, {"type": "Feature", "geometry": {"type": "Point", "coordinates": [20.7492767, 38.0641603]}, "properties": {"name": "Just For You", "osm_id": 5094325794, "name_el": null, "name_en": null, "net_vid": 9868, "category": "shop", "fire_min": 43.728752623434076, "poi_type": "gift", "port_min": 27.628864570928343, "road_dist_m": 7.97791908, "access_score": 100}}, {"type": "Feature", "geometry": {"type": "Point", "coordinates": [20.7493484, 38.0642063]}, "properties": {"name": "Captain Jerry", "osm_id": 1313997272, "name_el": null, "name_en": null, "net_vid": 9868, "category": "food_drink", "fire_min": 43.688110922809074, "poi_type": "restaurant", "port_min": 27.588222870303344, "road_dist_m": 4.72658303, "access_score": 100}}, {"type": "Feature", "geometry": {"type": "Point", "coordinates": [20.7490665, 38.0640044]}, "properties": {"name": "Taverna Katelios", "osm_id": 1313996824, "name_el": null, "name_en": null, "net_vid": 9868, "category": "food_drink", "fire_min": 43.70876132118407, "poi_type": "restaurant", "port_min": 27.608873268678344, "road_dist_m": 6.3786149, "access_score": 100}}, {"type": "Feature", "geometry": {"type": "Point", "coordinates": [20.749519, 38.0635115]}, "properties": {"name": null, "osm_id": 1410532387, "name_el": null, "name_en": null, "net_vid": 9868, "category": "other", "fire_min": 44.39269503230907, "poi_type": "ferry_terminal", "port_min": 28.292806979803345, "road_dist_m": 61.09331179, "access_score": 97}}, {"type": "Feature", "geometry": {"type": "Point", "coordinates": [20.7485308, 38.0635646]}, "properties": {"name": "Cozy", "osm_id": 1313996889, "name_el": null, "name_en": null, "net_vid": 9864, "category": "food_drink", "fire_min": 44.09070850422714, "poi_type": "restaurant", "port_min": 27.990820451721415, "road_dist_m": 5.87386704, "access_score": 100}}, {"type": "Feature", "geometry": {"type": "Point", "coordinates": [20.7481313, 38.0635277]}, "properties": {"name": "Odyssea", "osm_id": 1313996892, "name_el": null, "name_en": null, "net_vid": 9864, "category": "tourism", "fire_min": 44.24290636185214, "poi_type": "hotel", "port_min": 28.143018309346413, "road_dist_m": 18.04969565, "access_score": 99}}, {"type": "Feature", "geometry": {"type": "Point", "coordinates": [20.7487819, 38.06384]}, "properties": {"name": "Maria's", "osm_id": 1407327149, "name_el": null, "name_en": null, "net_vid": 9864, "category": "food_drink", "fire_min": 44.11989639697714, "poi_type": "restaurant", "port_min": 28.020008344471414, "road_dist_m": 8.20889846, "access_score": 100}}, {"type": "Feature", "geometry": {"type": "Point", "coordinates": [20.7496488, 38.0650304]}, "properties": {"name": "Tsobo's Garden", "osm_id": 1407327164, "name_el": null, "name_en": null, "net_vid": 9867, "category": "food_drink", "fire_min": 43.46827740567146, "poi_type": "restaurant", "port_min": 27.368389353165735, "road_dist_m": 7.00892453, "access_score": 100}}, {"type": "Feature", "geometry": {"type": "Point", "coordinates": [20.7495184, 38.0649612]}, "properties": {"name": "Venus apartments", "osm_id": 4511585507, "name_el": null, "name_en": null, "net_vid": 9867, "category": "tourism", "fire_min": 43.44549941404646, "poi_type": "apartment", "port_min": 27.345611361540737, "road_dist_m": 5.1866852, "access_score": 100}}, {"type": "Feature", "geometry": {"type": "Point", "coordinates": [20.7496125, 38.0646269]}, "properties": {"name": null, "osm_id": 5094325795, "name_el": null, "name_en": null, "net_vid": 637, "category": "food_drink", "fire_min": 43.591002940354805, "poi_type": "fast_food", "port_min": 27.491114887849076, "road_dist_m": 9.1166886, "access_score": 100}}, {"type": "Feature", "geometry": {"type": "Point", "coordinates": [20.7497454, 38.0647532]}, "properties": {"name": null, "osm_id": 6661209618, "name_el": null, "name_en": null, "net_vid": 637, "category": "services", "fire_min": 43.582646466229804, "poi_type": "atm", "port_min": 27.482758413724078, "road_dist_m": 8.44817067, "access_score": 100}}, {"type": "Feature", "geometry": {"type": "Point", "coordinates": [20.7498067, 38.0647751]}, "properties": {"name": "Μέδουσα", "osm_id": 1313997040, "name_el": "Μέδουσα", "name_en": "Medusa", "net_vid": 637, "category": "food_drink", "fire_min": 43.627825177729804, "poi_type": "restaurant", "port_min": 27.527937125224078, "road_dist_m": 12.06246759, "access_score": 99}}, {"type": "Feature", "geometry": {"type": "Point", "coordinates": [20.7499699, 38.0648517]}, "properties": {"name": "Blue Sea Restaurant", "osm_id": 1313997386, "name_el": null, "name_en": null, "net_vid": 637, "category": "food_drink", "fire_min": 43.5970615099798, "poi_type": "restaurant", "port_min": 27.497173457474076, "road_dist_m": 9.60137417, "access_score": 100}}, {"type": "Feature", "geometry": {"type": "Point", "coordinates": [20.7501624, 38.0649511]}, "properties": {"name": "Ο Φάρος", "osm_id": 1410532322, "name_el": "Ο Φάρος", "name_en": "Lighthouse Restaurant", "net_vid": 9879, "category": "food_drink", "fire_min": 43.34308058786072, "poi_type": "restaurant", "port_min": 27.24319253535499, "road_dist_m": 7.47680777, "access_score": 100}}, {"type": "Feature", "geometry": {"type": "Point", "coordinates": [20.7502976, 38.0650205]}, "properties": {"name": "Floridita Bar", "osm_id": 1410532321, "name_el": null, "name_en": null, "net_vid": 9879, "category": "food_drink", "fire_min": 43.323985547110716, "poi_type": "bar", "port_min": 27.22409749460499, "road_dist_m": 5.94920451, "access_score": 100}}, {"type": "Feature", "geometry": {"type": "Point", "coordinates": [20.7503853, 38.0653839]}, "properties": {"name": "Alexis", "osm_id": 1407327145, "name_el": null, "name_en": null, "net_vid": 9863, "category": "food_drink", "fire_min": 43.302985425743586, "poi_type": "bar", "port_min": 27.203097373237863, "road_dist_m": 13.33948592, "access_score": 99}}, {"type": "Feature", "geometry": {"type": "Point", "coordinates": [20.750427, 38.0653568]}, "properties": {"name": null, "osm_id": 1407327273, "name_el": null, "name_en": null, "net_vid": 9863, "category": "other", "fire_min": 43.247070774743584, "poi_type": "telephone", "port_min": 27.14718272223786, "road_dist_m": 8.86631384, "access_score": 100}}, {"type": "Feature", "geometry": {"type": "Point", "coordinates": [20.7505346, 38.0651329]}, "properties": {"name": null, "osm_id": 1313996710, "name_el": null, "name_en": null, "net_vid": 9879, "category": "shop", "fire_min": 43.41801846911071, "poi_type": "kiosk", "port_min": 27.31813041660499, "road_dist_m": 13.47183827, "access_score": 99}}, {"type": "Feature", "geometry": {"type": "Point", "coordinates": [20.7511247, 38.0659064]}, "properties": {"name": "The Wave", "osm_id": 1313997182, "name_el": null, "name_en": null, "net_vid": 18347, "category": "food_drink", "fire_min": 43.9729508116123, "poi_type": "cafe", "port_min": 27.873062759106578, "road_dist_m": 6.76939287, "access_score": 100}}, {"type": "Feature", "geometry": {"type": "Point", "coordinates": [20.750789, 38.0654901]}, "properties": {"name": null, "osm_id": 1407327275, "name_el": null, "name_en": null, "net_vid": 9863, "category": "other", "fire_min": 43.167391868243584, "poi_type": "recycling", "port_min": 27.06750381573786, "road_dist_m": 2.49200132, "access_score": 100}}, {"type": "Feature", "geometry": {"type": "Point", "coordinates": [20.7508313, 38.0657884]}, "properties": {"name": null, "osm_id": 778119875, "name_el": null, "name_en": null, "net_vid": 18347, "category": "services", "fire_min": 44.101110254862306, "poi_type": "parking", "port_min": 28.001222202356576, "road_dist_m": 17.02214833, "access_score": 99}}, {"type": "Feature", "geometry": {"type": "Point", "coordinates": [20.750368, 38.0656138]}, "properties": {"name": "Casa Montzo Boutique Hotel", "osm_id": 9907801431, "name_el": null, "name_en": null, "net_vid": 9863, "category": "tourism", "fire_min": 43.41855047211858, "poi_type": "hotel", "port_min": 27.318662419612863, "road_dist_m": 22.58468963, "access_score": 99}}, {"type": "Feature", "geometry": {"type": "Point", "coordinates": [20.7501223, 38.0656751]}, "properties": {"name": null, "osm_id": 1407387199, "name_el": null, "name_en": null, "net_vid": 9863, "category": "other", "fire_min": 43.19013017449358, "poi_type": "post_box", "port_min": 27.090242121987863, "road_dist_m": 4.31106582, "access_score": 100}}, {"type": "Feature", "geometry": {"type": "Point", "coordinates": [20.750085, 38.0657871]}, "properties": {"name": "Katelios Grill House", "osm_id": 5600426119, "name_el": null, "name_en": null, "net_vid": 9863, "category": "food_drink", "fire_min": 43.200811467118584, "poi_type": "restaurant", "port_min": 27.10092341461286, "road_dist_m": 5.16556923, "access_score": 100}}, {"type": "Feature", "geometry": {"type": "Point", "coordinates": [20.7500471, 38.0658895]}, "properties": {"name": "Marilena", "osm_id": 1407387194, "name_el": null, "name_en": null, "net_vid": 18241, "category": "shop", "fire_min": 43.42815508551012, "poi_type": "clothes", "port_min": 27.3282670330044, "road_dist_m": 5.65734816, "access_score": 100}}, {"type": "Feature", "geometry": {"type": "Point", "coordinates": [20.7515744, 38.0663285]}, "properties": {"name": "Nontas Albouro Tavern & Bar", "osm_id": 1313997345, "name_el": null, "name_en": null, "net_vid": 9878, "category": "food_drink", "fire_min": 43.54661221142267, "poi_type": "restaurant", "port_min": 27.446724158916936, "road_dist_m": 11.38580147, "access_score": 99}}, {"type": "Feature", "geometry": {"type": "Point", "coordinates": [20.7498994, 38.0666833]}, "properties": {"name": "Cafe Reba", "osm_id": 1406354008, "name_el": null, "name_en": null, "net_vid": 9881, "category": "food_drink", "fire_min": 42.94469846708728, "poi_type": "cafe", "port_min": 26.84481041458156, "road_dist_m": 19.00844524, "access_score": 99}}, {"type": "Feature", "geometry": {"type": "Point", "coordinates": [20.7497684, 38.0666191]}, "properties": {"name": "Ellen's", "osm_id": 4398974115, "name_el": null, "name_en": null, "net_vid": 9881, "category": "shop", "fire_min": 42.78835595246228, "poi_type": "gift", "port_min": 26.688467899956557, "road_dist_m": 6.50104407, "access_score": 100}}, {"type": "Feature", "geometry": {"type": "Point", "coordinates": [20.7497836, 38.0665691]}, "properties": {"name": "Aliti's", "osm_id": 1406354006, "name_el": null, "name_en": null, "net_vid": 9881, "category": "food_drink", "fire_min": 42.79296189233728, "poi_type": "bar", "port_min": 26.69307383983156, "road_dist_m": 6.86951926, "access_score": 100}}, {"type": "Feature", "geometry": {"type": "Point", "coordinates": [20.7498011, 38.0665236]}, "properties": {"name": "McMarket", "osm_id": 4398974113, "name_el": null, "name_en": null, "net_vid": 9881, "category": "shop", "fire_min": 42.79253976571228, "poi_type": "convenience", "port_min": 26.69265171320656, "road_dist_m": 6.83574913, "access_score": 100}}, {"type": "Feature", "geometry": {"type": "Point", "coordinates": [20.7498436, 38.0664159]}, "properties": {"name": "Katelios Mini-Market", "osm_id": 1313996736, "name_el": null, "name_en": null, "net_vid": 9881, "category": "shop", "fire_min": 42.79266865408728, "poi_type": "convenience", "port_min": 26.692780601581557, "road_dist_m": 6.8460602, "access_score": 100}}, {"type": "Feature", "geometry": {"type": "Point", "coordinates": [20.7486218, 38.068721]}, "properties": {"name": "Blue Sky Appartments", "osm_id": 1406354007, "name_el": null, "name_en": null, "net_vid": 9884, "category": "tourism", "fire_min": 42.101216773703996, "poi_type": "hotel", "port_min": 26.001328721198277, "road_dist_m": 10.75433343, "access_score": 99}}, {"type": "Feature", "geometry": {"type": "Point", "coordinates": [20.7482282, 38.069824]}, "properties": {"name": "The Bread Basket", "osm_id": 1406354012, "name_el": null, "name_en": null, "net_vid": 9884, "category": "shop", "fire_min": 42.267023905954, "poi_type": "bakery", "port_min": 26.16713585344828, "road_dist_m": 24.01890401, "access_score": 99}}, {"type": "Feature", "geometry": {"type": "Point", "coordinates": [20.7482895, 38.0697745]}, "properties": {"name": "Piraeus Bank", "osm_id": 4398974114, "name_el": "Τράπεζα Πειραιώς", "name_en": "Piraeus Bank", "net_vid": 9884, "category": "services", "fire_min": 42.267855389828995, "poi_type": "atm", "port_min": 26.16796733732328, "road_dist_m": 24.08542272, "access_score": 99}}, {"type": "Feature", "geometry": {"type": "Point", "coordinates": [20.7484628, 38.0695711]}, "properties": {"name": "Jerry's Elliniko", "osm_id": 1406354009, "name_el": null, "name_en": null, "net_vid": 9884, "category": "food_drink", "fire_min": 42.215079486829, "poi_type": "restaurant", "port_min": 26.11519143432328, "road_dist_m": 19.86335048, "access_score": 99}}, {"type": "Feature", "geometry": {"type": "Point", "coordinates": [20.7473923, 38.0714147]}, "properties": {"name": "EKO Charge&Go - Efrosini Village", "osm_id": 13850452238, "name_el": null, "name_en": null, "net_vid": 17917, "category": "other", "fire_min": 41.89631915870597, "poi_type": "charging_station", "port_min": 25.796431106200256, "road_dist_m": 5.64563075, "access_score": 100}}, {"type": "Feature", "geometry": {"type": "Point", "coordinates": [20.746045, 38.0716099]}, "properties": {"name": "Market Efterpi", "osm_id": 1407387242, "name_el": null, "name_en": null, "net_vid": 9887, "category": "shop", "fire_min": 41.750133329555624, "poi_type": "convenience", "port_min": 25.650245277049905, "road_dist_m": 21.32170726, "access_score": 99}}, {"type": "Feature", "geometry": {"type": "Point", "coordinates": [20.7459512, 38.0711766]}, "properties": {"name": "Mythos", "osm_id": 1408867679, "name_el": null, "name_en": null, "net_vid": 9887, "category": "food_drink", "fire_min": 41.71355855955562, "poi_type": "bar", "port_min": 25.613670507049903, "road_dist_m": 18.39572566, "access_score": 99}}, {"type": "Feature", "geometry": {"type": "Point", "coordinates": [20.7463394, 38.0712209]}, "properties": {"name": null, "osm_id": 1406511084, "name_el": null, "name_en": null, "net_vid": 9933, "category": "other", "fire_min": 41.587413678621104, "poi_type": "telephone", "port_min": 25.48752562611539, "road_dist_m": 4.0194514, "access_score": 100}}, {"type": "Feature", "geometry": {"type": "Point", "coordinates": [20.7466503, 38.0705489]}, "properties": {"name": "Venus Car Rental", "osm_id": 1406511044, "name_el": null, "name_en": null, "net_vid": 9889, "category": "other", "fire_min": 41.84049580379615, "poi_type": "car_rental", "port_min": 25.740607751290437, "road_dist_m": 22.22797857, "access_score": 99}}, {"type": "Feature", "geometry": {"type": "Point", "coordinates": [20.7451301, 38.0717209]}, "properties": {"name": "Galini Resort", "osm_id": 1408867656, "name_el": null, "name_en": null, "net_vid": 9886, "category": "tourism", "fire_min": 41.66769671504751, "poi_type": "hotel", "port_min": 25.56780866254179, "road_dist_m": 26.99039823, "access_score": 99}}, {"type": "Feature", "geometry": {"type": "Point", "coordinates": [20.7427181, 38.0741874]}, "properties": {"name": null, "osm_id": 6669936178, "name_el": null, "name_en": null, "net_vid": 9890, "category": "other", "fire_min": 40.9069236189265, "poi_type": "drinking_water", "port_min": 24.807035566420783, "road_dist_m": 7.2782728, "access_score": 100}}, {"type": "Feature", "geometry": {"type": "Point", "coordinates": [20.7430644, 38.0730482]}, "properties": {"name": "Hotel Pacifae", "osm_id": 1408867668, "name_el": null, "name_en": null, "net_vid": 17662, "category": "tourism", "fire_min": 40.87930989541644, "poi_type": "hotel", "port_min": 24.779421842910732, "road_dist_m": 9.45759847, "access_score": 100}}, {"type": "Feature", "geometry": {"type": "Point", "coordinates": [20.7445139, 38.0720457]}, "properties": {"name": "Η Ταβέρνα της Πέρσας", "osm_id": 1407387198, "name_el": null, "name_en": null, "net_vid": 13169, "category": "food_drink", "fire_min": 41.46431870168838, "poi_type": "restaurant", "port_min": 25.36443064918266, "road_dist_m": 0.6703261, "access_score": 100}}, {"type": "Feature", "geometry": {"type": "Point", "coordinates": [20.7470457, 38.0749558]}, "properties": {"name": "Ο 4 Αδέλφια", "osm_id": 1406511042, "name_el": null, "name_en": null, "net_vid": 13402, "category": "food_drink", "fire_min": 43.03854041028116, "poi_type": "restaurant", "port_min": 26.938652357775453, "road_dist_m": 15.73530453, "access_score": 99}}, {"type": "Feature", "geometry": {"type": "Point", "coordinates": [20.7459621, 38.0731565]}, "properties": {"name": "Magnolia Hotel", "osm_id": 1406511037, "name_el": null, "name_en": null, "net_vid": 18306, "category": "tourism", "fire_min": 42.187707826847756, "poi_type": "hotel", "port_min": 26.08781977434205, "road_dist_m": 1.93297516, "access_score": 100}}, {"type": "Feature", "geometry": {"type": "Point", "coordinates": [20.7458447, 38.07305]}, "properties": {"name": "Rosebud Bistro", "osm_id": 1406511039, "name_el": null, "name_en": null, "net_vid": 18306, "category": "food_drink", "fire_min": 42.29516193084776, "poi_type": "restaurant", "port_min": 26.19527387834205, "road_dist_m": 10.52930348, "access_score": 99}}, {"type": "Feature", "geometry": {"type": "Point", "coordinates": [20.7508431, 38.0784899]}, "properties": {"name": null, "osm_id": 1420452093, "name_el": null, "name_en": null, "net_vid": 16176, "category": "other", "fire_min": 43.196919963656605, "poi_type": "place_of_worship", "port_min": 27.097031911150886, "road_dist_m": 19.43724695, "access_score": 99}}, {"type": "Feature", "geometry": {"type": "Point", "coordinates": [20.7468882, 38.0861631]}, "properties": {"name": null, "osm_id": 4919280054, "name_el": null, "name_en": null, "net_vid": 13774, "category": "other", "fire_min": 42.34073132550085, "poi_type": "place_of_worship", "port_min": 20.815592417137402, "road_dist_m": 6.61678302, "access_score": 100}}, {"type": "Feature", "geometry": {"type": "Point", "coordinates": [20.7281207, 38.0746665]}, "properties": {"name": "Ελειός", "osm_id": 5911855610, "name_el": "Ελειός", "name_en": "Eleios", "net_vid": 9993, "category": "food_drink", "fire_min": 38.0851589179973, "poi_type": "restaurant", "port_min": 26.0769677837127, "road_dist_m": 17.89442033, "access_score": 99}}, {"type": "Feature", "geometry": {"type": "Point", "coordinates": [20.7218496, 38.0814766]}, "properties": {"name": "nrg - Erolidae Villas", "osm_id": 14002333718, "name_el": null, "name_en": null, "net_vid": 325, "category": "other", "fire_min": 36.473986844389, "poi_type": "charging_station", "port_min": 25.23360091263703, "road_dist_m": 4.81921843, "access_score": 100}}, {"type": "Feature", "geometry": {"type": "Point", "coordinates": [20.7207727, 38.0813985]}, "properties": {"name": "Νηπιαγωγείο Χιονάτων", "osm_id": 11692181733, "name_el": null, "name_en": null, "net_vid": 10040, "category": "education", "fire_min": 36.86700371301106, "poi_type": "kindergarten", "port_min": 25.665940249264978, "road_dist_m": 37.83346664, "access_score": 98}}, {"type": "Feature", "geometry": {"type": "Point", "coordinates": [20.7205179, 38.0815421]}, "properties": {"name": "Δημοτικό Σχολείο Χιονάτων", "osm_id": 11692181734, "name_el": "Δημοτικό Σχολείο Χιονάτων", "name_en": "Chionata Primary School", "net_vid": 10040, "category": "education", "fire_min": 36.70071074813605, "poi_type": "school", "port_min": 25.49964728438998, "road_dist_m": 24.53002945, "access_score": 99}}, {"type": "Feature", "geometry": {"type": "Point", "coordinates": [20.7205682, 38.081644]}, "properties": {"name": null, "osm_id": 11692181735, "name_el": null, "name_en": null, "net_vid": 10040, "category": "heritage", "fire_min": 36.55398667376106, "poi_type": "memorial", "port_min": 25.35292321001498, "road_dist_m": 12.7921035, "access_score": 99}}, {"type": "Feature", "geometry": {"type": "Point", "coordinates": [20.7167333, 38.0889543]}, "properties": {"name": "Ανεμοδούρι", "osm_id": 12201483125, "name_el": null, "name_en": null, "net_vid": 10052, "category": "tourism", "fire_min": 38.44469633787909, "poi_type": "viewpoint", "port_min": 30.091523571610676, "road_dist_m": 5.31873615, "access_score": 100}}, {"type": "Feature", "geometry": {"type": "Point", "coordinates": [20.7239746, 38.0964672]}, "properties": {"name": null, "osm_id": 11692181600, "name_el": null, "name_en": null, "net_vid": 10049, "category": "heritage", "fire_min": 41.66371247346014, "poi_type": "memorial", "port_min": 33.31053970719173, "road_dist_m": 1.52271923, "access_score": 100}}, {"type": "Feature", "geometry": {"type": "Point", "coordinates": [20.7480796, 38.091191]}, "properties": {"name": "Αετός", "osm_id": 11692181599, "name_el": null, "name_en": null, "net_vid": 10075, "category": "heritage", "fire_min": 42.437919341399216, "poi_type": "memorial", "port_min": 18.425238621934596, "road_dist_m": 13.23677132, "access_score": 99}}, {"type": "Feature", "geometry": {"type": "Point", "coordinates": [20.7515363, 38.0946698]}, "properties": {"name": null, "osm_id": 6033971527, "name_el": null, "name_en": null, "net_vid": 10076, "category": "food_drink", "fire_min": 42.862181156661144, "poi_type": "bar", "port_min": 17.854682889172665, "road_dist_m": 7.38501462, "access_score": 100}}, {"type": "Feature", "geometry": {"type": "Point", "coordinates": [20.7516195, 38.0948365]}, "properties": {"name": null, "osm_id": 6033976251, "name_el": null, "name_en": null, "net_vid": 10076, "category": "shop", "fire_min": 42.878795852286146, "poi_type": "convenience", "port_min": 17.871297584797667, "road_dist_m": 8.71419027, "access_score": 100}}, {"type": "Feature", "geometry": {"type": "Point", "coordinates": [20.7213807, 38.1024822]}, "properties": {"name": null, "osm_id": 12083727983, "name_el": null, "name_en": null, "net_vid": 17925, "category": "heritage", "fire_min": 53.35508442545453, "poi_type": "wayside_shrine", "port_min": 45.00191165918613, "road_dist_m": 4.34553244, "access_score": 100}}, {"type": "Feature", "geometry": {"type": "Point", "coordinates": [20.721351, 38.1024934]}, "properties": {"name": null, "osm_id": 5602090824, "name_el": null, "name_en": null, "net_vid": 17925, "category": "tourism", "fire_min": 53.34005015870452, "poi_type": "viewpoint", "port_min": 44.98687739243612, "road_dist_m": 3.1427911, "access_score": 100}}, {"type": "Feature", "geometry": {"type": "Point", "coordinates": [20.7113066, 38.1059373]}, "properties": {"name": "Μονή Ζωοδόχου Πηγής", "osm_id": 781172334, "name_el": null, "name_en": null, "net_vid": 10127, "category": "other", "fire_min": 61.6024165508896, "poi_type": "monastery", "port_min": 53.2492437846212, "road_dist_m": 14.10643678, "access_score": 99}}, {"type": "Feature", "geometry": {"type": "Point", "coordinates": [20.7056773, 38.087532]}, "properties": {"name": "nrg - Bazaar Market", "osm_id": 13519794881, "name_el": null, "name_en": null, "net_vid": 13217, "category": "other", "fire_min": 34.005533521268326, "poi_type": "charging_station", "port_min": 25.652360754999904, "road_dist_m": 10.53311301, "access_score": 99}}, {"type": "Feature", "geometry": {"type": "Point", "coordinates": [20.7055955, 38.0874196]}, "properties": {"name": "Bazaar", "osm_id": 11692181724, "name_el": null, "name_en": null, "net_vid": 13217, "category": "shop", "fire_min": 34.18454519314332, "poi_type": "supermarket", "port_min": 25.831372426874903, "road_dist_m": 24.85404676, "access_score": 99}}, {"type": "Feature", "geometry": {"type": "Point", "coordinates": [20.7046741, 38.0877859]}, "properties": {"name": "nrg - Shell Βαλεριάνος", "osm_id": 12944636724, "name_el": "nrg - Shell Βαλεριάνος", "name_en": "nrg - Shell Valerianos", "net_vid": 10070, "category": "other", "fire_min": 33.85638554317391, "poi_type": "charging_station", "port_min": 25.503212776905485, "road_dist_m": 10.29645475, "access_score": 99}}, {"type": "Feature", "geometry": {"type": "Point", "coordinates": [20.7049905, 38.0877166]}, "properties": {"name": "SHELL", "osm_id": 1415489516, "name_el": null, "name_en": null, "net_vid": 13217, "category": "services", "fire_min": 33.94480751626833, "poi_type": "fuel", "port_min": 25.591634749999905, "road_dist_m": 5.67503261, "access_score": 100}}, {"type": "Feature", "geometry": {"type": "Point", "coordinates": [20.6996487, 38.1247248]}, "properties": {"name": null, "osm_id": 5596913863, "name_el": null, "name_en": null, "net_vid": 10241, "category": "other", "fire_min": 80.95281741606718, "poi_type": "bench", "port_min": 72.59964464979878, "road_dist_m": 3.39590115, "access_score": 100}}, {"type": "Feature", "geometry": {"type": "Point", "coordinates": [20.699738, 38.1247068]}, "properties": {"name": null, "osm_id": 5596913854, "name_el": null, "name_en": null, "net_vid": 10241, "category": "tourism", "fire_min": 80.95866608381718, "poi_type": "viewpoint", "port_min": 72.60549331754878, "road_dist_m": 3.86379457, "access_score": 100}}, {"type": "Feature", "geometry": {"type": "Point", "coordinates": [20.7266985, 38.1274521]}, "properties": {"name": null, "osm_id": 12005941537, "name_el": null, "name_en": null, "net_vid": 10198, "category": "other", "fire_min": 56.82605245324706, "poi_type": "drinking_water", "port_min": 27.01996778129517, "road_dist_m": 5.81447623, "access_score": 100}}, {"type": "Feature", "geometry": {"type": "Point", "coordinates": [20.7513191, 38.1229216]}, "properties": {"name": null, "osm_id": 5929095352, "name_el": null, "name_en": null, "net_vid": 10111, "category": "shop", "fire_min": 49.400012467660375, "poi_type": "convenience", "port_min": 11.384673391173434, "road_dist_m": 10.09788714, "access_score": 99}}, {"type": "Feature", "geometry": {"type": "Point", "coordinates": [20.751107, 38.1309168]}, "properties": {"name": "SHELL", "osm_id": 1422530583, "name_el": null, "name_en": null, "net_vid": 11859, "category": "services", "fire_min": 51.24063357166729, "poi_type": "fuel", "port_min": 9.507085417916509, "road_dist_m": 8.61921237, "access_score": 100}}, {"type": "Feature", "geometry": {"type": "Point", "coordinates": [20.7214752, 38.135719]}, "properties": {"name": null, "osm_id": 12005941536, "name_el": null, "name_en": null, "net_vid": 10203, "category": "other", "fire_min": 60.373853870271404, "poi_type": "bench", "port_min": 23.42546170527084, "road_dist_m": 3.94628987, "access_score": 100}}, {"type": "Feature", "geometry": {"type": "Point", "coordinates": [20.7214845, 38.1357631]}, "properties": {"name": null, "osm_id": 12005941535, "name_el": null, "name_en": null, "net_vid": 10203, "category": "other", "fire_min": 60.385976198646404, "poi_type": "drinking_water", "port_min": 23.43758403364584, "road_dist_m": 4.91607614, "access_score": 100}}, {"type": "Feature", "geometry": {"type": "Point", "coordinates": [20.7520273, 38.1598551]}, "properties": {"name": "Μονή Υπεραγίας Θεοτόκου Άτρου", "osm_id": 1770678298, "name_el": null, "name_en": null, "net_vid": 18269, "category": "other", "fire_min": 67.32790437643631, "poi_type": "monastery", "port_min": 18.797428315139737, "road_dist_m": 28.00176, "access_score": 99}}, {"type": "Feature", "geometry": {"type": "Point", "coordinates": [20.7113894, 38.1696443]}, "properties": {"name": "Olive Garden", "osm_id": 1423435452, "name_el": null, "name_en": null, "net_vid": 10382, "category": "food_drink", "fire_min": 43.07452847659481, "poi_type": "cafe", "port_min": 15.891079888722205, "road_dist_m": 16.40123768, "access_score": 99}}, {"type": "Feature", "geometry": {"type": "Point", "coordinates": [20.7116478, 38.1693497]}, "properties": {"name": "Olive Garden", "osm_id": 5596913891, "name_el": null, "name_en": null, "net_vid": 10482, "category": "services", "fire_min": 43.10307527664974, "poi_type": "parking", "port_min": 15.636146242315252, "road_dist_m": 1.00629429, "access_score": 100}}, {"type": "Feature", "geometry": {"type": "Point", "coordinates": [20.6879427, 38.1724538]}, "properties": {"name": null, "osm_id": 1423435684, "name_el": null, "name_en": null, "net_vid": 351, "category": "other", "fire_min": 38.69388324856041, "poi_type": "place_of_worship", "port_min": 21.190118123990345, "road_dist_m": 38.71951906, "access_score": 98}}, {"type": "Feature", "geometry": {"type": "Point", "coordinates": [20.6631235, 38.1376901]}, "properties": {"name": null, "osm_id": 12005941554, "name_el": null, "name_en": null, "net_vid": 18469, "category": "tourism", "fire_min": 46.215840753355764, "poi_type": "picnic_site", "port_min": 39.75715985117607, "road_dist_m": 16.26914638, "access_score": 99}}, {"type": "Feature", "geometry": {"type": "Point", "coordinates": [20.6629056, 38.1375819]}, "properties": {"name": null, "osm_id": 5119292522, "name_el": null, "name_en": "Viewpoint", "net_vid": 18469, "category": "tourism", "fire_min": 46.231295889980764, "poi_type": "viewpoint", "port_min": 39.77261498780107, "road_dist_m": 17.50555731, "access_score": 99}}, {"type": "Feature", "geometry": {"type": "Point", "coordinates": [20.6555619, 38.140409]}, "properties": {"name": null, "osm_id": 12179900420, "name_el": null, "name_en": null, "net_vid": 10557, "category": "other", "fire_min": 44.97246644591688, "poi_type": "bench", "port_min": 38.513785543737185, "road_dist_m": 58.08919697, "access_score": 97}}, {"type": "Feature", "geometry": {"type": "Point", "coordinates": [20.6560088, 38.1402353]}, "properties": {"name": null, "osm_id": 12179900418, "name_el": null, "name_en": null, "net_vid": 10557, "category": "other", "fire_min": 45.159580206541875, "poi_type": "bench", "port_min": 38.70089930436218, "road_dist_m": 73.05829782, "access_score": 96}}, {"type": "Feature", "geometry": {"type": "Point", "coordinates": [20.6559516, 38.1405881]}, "properties": {"name": null, "osm_id": 12005966469, "name_el": null, "name_en": null, "net_vid": 10557, "category": "other", "fire_min": 44.666869203791876, "poi_type": "shelter", "port_min": 38.20818830161218, "road_dist_m": 33.6414176, "access_score": 98}}, {"type": "Feature", "geometry": {"type": "Point", "coordinates": [20.6554878, 38.140718]}, "properties": {"name": null, "osm_id": 12179900419, "name_el": null, "name_en": null, "net_vid": 10557, "category": "leisure", "fire_min": 44.61194506729188, "poi_type": "picnic_table", "port_min": 38.15326416511218, "road_dist_m": 29.24748668, "access_score": 99}}, {"type": "Feature", "geometry": {"type": "Point", "coordinates": [20.6540969, 38.1410208]}, "properties": {"name": null, "osm_id": 12179836678, "name_el": null, "name_en": null, "net_vid": 10557, "category": "other", "fire_min": 44.69690873854188, "poi_type": "shelter", "port_min": 38.238227836362185, "road_dist_m": 36.04458038, "access_score": 98}}, {"type": "Feature", "geometry": {"type": "Point", "coordinates": [20.6541911, 38.1409803]}, "properties": {"name": null, "osm_id": 12179913462, "name_el": null, "name_en": null, "net_vid": 10557, "category": "other", "fire_min": 44.660917403916876, "poi_type": "bench", "port_min": 38.20223650173718, "road_dist_m": 33.16527361, "access_score": 98}}, {"type": "Feature", "geometry": {"type": "Point", "coordinates": [20.6371763, 38.1151957]}, "properties": {"name": null, "osm_id": 11849706815, "name_el": null, "name_en": "La Signora Hotel", "net_vid": 9592, "category": "tourism", "fire_min": 23.69271411213817, "poi_type": "hotel", "port_min": 14.07077307770831, "road_dist_m": 9.78085842, "access_score": 100}}, {"type": "Feature", "geometry": {"type": "Point", "coordinates": [20.6367986, 38.1152716]}, "properties": {"name": "Τριφύλλι", "osm_id": 10965536005, "name_el": "Τριφύλλι", "name_en": "Trifilli", "net_vid": 9592, "category": "tourism", "fire_min": 23.64842356126317, "poi_type": "hotel", "port_min": 14.02648252683331, "road_dist_m": 6.23761435, "access_score": 100}}, {"type": "Feature", "geometry": {"type": "Point", "coordinates": [20.6344388, 38.1160983]}, "properties": {"name": "Cafe Platanos", "osm_id": 12343723248, "name_el": null, "name_en": null, "net_vid": 9588, "category": "food_drink", "fire_min": 23.10348480881422, "poi_type": "cafe", "port_min": 13.481543774384365, "road_dist_m": 6.30812918, "access_score": 100}}, {"type": "Feature", "geometry": {"type": "Point", "coordinates": [20.6336617, 38.1166136]}, "properties": {"name": "ΣΟΥΛΑΣ ΜΑΡΚΕΤ ΛΟΥΡΔΑΤΑ", "osm_id": 6033961248, "name_el": "ΣΟΥΛΑΣ ΜΑΡΚΕΤ ΛΟΥΡΔΑΤΑ", "name_en": "SOULAS MARKET LOURDATA", "net_vid": 9586, "category": "shop", "fire_min": 22.9359131029816, "poi_type": "convenience", "port_min": 13.313972068551749, "road_dist_m": 7.22517325, "access_score": 100}}, {"type": "Feature", "geometry": {"type": "Point", "coordinates": [20.6331222, 38.1176061]}, "properties": {"name": null, "osm_id": 5934053286, "name_el": null, "name_en": null, "net_vid": 14549, "category": "services", "fire_min": 22.62902365476605, "poi_type": "parking", "port_min": 13.007082620336202, "road_dist_m": 2.0646748, "access_score": 100}}, {"type": "Feature", "geometry": {"type": "Point", "coordinates": [20.6337156, 38.1173218]}, "properties": {"name": "Liocharis apartments", "osm_id": 6033959543, "name_el": null, "name_en": null, "net_vid": 9280, "category": "tourism", "fire_min": 22.619099387997416, "poi_type": "apartment", "port_min": 12.997158353567562, "road_dist_m": 5.84632797, "access_score": 100}}, {"type": "Feature", "geometry": {"type": "Point", "coordinates": [20.636711, 38.1211623]}, "properties": {"name": null, "osm_id": 13900900650, "name_el": null, "name_en": null, "net_vid": 18525, "category": "leisure", "fire_min": 25.133222830955113, "poi_type": "picnic_table", "port_min": 15.511281796525255, "road_dist_m": 3.93693964, "access_score": 100}}, {"type": "Feature", "geometry": {"type": "Point", "coordinates": [20.6283211, 38.1192895]}, "properties": {"name": null, "osm_id": 5780867990, "name_el": null, "name_en": null, "net_vid": 10616, "category": "services", "fire_min": 21.54097993022893, "poi_type": "parking", "port_min": 11.919038895799073, "road_dist_m": 8.06515834, "access_score": 100}}, {"type": "Feature", "geometry": {"type": "Point", "coordinates": [20.6271305, 38.11752]}, "properties": {"name": "Garbis Villas", "osm_id": 2452610936, "name_el": null, "name_en": null, "net_vid": 15063, "category": "tourism", "fire_min": 22.30719252214922, "poi_type": "hotel", "port_min": 12.685251487719366, "road_dist_m": 29.32955168, "access_score": 99}}, {"type": "Feature", "geometry": {"type": "Point", "coordinates": [20.6251887, 38.1179587]}, "properties": {"name": "Maria Super Market", "osm_id": 3082589103, "name_el": null, "name_en": null, "net_vid": 13489, "category": "shop", "fire_min": 21.784434401747053, "poi_type": "convenience", "port_min": 12.162493367317193, "road_dist_m": 20.49622563, "access_score": 99}}, {"type": "Feature", "geometry": {"type": "Point", "coordinates": [20.624395, 38.1203976]}, "properties": {"name": "La Mer", "osm_id": 3082589091, "name_el": null, "name_en": null, "net_vid": 10620, "category": "food_drink", "fire_min": 21.719657052469078, "poi_type": "restaurant", "port_min": 12.097716018039225, "road_dist_m": 10.38120253, "access_score": 99}}, {"type": "Feature", "geometry": {"type": "Point", "coordinates": [20.6251149, 38.1202002]}, "properties": {"name": "Supermarket Maria", "osm_id": 13045323848, "name_el": null, "name_en": null, "net_vid": 16363, "category": "shop", "fire_min": 21.94682922610941, "poi_type": "convenience", "port_min": 12.324888191679557, "road_dist_m": 10.97781981, "access_score": 99}}, {"type": "Feature", "geometry": {"type": "Point", "coordinates": [20.6258012, 38.1202736]}, "properties": {"name": "Saoulas Studios", "osm_id": 3082589102, "name_el": null, "name_en": null, "net_vid": 10615, "category": "tourism", "fire_min": 21.9639660086617, "poi_type": "hotel", "port_min": 12.342024974231848, "road_dist_m": 20.6532816, "access_score": 99}}, {"type": "Feature", "geometry": {"type": "Point", "coordinates": [20.62536, 38.1200762]}, "properties": {"name": "Zorbas restaurant", "osm_id": 3278195175, "name_el": null, "name_en": null, "net_vid": 16363, "category": "food_drink", "fire_min": 21.996927250734412, "poi_type": "restaurant", "port_min": 12.374986216304558, "road_dist_m": 14.98566178, "access_score": 99}}, {"type": "Feature", "geometry": {"type": "Point", "coordinates": [20.6254887, 38.1198989]}, "properties": {"name": "Odysseas Studios", "osm_id": 3278195176, "name_el": null, "name_en": null, "net_vid": 16363, "category": "tourism", "fire_min": 22.165873587484413, "poi_type": "hotel", "port_min": 12.543932553054557, "road_dist_m": 28.50136872, "access_score": 99}}, {"type": "Feature", "geometry": {"type": "Point", "coordinates": [20.6269695, 38.1191454]}, "properties": {"name": null, "osm_id": 4986341222, "name_el": null, "name_en": "Souvlaki house", "net_vid": 10704, "category": "food_drink", "fire_min": 21.30406241816619, "poi_type": "restaurant", "port_min": 11.682121383736334, "road_dist_m": 5.65428515, "access_score": 100}}, {"type": "Feature", "geometry": {"type": "Point", "coordinates": [20.6276447, 38.1193939]}, "properties": {"name": "Garbis Gewellery", "osm_id": 3278225924, "name_el": null, "name_en": null, "net_vid": 10705, "category": "shop", "fire_min": 21.566823147279827, "poi_type": "jewelry", "port_min": 11.944882112849974, "road_dist_m": 11.25662974, "access_score": 99}}, {"type": "Feature", "geometry": {"type": "Point", "coordinates": [20.6279465, 38.1195405]}, "properties": {"name": "Chefalonia", "osm_id": 10951341079, "name_el": null, "name_en": null, "net_vid": 10705, "category": "food_drink", "fire_min": 21.58077343477983, "poi_type": "restaurant", "port_min": 11.958832400349975, "road_dist_m": 12.37265274, "access_score": 99}}, {"type": "Feature", "geometry": {"type": "Point", "coordinates": [20.6279898, 38.1194831]}, "properties": {"name": "cbr rent a car", "osm_id": 6033949771, "name_el": null, "name_en": null, "net_vid": 10616, "category": "other", "fire_min": 21.549079828478927, "poi_type": "car_rental", "port_min": 11.927138794049073, "road_dist_m": 8.7131502, "access_score": 100}}, {"type": "Feature", "geometry": {"type": "Point", "coordinates": [20.628113, 38.1194666]}, "properties": {"name": "Spiros Restaurant", "osm_id": 3082589100, "name_el": null, "name_en": null, "net_vid": 10616, "category": "food_drink", "fire_min": 21.59910336510393, "poi_type": "restaurant", "port_min": 11.977162330674073, "road_dist_m": 12.71503313, "access_score": 99}}, {"type": "Feature", "geometry": {"type": "Point", "coordinates": [20.6278036, 38.119528]}, "properties": {"name": null, "osm_id": 5780873600, "name_el": null, "name_en": null, "net_vid": 10705, "category": "services", "fire_min": 21.49302953652983, "poi_type": "atm", "port_min": 11.871088502099976, "road_dist_m": 5.35314088, "access_score": 100}}, {"type": "Feature", "geometry": {"type": "Point", "coordinates": [20.6274382, 38.1194472]}, "properties": {"name": "Astra Bar", "osm_id": 3278225923, "name_el": null, "name_en": null, "net_vid": 10705, "category": "food_drink", "fire_min": 21.625326011779826, "poi_type": "bar", "port_min": 12.003384977349976, "road_dist_m": 15.9368589, "access_score": 99}}, {"type": "Feature", "geometry": {"type": "Point", "coordinates": [20.6260391, 38.1200915]}, "properties": {"name": "Τράπεζα Πειραιώς", "osm_id": 5780870077, "name_el": "Τράπεζα Πειραιώς", "name_en": "Piraeus Bank", "net_vid": 10615, "category": "services", "fire_min": 21.8480611862867, "poi_type": "atm", "port_min": 12.226120151856849, "road_dist_m": 11.38089581, "access_score": 99}}, {"type": "Feature", "geometry": {"type": "Point", "coordinates": [20.6259716, 38.1201448]}, "properties": {"name": "Petros Super Market", "osm_id": 3082589101, "name_el": null, "name_en": null, "net_vid": 10615, "category": "shop", "fire_min": 21.882991542161697, "poi_type": "convenience", "port_min": 12.261050507731849, "road_dist_m": 14.17532428, "access_score": 99}}, {"type": "Feature", "geometry": {"type": "Point", "coordinates": [20.6249285, 38.1215605]}, "properties": {"name": "Vaccata Hill", "osm_id": 9540294418, "name_el": "Vaccata Hill App.", "name_en": null, "net_vid": 10614, "category": "tourism", "fire_min": 21.45504429762981, "poi_type": "guest_house", "port_min": 12.786798322297958, "road_dist_m": 9.59894808, "access_score": 100}}, {"type": "Feature", "geometry": {"type": "Point", "coordinates": [20.6238812, 38.120787]}, "properties": {"name": "athena", "osm_id": 3082589104, "name_el": null, "name_en": null, "net_vid": 10620, "category": "shop", "fire_min": 21.76494219596908, "poi_type": "convenience", "port_min": 12.143001161539225, "road_dist_m": 14.00401401, "access_score": 99}}, {"type": "Feature", "geometry": {"type": "Point", "coordinates": [20.6235575, 38.1208569]}, "properties": {"name": "Casa de Blue Restaurant", "osm_id": 3278195174, "name_el": null, "name_en": null, "net_vid": 9505, "category": "food_drink", "fire_min": 21.67206047066662, "poi_type": "restaurant", "port_min": 13.003814495334767, "road_dist_m": 9.31791047, "access_score": 100}}, {"type": "Feature", "geometry": {"type": "Point", "coordinates": [20.6235682, 38.120973]}, "properties": {"name": "Casa de Blue Studios", "osm_id": 3278195173, "name_el": null, "name_en": null, "net_vid": 9505, "category": "tourism", "fire_min": 21.81431169841662, "poi_type": "hotel", "port_min": 13.146065723084767, "road_dist_m": 20.69800869, "access_score": 99}}, {"type": "Feature", "geometry": {"type": "Point", "coordinates": [20.6238007, 38.1230505]}, "properties": {"name": "Δημοτικό Σχολείο Βλαχάτων", "osm_id": 6561844361, "name_el": null, "name_en": null, "net_vid": 10619, "category": "education", "fire_min": 21.284630401913855, "poi_type": "school", "port_min": 12.534489804044533, "road_dist_m": 25.9582822, "access_score": 99}}, {"type": "Feature", "geometry": {"type": "Point", "coordinates": [20.6242897, 38.1229849]}, "properties": {"name": null, "osm_id": 6033949495, "name_el": null, "name_en": null, "net_vid": 10656, "category": "food_drink", "fire_min": 21.01269902346249, "poi_type": "restaurant", "port_min": 12.659526257194068, "road_dist_m": 10.74548353, "access_score": 99}}, {"type": "Feature", "geometry": {"type": "Point", "coordinates": [20.625175, 38.1227042]}, "properties": {"name": "ΕΚΟ", "osm_id": 1025949063, "name_el": null, "name_en": null, "net_vid": 10656, "category": "services", "fire_min": 20.963350367337487, "poi_type": "fuel", "port_min": 12.610177601069068, "road_dist_m": 6.79759104, "access_score": 100}}, {"type": "Feature", "geometry": {"type": "Point", "coordinates": [20.6250317, 38.1237005]}, "properties": {"name": "Αγία Μαρίνα", "osm_id": 3278191980, "name_el": null, "name_en": null, "net_vid": 10634, "category": "other", "fire_min": 21.39450995165544, "poi_type": "place_of_worship", "port_min": 13.302374258368314, "road_dist_m": 16.76732103, "access_score": 99}}, {"type": "Feature", "geometry": {"type": "Point", "coordinates": [20.6235811, 38.123822]}, "properties": {"name": "Ο ΚΑΛΟΥΡΗΣ", "osm_id": 5137318475, "name_el": null, "name_en": null, "net_vid": 10660, "category": "shop", "fire_min": 20.712642749331394, "poi_type": "bakery", "port_min": 12.620507056044264, "road_dist_m": 8.06643521, "access_score": 100}}, {"type": "Feature", "geometry": {"type": "Point", "coordinates": [20.6232357, 38.1210468]}, "properties": {"name": null, "osm_id": 3278195172, "name_el": null, "name_en": null, "net_vid": 9505, "category": "food_drink", "fire_min": 21.70050322791662, "poi_type": "restaurant", "port_min": 13.032257252584767, "road_dist_m": 11.59333105, "access_score": 99}}, {"type": "Feature", "geometry": {"type": "Point", "coordinates": [20.6219375, 38.1216187]}, "properties": {"name": "Inopolis Restaurant", "osm_id": 3278195171, "name_el": null, "name_en": null, "net_vid": 10618, "category": "food_drink", "fire_min": 21.297875340107584, "poi_type": "restaurant", "port_min": 11.675934305677728, "road_dist_m": 8.63704394, "access_score": 100}}, {"type": "Feature", "geometry": {"type": "Point", "coordinates": [20.621857, 38.121874]}, "properties": {"name": "Angela Studios", "osm_id": 3278192582, "name_el": null, "name_en": null, "net_vid": 10618, "category": "tourism", "fire_min": 21.291687987357584, "poi_type": "hotel", "port_min": 11.66974695292773, "road_dist_m": 8.14205572, "access_score": 100}}, {"type": "Feature", "geometry": {"type": "Point", "coordinates": [20.6223846, 38.1219737]}, "properties": {"name": "Sirines", "osm_id": 2451944031, "name_el": null, "name_en": null, "net_vid": 10618, "category": "tourism", "fire_min": 21.411083917982584, "poi_type": "hotel", "port_min": 11.78914288355273, "road_dist_m": 17.69373017, "access_score": 99}}, {"type": "Feature", "geometry": {"type": "Point", "coordinates": [20.6182755, 38.1184962]}, "properties": {"name": null, "osm_id": 2451947386, "name_el": null, "name_en": null, "net_vid": 17781, "category": "other", "fire_min": 21.041100390255348, "poi_type": "drinking_water", "port_min": 11.41915935582549, "road_dist_m": 24.24537286, "access_score": 99}}, {"type": "Feature", "geometry": {"type": "Point", "coordinates": [20.6183037, 38.1184973]}, "properties": {"name": null, "osm_id": 9883575541, "name_el": null, "name_en": null, "net_vid": 17781, "category": "other", "fire_min": 21.06906049200535, "poi_type": "bench", "port_min": 11.44711945757549, "road_dist_m": 26.482181, "access_score": 99}}, {"type": "Feature", "geometry": {"type": "Point", "coordinates": [20.6183298, 38.1184934]}, "properties": {"name": null, "osm_id": 9883575544, "name_el": null, "name_en": null, "net_vid": 17781, "category": "other", "fire_min": 21.09771336150535, "poi_type": "waste_basket", "port_min": 11.47577232707549, "road_dist_m": 28.77441056, "access_score": 99}}, {"type": "Feature", "geometry": {"type": "Point", "coordinates": [20.6181201, 38.118501]}, "properties": {"name": "Beach", "osm_id": 9883575543, "name_el": null, "name_en": null, "net_vid": 17781, "category": "tourism", "fire_min": 20.895524425505346, "poi_type": "information", "port_min": 11.27358339107549, "road_dist_m": 12.59929568, "access_score": 99}}, {"type": "Feature", "geometry": {"type": "Point", "coordinates": [20.6177674, 38.118077]}, "properties": {"name": null, "osm_id": 9883575546, "name_el": null, "name_en": null, "net_vid": 17781, "category": "other", "fire_min": 21.495412957880347, "poi_type": "bench", "port_min": 11.87347192345049, "road_dist_m": 60.59037827, "access_score": 97}}, {"type": "Feature", "geometry": {"type": "Point", "coordinates": [20.6124366, 38.1183505]}, "properties": {"name": null, "osm_id": 11184325337, "name_el": null, "name_en": null, "net_vid": 14893, "category": "tourism", "fire_min": 21.646037222924456, "poi_type": "guest_house", "port_min": 12.024096188494598, "road_dist_m": 37.53994977, "access_score": 98}}, {"type": "Feature", "geometry": {"type": "Point", "coordinates": [20.6106508, 38.1180847]}, "properties": {"name": "Denis", "osm_id": 5055782194, "name_el": null, "name_en": null, "net_vid": 16301, "category": "food_drink", "fire_min": 20.917266118590426, "poi_type": "restaurant", "port_min": 11.295325084160568, "road_dist_m": 12.2995544, "access_score": 99}}, {"type": "Feature", "geometry": {"type": "Point", "coordinates": [20.6060895, 38.1200719]}, "properties": {"name": "Celestial Suites", "osm_id": 12944668619, "name_el": null, "name_en": null, "net_vid": 18514, "category": "tourism", "fire_min": 20.91904473949027, "poi_type": "apartment", "port_min": 11.297103705060419, "road_dist_m": 87.73425324, "access_score": 96}}, {"type": "Feature", "geometry": {"type": "Point", "coordinates": [20.6086457, 38.1190366]}, "properties": {"name": null, "osm_id": 4919173884, "name_el": null, "name_en": null, "net_vid": 14467, "category": "other", "fire_min": 20.59897514983039, "poi_type": "place_of_worship", "port_min": 10.977034115400537, "road_dist_m": 10.06696665, "access_score": 99}}, {"type": "Feature", "geometry": {"type": "Point", "coordinates": [20.6075607, 38.1203873]}, "properties": {"name": "Joltie - Celestial Suites", "osm_id": 12944668620, "name_el": null, "name_en": null, "net_vid": 10737, "category": "other", "fire_min": 19.490208544661794, "poi_type": "charging_station", "port_min": 9.86826751023194, "road_dist_m": 3.31962208, "access_score": 100}}, {"type": "Feature", "geometry": {"type": "Point", "coordinates": [20.6054217, 38.1237392]}, "properties": {"name": "Endless Blue", "osm_id": 12944668621, "name_el": null, "name_en": null, "net_vid": 9186, "category": "tourism", "fire_min": 18.77444926333075, "poi_type": "apartment", "port_min": 9.152508228900897, "road_dist_m": 18.09501072, "access_score": 99}}, {"type": "Feature", "geometry": {"type": "Point", "coordinates": [20.6064503, 38.1249566]}, "properties": {"name": null, "osm_id": 5791767375, "name_el": null, "name_en": null, "net_vid": 10726, "category": "other", "fire_min": 18.94075910410704, "poi_type": "waste_basket", "port_min": 9.318818069677183, "road_dist_m": 1.99978435, "access_score": 100}}, {"type": "Feature", "geometry": {"type": "Point", "coordinates": [20.6092497, 38.1245096]}, "properties": {"name": "Stamna", "osm_id": 5055782164, "name_el": null, "name_en": null, "net_vid": 15629, "category": "food_drink", "fire_min": 19.481402958488246, "poi_type": "restaurant", "port_min": 9.85946192405839, "road_dist_m": 13.94462609, "access_score": 99}}, {"type": "Feature", "geometry": {"type": "Point", "coordinates": [20.6089874, 38.1240446]}, "properties": {"name": "Trapezaki Supermarket", "osm_id": 3061502683, "name_el": null, "name_en": null, "net_vid": 10722, "category": "shop", "fire_min": 19.374593363185763, "poi_type": "convenience", "port_min": 9.752652328755905, "road_dist_m": 14.76705847, "access_score": 99}}, {"type": "Feature", "geometry": {"type": "Point", "coordinates": [20.611202, 38.123173]}, "properties": {"name": null, "osm_id": 5779556795, "name_el": null, "name_en": null, "net_vid": 17909, "category": "services", "fire_min": 19.407562008965655, "poi_type": "parking", "port_min": 9.785620974535803, "road_dist_m": 7.59134169, "access_score": 100}}, {"type": "Feature", "geometry": {"type": "Point", "coordinates": [20.6112262, 38.1228868]}, "properties": {"name": "Gerfiri", "osm_id": 5779556759, "name_el": null, "name_en": null, "net_vid": 13231, "category": "food_drink", "fire_min": 19.408211041372166, "poi_type": "restaurant", "port_min": 9.786270006942312, "road_dist_m": 14.37529065, "access_score": 99}}, {"type": "Feature", "geometry": {"type": "Point", "coordinates": [20.6109903, 38.1224629]}, "properties": {"name": null, "osm_id": 5779529714, "name_el": null, "name_en": null, "net_vid": 14844, "category": "services", "fire_min": 19.2207909516529, "poi_type": "parking", "port_min": 9.598849917223049, "road_dist_m": 2.93310668, "access_score": 100}}, {"type": "Feature", "geometry": {"type": "Point", "coordinates": [20.6112336, 38.1226063]}, "properties": {"name": "Veramente Grill House", "osm_id": 5779529713, "name_el": null, "name_en": null, "net_vid": 10685, "category": "food_drink", "fire_min": 19.07187396437456, "poi_type": "restaurant", "port_min": 9.449932929944707, "road_dist_m": 2.64207897, "access_score": 100}}, {"type": "Feature", "geometry": {"type": "Point", "coordinates": [20.614017, 38.1280389]}, "properties": {"name": "AEGEAN", "osm_id": 1423435428, "name_el": null, "name_en": null, "net_vid": 15491, "category": "services", "fire_min": 19.12668601272063, "poi_type": "fuel", "port_min": 12.087812778821435, "road_dist_m": 6.0676089, "access_score": 100}}, {"type": "Feature", "geometry": {"type": "Point", "coordinates": [20.6141911, 38.1278761]}, "properties": {"name": null, "osm_id": 6033948680, "name_el": null, "name_en": null, "net_vid": 15491, "category": "shop", "fire_min": 19.26141429909563, "poi_type": "convenience", "port_min": 12.222541065196435, "road_dist_m": 16.84587181, "access_score": 99}}, {"type": "Feature", "geometry": {"type": "Point", "coordinates": [20.6077758, 38.1282065]}, "properties": {"name": "Nostos Studios & Apartments", "osm_id": 3055318659, "name_el": null, "name_en": null, "net_vid": 364, "category": "tourism", "fire_min": 18.97483319102798, "poi_type": "hotel", "port_min": 10.770217308353338, "road_dist_m": 12.39307946, "access_score": 99}}, {"type": "Feature", "geometry": {"type": "Point", "coordinates": [20.6087775, 38.1276186]}, "properties": {"name": "Felix", "osm_id": 3061558852, "name_el": null, "name_en": null, "net_vid": 18547, "category": "tourism", "fire_min": 19.921827637769475, "poi_type": "hotel", "port_min": 11.077619907640074, "road_dist_m": 50.04280391, "access_score": 97}}, {"type": "Feature", "geometry": {"type": "Point", "coordinates": [20.6080165, 38.1301734]}, "properties": {"name": null, "osm_id": 12176560106, "name_el": null, "name_en": null, "net_vid": 10785, "category": "shop", "fire_min": 18.3173465716091, "poi_type": "bakery", "port_min": 11.46638352867328, "road_dist_m": 19.96037616, "access_score": 99}}, {"type": "Feature", "geometry": {"type": "Point", "coordinates": [20.6064484, 38.1314908]}, "properties": {"name": "Erminia studios", "osm_id": 6600068906, "name_el": null, "name_en": null, "net_vid": 10776, "category": "tourism", "fire_min": 18.39058985892552, "poi_type": "hotel", "port_min": 11.789987317761208, "road_dist_m": 8.78989503, "access_score": 100}}, {"type": "Feature", "geometry": {"type": "Point", "coordinates": [20.6365415, 38.1520713]}, "properties": {"name": null, "osm_id": 12179905337, "name_el": null, "name_en": null, "net_vid": 10855, "category": "other", "fire_min": 37.16234394260909, "poi_type": "bench", "port_min": 30.7036630404294, "road_dist_m": 9.01766454, "access_score": 100}}, {"type": "Feature", "geometry": {"type": "Point", "coordinates": [20.6389939, 38.1525861]}, "properties": {"name": null, "osm_id": 10082429867, "name_el": null, "name_en": null, "net_vid": 10855, "category": "other", "fire_min": 37.25001917198409, "poi_type": "bench", "port_min": 30.7913382698044, "road_dist_m": 16.03168289, "access_score": 99}}, {"type": "Feature", "geometry": {"type": "Point", "coordinates": [20.639289, 38.1526392]}, "properties": {"name": null, "osm_id": 10082480582, "name_el": null, "name_en": null, "net_vid": 10855, "category": "other", "fire_min": 37.57558256198409, "poi_type": "bench", "port_min": 31.116901659804398, "road_dist_m": 42.07675409, "access_score": 98}}, {"type": "Feature", "geometry": {"type": "Point", "coordinates": [20.6391549, 38.1524943]}, "properties": {"name": null, "osm_id": 10082466940, "name_el": null, "name_en": null, "net_vid": 10855, "category": "other", "fire_min": 37.399264685859094, "poi_type": "bench", "port_min": 30.9405837836794, "road_dist_m": 27.971324, "access_score": 99}}, {"type": "Feature", "geometry": {"type": "Point", "coordinates": [20.6393336, 38.1524675]}, "properties": {"name": null, "osm_id": 10082478269, "name_el": null, "name_en": null, "net_vid": 10855, "category": "other", "fire_min": 37.59770260985909, "poi_type": "bench", "port_min": 31.1390217076794, "road_dist_m": 43.84635792, "access_score": 98}}, {"type": "Feature", "geometry": {"type": "Point", "coordinates": [20.6391196, 38.1524357]}, "properties": {"name": null, "osm_id": 10082468246, "name_el": null, "name_en": null, "net_vid": 10855, "category": "other", "fire_min": 37.37744071473409, "poi_type": "shelter", "port_min": 30.9187598125544, "road_dist_m": 26.22540631, "access_score": 99}}, {"type": "Feature", "geometry": {"type": "Point", "coordinates": [20.6390982, 38.1523203]}, "properties": {"name": null, "osm_id": 10082456773, "name_el": null, "name_en": null, "net_vid": 10855, "category": "tourism", "fire_min": 37.42534405923409, "poi_type": "picnic_site", "port_min": 30.9666631570544, "road_dist_m": 30.05767387, "access_score": 98}}, {"type": "Feature", "geometry": {"type": "Point", "coordinates": [20.6391368, 38.1521674]}, "properties": {"name": null, "osm_id": 10082475920, "name_el": null, "name_en": null, "net_vid": 10855, "category": "leisure", "fire_min": 37.367782252609096, "poi_type": "playground", "port_min": 30.9091013504294, "road_dist_m": 25.45272934, "access_score": 99}}, {"type": "Feature", "geometry": {"type": "Point", "coordinates": [20.6224341, 38.1594713]}, "properties": {"name": null, "osm_id": 12179897925, "name_el": null, "name_en": null, "net_vid": 10853, "category": "other", "fire_min": 30.710256728541278, "poi_type": "bench", "port_min": 24.251575826361584, "road_dist_m": 18.04063443, "access_score": 99}}, {"type": "Feature", "geometry": {"type": "Point", "coordinates": [20.6590093, 38.2058512]}, "properties": {"name": null, "osm_id": 4298052019, "name_el": null, "name_en": null, "net_vid": 10975, "category": "services", "fire_min": 34.041553871347006, "poi_type": "fuel", "port_min": 9.362799501685256, "road_dist_m": 7.94474227, "access_score": 100}}, {"type": "Feature", "geometry": {"type": "Point", "coordinates": [20.6458605, 38.2201373]}, "properties": {"name": "Dimitroula's place ", "osm_id": 8012704486, "name_el": null, "name_en": null, "net_vid": 11012, "category": "food_drink", "fire_min": 30.904454220230992, "poi_type": "restaurant", "port_min": 6.225699850569253, "road_dist_m": 9.94799858, "access_score": 100}}, {"type": "Feature", "geometry": {"type": "Point", "coordinates": [20.6443182, 38.2233625]}, "properties": {"name": null, "osm_id": 6598933806, "name_el": null, "name_en": null, "net_vid": 11006, "category": "other", "fire_min": 30.409324868223496, "poi_type": "place_of_worship", "port_min": 5.73057049856176, "road_dist_m": 15.17651073, "access_score": 99}}, {"type": "Feature", "geometry": {"type": "Point", "coordinates": [20.6434839, 38.2248042]}, "properties": {"name": "Jounia", "osm_id": 6251880804, "name_el": null, "name_en": null, "net_vid": 11005, "category": "tourism", "fire_min": 30.73238485269371, "poi_type": "apartment", "port_min": 5.395364317091545, "road_dist_m": 14.69066285, "access_score": 99}}, {"type": "Feature", "geometry": {"type": "Point", "coordinates": [20.6432125, 38.2262043]}, "properties": {"name": null, "osm_id": 6598933805, "name_el": null, "name_en": null, "net_vid": 11001, "category": "other", "fire_min": 30.838062486047214, "poi_type": "place_of_worship", "port_min": 5.154673363988039, "road_dist_m": 9.29013006, "access_score": 100}}, {"type": "Feature", "geometry": {"type": "Point", "coordinates": [20.6278358, 38.227405]}, "properties": {"name": null, "osm_id": 10002122791, "name_el": null, "name_en": null, "net_vid": 11102, "category": "other", "fire_min": 30.914245724865435, "poi_type": "toilets", "port_min": 6.889916593374246, "road_dist_m": 12.69880236, "access_score": 99}}, {"type": "Feature", "geometry": {"type": "Point", "coordinates": [20.628358, 38.2271502]}, "properties": {"name": "Drogarati Cave info and ticket office", "osm_id": 2866485457, "name_el": null, "name_en": null, "net_vid": 11122, "category": "tourism", "fire_min": 30.432987058399544, "poi_type": "information", "port_min": 6.408657926908356, "road_dist_m": 18.94147378, "access_score": 99}}, {"type": "Feature", "geometry": {"type": "Point", "coordinates": [20.6308567, 38.2096324]}, "properties": {"name": "Kallithea Tavern", "osm_id": 6598933807, "name_el": null, "name_en": null, "net_vid": 11195, "category": "food_drink", "fire_min": 26.679110840465054, "poi_type": "restaurant", "port_min": 8.275933026767463, "road_dist_m": 34.41725612, "access_score": 98}}, {"type": "Feature", "geometry": {"type": "Point", "coordinates": [20.6056362, 38.2441061]}, "properties": {"name": null, "osm_id": 11223296916, "name_el": null, "name_en": null, "net_vid": 11287, "category": "heritage", "fire_min": 33.589880009917756, "poi_type": "ruins", "port_min": 7.943601193271865, "road_dist_m": 18.8508348, "access_score": 99}}, {"type": "Feature", "geometry": {"type": "Point", "coordinates": [20.6167674, 38.2356836]}, "properties": {"name": null, "osm_id": 11223296641, "name_el": null, "name_en": null, "net_vid": 11354, "category": "tourism", "fire_min": 37.90268437456075, "poi_type": "information", "port_min": 9.841969498284552, "road_dist_m": 3.6579281, "access_score": 100}}, {"type": "Feature", "geometry": {"type": "Point", "coordinates": [20.6396982, 38.2355451]}, "properties": {"name": "Ναυτικό Μουσείο Σάμης", "osm_id": 9953188287, "name_el": "Ναυτικό Μουσείο Σάμης", "name_en": "Maritime Museum", "net_vid": 16719, "category": "tourism", "fire_min": 30.76966677238722, "poi_type": "museum", "port_min": 3.8655995043564433, "road_dist_m": 37.55265139, "access_score": 98}}, {"type": "Feature", "geometry": {"type": "Point", "coordinates": [20.6276218, 38.2394967]}, "properties": {"name": "Wallnut Tree Villa", "osm_id": 6654563831, "name_el": null, "name_en": null, "net_vid": 17569, "category": "tourism", "fire_min": 36.25806126548406, "poi_type": "guest_house", "port_min": 6.255219667923173, "road_dist_m": 13.52321148, "access_score": 99}}, {"type": "Feature", "geometry": {"type": "Point", "coordinates": [20.6274493, 38.2453985]}, "properties": {"name": null, "osm_id": 11223296642, "name_el": null, "name_en": null, "net_vid": 11436, "category": "tourism", "fire_min": 38.602663513204426, "poi_type": "information", "port_min": 8.549663412111332, "road_dist_m": 4.52843966, "access_score": 100}}, {"type": "Feature", "geometry": {"type": "Point", "coordinates": [20.6304461, 38.2504174]}, "properties": {"name": "AEGEAN", "osm_id": 5094589721, "name_el": null, "name_en": null, "net_vid": 11449, "category": "services", "fire_min": 34.404439308773185, "poi_type": "fuel", "port_min": 3.6799689201156847, "road_dist_m": 6.70631726, "access_score": 100}}, {"type": "Feature", "geometry": {"type": "Point", "coordinates": [20.6289105, 38.2525231]}, "properties": {"name": "Σπήλαιο Ζερβάτη", "osm_id": 9917255017, "name_el": "Σπήλαιο Ζερβάτη", "name_en": "Zervati cave", "net_vid": 6358, "category": "tourism", "fire_min": 35.06777588175804, "poi_type": "attraction", "port_min": 4.343305493100537, "road_dist_m": 12.13954195, "access_score": 99}}, {"type": "Feature", "geometry": {"type": "Point", "coordinates": [20.6315638, 38.2490006]}, "properties": {"name": null, "osm_id": 6598933802, "name_el": null, "name_en": null, "net_vid": 11510, "category": "shop", "fire_min": 34.22781858441155, "poi_type": "convenience", "port_min": 3.5033481957540564, "road_dist_m": 9.52836757, "access_score": 100}}, {"type": "Feature", "geometry": {"type": "Point", "coordinates": [20.6384621, 38.2491806]}, "properties": {"name": "Villa Annika", "osm_id": 4269725592, "name_el": null, "name_en": null, "net_vid": 11482, "category": "tourism", "fire_min": 34.688680281752276, "poi_type": "hotel", "port_min": 3.96420989309479, "road_dist_m": 10.24973039, "access_score": 99}}, {"type": "Feature", "geometry": {"type": "Point", "coordinates": [20.6381006, 38.2503492]}, "properties": {"name": null, "osm_id": 10004560794, "name_el": null, "name_en": null, "net_vid": 11493, "category": "leisure", "fire_min": 34.17335433278641, "poi_type": "picnic_table", "port_min": 3.448883944128929, "road_dist_m": 12.04357653, "access_score": 99}}, {"type": "Feature", "geometry": {"type": "Point", "coordinates": [20.6381008, 38.2503295]}, "properties": {"name": null, "osm_id": 10004560789, "name_el": null, "name_en": null, "net_vid": 11493, "category": "leisure", "fire_min": 34.14628449553641, "poi_type": "picnic_table", "port_min": 3.421814106878929, "road_dist_m": 9.87798955, "access_score": 100}}, {"type": "Feature", "geometry": {"type": "Point", "coordinates": [20.6381263, 38.2503083]}, "properties": {"name": null, "osm_id": 10004560791, "name_el": null, "name_en": null, "net_vid": 11493, "category": "leisure", "fire_min": 34.113090557161414, "poi_type": "picnic_table", "port_min": 3.3886201685039294, "road_dist_m": 7.22247448, "access_score": 100}}, {"type": "Feature", "geometry": {"type": "Point", "coordinates": [20.6381263, 38.2503498]}, "properties": {"name": null, "osm_id": 10004560792, "name_el": null, "name_en": null, "net_vid": 11493, "category": "leisure", "fire_min": 34.17004815028641, "poi_type": "picnic_table", "port_min": 3.4455777616289294, "road_dist_m": 11.77908193, "access_score": 99}}, {"type": "Feature", "geometry": {"type": "Point", "coordinates": [20.6381263, 38.2503293]}, "properties": {"name": null, "osm_id": 10004560793, "name_el": null, "name_en": null, "net_vid": 11493, "category": "leisure", "fire_min": 34.14191247178641, "poi_type": "picnic_table", "port_min": 3.4174420831289294, "road_dist_m": 9.52822765, "access_score": 100}}, {"type": "Feature", "geometry": {"type": "Point", "coordinates": [20.6381019, 38.2503084]}, "properties": {"name": null, "osm_id": 10004560796, "name_el": null, "name_en": null, "net_vid": 11493, "category": "leisure", "fire_min": 34.11714857853641, "poi_type": "picnic_table", "port_min": 3.392678189878929, "road_dist_m": 7.54711619, "access_score": 100}}, {"type": "Feature", "geometry": {"type": "Point", "coordinates": [20.6381806, 38.2503071]}, "properties": {"name": null, "osm_id": 10004560790, "name_el": null, "name_en": null, "net_vid": 11483, "category": "leisure", "fire_min": 33.88299457855771, "poi_type": "picnic_table", "port_min": 3.1585241899002154, "road_dist_m": 6.39269279, "access_score": 100}}, {"type": "Feature", "geometry": {"type": "Point", "coordinates": [20.6383519, 38.2503947]}, "properties": {"name": null, "osm_id": 10004553937, "name_el": null, "name_en": null, "net_vid": 11483, "category": "other", "fire_min": 33.975697720432706, "poi_type": "toilets", "port_min": 3.2512273317752154, "road_dist_m": 13.80894414, "access_score": 99}}, {"type": "Feature", "geometry": {"type": "Point", "coordinates": [20.6382319, 38.2503086]}, "properties": {"name": null, "osm_id": 10004560795, "name_el": null, "name_en": null, "net_vid": 11483, "category": "leisure", "fire_min": 33.876810074932706, "poi_type": "picnic_table", "port_min": 3.1523396862752153, "road_dist_m": 5.8979325, "access_score": 100}}, {"type": "Feature", "geometry": {"type": "Point", "coordinates": [20.6383539, 38.2503321]}, "properties": {"name": null, "osm_id": 10004553938, "name_el": null, "name_en": null, "net_vid": 11483, "category": "other", "fire_min": 33.8894595648077, "poi_type": "toilets", "port_min": 3.1649891761502156, "road_dist_m": 6.90989169, "access_score": 100}}, {"type": "Feature", "geometry": {"type": "Point", "coordinates": [20.6401037, 38.2511793]}, "properties": {"name": null, "osm_id": 10002400192, "name_el": null, "name_en": null, "net_vid": 11503, "category": "other", "fire_min": 34.45737643426873, "poi_type": "bench", "port_min": 3.732906045611247, "road_dist_m": 69.34021378, "access_score": 97}}, {"type": "Feature", "geometry": {"type": "Point", "coordinates": [20.6400764, 38.2511784]}, "properties": {"name": null, "osm_id": 10002400190, "name_el": null, "name_en": null, "net_vid": 11503, "category": "other", "fire_min": 34.44290719114373, "poi_type": "waste_basket", "port_min": 3.718436802486247, "road_dist_m": 68.18267433, "access_score": 97}}, {"type": "Feature", "geometry": {"type": "Point", "coordinates": [20.6400062, 38.2512448]}, "properties": {"name": null, "osm_id": 10002400193, "name_el": null, "name_en": null, "net_vid": 11503, "category": "other", "fire_min": 34.49924009751873, "poi_type": "bench", "port_min": 3.774769708861247, "road_dist_m": 72.68930684, "access_score": 96}}, {"type": "Feature", "geometry": {"type": "Point", "coordinates": [20.6400589, 38.2512448]}, "properties": {"name": null, "osm_id": 10002400189, "name_el": null, "name_en": null, "net_vid": 11503, "category": "other", "fire_min": 34.51940630164373, "poi_type": "bench", "port_min": 3.794935912986247, "road_dist_m": 74.30260317, "access_score": 96}}, {"type": "Feature", "geometry": {"type": "Point", "coordinates": [20.640032, 38.2512449]}, "properties": {"name": null, "osm_id": 10002400191, "name_el": null, "name_en": null, "net_vid": 11503, "category": "other", "fire_min": 34.50884568639373, "poi_type": "bench", "port_min": 3.784375297736247, "road_dist_m": 73.45775395, "access_score": 96}}, {"type": "Feature", "geometry": {"type": "Point", "coordinates": [20.6401096, 38.2512455]}, "properties": {"name": null, "osm_id": 10002400188, "name_el": null, "name_en": null, "net_vid": 11503, "category": "other", "fire_min": 34.54258606101873, "poi_type": "bench", "port_min": 3.8181156723612473, "road_dist_m": 76.15698392, "access_score": 96}}, {"type": "Feature", "geometry": {"type": "Point", "coordinates": [20.6400861, 38.2512443]}, "properties": {"name": null, "osm_id": 10002400187, "name_el": null, "name_en": null, "net_vid": 11503, "category": "other", "fire_min": 34.53039499626873, "poi_type": "bench", "port_min": 3.8059246076112467, "road_dist_m": 75.18169874, "access_score": 96}}, {"type": "Feature", "geometry": {"type": "Point", "coordinates": [20.6379173, 38.2508097]}, "properties": {"name": "Camping Karavomilos Beach", "osm_id": 26860001, "name_el": null, "name_en": null, "net_vid": 16902, "category": "tourism", "fire_min": 34.43616156461588, "poi_type": "camp_site", "port_min": 3.7116911759583995, "road_dist_m": 4.90222692, "access_score": 100}}, {"type": "Feature", "geometry": {"type": "Point", "coordinates": [20.6368285, 38.2511714]}, "properties": {"name": null, "osm_id": 11958800642, "name_el": null, "name_en": null, "net_vid": 18473, "category": "other", "fire_min": 34.72110096319822, "poi_type": "bench", "port_min": 3.9966305745407222, "road_dist_m": 46.92109852, "access_score": 98}}, {"type": "Feature", "geometry": {"type": "Point", "coordinates": [20.6305977, 38.2545881]}, "properties": {"name": null, "osm_id": 11041988811, "name_el": null, "name_en": null, "net_vid": 14812, "category": "other", "fire_min": 35.45168036465608, "poi_type": "drinking_water", "port_min": 4.727209975998581, "road_dist_m": 9.63099124, "access_score": 100}}, {"type": "Feature", "geometry": {"type": "Point", "coordinates": [20.6299335, 38.2532253]}, "properties": {"name": "Σπαθής", "osm_id": 6655773848, "name_el": "Σπαθής", "name_en": "Spathis", "net_vid": 11516, "category": "shop", "fire_min": 35.52317478443966, "poi_type": "bakery", "port_min": 4.798704395782166, "road_dist_m": 15.33712253, "access_score": 99}}, {"type": "Feature", "geometry": {"type": "Point", "coordinates": [20.6294481, 38.2544627]}, "properties": {"name": "Άγιος Ιωάννης", "osm_id": 5063063360, "name_el": null, "name_en": null, "net_vid": 11590, "category": "other", "fire_min": 35.186247265395856, "poi_type": "place_of_worship", "port_min": 4.461776876738352, "road_dist_m": 14.9863755, "access_score": 99}}, {"type": "Feature", "geometry": {"type": "Point", "coordinates": [20.6293903, 38.2554114]}, "properties": {"name": "Καραβόμυλος", "osm_id": 2986234175, "name_el": null, "name_en": null, "net_vid": 11550, "category": "food_drink", "fire_min": 35.84548342155284, "poi_type": "restaurant", "port_min": 5.121013032895348, "road_dist_m": 19.71122457, "access_score": 99}}, {"type": "Feature", "geometry": {"type": "Point", "coordinates": [20.629347, 38.2556194]}, "properties": {"name": null, "osm_id": 5592294979, "name_el": null, "name_en": null, "net_vid": 11550, "category": "services", "fire_min": 35.82222828605285, "poi_type": "parking", "port_min": 5.097757897395348, "road_dist_m": 17.85081373, "access_score": 99}}, {"type": "Feature", "geometry": {"type": "Point", "coordinates": [20.62893, 38.25558]}, "properties": {"name": null, "osm_id": 11503087520, "name_el": null, "name_en": null, "net_vid": 11550, "category": "leisure", "fire_min": 35.75567609042785, "poi_type": "playground", "port_min": 5.031205701770348, "road_dist_m": 12.52663808, "access_score": 99}}, {"type": "Feature", "geometry": {"type": "Point", "coordinates": [20.6244211, 38.2563915]}, "properties": {"name": null, "osm_id": 5933748552, "name_el": null, "name_en": null, "net_vid": 16162, "category": "other", "fire_min": 37.09383754857191, "poi_type": "toilets", "port_min": 6.369367159914412, "road_dist_m": 16.85188608, "access_score": 99}}, {"type": "Feature", "geometry": {"type": "Point", "coordinates": [20.6245731, 38.2566596]}, "properties": {"name": null, "osm_id": 10922230978, "name_el": null, "name_en": null, "net_vid": 16162, "category": "other", "fire_min": 36.92468315507192, "poi_type": "post_box", "port_min": 6.200212766414412, "road_dist_m": 3.3195346, "access_score": 100}}, {"type": "Feature", "geometry": {"type": "Point", "coordinates": [20.6244879, 38.2567371]}, "properties": {"name": "Info and ticket office. 10 € adults, 5 € children", "osm_id": 2866599551, "name_el": null, "name_en": null, "net_vid": 16162, "category": "shop", "fire_min": 36.984665438571916, "poi_type": "ticket", "port_min": 6.260195049914413, "road_dist_m": 8.11811728, "access_score": 100}}, {"type": "Feature", "geometry": {"type": "Point", "coordinates": [20.6149753, 38.2765943]}, "properties": {"name": null, "osm_id": 3466532028, "name_el": null, "name_en": null, "net_vid": 11607, "category": "food_drink", "fire_min": 40.03026498306397, "poi_type": "bar", "port_min": 9.305794594406468, "road_dist_m": 40.12533274, "access_score": 98}}, {"type": "Feature", "geometry": {"type": "Point", "coordinates": [20.6143959, 38.2763247]}, "properties": {"name": null, "osm_id": 3466532034, "name_el": null, "name_en": null, "net_vid": 11608, "category": "other", "fire_min": 39.51268357732902, "poi_type": "telephone", "port_min": 8.788213188671522, "road_dist_m": 16.77636282, "access_score": 99}}, {"type": "Feature", "geometry": {"type": "Point", "coordinates": [20.6150182, 38.2763416]}, "properties": {"name": null, "osm_id": 3466532032, "name_el": null, "name_en": null, "net_vid": 11608, "category": "food_drink", "fire_min": 39.76189726295402, "poi_type": "restaurant", "port_min": 9.037426874296523, "road_dist_m": 36.71345767, "access_score": 98}}, {"type": "Feature", "geometry": {"type": "Point", "coordinates": [20.6149753, 38.2758362]}, "properties": {"name": null, "osm_id": 3466532039, "name_el": null, "name_en": null, "net_vid": 11608, "category": "services", "fire_min": 39.561919430454026, "poi_type": "parking", "port_min": 8.837449041796523, "road_dist_m": 20.71523107, "access_score": 99}}, {"type": "Feature", "geometry": {"type": "Point", "coordinates": [20.6731099, 38.2680196]}, "properties": {"name": "Antisamos view point", "osm_id": 5695402335, "name_el": null, "name_en": null, "net_vid": 11616, "category": "tourism", "fire_min": 41.96512105139508, "poi_type": "viewpoint", "port_min": 10.092749929880059, "road_dist_m": 2.5355983, "access_score": 100}}, {"type": "Feature", "geometry": {"type": "Point", "coordinates": [20.6653618, 38.2704813]}, "properties": {"name": "Ionian Queen Villa", "osm_id": 6598933809, "name_el": null, "name_en": null, "net_vid": 17107, "category": "tourism", "fire_min": 45.203131787276874, "poi_type": "hotel", "port_min": 13.330760665761844, "road_dist_m": 59.74151529, "access_score": 97}}, {"type": "Feature", "geometry": {"type": "Point", "coordinates": [20.6745422, 38.260201]}, "properties": {"name": null, "osm_id": 11223296639, "name_el": null, "name_en": null, "net_vid": 11618, "category": "other", "fire_min": 49.91068254080275, "poi_type": "shower", "port_min": 18.038311419287727, "road_dist_m": 63.64370322, "access_score": 97}}, {"type": "Feature", "geometry": {"type": "Point", "coordinates": [20.6757653, 38.2599983]}, "properties": {"name": null, "osm_id": 11223296638, "name_el": null, "name_en": null, "net_vid": 11618, "category": "tourism", "fire_min": 51.09858494630275, "poi_type": "information", "port_min": 19.226213824787724, "road_dist_m": 158.67589566, "access_score": 92}}, {"type": "Feature", "geometry": {"type": "Point", "coordinates": [20.6625147, 38.255364]}, "properties": {"name": "Walking Route to Sami", "osm_id": 2925646030, "name_el": null, "name_en": null, "net_vid": 16439, "category": "tourism", "fire_min": null, "poi_type": "information", "port_min": null, "road_dist_m": 3.45988576, "access_score": 100}}, {"type": "Feature", "geometry": {"type": "Point", "coordinates": [20.6616391, 38.2544875]}, "properties": {"name": null, "osm_id": 2925646071, "name_el": null, "name_en": null, "net_vid": 16439, "category": "tourism", "fire_min": null, "poi_type": "information", "port_min": null, "road_dist_m": 1.83956861, "access_score": 100}}, {"type": "Feature", "geometry": {"type": "Point", "coordinates": [20.6525191, 38.2554325]}, "properties": {"name": "House of Lords", "osm_id": 9186981817, "name_el": null, "name_en": null, "net_vid": 11613, "category": "food_drink", "fire_min": 33.90415030287899, "poi_type": "cafe", "port_min": 2.0317791813639583, "road_dist_m": 0.79354485, "access_score": 100}}, {"type": "Feature", "geometry": {"type": "Point", "coordinates": [20.6484003, 38.2526544]}, "properties": {"name": "Στον Άγνωστο Ναύτη", "osm_id": 10002585645, "name_el": null, "name_en": null, "net_vid": 11646, "category": "heritage", "fire_min": 32.9189267127078, "poi_type": "memorial", "port_min": 0.9385068089508128, "road_dist_m": 14.28997662, "access_score": 99}}, {"type": "Feature", "geometry": {"type": "Point", "coordinates": [20.6484253, 38.2525547]}, "properties": {"name": null, "osm_id": 2986234182, "name_el": null, "name_en": null, "net_vid": 11646, "category": "other", "fire_min": 32.815961990832804, "poi_type": "taxi", "port_min": 0.8355420870758128, "road_dist_m": 6.05279887, "access_score": 100}}, {"type": "Feature", "geometry": {"type": "Point", "coordinates": [20.6486873, 38.252672]}, "properties": {"name": "Adonis", "osm_id": 4459549989, "name_el": null, "name_en": "Restaurant Adonis", "net_vid": 11646, "category": "food_drink", "fire_min": 32.800803777707806, "poi_type": "restaurant", "port_min": 0.8203838739508128, "road_dist_m": 4.84014182, "access_score": 100}}, {"type": "Feature", "geometry": {"type": "Point", "coordinates": [20.6482229, 38.2534579]}, "properties": {"name": "Port of Sami", "osm_id": 11292664583, "name_el": null, "name_en": null, "net_vid": 11625, "category": "leisure", "fire_min": 34.82813331998126, "poi_type": "marina", "port_min": 2.9557621984662354, "road_dist_m": 77.51922982, "access_score": 96}}, {"type": "Feature", "geometry": {"type": "Point", "coordinates": [20.6477484, 38.2544237]}, "properties": {"name": null, "osm_id": 11910157971, "name_el": null, "name_en": null, "net_vid": 17117, "category": "other", "fire_min": 33.98906901505272, "poi_type": "ferry_terminal", "port_min": 2.1166978935376934, "road_dist_m": 0, "access_score": 100}}, {"type": "Feature", "geometry": {"type": "Point", "coordinates": [20.6504813, 38.2537151]}, "properties": {"name": "Sami Wheels", "osm_id": 11268918878, "name_el": null, "name_en": null, "net_vid": 11631, "category": "other", "fire_min": 33.02125372265526, "poi_type": "motorcycle_rental", "port_min": 1.1488826011402307, "road_dist_m": 5.74267513, "access_score": 100}}, {"type": "Feature", "geometry": {"type": "Point", "coordinates": [20.6499474, 38.2542448]}, "properties": {"name": null, "osm_id": 12146256350, "name_el": null, "name_en": null, "net_vid": 15078, "category": "other", "fire_min": 33.12204254333798, "poi_type": "toilets", "port_min": 1.2496714218229528, "road_dist_m": 5.47496984, "access_score": 100}}, {"type": "Feature", "geometry": {"type": "Point", "coordinates": [20.6498867, 38.2542327]}, "properties": {"name": "Port Police", "osm_id": 12146256349, "name_el": null, "name_en": null, "net_vid": 15078, "category": "other", "fire_min": 33.12092509358798, "poi_type": "police", "port_min": 1.2485539720729528, "road_dist_m": 5.38557386, "access_score": 100}}, {"type": "Feature", "geometry": {"type": "Point", "coordinates": [20.6495105, 38.2531524]}, "properties": {"name": "Cartone street food", "osm_id": 11061928851, "name_el": null, "name_en": null, "net_vid": 11634, "category": "food_drink", "fire_min": 33.05744542572511, "poi_type": "fast_food", "port_min": 1.0770255219681228, "road_dist_m": 8.64931172, "access_score": 100}}, {"type": "Feature", "geometry": {"type": "Point", "coordinates": [20.649378, 38.2533403]}, "properties": {"name": "Nea Sami since 1890", "osm_id": 12200843729, "name_el": null, "name_en": null, "net_vid": 11634, "category": "food_drink", "fire_min": 33.05938321235011, "poi_type": "restaurant", "port_min": 1.0789633085931227, "road_dist_m": 8.80433465, "access_score": 100}}, {"type": "Feature", "geometry": {"type": "Point", "coordinates": [20.649325, 38.2532777]}, "properties": {"name": null, "osm_id": 11268949167, "name_el": null, "name_en": null, "net_vid": 11634, "category": "services", "fire_min": 33.05591348747511, "poi_type": "atm", "port_min": 1.0754935837181228, "road_dist_m": 8.52675666, "access_score": 100}}, {"type": "Feature", "geometry": {"type": "Point", "coordinates": [20.6491301, 38.2531468]}, "properties": {"name": "The Dolphins", "osm_id": 4307639990, "name_el": null, "name_en": null, "net_vid": 11634, "category": "food_drink", "fire_min": 33.01229351735011, "poi_type": "restaurant", "port_min": 1.0318736135931228, "road_dist_m": 5.03715905, "access_score": 100}}, {"type": "Feature", "geometry": {"type": "Point", "coordinates": [20.6490838, 38.2530847]}, "properties": {"name": null, "osm_id": 9105911317, "name_el": null, "name_en": "Family restaurant the Mermaid", "net_vid": 11634, "category": "food_drink", "fire_min": 33.02223203447511, "poi_type": "restaurant", "port_min": 1.0418121307181227, "road_dist_m": 5.83224042, "access_score": 100}}, {"type": "Feature", "geometry": {"type": "Point", "coordinates": [20.6489961, 38.2529951]}, "properties": {"name": "Γοργόνα", "osm_id": 4460678896, "name_el": "Γοργόνα", "name_en": "Tavern Faros", "net_vid": 11629, "category": "food_drink", "fire_min": 32.815970911348074, "poi_type": "restaurant", "port_min": 0.9435997898330444, "road_dist_m": 5.5025989, "access_score": 100}}, {"type": "Feature", "geometry": {"type": "Point", "coordinates": [20.6489565, 38.2525505]}, "properties": {"name": null, "osm_id": 4459544689, "name_el": null, "name_en": "Meat market", "net_vid": 11629, "category": "shop", "fire_min": 32.80036857759807, "poi_type": "butcher", "port_min": 0.9279974560830443, "road_dist_m": 4.2544122, "access_score": 100}}, {"type": "Feature", "geometry": {"type": "Point", "coordinates": [20.647586, 38.2489395]}, "properties": {"name": "Pavlatos Studios & Apartments", "osm_id": 11963660087, "name_el": null, "name_en": null, "net_vid": 16558, "category": "tourism", "fire_min": 33.77990073604607, "poi_type": "apartment", "port_min": 2.997935958423149, "road_dist_m": 52.39843446, "access_score": 97}}, {"type": "Feature", "geometry": {"type": "Point", "coordinates": [20.6466753, 38.2500015]}, "properties": {"name": "Bazaar", "osm_id": 11061936069, "name_el": null, "name_en": null, "net_vid": 11598, "category": "shop", "fire_min": 32.51035008579422, "poi_type": "supermarket", "port_min": 1.3694581371143961, "road_dist_m": 15.18496467, "access_score": 99}}, {"type": "Feature", "geometry": {"type": "Point", "coordinates": [20.6474365, 38.2507312]}, "properties": {"name": "Orchiddé", "osm_id": 13942603927, "name_el": null, "name_en": null, "net_vid": 11599, "category": "shop", "fire_min": 32.47310996275385, "poi_type": "bakery", "port_min": 1.1294770061547639, "road_dist_m": 4.09611451, "access_score": 100}}, {"type": "Feature", "geometry": {"type": "Point", "coordinates": [20.6469478, 38.2502992]}, "properties": {"name": "Αστυνομικό Τμήμα Σάμης", "osm_id": 2984969179, "name_el": null, "name_en": null, "net_vid": 11642, "category": "other", "fire_min": 32.54219831234158, "poi_type": "police", "port_min": 1.2526038608446832, "road_dist_m": 10.28056002, "access_score": 99}}, {"type": "Feature", "geometry": {"type": "Point", "coordinates": [20.6474043, 38.2511546]}, "properties": {"name": "Αρχαιολογική Συλλογή Σάμης", "osm_id": 14070638583, "name_el": "Αρχαιολογική Συλλογή Σάμης", "name_en": "Same’s Archaeological Collection", "net_vid": 11643, "category": "tourism", "fire_min": 32.91984807512312, "poi_type": "museum", "port_min": 1.1297330310631435, "road_dist_m": 20.47171734, "access_score": 99}}, {"type": "Feature", "geometry": {"type": "Point", "coordinates": [20.6472697, 38.2509817]}, "properties": {"name": null, "osm_id": 2984969174, "name_el": null, "name_en": null, "net_vid": 11643, "category": "other", "fire_min": 32.937151717123115, "poi_type": "place_of_worship", "port_min": 1.1470366730631434, "road_dist_m": 21.8560087, "access_score": 99}}, {"type": "Feature", "geometry": {"type": "Point", "coordinates": [20.6481575, 38.2516283]}, "properties": {"name": null, "osm_id": 2994481170, "name_el": null, "name_en": null, "net_vid": 11600, "category": "shop", "fire_min": 32.6059034709299, "poi_type": "supermarket", "port_min": 0.9057234559787154, "road_dist_m": 0.45771283, "access_score": 100}}, {"type": "Feature", "geometry": {"type": "Point", "coordinates": [20.6481161, 38.2515506]}, "properties": {"name": null, "osm_id": 2994492498, "name_el": null, "name_en": null, "net_vid": 11648, "category": "other", "fire_min": 32.80394645953128, "poi_type": "car_rental", "port_min": 0.983211601215175, "road_dist_m": 9.60696145, "access_score": 100}}, {"type": "Feature", "geometry": {"type": "Point", "coordinates": [20.6477793, 38.2515462]}, "properties": {"name": null, "osm_id": 2984969178, "name_el": null, "name_en": "Post Office", "net_vid": 620, "category": "services", "fire_min": 32.8763809475605, "poi_type": "post_office", "port_min": 0.9822542734359584, "road_dist_m": 12.46604786, "access_score": 99}}, {"type": "Feature", "geometry": {"type": "Point", "coordinates": [20.6479153, 38.2518799]}, "properties": {"name": null, "osm_id": 2994488111, "name_el": null, "name_en": null, "net_vid": 11648, "category": "shop", "fire_min": 32.80866657840628, "poi_type": "butcher", "port_min": 0.987931720090175, "road_dist_m": 9.98457096, "access_score": 100}}, {"type": "Feature", "geometry": {"type": "Point", "coordinates": [20.6480791, 38.2519221]}, "properties": {"name": null, "osm_id": 2994486881, "name_el": null, "name_en": null, "net_vid": 11600, "category": "food_drink", "fire_min": 32.7226877906799, "poi_type": "cafe", "port_min": 1.0225077757287155, "road_dist_m": 9.80045841, "access_score": 100}}, {"type": "Feature", "geometry": {"type": "Point", "coordinates": [20.6482006, 38.2517326]}, "properties": {"name": null, "osm_id": 2994487710, "name_el": null, "name_en": null, "net_vid": 11600, "category": "food_drink", "fire_min": 32.7062431874299, "poi_type": "restaurant", "port_min": 1.0060631724787155, "road_dist_m": 8.48489015, "access_score": 100}}, {"type": "Feature", "geometry": {"type": "Point", "coordinates": [20.6479542, 38.2522925]}, "properties": {"name": "Το Ραχάτι", "osm_id": 13011975301, "name_el": null, "name_en": null, "net_vid": 11645, "category": "food_drink", "fire_min": 32.98373875689531, "poi_type": "restaurant", "port_min": 0.6601134737633005, "road_dist_m": 5.74672498, "access_score": 100}}, {"type": "Feature", "geometry": {"type": "Point", "coordinates": [20.6471721, 38.2522699]}, "properties": {"name": "Tereza", "osm_id": 11061919294, "name_el": null, "name_en": null, "net_vid": 13990, "category": "food_drink", "fire_min": 33.177552810315525, "poi_type": "restaurant", "port_min": 0.6044222683430959, "road_dist_m": 11.2716389, "access_score": 99}}, {"type": "Feature", "geometry": {"type": "Point", "coordinates": [20.647523, 38.2521733]}, "properties": {"name": "Contessina", "osm_id": 14070673888, "name_el": null, "name_en": null, "net_vid": 11645, "category": "food_drink", "fire_min": 32.988743387520316, "poi_type": "restaurant", "port_min": 0.6651181043883005, "road_dist_m": 6.14709543, "access_score": 100}}, {"type": "Feature", "geometry": {"type": "Point", "coordinates": [20.6476754, 38.251822]}, "properties": {"name": "Fatto a mano", "osm_id": 11061898849, "name_el": null, "name_en": null, "net_vid": 620, "category": "food_drink", "fire_min": 32.7848291060605, "poi_type": "fast_food", "port_min": 0.8907024319359584, "road_dist_m": 5.14190054, "access_score": 100}}, {"type": "Feature", "geometry": {"type": "Point", "coordinates": [20.6475995, 38.2518071]}, "properties": {"name": "Jim K. Laundry Service", "osm_id": 11270855680, "name_el": null, "name_en": null, "net_vid": 620, "category": "shop", "fire_min": 32.8640749003105, "poi_type": "laundry", "port_min": 0.9699482261859584, "road_dist_m": 11.48156408, "access_score": 99}}, {"type": "Feature", "geometry": {"type": "Point", "coordinates": [20.6459427, 38.2523221]}, "properties": {"name": "Σάμη", "osm_id": 940164019, "name_el": null, "name_en": null, "net_vid": 18334, "category": "other", "fire_min": 33.50018410615862, "poi_type": "ferry_terminal", "port_min": 0, "road_dist_m": 0, "access_score": 100}}, {"type": "Feature", "geometry": {"type": "Point", "coordinates": [20.646109, 38.2518552]}, "properties": {"name": null, "osm_id": 13184346725, "name_el": null, "name_en": null, "net_vid": 11649, "category": "other", "fire_min": 33.358523137663354, "poi_type": "telephone", "port_min": 0.7853925956909322, "road_dist_m": 6.96548062, "access_score": 100}}, {"type": "Feature", "geometry": {"type": "Point", "coordinates": [20.6460277, 38.2519752]}, "properties": {"name": null, "osm_id": 11271063145, "name_el": null, "name_en": null, "net_vid": 18334, "category": "other", "fire_min": 33.59773652015862, "poi_type": "waste_disposal", "port_min": 0.097552414, "road_dist_m": 7.80419312, "access_score": 100}}, {"type": "Feature", "geometry": {"type": "Point", "coordinates": [20.6452624, 38.2516153]}, "properties": {"name": "Μανίφικο", "osm_id": 11034814969, "name_el": null, "name_en": null, "net_vid": 11649, "category": "food_drink", "fire_min": 33.42071877991336, "poi_type": "bar", "port_min": 0.8475882379409323, "road_dist_m": 11.941132, "access_score": 99}}, {"type": "Feature", "geometry": {"type": "Point", "coordinates": [20.6449469, 38.2516086]}, "properties": {"name": "familia", "osm_id": 4924146722, "name_el": null, "name_en": "Il Familia", "net_vid": 11651, "category": "food_drink", "fire_min": 33.36209283164077, "poi_type": "restaurant", "port_min": 0.9535327403097685, "road_dist_m": 4.93262374, "access_score": 100}}, {"type": "Feature", "geometry": {"type": "Point", "coordinates": [20.6443634, 38.2514052]}, "properties": {"name": "Καρνάγιο", "osm_id": 11061920797, "name_el": null, "name_en": null, "net_vid": 11651, "category": "food_drink", "fire_min": 33.45873947626578, "poi_type": "restaurant", "port_min": 1.0501793849347685, "road_dist_m": 12.66435531, "access_score": 99}}, {"type": "Feature", "geometry": {"type": "Point", "coordinates": [20.6431283, 38.2518516]}, "properties": {"name": null, "osm_id": 3036934110, "name_el": null, "name_en": null, "net_vid": 11650, "category": "leisure", "fire_min": 34.36631846137622, "poi_type": "marina", "port_min": 1.9577583700452124, "road_dist_m": 63.50676576, "access_score": 97}}, {"type": "Feature", "geometry": {"type": "Point", "coordinates": [20.6436159, 38.2512702]}, "properties": {"name": "Alancia Suites", "osm_id": 6598933799, "name_el": null, "name_en": null, "net_vid": 11650, "category": "tourism", "fire_min": 33.69703915337622, "poi_type": "hotel", "port_min": 1.2884790620452125, "road_dist_m": 9.96442112, "access_score": 100}}, {"type": "Feature", "geometry": {"type": "Point", "coordinates": [20.6437945, 38.2516164]}, "properties": {"name": null, "osm_id": 3036935037, "name_el": null, "name_en": null, "net_vid": 11651, "category": "leisure", "fire_min": 33.58817015864077, "poi_type": "slipway", "port_min": 1.1796100673097685, "road_dist_m": 23.0188099, "access_score": 99}}, {"type": "Feature", "geometry": {"type": "Point", "coordinates": [20.6438259, 38.2501208]}, "properties": {"name": null, "osm_id": 5905813085, "name_el": null, "name_en": "Marina's Apartment", "net_vid": 11653, "category": "tourism", "fire_min": 33.096028093500706, "poi_type": "guest_house", "port_min": 1.6711001034943949, "road_dist_m": 6.16133345, "access_score": 100}}, {"type": "Feature", "geometry": {"type": "Point", "coordinates": [20.6458967, 38.2507033]}, "properties": {"name": null, "osm_id": 11503058004, "name_el": null, "name_en": null, "net_vid": 11663, "category": "leisure", "fire_min": 33.05698860138731, "poi_type": "playground", "port_min": 1.2458855736714478, "road_dist_m": 11.35988368, "access_score": 99}}, {"type": "Feature", "geometry": {"type": "Point", "coordinates": [20.6462504, 38.2504593]}, "properties": {"name": null, "osm_id": 2984969170, "name_el": null, "name_en": null, "net_vid": 11663, "category": "education", "fire_min": 33.22712508726231, "poi_type": "school", "port_min": 1.4160220595464479, "road_dist_m": 24.97080255, "access_score": 99}}, {"type": "Feature", "geometry": {"type": "Point", "coordinates": [20.6462983, 38.2489049]}, "properties": {"name": "ΕΤΕΚΑ", "osm_id": 9750182627, "name_el": null, "name_en": null, "net_vid": 8704, "category": "services", "fire_min": 32.236791834890774, "poi_type": "fuel", "port_min": 1.4548270572678483, "road_dist_m": 7.65739144, "access_score": 100}}, {"type": "Feature", "geometry": {"type": "Point", "coordinates": [20.6461829, 38.2483127]}, "properties": {"name": null, "osm_id": 6598933800, "name_el": null, "name_en": null, "net_vid": 11689, "category": "services", "fire_min": 32.26858015065805, "poi_type": "fuel", "port_min": 1.5441097620005673, "road_dist_m": 12.50023226, "access_score": 99}}, {"type": "Feature", "geometry": {"type": "Point", "coordinates": [20.6537926, 38.2488826]}, "properties": {"name": null, "osm_id": 2925646045, "name_el": null, "name_en": null, "net_vid": 11620, "category": "services", "fire_min": 45.174401259786144, "poi_type": "parking", "port_min": 18.38527975410782, "road_dist_m": 12.67067679, "access_score": 99}}, {"type": "Feature", "geometry": {"type": "Point", "coordinates": [20.6537358, 38.2487815]}, "properties": {"name": null, "osm_id": 5621378105, "name_el": null, "name_en": null, "net_vid": 11620, "category": "tourism", "fire_min": 45.09292889953615, "poi_type": "information", "port_min": 18.30380739385782, "road_dist_m": 6.15288797, "access_score": 100}}, {"type": "Feature", "geometry": {"type": "Point", "coordinates": [20.6422504, 38.2392248]}, "properties": {"name": null, "osm_id": 6598933810, "name_el": null, "name_en": null, "net_vid": 11707, "category": "shop", "fire_min": 30.710204435436925, "poi_type": "marketplace", "port_min": 2.9804090907216945, "road_dist_m": 7.6171768, "access_score": 100}}, {"type": "Feature", "geometry": {"type": "Point", "coordinates": [20.6425965, 38.2384264]}, "properties": {"name": null, "osm_id": 6598933804, "name_el": null, "name_en": null, "net_vid": 11707, "category": "other", "fire_min": 30.747777369811924, "poi_type": "drinking_water", "port_min": 3.0179820250966944, "road_dist_m": 10.62301155, "access_score": 99}}, {"type": "Feature", "geometry": {"type": "Point", "coordinates": [20.6424976, 38.2361921]}, "properties": {"name": "AVIN", "osm_id": 4298052020, "name_el": null, "name_en": null, "net_vid": 10991, "category": "services", "fire_min": 31.04929414528453, "poi_type": "fuel", "port_min": 3.3194988005692982, "road_dist_m": 3.60020013, "access_score": 100}}, {"type": "Feature", "geometry": {"type": "Point", "coordinates": [20.6425139, 38.2360586]}, "properties": {"name": "nrg - AVIN", "osm_id": 12944307706, "name_el": null, "name_en": "nrg - AVIN", "net_vid": 10991, "category": "other", "fire_min": 31.14617263003453, "poi_type": "charging_station", "port_min": 3.416377285319298, "road_dist_m": 11.35047891, "access_score": 99}}, {"type": "Feature", "geometry": {"type": "Point", "coordinates": [20.7112381, 38.2255671]}, "properties": {"name": "Βαρδιόλα Κουτσουπιάς", "osm_id": 9947383062, "name_el": "Βαρδιόλα Κουτσουπιάς", "name_en": "Vardiola of Koutsoupia", "net_vid": 13646, "category": "heritage", "fire_min": 80.88509937626067, "poi_type": "castle", "port_min": 56.20634500659892, "road_dist_m": 1726.80794879, "access_score": 14}}, {"type": "Feature", "geometry": {"type": "Point", "coordinates": [20.6798273, 38.1801896]}, "properties": {"name": null, "osm_id": 12005941533, "name_el": null, "name_en": null, "net_vid": 11035, "category": "other", "fire_min": 38.66989862931544, "poi_type": "drinking_water", "port_min": 20.046843054515264, "road_dist_m": 8.75808106, "access_score": 100}}, {"type": "Feature", "geometry": {"type": "Point", "coordinates": [20.6872609, 38.1734169]}, "properties": {"name": null, "osm_id": 12005941534, "name_el": null, "name_en": null, "net_vid": 10374, "category": "other", "fire_min": 37.91722385302647, "poi_type": "drinking_water", "port_min": 20.80932077229053, "road_dist_m": 6.83868808, "access_score": 100}}, {"type": "Feature", "geometry": {"type": "Point", "coordinates": [20.7363547, 38.1989356]}, "properties": {"name": null, "osm_id": 9641946317, "name_el": null, "name_en": null, "net_vid": 18471, "category": "tourism", "fire_min": 78.46039118694159, "poi_type": "attraction", "port_min": 26.37036821745574, "road_dist_m": 0.2368189, "access_score": 100}}, {"type": "Feature", "geometry": {"type": "Point", "coordinates": [20.740388, 38.1954217]}, "properties": {"name": "spiaggia", "osm_id": 9907416717, "name_el": null, "name_en": null, "net_vid": 17698, "category": "tourism", "fire_min": 75.94182647511695, "poi_type": "attraction", "port_min": 23.85180350563109, "road_dist_m": 81.02525117, "access_score": 96}}, {"type": "Feature", "geometry": {"type": "Point", "coordinates": [20.7591107, 38.1453998]}, "properties": {"name": "ΑΠ", "osm_id": 9750182679, "name_el": null, "name_en": null, "net_vid": 11788, "category": "services", "fire_min": 53.03798271667508, "poi_type": "fuel", "port_min": 5.637194270891937, "road_dist_m": 4.78398257, "access_score": 100}}, {"type": "Feature", "geometry": {"type": "Point", "coordinates": [20.7787004, 38.1476505]}, "properties": {"name": null, "osm_id": 5840336736, "name_el": null, "name_en": null, "net_vid": 11827, "category": "services", "fire_min": 56.55991690057843, "poi_type": "atm", "port_min": 2.155956362738582, "road_dist_m": 6.4118336, "access_score": 100}}, {"type": "Feature", "geometry": {"type": "Point", "coordinates": [20.7785287, 38.1475155]}, "properties": {"name": null, "osm_id": 5840336735, "name_el": null, "name_en": null, "net_vid": 11827, "category": "other", "fire_min": 56.61085310807843, "poi_type": "ice_cream", "port_min": 2.206892570238582, "road_dist_m": 10.4867302, "access_score": 99}}, {"type": "Feature", "geometry": {"type": "Point", "coordinates": [20.7755597, 38.1494363]}, "properties": {"name": "An Ante Cafe", "osm_id": 13811679345, "name_el": null, "name_en": null, "net_vid": 16922, "category": "food_drink", "fire_min": 56.058169839268295, "poi_type": "bar", "port_min": 2.807466784264303, "road_dist_m": 8.01111074, "access_score": 100}}, {"type": "Feature", "geometry": {"type": "Point", "coordinates": [20.7760487, 38.1495244]}, "properties": {"name": "Police", "osm_id": 13811590562, "name_el": "Ελληνική Αστυνομια", "name_en": null, "net_vid": 16416, "category": "other", "fire_min": 56.096283513154965, "poi_type": "police", "port_min": 2.801018952162053, "road_dist_m": 13.66900168, "access_score": 99}}, {"type": "Feature", "geometry": {"type": "Point", "coordinates": [20.7788774, 38.147777]}, "properties": {"name": null, "osm_id": 5840336737, "name_el": null, "name_en": null, "net_vid": 11827, "category": "food_drink", "fire_min": 56.620258641578424, "poi_type": "restaurant", "port_min": 2.2162981037385823, "road_dist_m": 11.23917288, "access_score": 99}}, {"type": "Feature", "geometry": {"type": "Point", "coordinates": [20.7766146, 38.1498414]}, "properties": {"name": "Fontis Family", "osm_id": 13811590563, "name_el": null, "name_en": null, "net_vid": 16466, "category": "food_drink", "fire_min": 56.28283839025475, "poi_type": "restaurant", "port_min": 2.8195764910622674, "road_dist_m": 21.87349832, "access_score": 99}}, {"type": "Feature", "geometry": {"type": "Point", "coordinates": [20.7766353, 38.1498924]}, "properties": {"name": "Pomantza", "osm_id": 12179905718, "name_el": null, "name_en": null, "net_vid": 16466, "category": "food_drink", "fire_min": 56.34822700775475, "poi_type": "restaurant", "port_min": 2.8849651085622674, "road_dist_m": 27.10458772, "access_score": 99}}, {"type": "Feature", "geometry": {"type": "Point", "coordinates": [20.7761397, 38.1498446]}, "properties": {"name": null, "osm_id": 12179914945, "name_el": null, "name_en": null, "net_vid": 11797, "category": "shop", "fire_min": 56.15011271468473, "poi_type": "supermarket", "port_min": 2.899409659680738, "road_dist_m": 7.09387036, "access_score": 100}}, {"type": "Feature", "geometry": {"type": "Point", "coordinates": [20.77612, 38.1499099]}, "properties": {"name": null, "osm_id": 13811590561, "name_el": null, "name_en": null, "net_vid": 11797, "category": "services", "fire_min": 56.17920290880973, "poi_type": "atm", "port_min": 2.928499853805738, "road_dist_m": 9.42108589, "access_score": 100}}, {"type": "Feature", "geometry": {"type": "Point", "coordinates": [20.7756462, 38.1495769]}, "properties": {"name": null, "osm_id": 13811679344, "name_el": null, "name_en": null, "net_vid": 16922, "category": "shop", "fire_min": 56.06414972001829, "poi_type": "greengrocer", "port_min": 2.813446665014303, "road_dist_m": 8.4895012, "access_score": 100}}, {"type": "Feature", "geometry": {"type": "Point", "coordinates": [20.7756652, 38.1507663]}, "properties": {"name": null, "osm_id": 12179915605, "name_el": null, "name_en": null, "net_vid": 11796, "category": "shop", "fire_min": 56.29388884640731, "poi_type": "gift", "port_min": 3.1994603355370237, "road_dist_m": 9.37107456, "access_score": 100}}, {"type": "Feature", "geometry": {"type": "Point", "coordinates": [20.775799, 38.1505548]}, "properties": {"name": null, "osm_id": 13811590564, "name_el": null, "name_en": null, "net_vid": 11796, "category": "services", "fire_min": 56.27040622765732, "poi_type": "atm", "port_min": 3.1759777167870236, "road_dist_m": 7.49246506, "access_score": 100}}, {"type": "Feature", "geometry": {"type": "Point", "coordinates": [20.7757859, 38.1504427]}, "properties": {"name": "Pantelis", "osm_id": 11755612795, "name_el": null, "name_en": null, "net_vid": 11796, "category": "food_drink", "fire_min": 56.32821694840732, "poi_type": "restaurant", "port_min": 3.2337884375370236, "road_dist_m": 12.11732272, "access_score": 99}}, {"type": "Feature", "geometry": {"type": "Point", "coordinates": [20.7749388, 38.151212]}, "properties": {"name": "Anemos Studios & Apartments", "osm_id": 4266632689, "name_el": null, "name_en": null, "net_vid": 429, "category": "tourism", "fire_min": 56.0855111463005, "poi_type": "hotel", "port_min": 3.332185563635504, "road_dist_m": 8.37400083, "access_score": 100}}, {"type": "Feature", "geometry": {"type": "Point", "coordinates": [20.7749192, 38.1509896]}, "properties": {"name": null, "osm_id": 12179905338, "name_el": null, "name_en": null, "net_vid": 429, "category": "shop", "fire_min": 56.0912113453005, "poi_type": "greengrocer", "port_min": 3.337885762635504, "road_dist_m": 8.83001675, "access_score": 100}}, {"type": "Feature", "geometry": {"type": "Point", "coordinates": [20.7752414, 38.151111]}, "properties": {"name": "Solomos", "osm_id": 12179907614, "name_el": null, "name_en": null, "net_vid": 429, "category": "shop", "fire_min": 56.1050435878005, "poi_type": "butcher", "port_min": 3.351718005135504, "road_dist_m": 9.93659615, "access_score": 100}}, {"type": "Feature", "geometry": {"type": "Point", "coordinates": [20.7752381, 38.1509552]}, "properties": {"name": "Brillante", "osm_id": 4266465091, "name_el": null, "name_en": null, "net_vid": 429, "category": "shop", "fire_min": 56.0690405005505, "poi_type": "clothes", "port_min": 3.3157149178855043, "road_dist_m": 7.05634917, "access_score": 100}}, {"type": "Feature", "geometry": {"type": "Point", "coordinates": [20.7743931, 38.1510837]}, "properties": {"name": null, "osm_id": 12179889736, "name_el": null, "name_en": null, "net_vid": 11799, "category": "shop", "fire_min": 56.101350287128255, "poi_type": "supermarket", "port_min": 3.3480247044632625, "road_dist_m": 5.90955895, "access_score": 100}}, {"type": "Feature", "geometry": {"type": "Point", "coordinates": [20.7747594, 38.1512322]}, "properties": {"name": "Manentis", "osm_id": 12179918157, "name_el": null, "name_en": null, "net_vid": 11799, "category": "shop", "fire_min": 56.21859092812826, "poi_type": "hairdresser", "port_min": 3.4652653454632625, "road_dist_m": 15.28881023, "access_score": 99}}, {"type": "Feature", "geometry": {"type": "Point", "coordinates": [20.7744545, 38.1511987]}, "properties": {"name": null, "osm_id": 12179901922, "name_el": null, "name_en": null, "net_vid": 11799, "category": "health", "fire_min": 56.121582225378255, "poi_type": "pharmacy", "port_min": 3.3682566427132623, "road_dist_m": 7.52811401, "access_score": 100}}, {"type": "Feature", "geometry": {"type": "Point", "coordinates": [20.774369, 38.1512115]}, "properties": {"name": "Manentis", "osm_id": 12179882049, "name_el": null, "name_en": null, "net_vid": 11799, "category": "shop", "fire_min": 56.124811337253256, "poi_type": "bakery", "port_min": 3.3714857545882624, "road_dist_m": 7.78644296, "access_score": 100}}, {"type": "Feature", "geometry": {"type": "Point", "coordinates": [20.7741713, 38.1512504]}, "properties": {"name": null, "osm_id": 12179915604, "name_el": null, "name_en": null, "net_vid": 11799, "category": "shop", "fire_min": 56.14503413550326, "poi_type": "butcher", "port_min": 3.3917085528382627, "road_dist_m": 9.40426682, "access_score": 100}}, {"type": "Feature", "geometry": {"type": "Point", "coordinates": [20.7739811, 38.1511222]}, "properties": {"name": "ΕΛΤΑ", "osm_id": 12179914944, "name_el": null, "name_en": null, "net_vid": 11802, "category": "services", "fire_min": 55.43421673327583, "poi_type": "post_office", "port_min": 3.301544020541195, "road_dist_m": 7.20733322, "access_score": 100}}, {"type": "Feature", "geometry": {"type": "Point", "coordinates": [20.7740102, 38.1511388]}, "properties": {"name": null, "osm_id": 13811590565, "name_el": null, "name_en": null, "net_vid": 11802, "category": "services", "fire_min": 55.406580735025834, "poi_type": "atm", "port_min": 3.2739080222911947, "road_dist_m": 4.99645336, "access_score": 100}}, {"type": "Feature", "geometry": {"type": "Point", "coordinates": [20.7738693, 38.1511261]}, "properties": {"name": "αναψυκτήριο \"ΗΓΩΝΙΑ\"", "osm_id": 12179888084, "name_el": null, "name_en": null, "net_vid": 11802, "category": "food_drink", "fire_min": 55.44759600290083, "poi_type": "cafe", "port_min": 3.3149232901661945, "road_dist_m": 8.27767479, "access_score": 100}}, {"type": "Feature", "geometry": {"type": "Point", "coordinates": [20.7737135, 38.1513324]}, "properties": {"name": "Odyssens palace", "osm_id": 12179892940, "name_el": null, "name_en": null, "net_vid": 11798, "category": "tourism", "fire_min": 55.47241004702644, "poi_type": "apartment", "port_min": 3.3823870775405824, "road_dist_m": 11.96878805, "access_score": 99}}, {"type": "Feature", "geometry": {"type": "Point", "coordinates": [20.773122, 38.1513376]}, "properties": {"name": null, "osm_id": 13811590566, "name_el": null, "name_en": null, "net_vid": 18162, "category": "other", "fire_min": 55.441879996948785, "poi_type": "recycling", "port_min": 3.351857027462919, "road_dist_m": 5.67219156, "access_score": 100}}, {"type": "Feature", "geometry": {"type": "Point", "coordinates": [20.7751293, 38.1497857]}, "properties": {"name": null, "osm_id": 13811679346, "name_el": null, "name_en": null, "net_vid": 11804, "category": "shop", "fire_min": 56.010126602751264, "poi_type": "trade", "port_min": 3.0227766570316787, "road_dist_m": 5.56644054, "access_score": 100}}, {"type": "Feature", "geometry": {"type": "Point", "coordinates": [20.7723123, 38.1530844]}, "properties": {"name": "Giannakis Gelato", "osm_id": 13811590568, "name_el": null, "name_en": null, "net_vid": 11811, "category": "other", "fire_min": 55.94497508117787, "poi_type": "ice_cream", "port_min": 3.8549521116920134, "road_dist_m": 13.44019108, "access_score": 99}}, {"type": "Feature", "geometry": {"type": "Point", "coordinates": [20.7723186, 38.1529715]}, "properties": {"name": null, "osm_id": 13811590567, "name_el": null, "name_en": null, "net_vid": 11811, "category": "shop", "fire_min": 55.99695130017788, "poi_type": "car_repair", "port_min": 3.906928330692013, "road_dist_m": 17.5982886, "access_score": 99}}, {"type": "Feature", "geometry": {"type": "Point", "coordinates": [20.7745211, 38.1521181]}, "properties": {"name": "Λεωνίδας", "osm_id": 6585419326, "name_el": "Λεωνίδας", "name_en": "Leonidas", "net_vid": 11815, "category": "shop", "fire_min": 55.81608414039064, "poi_type": "supermarket", "port_min": 3.55798208504536, "road_dist_m": 6.62878145, "access_score": 100}}, {"type": "Feature", "geometry": {"type": "Point", "coordinates": [20.7720906, 38.1534613]}, "properties": {"name": "Korali", "osm_id": 13811590570, "name_el": null, "name_en": null, "net_vid": 11811, "category": "food_drink", "fire_min": 55.87739067392787, "poi_type": "restaurant", "port_min": 3.7873677044420133, "road_dist_m": 8.0334385, "access_score": 100}}, {"type": "Feature", "geometry": {"type": "Point", "coordinates": [20.786797, 38.1493086]}, "properties": {"name": "H.M.S. Perseus", "osm_id": 6600036301, "name_el": null, "name_en": null, "net_vid": 13818, "category": "heritage", "fire_min": 58.849805773829885, "poi_type": "memorial", "port_min": 3.8145521700634197, "road_dist_m": 66.32845175, "access_score": 97}}, {"type": "Feature", "geometry": {"type": "Point", "coordinates": [20.7864846, 38.1480164]}, "properties": {"name": "Rentme", "osm_id": 4824552219, "name_el": "ενοικιαζομενα αυτοκινητα", "name_en": null, "net_vid": 12024, "category": "other", "fire_min": 58.01960554831423, "poi_type": "car_rental", "port_min": 2.984351944547766, "road_dist_m": 2.46790197, "access_score": 100}}, {"type": "Feature", "geometry": {"type": "Point", "coordinates": [20.7858109, 38.1479347]}, "properties": {"name": "Hotel Anastazia", "osm_id": 6600036300, "name_el": null, "name_en": null, "net_vid": 20, "category": "tourism", "fire_min": 57.989596512066754, "poi_type": "hotel", "port_min": 2.9543429083002835, "road_dist_m": 13.30727863, "access_score": 99}}, {"type": "Feature", "geometry": {"type": "Point", "coordinates": [20.7830914, 38.14795]}, "properties": {"name": "Πόρος", "osm_id": 2797928841, "name_el": "Πόρος", "name_en": "Poros", "net_vid": 18447, "category": "other", "fire_min": 58.55600696641609, "poi_type": "ferry_terminal", "port_min": 0, "road_dist_m": 0, "access_score": 100}}, {"type": "Feature", "geometry": {"type": "Point", "coordinates": [20.782243, 38.14642]}, "properties": {"name": null, "osm_id": 13593340758, "name_el": null, "name_en": null, "net_vid": 11833, "category": "other", "fire_min": 57.823506571989554, "poi_type": "toilets", "port_min": 1.2917029373274538, "road_dist_m": 22.38528344, "access_score": 99}}, {"type": "Feature", "geometry": {"type": "Point", "coordinates": [20.7822422, 38.1464204]}, "properties": {"name": null, "osm_id": 13593320054, "name_el": null, "name_en": null, "net_vid": 11833, "category": "other", "fire_min": 57.824379740989556, "poi_type": "drinking_water", "port_min": 1.292576106327454, "road_dist_m": 22.45513696, "access_score": 99}}, {"type": "Feature", "geometry": {"type": "Point", "coordinates": [20.7826895, 38.1467963]}, "properties": {"name": "Levante Ferries Ticket Booth", "osm_id": 12064578862, "name_el": null, "name_en": null, "net_vid": 11823, "category": "other", "fire_min": 58.579165314695615, "poi_type": "ferry_terminal", "port_min": 0.6074297409704758, "road_dist_m": 25.22352357, "access_score": 99}}, {"type": "Feature", "geometry": {"type": "Point", "coordinates": [20.7814135, 38.1465051]}, "properties": {"name": null, "osm_id": 13077389077, "name_el": null, "name_en": null, "net_vid": 18493, "category": "leisure", "fire_min": 57.63434600715061, "poi_type": "slipway", "port_min": 1.1876652239665846, "road_dist_m": 0, "access_score": 100}}, {"type": "Feature", "geometry": {"type": "Point", "coordinates": [20.7807065, 38.1457755]}, "properties": {"name": "Super Market Δημητρα", "osm_id": 12179888083, "name_el": null, "name_en": null, "net_vid": 11830, "category": "shop", "fire_min": 56.91710661621983, "poi_type": "supermarket", "port_min": 1.8818530124533632, "road_dist_m": 8.06284264, "access_score": 100}}, {"type": "Feature", "geometry": {"type": "Point", "coordinates": [20.7804621, 38.1457921]}, "properties": {"name": "To Spitsio", "osm_id": 12192861318, "name_el": null, "name_en": null, "net_vid": 11830, "category": "food_drink", "fire_min": 56.914531886094835, "poi_type": "restaurant", "port_min": 1.8792782823283631, "road_dist_m": 7.85686423, "access_score": 100}}, {"type": "Feature", "geometry": {"type": "Point", "coordinates": [20.8128691, 38.1082837]}, "properties": {"name": "Tsimaras Villas", "osm_id": 11963660070, "name_el": null, "name_en": null, "net_vid": 11962, "category": "tourism", "fire_min": 60.15668845236831, "poi_type": "chalet", "port_min": 13.96460886658395, "road_dist_m": 16.84227729, "access_score": 99}}, {"type": "Feature", "geometry": {"type": "Point", "coordinates": [20.8113188, 38.1077708]}, "properties": {"name": "DΕΙ blue - Apostolata Island Resort", "osm_id": 12944623515, "name_el": null, "name_en": null, "net_vid": 15480, "category": "other", "fire_min": 59.77501390576135, "poi_type": "charging_station", "port_min": 13.582934319976989, "road_dist_m": 4.48836561, "access_score": 100}}, {"type": "Feature", "geometry": {"type": "Point", "coordinates": [20.8102772, 38.1074014]}, "properties": {"name": "Apostolata Island Resort and Spa", "osm_id": 6849500485, "name_el": null, "name_en": null, "net_vid": 11964, "category": "tourism", "fire_min": 58.86075531361972, "poi_type": "hotel", "port_min": 12.668675727835359, "road_dist_m": 2.93344465, "access_score": 100}}, {"type": "Feature", "geometry": {"type": "Point", "coordinates": [20.809983, 38.1057035]}, "properties": {"name": "nrg - Asteris Hotel", "osm_id": 13720119070, "name_el": null, "name_en": null, "net_vid": 11973, "category": "other", "fire_min": 58.802079052686615, "poi_type": "charging_station", "port_min": 13.065351349207964, "road_dist_m": 5.26296842, "access_score": 100}}, {"type": "Feature", "geometry": {"type": "Point", "coordinates": [20.8070265, 38.0972743]}, "properties": {"name": "Αρχαϊκός Ναός Σκάλας", "osm_id": 1313997059, "name_el": "Αρχαϊκός Ναός Σκάλας", "name_en": "Archaic Temple of Skala", "net_vid": 12041, "category": "heritage", "fire_min": 57.19204837505085, "poi_type": "archaeological_site", "port_min": 14.466786475049846, "road_dist_m": 14.04950603, "access_score": 99}}, {"type": "Feature", "geometry": {"type": "Point", "coordinates": [20.8069286, 38.0974029]}, "properties": {"name": null, "osm_id": 1313996894, "name_el": null, "name_en": null, "net_vid": 12041, "category": "services", "fire_min": 57.033079157300854, "poi_type": "parking", "port_min": 14.307817257299845, "road_dist_m": 1.33196861, "access_score": 100}}, {"type": "Feature", "geometry": {"type": "Point", "coordinates": [20.8029734, 38.0906967]}, "properties": {"name": null, "osm_id": 4924106721, "name_el": null, "name_en": "Old Times", "net_vid": 18285, "category": "food_drink", "fire_min": 56.240381729239765, "poi_type": "restaurant", "port_min": 16.057563740339663, "road_dist_m": 19.35673464, "access_score": 99}}, {"type": "Feature", "geometry": {"type": "Point", "coordinates": [20.8031039, 38.089283]}, "properties": {"name": null, "osm_id": 1313996779, "name_el": null, "name_en": null, "net_vid": 18270, "category": "food_drink", "fire_min": 56.01465524133207, "poi_type": "restaurant", "port_min": 16.659614265761437, "road_dist_m": 19.51911951, "access_score": 99}}, {"type": "Feature", "geometry": {"type": "Point", "coordinates": [20.7527849, 38.1011942]}, "properties": {"name": "Λύκειο Πάστρας", "osm_id": 11692181576, "name_el": null, "name_en": null, "net_vid": 10061, "category": "education", "fire_min": 44.78989423570857, "poi_type": "school", "port_min": 16.298665712375236, "road_dist_m": 22.25285071, "access_score": 99}}, {"type": "Feature", "geometry": {"type": "Point", "coordinates": [20.7528587, 38.1010201]}, "properties": {"name": "Γυμνάσιο Πάστρας", "osm_id": 11692181575, "name_el": null, "name_en": null, "net_vid": 326, "category": "education", "fire_min": 44.50560208261327, "poi_type": "school", "port_min": 16.397246720720545, "road_dist_m": 14.82440492, "access_score": 99}}, {"type": "Feature", "geometry": {"type": "Point", "coordinates": [20.7539001, 38.0943144]}, "properties": {"name": "τυροκομικός", "osm_id": 5149787886, "name_el": null, "name_en": null, "net_vid": 12077, "category": "shop", "fire_min": 43.78493530886544, "poi_type": "dairy", "port_min": 18.777437041376963, "road_dist_m": 18.04278868, "access_score": 99}}, {"type": "Feature", "geometry": {"type": "Point", "coordinates": [20.7823678, 38.0814081]}, "properties": {"name": "Skala Villa", "osm_id": 6600068905, "name_el": null, "name_en": null, "net_vid": 12144, "category": "tourism", "fire_min": 57.66169607187244, "poi_type": "hotel", "port_min": 27.408878246408285, "road_dist_m": 25.17440169, "access_score": 99}}, {"type": "Feature", "geometry": {"type": "Point", "coordinates": [20.7814617, 38.0811811]}, "properties": {"name": null, "osm_id": 11963660088, "name_el": null, "name_en": null, "net_vid": 12085, "category": "other", "fire_min": 52.9225811802286, "poi_type": "theatre", "port_min": 25.540694389699887, "road_dist_m": 12.63753186, "access_score": 99}}, {"type": "Feature", "geometry": {"type": "Point", "coordinates": [20.7800699, 38.079867]}, "properties": {"name": "Old Skala", "osm_id": 1314110292, "name_el": null, "name_en": null, "net_vid": 14153, "category": "heritage", "fire_min": 52.25205446469201, "poi_type": "ruins", "port_min": 25.792556627441186, "road_dist_m": 25.45913544, "access_score": 99}}, {"type": "Feature", "geometry": {"type": "Point", "coordinates": [20.7717093, 38.0761075]}, "properties": {"name": null, "osm_id": 1313997046, "name_el": null, "name_en": null, "net_vid": 12218, "category": "leisure", "fire_min": 47.517416750614494, "poi_type": "playground", "port_min": 25.075297814027568, "road_dist_m": 26.37805478, "access_score": 99}}, {"type": "Feature", "geometry": {"type": "Point", "coordinates": [20.7721486, 38.0762909]}, "properties": {"name": null, "osm_id": 1621597073, "name_el": null, "name_en": null, "net_vid": 12218, "category": "other", "fire_min": 47.37961825886449, "poi_type": "post_box", "port_min": 24.93749932227757, "road_dist_m": 15.35417544, "access_score": 99}}, {"type": "Feature", "geometry": {"type": "Point", "coordinates": [20.7726743, 38.0764936]}, "properties": {"name": "Femina Restaurant", "osm_id": 1621593944, "name_el": null, "name_en": null, "net_vid": 12169, "category": "food_drink", "fire_min": 47.53668517120534, "poi_type": "restaurant", "port_min": 25.028804276686724, "road_dist_m": 25.28905011, "access_score": 99}}, {"type": "Feature", "geometry": {"type": "Point", "coordinates": [20.772547, 38.0764334]}, "properties": {"name": "Taverna Femina", "osm_id": 1313996890, "name_el": null, "name_en": null, "net_vid": 12169, "category": "other", "fire_min": 47.45472664708034, "poi_type": "pub", "port_min": 24.946845752561725, "road_dist_m": 18.73236818, "access_score": 99}}, {"type": "Feature", "geometry": {"type": "Point", "coordinates": [20.7770541, 38.0809279]}, "properties": {"name": null, "osm_id": 6600036303, "name_el": null, "name_en": null, "net_vid": 442, "category": "food_drink", "fire_min": 51.379065820534755, "poi_type": "restaurant", "port_min": 26.37156755304628, "road_dist_m": 2.11630599, "access_score": 100}}, {"type": "Feature", "geometry": {"type": "Point", "coordinates": [20.7759595, 38.0815071]}, "properties": {"name": "Old Skala Church", "osm_id": 1313997507, "name_el": null, "name_en": null, "net_vid": 510, "category": "other", "fire_min": 51.564466161782626, "poi_type": "place_of_worship", "port_min": 26.55696789429415, "road_dist_m": 9.29215968, "access_score": 100}}, {"type": "Feature", "geometry": {"type": "Point", "coordinates": [20.7759949, 38.0814282]}, "properties": {"name": "Remains of original Old Skala Church", "osm_id": 1313996906, "name_el": null, "name_en": null, "net_vid": 510, "category": "heritage", "fire_min": 51.44831416578263, "poi_type": "ruins", "port_min": 26.44081589829415, "road_dist_m": 0, "access_score": 100}}, {"type": "Feature", "geometry": {"type": "Point", "coordinates": [20.7703458, 38.0766213]}, "properties": {"name": "Villa Galatee", "osm_id": 4511585503, "name_el": null, "name_en": null, "net_vid": 13394, "category": "tourism", "fire_min": 47.86544536259225, "poi_type": "villa", "port_min": 25.833799274500166, "road_dist_m": 25.31092071, "access_score": 99}}, {"type": "Feature", "geometry": {"type": "Point", "coordinates": [20.7699116, 38.0764556]}, "properties": {"name": "Aloni villas", "osm_id": 1621600643, "name_el": null, "name_en": null, "net_vid": 13394, "category": "tourism", "fire_min": 47.67862514434225, "poi_type": "chalet", "port_min": 25.646979056250167, "road_dist_m": 10.36530325, "access_score": 99}}, {"type": "Feature", "geometry": {"type": "Point", "coordinates": [20.7701151, 38.076786]}, "properties": {"name": "Villa Thetis", "osm_id": 4511585504, "name_el": null, "name_en": null, "net_vid": 13394, "category": "tourism", "fire_min": 47.92748017584225, "poi_type": "villa", "port_min": 25.895834087750167, "road_dist_m": 30.27370577, "access_score": 98}}, {"type": "Feature", "geometry": {"type": "Point", "coordinates": [20.7698898, 38.0768958]}, "properties": {"name": "Villa Amphitrite", "osm_id": 4511585505, "name_el": null, "name_en": null, "net_vid": 13394, "category": "tourism", "fire_min": 48.00784031559225, "poi_type": "villa", "port_min": 25.976194227500166, "road_dist_m": 36.70251695, "access_score": 98}}, {"type": "Feature", "geometry": {"type": "Point", "coordinates": [20.7692894, 38.0740395]}, "properties": {"name": null, "osm_id": 1313996905, "name_el": null, "name_en": null, "net_vid": 12215, "category": "other", "fire_min": 46.745543962742815, "poi_type": "place_of_worship", "port_min": 25.44141757564925, "road_dist_m": 10.14793373, "access_score": 99}}, {"type": "Feature", "geometry": {"type": "Point", "coordinates": [20.7692246, 38.0687781]}, "properties": {"name": "Kantina Kaminia", "osm_id": 1313996825, "name_el": null, "name_en": null, "net_vid": 12221, "category": "food_drink", "fire_min": 48.947176844245554, "poi_type": "fast_food", "port_min": 27.643050457151997, "road_dist_m": 16.7270977, "access_score": 99}}, {"type": "Feature", "geometry": {"type": "Point", "coordinates": [20.7688216, 38.0688453]}, "properties": {"name": "Tartarooga", "osm_id": 4511585506, "name_el": null, "name_en": null, "net_vid": 12221, "category": "food_drink", "fire_min": 49.34552533887056, "poi_type": "cafe", "port_min": 28.041398951776994, "road_dist_m": 48.59497727, "access_score": 98}}, {"type": "Feature", "geometry": {"type": "Point", "coordinates": [20.7548784, 38.0676143]}, "properties": {"name": null, "osm_id": 1407327343, "name_el": null, "name_en": null, "net_vid": 12239, "category": "other", "fire_min": 44.82149037661939, "poi_type": "shower", "port_min": 28.721602324113647, "road_dist_m": 8.91295752, "access_score": 100}}, {"type": "Feature", "geometry": {"type": "Point", "coordinates": [20.7537264, 38.0673325]}, "properties": {"name": null, "osm_id": 1407327329, "name_el": null, "name_en": null, "net_vid": 12239, "category": "other", "fire_min": 44.87425340111938, "poi_type": "shower", "port_min": 28.77436534861365, "road_dist_m": 13.13399948, "access_score": 99}}, {"type": "Feature", "geometry": {"type": "Point", "coordinates": [20.7524458, 38.0677954]}, "properties": {"name": "Dreamcatcher", "osm_id": 1406511034, "name_el": null, "name_en": null, "net_vid": 15118, "category": "food_drink", "fire_min": 44.92345500096079, "poi_type": "cafe", "port_min": 28.823566948455063, "road_dist_m": 10.65092537, "access_score": 99}}, {"type": "Feature", "geometry": {"type": "Point", "coordinates": [20.7737213, 38.066862]}, "properties": {"name": "Taverna Anemos (Wind)", "osm_id": 1313996712, "name_el": null, "name_en": null, "net_vid": 18402, "category": "food_drink", "fire_min": 50.60842017358855, "poi_type": "bar", "port_min": 27.15404208543931, "road_dist_m": 9.46740574, "access_score": 100}}, {"type": "Feature", "geometry": {"type": "Point", "coordinates": [20.7734703, 38.067532]}, "properties": {"name": "Taverna Anemos (Wind)", "osm_id": 1404032582, "name_el": null, "name_en": null, "net_vid": 12248, "category": "food_drink", "fire_min": 50.8532858557056, "poi_type": "restaurant", "port_min": 27.62018718537048, "road_dist_m": 15.67532173, "access_score": 99}}, {"type": "Feature", "geometry": {"type": "Point", "coordinates": [20.7787317, 38.0657321]}, "properties": {"name": null, "osm_id": 1407327283, "name_el": null, "name_en": null, "net_vid": 12252, "category": "other", "fire_min": 51.14591863176574, "poi_type": "telephone", "port_min": 25.273086238846282, "road_dist_m": 4.80756202, "access_score": 100}}, {"type": "Feature", "geometry": {"type": "Point", "coordinates": [20.7791442, 38.0657278]}, "properties": {"name": "Mounda Beach Hotel", "osm_id": 1313996836, "name_el": null, "name_en": null, "net_vid": 15808, "category": "tourism", "fire_min": 51.41965273991708, "poi_type": "hotel", "port_min": 25.546820346997627, "road_dist_m": 13.24674405, "access_score": 99}}, {"type": "Feature", "geometry": {"type": "Point", "coordinates": [20.78716, 38.0575555]}, "properties": {"name": null, "osm_id": 5695402728, "name_el": null, "name_en": "View point", "net_vid": 15010, "category": "tourism", "fire_min": 55.91051522892191, "poi_type": "viewpoint", "port_min": 28.449355590541437, "road_dist_m": 0.99874604, "access_score": 100}}, {"type": "Feature", "geometry": {"type": "Point", "coordinates": [20.798979, 38.07127]}, "properties": {"name": "Green Paradise Cafe Snack Bar", "osm_id": 1313996931, "name_el": null, "name_en": null, "net_vid": 12307, "category": "other", "fire_min": 53.902029111250755, "poi_type": "pub", "port_min": 20.459155254047822, "road_dist_m": 9.76816814, "access_score": 100}}, {"type": "Feature", "geometry": {"type": "Point", "coordinates": [20.7985464, 38.0712945]}, "properties": {"name": null, "osm_id": 6669930789, "name_el": null, "name_en": null, "net_vid": 18173, "category": "services", "fire_min": 53.900631656287445, "poi_type": "parking", "port_min": 20.45775779908452, "road_dist_m": 4.22067391, "access_score": 100}}, {"type": "Feature", "geometry": {"type": "Point", "coordinates": [20.7983341, 38.0715262]}, "properties": {"name": "Roman Villa", "osm_id": 13192452820, "name_el": null, "name_en": null, "net_vid": 18173, "category": "tourism", "fire_min": 54.290319072412444, "poi_type": "museum", "port_min": 20.847445215209518, "road_dist_m": 35.3956672, "access_score": 98}}, {"type": "Feature", "geometry": {"type": "Point", "coordinates": [20.7983261, 38.0715214]}, "properties": {"name": "Ρωμαϊκή Έπαυλη Σκάλας", "osm_id": 1313997404, "name_el": "Ρωμαϊκή Έπαυλη Σκάλας", "name_en": "Roman Villa of Skala", "net_vid": 13493, "category": "heritage", "fire_min": 54.40740916766594, "poi_type": "archaeological_site", "port_min": 20.964535310463013, "road_dist_m": 34.99936134, "access_score": 98}}, {"type": "Feature", "geometry": {"type": "Point", "coordinates": [20.7930712, 38.070812]}, "properties": {"name": "EV Loader - Pelagos Apartments", "osm_id": 13266523593, "name_el": null, "name_en": null, "net_vid": 12333, "category": "other", "fire_min": 51.60136293567799, "poi_type": "charging_station", "port_min": 20.55238932896408, "road_dist_m": 8.81956278, "access_score": 100}}, {"type": "Feature", "geometry": {"type": "Point", "coordinates": [20.792697, 38.0709227]}, "properties": {"name": "Pelagos Apartments", "osm_id": 13266523592, "name_el": null, "name_en": null, "net_vid": 12329, "category": "tourism", "fire_min": 51.74908995114465, "poi_type": "apartment", "port_min": 20.700116344430736, "road_dist_m": 9.55093361, "access_score": 100}}, {"type": "Feature", "geometry": {"type": "Point", "coordinates": [20.7894319, 38.0699518]}, "properties": {"name": "REVOIL", "osm_id": 1313997434, "name_el": null, "name_en": null, "net_vid": 16270, "category": "services", "fire_min": 50.836383286224084, "poi_type": "fuel", "port_min": 21.14168423791799, "road_dist_m": 1.79217316, "access_score": 100}}, {"type": "Feature", "geometry": {"type": "Point", "coordinates": [20.7942412, 38.0720285]}, "properties": {"name": "Marletta", "osm_id": 4418636492, "name_el": null, "name_en": null, "net_vid": 12334, "category": "tourism", "fire_min": 51.92816757134463, "poi_type": "hotel", "port_min": 20.497134442047436, "road_dist_m": 19.68155273, "access_score": 99}}, {"type": "Feature", "geometry": {"type": "Point", "coordinates": [20.7980016, 38.0721722]}, "properties": {"name": "Fish .Market", "osm_id": 6669959015, "name_el": null, "name_en": null, "net_vid": 13366, "category": "shop", "fire_min": 52.50093792512342, "poi_type": "seafood", "port_min": 19.845625963652413, "road_dist_m": 12.65006191, "access_score": 99}}, {"type": "Feature", "geometry": {"type": "Point", "coordinates": [20.7975712, 38.072354]}, "properties": {"name": "Pool Side Bar", "osm_id": 1313996830, "name_el": null, "name_en": null, "net_vid": 13366, "category": "other", "fire_min": 52.57219299612342, "poi_type": "pub", "port_min": 19.916881034652413, "road_dist_m": 18.35046759, "access_score": 99}}, {"type": "Feature", "geometry": {"type": "Point", "coordinates": [20.7974685, 38.0728285]}, "properties": {"name": "KeBabis", "osm_id": 12087027629, "name_el": null, "name_en": null, "net_vid": 12351, "category": "food_drink", "fire_min": 52.47937775552838, "poi_type": "fast_food", "port_min": 19.824065794057375, "road_dist_m": 14.98631435, "access_score": 99}}, {"type": "Feature", "geometry": {"type": "Point", "coordinates": [20.7977671, 38.0728117]}, "properties": {"name": "Katemari studios", "osm_id": 6600036304, "name_el": null, "name_en": null, "net_vid": 12351, "category": "tourism", "fire_min": 52.34664711977838, "poi_type": "hotel", "port_min": 19.691335158307375, "road_dist_m": 4.36786349, "access_score": 100}}, {"type": "Feature", "geometry": {"type": "Point", "coordinates": [20.7978489, 38.0733824]}, "properties": {"name": null, "osm_id": 1313997219, "name_el": null, "name_en": null, "net_vid": 12350, "category": "food_drink", "fire_min": 52.64512107722828, "poi_type": "restaurant", "port_min": 19.40206322185748, "road_dist_m": 4.73594433, "access_score": 100}}, {"type": "Feature", "geometry": {"type": "Point", "coordinates": [20.7976733, 38.0733553]}, "properties": {"name": null, "osm_id": 1313996708, "name_el": null, "name_en": null, "net_vid": 12350, "category": "food_drink", "fire_min": 52.72037847422828, "poi_type": "restaurant", "port_min": 19.47732061885748, "road_dist_m": 10.75653609, "access_score": 99}}, {"type": "Feature", "geometry": {"type": "Point", "coordinates": [20.7971353, 38.0734529]}, "properties": {"name": "Makis Rental", "osm_id": 10147497965, "name_el": null, "name_en": null, "net_vid": 12350, "category": "other", "fire_min": 52.70295007147828, "poi_type": "car_rental", "port_min": 19.45989221610748, "road_dist_m": 9.36226387, "access_score": 100}}, {"type": "Feature", "geometry": {"type": "Point", "coordinates": [20.7965389, 38.0737813]}, "properties": {"name": "Loco", "osm_id": 4581702690, "name_el": "Loco", "name_en": "Loco", "net_vid": 12360, "category": "food_drink", "fire_min": 52.93639692969033, "poi_type": "bar", "port_min": 19.528308137101565, "road_dist_m": 8.27974553, "access_score": 100}}, {"type": "Feature", "geometry": {"type": "Point", "coordinates": [20.7960865, 38.0740446]}, "properties": {"name": "Ioannis N Kachrilas", "osm_id": 5911855611, "name_el": null, "name_en": null, "net_vid": 12359, "category": "health", "fire_min": 53.202305139777394, "poi_type": "doctors", "port_min": 19.794216347188623, "road_dist_m": 14.82443084, "access_score": 99}}, {"type": "Feature", "geometry": {"type": "Point", "coordinates": [20.7961777, 38.0740457]}, "properties": {"name": null, "osm_id": 5911855612, "name_el": null, "name_en": null, "net_vid": 12359, "category": "health", "fire_min": 53.19110649890239, "poi_type": "pharmacy", "port_min": 19.783017706313622, "road_dist_m": 13.92853957, "access_score": 99}}, {"type": "Feature", "geometry": {"type": "Point", "coordinates": [20.7968353, 38.0740647]}, "properties": {"name": "Dodoni Skala Kefalonias / Village Cafe", "osm_id": 9962270904, "name_el": null, "name_en": null, "net_vid": 691, "category": "food_drink", "fire_min": 53.063785399343246, "poi_type": "cafe", "port_min": 19.377644649198654, "road_dist_m": 7.3487448, "access_score": 100}}, {"type": "Feature", "geometry": {"type": "Point", "coordinates": [20.7968241, 38.0742416]}, "properties": {"name": null, "osm_id": 11114934840, "name_el": null, "name_en": null, "net_vid": 16683, "category": "other", "fire_min": 53.110266141534275, "poi_type": "telephone", "port_min": 19.702177348945504, "road_dist_m": 12.11675265, "access_score": 99}}, {"type": "Feature", "geometry": {"type": "Point", "coordinates": [20.7968743, 38.0742308]}, "properties": {"name": null, "osm_id": 11114804233, "name_el": null, "name_en": null, "net_vid": 16683, "category": "other", "fire_min": 53.10033639890928, "poi_type": "bench", "port_min": 19.692247606320503, "road_dist_m": 11.32237324, "access_score": 99}}, {"type": "Feature", "geometry": {"type": "Point", "coordinates": [20.796923, 38.0742595]}, "properties": {"name": null, "osm_id": 1313997141, "name_el": null, "name_en": null, "net_vid": 16683, "category": "leisure", "fire_min": 53.14483686778428, "poi_type": "playground", "port_min": 19.736748075195504, "road_dist_m": 14.88241075, "access_score": 99}}, {"type": "Feature", "geometry": {"type": "Point", "coordinates": [20.7970331, 38.0742209]}, "properties": {"name": null, "osm_id": 11114804231, "name_el": null, "name_en": null, "net_vid": 691, "category": "other", "fire_min": 53.02724604821825, "poi_type": "bench", "port_min": 19.341105298073654, "road_dist_m": 4.42559671, "access_score": 100}}, {"type": "Feature", "geometry": {"type": "Point", "coordinates": [20.7970308, 38.0741978]}, "properties": {"name": null, "osm_id": 11114804232, "name_el": null, "name_en": null, "net_vid": 691, "category": "other", "fire_min": 53.02609621209325, "poi_type": "bench", "port_min": 19.339955461948655, "road_dist_m": 4.33360982, "access_score": 100}}, {"type": "Feature", "geometry": {"type": "Point", "coordinates": [20.797003, 38.0741992]}, "properties": {"name": null, "osm_id": 11114934850, "name_el": null, "name_en": null, "net_vid": 691, "category": "other", "fire_min": 53.05660978184325, "poi_type": "waste_basket", "port_min": 19.370469031698654, "road_dist_m": 6.7746954, "access_score": 100}}, {"type": "Feature", "geometry": {"type": "Point", "coordinates": [20.7969677, 38.0741764]}, "properties": {"name": null, "osm_id": 1313996922, "name_el": null, "name_en": null, "net_vid": 691, "category": "shop", "fire_min": 53.047578474468246, "poi_type": "kiosk", "port_min": 19.361437724323654, "road_dist_m": 6.05219081, "access_score": 100}}, {"type": "Feature", "geometry": {"type": "Point", "coordinates": [20.7970404, 38.0740805]}, "properties": {"name": null, "osm_id": 11114955803, "name_el": null, "name_en": null, "net_vid": 691, "category": "services", "fire_min": 53.000360318468246, "poi_type": "atm", "port_min": 19.314219568323654, "road_dist_m": 2.27473833, "access_score": 100}}, {"type": "Feature", "geometry": {"type": "Point", "coordinates": [20.7970934, 38.0736834]}, "properties": {"name": "My Way", "osm_id": 4581740889, "name_el": "My Way", "name_en": "My Way", "net_vid": 691, "category": "food_drink", "fire_min": 53.02781066721825, "poi_type": "bar", "port_min": 19.341669917073652, "road_dist_m": 4.47076623, "access_score": 100}}, {"type": "Feature", "geometry": {"type": "Point", "coordinates": [20.7976475, 38.0738661]}, "properties": {"name": "The Old Village", "osm_id": 12058598125, "name_el": null, "name_en": null, "net_vid": 12350, "category": "food_drink", "fire_min": 52.72577630060328, "poi_type": "restaurant", "port_min": 19.48271844523248, "road_dist_m": 11.1883622, "access_score": 99}}, {"type": "Feature", "geometry": {"type": "Point", "coordinates": [20.7978194, 38.073649]}, "properties": {"name": "EUPHORIA ", "osm_id": 11103523264, "name_el": null, "name_en": null, "net_vid": 12350, "category": "shop", "fire_min": 52.62461085835328, "poi_type": "cosmetics", "port_min": 19.38155300298248, "road_dist_m": 3.09512682, "access_score": 100}}, {"type": "Feature", "geometry": {"type": "Point", "coordinates": [20.79818, 38.0739709]}, "properties": {"name": "Siroco", "osm_id": 13192472930, "name_el": null, "name_en": null, "net_vid": 12412, "category": "food_drink", "fire_min": 52.92849173220327, "poi_type": "cafe", "port_min": 19.334863281195716, "road_dist_m": 12.04991899, "access_score": 99}}, {"type": "Feature", "geometry": {"type": "Point", "coordinates": [20.7978287, 38.0738471]}, "properties": {"name": "Greekstones Car Rental", "osm_id": 1313997322, "name_el": null, "name_en": null, "net_vid": 12350, "category": "other", "fire_min": 52.64383480110328, "poi_type": "car_rental", "port_min": 19.40077694573248, "road_dist_m": 4.63304224, "access_score": 100}}, {"type": "Feature", "geometry": {"type": "Point", "coordinates": [20.7980673, 38.0741009]}, "properties": {"name": null, "osm_id": 11114956068, "name_el": null, "name_en": null, "net_vid": 12409, "category": "tourism", "fire_min": 52.94160790119126, "poi_type": "information", "port_min": 19.033463009894493, "road_dist_m": 1.85140881, "access_score": 100}}, {"type": "Feature", "geometry": {"type": "Point", "coordinates": [20.7982511, 38.0740197]}, "properties": {"name": "CBR Car Rentals", "osm_id": 1313997459, "name_el": null, "name_en": null, "net_vid": 12412, "category": "other", "fire_min": 52.856856845328274, "poi_type": "car_rental", "port_min": 19.263228394320716, "road_dist_m": 6.31912804, "access_score": 100}}, {"type": "Feature", "geometry": {"type": "Point", "coordinates": [20.7977031, 38.0740404]}, "properties": {"name": "Venue", "osm_id": 1313997305, "name_el": null, "name_en": null, "net_vid": 12409, "category": "other", "fire_min": 52.998483719691265, "poi_type": "pub", "port_min": 19.090338828394493, "road_dist_m": 6.40147429, "access_score": 100}}, {"type": "Feature", "geometry": {"type": "Point", "coordinates": [20.79762, 38.0740475]}, "properties": {"name": "Niko's", "osm_id": 1313996893, "name_el": null, "name_en": null, "net_vid": 691, "category": "shop", "fire_min": 53.045057957343246, "poi_type": "bakery", "port_min": 19.358917207198655, "road_dist_m": 5.85054944, "access_score": 100}}, {"type": "Feature", "geometry": {"type": "Point", "coordinates": [20.7975298, 38.074058]}, "properties": {"name": null, "osm_id": 11114955804, "name_el": null, "name_en": null, "net_vid": 691, "category": "services", "fire_min": 53.03370922209325, "poi_type": "atm", "port_min": 19.347568471948655, "road_dist_m": 4.94265062, "access_score": 100}}, {"type": "Feature", "geometry": {"type": "Point", "coordinates": [20.7973966, 38.0740502]}, "properties": {"name": "Costa Azzura", "osm_id": 12058434492, "name_el": null, "name_en": null, "net_vid": 691, "category": "tourism", "fire_min": 53.04926893809325, "poi_type": "hotel", "port_min": 19.363128187948654, "road_dist_m": 6.1874279, "access_score": 100}}, {"type": "Feature", "geometry": {"type": "Point", "coordinates": [20.7972366, 38.0740525]}, "properties": {"name": "Athoi Manenth", "osm_id": 1313996832, "name_el": null, "name_en": null, "net_vid": 691, "category": "shop", "fire_min": 53.05177660646825, "poi_type": "bakery", "port_min": 19.365635856323653, "road_dist_m": 6.38804137, "access_score": 100}}, {"type": "Feature", "geometry": {"type": "Point", "coordinates": [20.7971829, 38.0742084]}, "properties": {"name": null, "osm_id": 1313996758, "name_el": null, "name_en": null, "net_vid": 691, "category": "other", "fire_min": 53.10635664234325, "poi_type": "place_of_worship", "port_min": 19.420215892198655, "road_dist_m": 10.75444424, "access_score": 99}}, {"type": "Feature", "geometry": {"type": "Point", "coordinates": [20.7978315, 38.0744528]}, "properties": {"name": null, "osm_id": 1313997049, "name_el": null, "name_en": null, "net_vid": 12409, "category": "other", "fire_min": 52.96546723869126, "poi_type": "pub", "port_min": 19.057322347394493, "road_dist_m": 3.76015581, "access_score": 100}}, {"type": "Feature", "geometry": {"type": "Point", "coordinates": [20.7969961, 38.0749997]}, "properties": {"name": "Odysseas's Manor House", "osm_id": 9962264434, "name_el": null, "name_en": null, "net_vid": 12354, "category": "food_drink", "fire_min": 53.237549012632705, "poi_type": "restaurant", "port_min": 19.329404121335934, "road_dist_m": 8.14164177, "access_score": 100}}, {"type": "Feature", "geometry": {"type": "Point", "coordinates": [20.7969801, 38.0747798]}, "properties": {"name": "Sallys Garden Bar", "osm_id": 1313997519, "name_el": null, "name_en": null, "net_vid": 12354, "category": "other", "fire_min": 53.23447517525771, "poi_type": "pub", "port_min": 19.32633028396093, "road_dist_m": 7.89573478, "access_score": 100}}, {"type": "Feature", "geometry": {"type": "Point", "coordinates": [20.7956006, 38.0751883]}, "properties": {"name": null, "osm_id": 4924094521, "name_el": null, "name_en": "Taverna Apostolis", "net_vid": 10466, "category": "food_drink", "fire_min": 53.522239230132264, "poi_type": "restaurant", "port_min": 19.72281520491576, "road_dist_m": 2.54651906, "access_score": 100}}, {"type": "Feature", "geometry": {"type": "Point", "coordinates": [20.7956272, 38.0741097]}, "properties": {"name": "Galaxy", "osm_id": 5617453222, "name_el": null, "name_en": null, "net_vid": 12358, "category": "shop", "fire_min": 53.13832302873757, "poi_type": "supermarket", "port_min": 19.730234236148792, "road_dist_m": 9.09245928, "access_score": 100}}, {"type": "Feature", "geometry": {"type": "Point", "coordinates": [20.7955729, 38.0740904]}, "properties": {"name": "Galaxy ZA", "osm_id": 5628307721, "name_el": "Galaxy", "name_en": null, "net_vid": 12358, "category": "shop", "fire_min": 53.16910950486256, "poi_type": "supermarket", "port_min": 19.761020712273794, "road_dist_m": 11.55537737, "access_score": 99}}, {"type": "Feature", "geometry": {"type": "Point", "coordinates": [20.7949868, 38.0743758]}, "properties": {"name": "ocean view", "osm_id": 5617487121, "name_el": null, "name_en": null, "net_vid": 12357, "category": "tourism", "fire_min": 53.39740978640369, "poi_type": "hotel", "port_min": 19.98932099381492, "road_dist_m": 16.80215777, "access_score": 99}}, {"type": "Feature", "geometry": {"type": "Point", "coordinates": [20.796236, 38.0757065]}, "properties": {"name": "Starlight Hotel", "osm_id": 1313996755, "name_el": null, "name_en": null, "net_vid": 11667, "category": "tourism", "fire_min": 53.86277132162516, "poi_type": "hotel", "port_min": 20.063347296408665, "road_dist_m": 13.58097474, "access_score": 99}}, {"type": "Feature", "geometry": {"type": "Point", "coordinates": [20.793396, 38.0800188]}, "properties": {"name": null, "osm_id": 11123403253, "name_el": null, "name_en": null, "net_vid": 12388, "category": "other", "fire_min": 55.052843274878875, "poi_type": "waste_basket", "port_min": 19.56125623501633, "road_dist_m": 1.4658576, "access_score": 100}}, {"type": "Feature", "geometry": {"type": "Point", "coordinates": [20.797206, 38.0805834]}, "properties": {"name": null, "osm_id": 11123403255, "name_el": null, "name_en": null, "net_vid": 12397, "category": "other", "fire_min": 54.927765397979, "poi_type": "waste_basket", "port_min": 18.373964086323774, "road_dist_m": 5.2532795, "access_score": 100}}, {"type": "Feature", "geometry": {"type": "Point", "coordinates": [20.8000516, 38.0803054]}, "properties": {"name": "Blue Manta Diving", "osm_id": 6593179758, "name_el": null, "name_en": null, "net_vid": 12401, "category": "other", "fire_min": 54.127625425252965, "poi_type": "dive_centre", "port_min": 17.57382411359774, "road_dist_m": 15.75409358, "access_score": 99}}, {"type": "Feature", "geometry": {"type": "Point", "coordinates": [20.8004739, 38.0825338]}, "properties": {"name": "DΕΙ blue - Regina Dell' Acqua", "osm_id": 12944638360, "name_el": null, "name_en": null, "net_vid": 12027, "category": "other", "fire_min": 54.39984496579254, "poi_type": "charging_station", "port_min": 17.198847784058174, "road_dist_m": 11.64382202, "access_score": 99}}, {"type": "Feature", "geometry": {"type": "Point", "coordinates": [20.8000359, 38.0852181]}, "properties": {"name": "Aeolos Beach Hotel", "osm_id": 13176967845, "name_el": null, "name_en": null, "net_vid": 12404, "category": "tourism", "fire_min": 55.95465143852498, "poi_type": "hotel", "port_min": 18.06867836773789, "road_dist_m": 19.44849794, "access_score": 99}}, {"type": "Feature", "geometry": {"type": "Point", "coordinates": [20.8011939, 38.0782684]}, "properties": {"name": null, "osm_id": 1410532429, "name_el": null, "name_en": null, "net_vid": 12362, "category": "other", "fire_min": 54.30233404873831, "poi_type": "ferry_terminal", "port_min": 18.479467693862397, "road_dist_m": 58.96818173, "access_score": 97}}, {"type": "Feature", "geometry": {"type": "Point", "coordinates": [20.80024, 38.0789269]}, "properties": {"name": "Baracca", "osm_id": 13181227763, "name_el": null, "name_en": null, "net_vid": 12399, "category": "food_drink", "fire_min": 53.83473208411981, "poi_type": "restaurant", "port_min": 17.751080653730902, "road_dist_m": 11.12862154, "access_score": 99}}, {"type": "Feature", "geometry": {"type": "Point", "coordinates": [20.8004236, 38.0785224]}, "properties": {"name": "Paspalis Tavern", "osm_id": 9947829719, "name_el": null, "name_en": null, "net_vid": 12400, "category": "food_drink", "fire_min": 53.721091823772014, "poi_type": "restaurant", "port_min": 17.7459393915787, "road_dist_m": 6.37736064, "access_score": 100}}, {"type": "Feature", "geometry": {"type": "Point", "coordinates": [20.8004655, 38.0781963]}, "properties": {"name": "Captain Vangelis Special Cruises", "osm_id": 4581677791, "name_el": "Captain Vangelis Special Cruises", "name_en": "Captain Vangelis Special Cruises", "net_vid": 12362, "category": "tourism", "fire_min": 53.62090246848831, "poi_type": "attraction", "port_min": 17.798036113612394, "road_dist_m": 4.45365531, "access_score": 100}}, {"type": "Feature", "geometry": {"type": "Point", "coordinates": [20.7997625, 38.0777396]}, "properties": {"name": "Muses", "osm_id": 7973458795, "name_el": null, "name_en": null, "net_vid": 13983, "category": "tourism", "fire_min": 54.067814487429466, "poi_type": "hotel", "port_min": 18.291946847417478, "road_dist_m": 19.52225044, "access_score": 99}}, {"type": "Feature", "geometry": {"type": "Point", "coordinates": [20.8001581, 38.07769]}, "properties": {"name": "Avra", "osm_id": 7973451646, "name_el": null, "name_en": null, "net_vid": 12406, "category": "food_drink", "fire_min": 53.63634430394738, "poi_type": "restaurant", "port_min": 18.043918833653315, "road_dist_m": 14.90663753, "access_score": 99}}, {"type": "Feature", "geometry": {"type": "Point", "coordinates": [20.8002493, 38.0780183]}, "properties": {"name": "Anassa Cafè pool bar", "osm_id": 7973443996, "name_el": null, "name_en": null, "net_vid": 12405, "category": "food_drink", "fire_min": 53.653699747556345, "poi_type": "cafe", "port_min": 17.877832107544357, "road_dist_m": 8.95738623, "access_score": 100}}, {"type": "Feature", "geometry": {"type": "Point", "coordinates": [20.8005249, 38.0774265]}, "properties": {"name": null, "osm_id": 11123443026, "name_el": null, "name_en": null, "net_vid": 12406, "category": "other", "fire_min": 53.520797673947385, "poi_type": "waste_basket", "port_min": 17.928372203653314, "road_dist_m": 5.66290713, "access_score": 100}}, {"type": "Feature", "geometry": {"type": "Point", "coordinates": [20.8001876, 38.0764189]}, "properties": {"name": "Pikona", "osm_id": 7973451648, "name_el": null, "name_en": null, "net_vid": 12407, "category": "food_drink", "fire_min": 53.685327132072246, "poi_type": "restaurant", "port_min": 18.36232279802845, "road_dist_m": 29.60210923, "access_score": 99}}, {"type": "Feature", "geometry": {"type": "Point", "coordinates": [20.7999971, 38.075984]}, "properties": {"name": "Makis Hotel", "osm_id": 7973451647, "name_el": null, "name_en": null, "net_vid": 12407, "category": "tourism", "fire_min": 53.84923059894725, "poi_type": "hotel", "port_min": 18.52622626490345, "road_dist_m": 42.71438658, "access_score": 98}}, {"type": "Feature", "geometry": {"type": "Point", "coordinates": [20.8002805, 38.0750167]}, "properties": {"name": null, "osm_id": 1313996769, "name_el": null, "name_en": null, "net_vid": 12414, "category": "other", "fire_min": 53.15213228402567, "poi_type": "pub", "port_min": 18.445552440575028, "road_dist_m": 11.60350101, "access_score": 99}}, {"type": "Feature", "geometry": {"type": "Point", "coordinates": [20.8004137, 38.074608]}, "properties": {"name": null, "osm_id": 7198076900, "name_el": null, "name_en": null, "net_vid": 12414, "category": "other", "fire_min": 53.06736247552567, "poi_type": "taxi", "port_min": 18.36078263207503, "road_dist_m": 4.82191633, "access_score": 100}}, {"type": "Feature", "geometry": {"type": "Point", "coordinates": [20.7989055, 38.0746936]}, "properties": {"name": "Captain's Bar", "osm_id": 7198076903, "name_el": null, "name_en": null, "net_vid": 12410, "category": "food_drink", "fire_min": 53.537972974129225, "poi_type": "bar", "port_min": 18.831393130678585, "road_dist_m": 4.83443417, "access_score": 100}}, {"type": "Feature", "geometry": {"type": "Point", "coordinates": [20.7984233, 38.0748388]}, "properties": {"name": null, "osm_id": 1313997341, "name_el": null, "name_en": null, "net_vid": 12410, "category": "services", "fire_min": 53.52289564425423, "poi_type": "parking", "port_min": 18.816315800803586, "road_dist_m": 3.62824778, "access_score": 100}}, {"type": "Feature", "geometry": {"type": "Point", "coordinates": [20.7991062, 38.0748163]}, "properties": {"name": "DiffeRent", "osm_id": 13180251058, "name_el": null, "name_en": null, "net_vid": 12411, "category": "other", "fire_min": 53.42444847431667, "poi_type": "car_rental", "port_min": 18.717868630866032, "road_dist_m": 14.91189789, "access_score": 99}}, {"type": "Feature", "geometry": {"type": "Point", "coordinates": [20.7992124, 38.0747858]}, "properties": {"name": "Amalia's", "osm_id": 13180238113, "name_el": null, "name_en": null, "net_vid": 12411, "category": "shop", "fire_min": 53.36104907469167, "poi_type": "gift", "port_min": 18.65446923124103, "road_dist_m": 9.83994592, "access_score": 100}}, {"type": "Feature", "geometry": {"type": "Point", "coordinates": [20.7994287, 38.07419]}, "properties": {"name": "Flamingo", "osm_id": 1313997469, "name_el": null, "name_en": null, "net_vid": 12317, "category": "food_drink", "fire_min": 53.310651025452394, "poi_type": "restaurant", "port_min": 18.981095271444943, "road_dist_m": 17.45316613, "access_score": 99}}, {"type": "Feature", "geometry": {"type": "Point", "coordinates": [20.7990633, 38.0741211]}, "properties": {"name": null, "osm_id": 1331141466, "name_el": null, "name_en": null, "net_vid": 12352, "category": "services", "fire_min": 53.119915060058716, "poi_type": "atm", "port_min": 18.95029123333862, "road_dist_m": 8.59156599, "access_score": 100}}, {"type": "Feature", "geometry": {"type": "Point", "coordinates": [20.798601, 38.0741309]}, "properties": {"name": "Veto Cocktail Bar", "osm_id": 7198076902, "name_el": null, "name_en": null, "net_vid": 12410, "category": "food_drink", "fire_min": 53.572400403004224, "poi_type": "bar", "port_min": 18.865820559553587, "road_dist_m": 7.58862848, "access_score": 100}}, {"type": "Feature", "geometry": {"type": "Point", "coordinates": [20.7984217, 38.0739974]}, "properties": {"name": "Budget Rent a Car", "osm_id": 1313997338, "name_el": null, "name_en": null, "net_vid": 12412, "category": "other", "fire_min": 52.878120015078274, "poi_type": "car_rental", "port_min": 19.284491564070716, "road_dist_m": 8.02018162, "access_score": 100}}, {"type": "Feature", "geometry": {"type": "Point", "coordinates": [20.7985542, 38.0740176]}, "properties": {"name": "Mikelatos", "osm_id": 4924104921, "name_el": null, "name_en": null, "net_vid": 12412, "category": "food_drink", "fire_min": 52.84264567357827, "poi_type": "restaurant", "port_min": 19.249017222570718, "road_dist_m": 5.1822343, "access_score": 100}}, {"type": "Feature", "geometry": {"type": "Point", "coordinates": [20.7986414, 38.0741124]}, "properties": {"name": null, "osm_id": 11114953423, "name_el": null, "name_en": null, "net_vid": 12410, "category": "services", "fire_min": 53.54904835450423, "poi_type": "atm", "port_min": 18.842468511053585, "road_dist_m": 5.7204646, "access_score": 100}}, {"type": "Feature", "geometry": {"type": "Point", "coordinates": [20.7988786, 38.0741161]}, "properties": {"name": "Main Streat", "osm_id": 7198076901, "name_el": null, "name_en": null, "net_vid": 12352, "category": "food_drink", "fire_min": 53.102552661308714, "poi_type": "restaurant", "port_min": 18.932928834588623, "road_dist_m": 7.20257409, "access_score": 100}}, {"type": "Feature", "geometry": {"type": "Point", "coordinates": [20.7989699, 38.0739582]}, "properties": {"name": "BBS Club", "osm_id": 1313996837, "name_el": null, "name_en": null, "net_vid": 12352, "category": "food_drink", "fire_min": 53.13612183693371, "poi_type": "restaurant", "port_min": 18.966498010213623, "road_dist_m": 9.88810814, "access_score": 100}}, {"type": "Feature", "geometry": {"type": "Point", "coordinates": [20.7991844, 38.073863]}, "properties": {"name": "Elea", "osm_id": 7973490339, "name_el": null, "name_en": null, "net_vid": 12352, "category": "food_drink", "fire_min": 53.12245773943371, "poi_type": "restaurant", "port_min": 18.952833912713622, "road_dist_m": 8.79498034, "access_score": 100}}, {"type": "Feature", "geometry": {"type": "Point", "coordinates": [20.7992021, 38.073957]}, "properties": {"name": "La Luna", "osm_id": 1313996891, "name_el": null, "name_en": null, "net_vid": 12352, "category": "food_drink", "fire_min": 53.124666600808716, "poi_type": "restaurant", "port_min": 18.95504277408862, "road_dist_m": 8.97168925, "access_score": 100}}, {"type": "Feature", "geometry": {"type": "Point", "coordinates": [20.7996072, 38.0735589]}, "properties": {"name": null, "osm_id": 1313997365, "name_el": null, "name_en": null, "net_vid": 12413, "category": "other", "fire_min": 53.193720108427186, "poi_type": "bench", "port_min": 19.30213020822015, "road_dist_m": 25.61732692, "access_score": 99}}, {"type": "Feature", "geometry": {"type": "Point", "coordinates": [20.7996467, 38.0737259]}, "properties": {"name": null, "osm_id": 1313996840, "name_el": null, "name_en": null, "net_vid": 12413, "category": "other", "fire_min": 53.32408562280219, "poi_type": "bench", "port_min": 19.43249572259515, "road_dist_m": 36.04656807, "access_score": 98}}, {"type": "Feature", "geometry": {"type": "Point", "coordinates": [20.7995162, 38.0739862]}, "properties": {"name": null, "osm_id": 11114965126, "name_el": null, "name_en": null, "net_vid": 12317, "category": "other", "fire_min": 53.16011817707739, "poi_type": "telephone", "port_min": 18.830562423069942, "road_dist_m": 5.41053826, "access_score": 100}}, {"type": "Feature", "geometry": {"type": "Point", "coordinates": [20.7994937, 38.0740948]}, "properties": {"name": "The Pines", "osm_id": 1313996844, "name_el": null, "name_en": null, "net_vid": 12317, "category": "food_drink", "fire_min": 53.17627032807739, "poi_type": "restaurant", "port_min": 18.846714574069942, "road_dist_m": 6.70271034, "access_score": 100}}, {"type": "Feature", "geometry": {"type": "Point", "coordinates": [20.8005003, 38.073875]}, "properties": {"name": null, "osm_id": 11118456815, "name_el": null, "name_en": null, "net_vid": 12416, "category": "other", "fire_min": 53.10989709865059, "poi_type": "waste_basket", "port_min": 19.667023241447662, "road_dist_m": 26.67840708, "access_score": 99}}, {"type": "Feature", "geometry": {"type": "Point", "coordinates": [20.8004941, 38.0738757]}, "properties": {"name": null, "osm_id": 11118456816, "name_el": null, "name_en": null, "net_vid": 12416, "category": "other", "fire_min": 53.10306460177559, "poi_type": "waste_basket", "port_min": 19.660190744572663, "road_dist_m": 26.13180733, "access_score": 99}}, {"type": "Feature", "geometry": {"type": "Point", "coordinates": [20.8002434, 38.0737115]}, "properties": {"name": "Metaxa Beach Bar", "osm_id": 3008975742, "name_el": null, "name_en": null, "net_vid": 12416, "category": "food_drink", "fire_min": 52.89181218502559, "poi_type": "restaurant", "port_min": 19.448938327822663, "road_dist_m": 9.23161399, "access_score": 100}}, {"type": "Feature", "geometry": {"type": "Point", "coordinates": [20.800197, 38.0737175]}, "properties": {"name": null, "osm_id": 11118424943, "name_el": null, "name_en": null, "net_vid": 12416, "category": "other", "fire_min": 52.84042482777559, "poi_type": "toilets", "port_min": 19.397550970572663, "road_dist_m": 5.12062541, "access_score": 100}}, {"type": "Feature", "geometry": {"type": "Point", "coordinates": [20.8001297, 38.0735483]}, "properties": {"name": null, "osm_id": 1313997350, "name_el": null, "name_en": null, "net_vid": 12416, "category": "shop", "fire_min": 52.882134838400596, "poi_type": "kiosk", "port_min": 19.439260981197663, "road_dist_m": 8.45742626, "access_score": 100}}, {"type": "Feature", "geometry": {"type": "Point", "coordinates": [20.8001891, 38.0735274]}, "properties": {"name": null, "osm_id": 11113798548, "name_el": null, "name_en": null, "net_vid": 12416, "category": "other", "fire_min": 52.92564651615059, "poi_type": "shower", "port_min": 19.482772658947663, "road_dist_m": 11.93836048, "access_score": 99}}, {"type": "Feature", "geometry": {"type": "Point", "coordinates": [20.8001827, 38.0735058]}, "properties": {"name": null, "osm_id": 11113798547, "name_el": null, "name_en": null, "net_vid": 12416, "category": "other", "fire_min": 52.905215082400595, "poi_type": "shower", "port_min": 19.46234122519766, "road_dist_m": 10.30384578, "access_score": 99}}, {"type": "Feature", "geometry": {"type": "Point", "coordinates": [20.7996516, 38.0727667]}, "properties": {"name": null, "osm_id": 1313996898, "name_el": null, "name_en": null, "net_vid": 12415, "category": "other", "fire_min": 52.90115914880013, "poi_type": "bench", "port_min": 19.458285291597203, "road_dist_m": 20.16109187, "access_score": 99}}, {"type": "Feature", "geometry": {"type": "Point", "coordinates": [20.7996812, 38.0728638]}, "properties": {"name": null, "osm_id": 1313997070, "name_el": null, "name_en": null, "net_vid": 12415, "category": "other", "fire_min": 52.918791584675134, "poi_type": "bench", "port_min": 19.4759177274722, "road_dist_m": 21.57168674, "access_score": 99}}, {"type": "Feature", "geometry": {"type": "Point", "coordinates": [20.7995283, 38.0732288]}, "properties": {"name": null, "osm_id": 1313996972, "name_el": null, "name_en": null, "net_vid": 12415, "category": "other", "fire_min": 52.792571767050134, "poi_type": "bench", "port_min": 19.3496979098472, "road_dist_m": 11.47410133, "access_score": 99}}, {"type": "Feature", "geometry": {"type": "Point", "coordinates": [20.7997413, 38.0735015]}, "properties": {"name": null, "osm_id": 1313997200, "name_el": null, "name_en": null, "net_vid": 12416, "category": "leisure", "fire_min": 52.971408268400594, "poi_type": "playground", "port_min": 19.52853441119766, "road_dist_m": 15.59930066, "access_score": 99}}, {"type": "Feature", "geometry": {"type": "Point", "coordinates": [20.7995628, 38.0734036]}, "properties": {"name": null, "osm_id": 1313997490, "name_el": null, "name_en": null, "net_vid": 12413, "category": "other", "fire_min": 53.08342267605218, "poi_type": "bench", "port_min": 19.19183277584515, "road_dist_m": 16.79353233, "access_score": 99}}, {"type": "Feature", "geometry": {"type": "Point", "coordinates": [20.799373, 38.0734773]}, "properties": {"name": null, "osm_id": 11114966208, "name_el": null, "name_en": null, "net_vid": 12413, "category": "other", "fire_min": 52.914831537177186, "poi_type": "waste_basket", "port_min": 19.02324163697015, "road_dist_m": 3.30624122, "access_score": 100}}, {"type": "Feature", "geometry": {"type": "Point", "coordinates": [20.7993758, 38.0734573]}, "properties": {"name": null, "osm_id": 11114966207, "name_el": null, "name_en": null, "net_vid": 12413, "category": "other", "fire_min": 52.90953937917718, "poi_type": "waste_basket", "port_min": 19.01794947897015, "road_dist_m": 2.88286858, "access_score": 100}}, {"type": "Feature", "geometry": {"type": "Point", "coordinates": [20.7992773, 38.0732326]}, "properties": {"name": "Panorama", "osm_id": 1313996901, "name_el": null, "name_en": null, "net_vid": 12415, "category": "food_drink", "fire_min": 52.773700566300136, "poi_type": "restaurant", "port_min": 19.330826709097202, "road_dist_m": 9.96440527, "access_score": 100}}, {"type": "Feature", "geometry": {"type": "Point", "coordinates": [20.7991515, 38.072741]}, "properties": {"name": null, "osm_id": 1313996860, "name_el": null, "name_en": null, "net_vid": 12415, "category": "food_drink", "fire_min": 52.90988218905014, "poi_type": "restaurant", "port_min": 19.4670083318472, "road_dist_m": 20.85893509, "access_score": 99}}, {"type": "Feature", "geometry": {"type": "Point", "coordinates": [20.7993704, 38.0722386]}, "properties": {"name": null, "osm_id": 1313996732, "name_el": null, "name_en": null, "net_vid": 12417, "category": "other", "fire_min": 52.675921420201405, "poi_type": "bench", "port_min": 19.84209633857397, "road_dist_m": 11.69989689, "access_score": 99}}, {"type": "Feature", "geometry": {"type": "Point", "coordinates": [20.7991174, 38.0724293]}, "properties": {"name": "Akri", "osm_id": 6985249250, "name_el": null, "name_en": null, "net_vid": 12417, "category": "food_drink", "fire_min": 52.762742293951405, "poi_type": "bar", "port_min": 19.92891721232397, "road_dist_m": 18.64556679, "access_score": 99}}, {"type": "Feature", "geometry": {"type": "Point", "coordinates": [20.7994499, 38.0717597]}, "properties": {"name": null, "osm_id": 6669927806, "name_el": null, "name_en": null, "net_vid": 12417, "category": "other", "fire_min": 52.60151904895141, "poi_type": "shower", "port_min": 19.76769396732397, "road_dist_m": 5.74770719, "access_score": 100}}, {"type": "Feature", "geometry": {"type": "Point", "coordinates": [20.7996043, 38.0723461]}, "properties": {"name": null, "osm_id": 1313996823, "name_el": null, "name_en": null, "net_vid": 12417, "category": "services", "fire_min": 52.61762318995141, "poi_type": "parking", "port_min": 19.78379810832397, "road_dist_m": 7.03603847, "access_score": 100}}, {"type": "Feature", "geometry": {"type": "Point", "coordinates": [20.7660152, 38.3201454]}, "properties": {"name": "Άγιος Ιωάννις", "osm_id": 940979829, "name_el": null, "name_en": null, "net_vid": 18174, "category": "other", "fire_min": null, "poi_type": "place_of_worship", "port_min": null, "road_dist_m": 8.640528, "access_score": 100}}, {"type": "Feature", "geometry": {"type": "Point", "coordinates": [20.7392773, 38.3756434]}, "properties": {"name": "Αγ. Παντελεήμονας", "osm_id": 458245934, "name_el": "St Panteleímon", "name_en": null, "net_vid": 18177, "category": "other", "fire_min": null, "poi_type": "place_of_worship", "port_min": null, "road_dist_m": 18.97380501, "access_score": 99}}, {"type": "Feature", "geometry": {"type": "Point", "coordinates": [20.7295601, 38.3860189]}, "properties": {"name": "summer bar", "osm_id": 939108539, "name_el": null, "name_en": null, "net_vid": 18240, "category": "food_drink", "fire_min": null, "poi_type": "cafe", "port_min": null, "road_dist_m": 370.6303608, "access_score": 81}}, {"type": "Feature", "geometry": {"type": "Point", "coordinates": [20.7101777, 38.3732728]}, "properties": {"name": "Ενετικά κανόνια", "osm_id": 5005115448, "name_el": null, "name_en": null, "net_vid": 18358, "category": "heritage", "fire_min": null, "poi_type": "monument", "port_min": null, "road_dist_m": 57.64457675, "access_score": 97}}, {"type": "Feature", "geometry": {"type": "Point", "coordinates": [20.70739, 38.3703495]}, "properties": {"name": "EKO", "osm_id": 458921904, "name_el": null, "name_en": null, "net_vid": 13628, "category": "services", "fire_min": null, "poi_type": "fuel", "port_min": null, "road_dist_m": 6.1068679, "access_score": 100}}, {"type": "Feature", "geometry": {"type": "Point", "coordinates": [20.7127598, 38.368277]}, "properties": {"name": "church of the Saviour", "osm_id": 940412626, "name_el": null, "name_en": null, "net_vid": 12455, "category": "other", "fire_min": null, "poi_type": "place_of_worship", "port_min": null, "road_dist_m": 155.80526355, "access_score": 92}}, {"type": "Feature", "geometry": {"type": "Point", "coordinates": [20.7117122, 38.3667076]}, "properties": {"name": "Civilmec", "osm_id": 11909357629, "name_el": null, "name_en": null, "net_vid": 12454, "category": "shop", "fire_min": null, "poi_type": "hardware", "port_min": null, "road_dist_m": 8.73964592, "access_score": 100}}, {"type": "Feature", "geometry": {"type": "Point", "coordinates": [20.7150979, 38.3659032]}, "properties": {"name": "Βαθύ", "osm_id": 2825133674, "name_el": "Βαθύ", "name_en": "Vathy", "net_vid": 582, "category": "other", "fire_min": null, "poi_type": "ferry_terminal", "port_min": null, "road_dist_m": 0, "access_score": 100}}, {"type": "Feature", "geometry": {"type": "Point", "coordinates": [20.7150161, 38.365718]}, "properties": {"name": null, "osm_id": 4426216083, "name_el": null, "name_en": null, "net_vid": 12457, "category": "shop", "fire_min": null, "poi_type": "convenience", "port_min": null, "road_dist_m": 5.74432128, "access_score": 100}}, {"type": "Feature", "geometry": {"type": "Point", "coordinates": [20.7150999, 38.365561]}, "properties": {"name": "Easywash", "osm_id": 9819541036, "name_el": null, "name_en": null, "net_vid": 12451, "category": "shop", "fire_min": null, "poi_type": "laundry", "port_min": null, "road_dist_m": 7.81501778, "access_score": 100}}, {"type": "Feature", "geometry": {"type": "Point", "coordinates": [20.7151368, 38.3655708]}, "properties": {"name": "Καραμέλα", "osm_id": 4426217798, "name_el": "Καραμέλα", "name_en": "Karamela", "net_vid": 12457, "category": "other", "fire_min": null, "poi_type": "pub", "port_min": null, "road_dist_m": 8.54148303, "access_score": 100}}, {"type": "Feature", "geometry": {"type": "Point", "coordinates": [20.7151176, 38.3655928]}, "properties": {"name": "Polyctor", "osm_id": 9879032281, "name_el": null, "name_en": null, "net_vid": 12457, "category": "shop", "fire_min": null, "poi_type": "travel_agency", "port_min": null, "road_dist_m": 6.15258645, "access_score": 100}}, {"type": "Feature", "geometry": {"type": "Point", "coordinates": [20.7103795, 38.3665586]}, "properties": {"name": null, "osm_id": 9819070591, "name_el": null, "name_en": null, "net_vid": 12453, "category": "services", "fire_min": null, "poi_type": "post_office", "port_min": null, "road_dist_m": 17.68028945, "access_score": 99}}, {"type": "Feature", "geometry": {"type": "Point", "coordinates": [20.7103999, 38.3668586]}, "properties": {"name": "Dentrakia", "osm_id": 11909359878, "name_el": null, "name_en": null, "net_vid": 12453, "category": "food_drink", "fire_min": null, "poi_type": "cafe", "port_min": null, "road_dist_m": 6.97475271, "access_score": 100}}, {"type": "Feature", "geometry": {"type": "Point", "coordinates": [20.7103087, 38.3668846]}, "properties": {"name": null, "osm_id": 11909359802, "name_el": null, "name_en": null, "net_vid": 12453, "category": "shop", "fire_min": null, "poi_type": "hardware", "port_min": null, "road_dist_m": 9.80505786, "access_score": 100}}, {"type": "Feature", "geometry": {"type": "Point", "coordinates": [20.7049623, 38.3663453]}, "properties": {"name": "Dendra", "osm_id": 5646243729, "name_el": null, "name_en": null, "net_vid": 18441, "category": "tourism", "fire_min": null, "poi_type": "guest_house", "port_min": null, "road_dist_m": 18.74337047, "access_score": 99}}, {"type": "Feature", "geometry": {"type": "Point", "coordinates": [20.7032163, 38.3699048]}, "properties": {"name": "Forkis Apartments", "osm_id": 11962987937, "name_el": null, "name_en": null, "net_vid": 12489, "category": "tourism", "fire_min": null, "poi_type": "apartment", "port_min": null, "road_dist_m": 17.39519175, "access_score": 99}}, {"type": "Feature", "geometry": {"type": "Point", "coordinates": [20.7049948, 38.3725755]}, "properties": {"name": null, "osm_id": 940096987, "name_el": null, "name_en": null, "net_vid": 16404, "category": "tourism", "fire_min": null, "poi_type": "viewpoint", "port_min": null, "road_dist_m": 56.33386298, "access_score": 97}}, {"type": "Feature", "geometry": {"type": "Point", "coordinates": [20.6815984, 38.3564744]}, "properties": {"name": "Cyclopean wall", "osm_id": 940553864, "name_el": null, "name_en": null, "net_vid": 12501, "category": "heritage", "fire_min": null, "poi_type": "archaeological_site", "port_min": null, "road_dist_m": 265.46965654, "access_score": 87}}, {"type": "Feature", "geometry": {"type": "Point", "coordinates": [20.684011, 38.3552981]}, "properties": {"name": "Αγίου Γεωργίου", "osm_id": 4248124545, "name_el": null, "name_en": null, "net_vid": 18266, "category": "other", "fire_min": null, "poi_type": "place_of_worship", "port_min": null, "road_dist_m": 40.52189838, "access_score": 98}}, {"type": "Feature", "geometry": {"type": "Point", "coordinates": [20.6835725, 38.3554311]}, "properties": {"name": "Αλαλκομενές", "osm_id": 940560991, "name_el": "Αλαλκομενές", "name_en": "Alalkomenés", "net_vid": 18266, "category": "heritage", "fire_min": null, "poi_type": "archaeological_site", "port_min": null, "road_dist_m": 78.55817116, "access_score": 96}}, {"type": "Feature", "geometry": {"type": "Point", "coordinates": [20.6830998, 38.350464]}, "properties": {"name": null, "osm_id": 11223296582, "name_el": null, "name_en": null, "net_vid": 18175, "category": "heritage", "fire_min": null, "poi_type": "ruins", "port_min": null, "road_dist_m": 238.8930842, "access_score": 88}}, {"type": "Feature", "geometry": {"type": "Point", "coordinates": [20.6847482, 38.3481431]}, "properties": {"name": "Πισαετός", "osm_id": 940137794, "name_el": null, "name_en": null, "net_vid": 18175, "category": "other", "fire_min": null, "poi_type": "ferry_terminal", "port_min": null, "road_dist_m": 0, "access_score": 100}}, {"type": "Feature", "geometry": {"type": "Point", "coordinates": [20.6849847, 38.3483551]}, "properties": {"name": null, "osm_id": 6822104988, "name_el": null, "name_en": null, "net_vid": 12500, "category": "other", "fire_min": null, "poi_type": "bench", "port_min": null, "road_dist_m": 18.76024044, "access_score": 99}}, {"type": "Feature", "geometry": {"type": "Point", "coordinates": [20.6850272, 38.3483531]}, "properties": {"name": null, "osm_id": 6822105186, "name_el": null, "name_en": "Night free spot camp", "net_vid": 12500, "category": "tourism", "fire_min": null, "poi_type": "camp_site", "port_min": null, "road_dist_m": 17.44425781, "access_score": 99}}, {"type": "Feature", "geometry": {"type": "Point", "coordinates": [20.6851365, 38.3483001]}, "properties": {"name": null, "osm_id": 6822104986, "name_el": null, "name_en": "Chalet probably usually open", "net_vid": 12500, "category": "food_drink", "fire_min": null, "poi_type": "bar", "port_min": null, "road_dist_m": 8.98760349, "access_score": 100}}, {"type": "Feature", "geometry": {"type": "Point", "coordinates": [20.6851341, 38.3483513]}, "properties": {"name": null, "osm_id": 6822105285, "name_el": null, "name_en": null, "net_vid": 12500, "category": "other", "fire_min": null, "poi_type": "toilets", "port_min": null, "road_dist_m": 14.21011971, "access_score": 99}}, {"type": "Feature", "geometry": {"type": "Point", "coordinates": [20.6851126, 38.3483668]}, "properties": {"name": null, "osm_id": 6822105286, "name_el": null, "name_en": null, "net_vid": 12500, "category": "other", "fire_min": null, "poi_type": "bench", "port_min": null, "road_dist_m": 16.64100775, "access_score": 99}}, {"type": "Feature", "geometry": {"type": "Point", "coordinates": [20.685295, 38.3484656]}, "properties": {"name": null, "osm_id": 3037015486, "name_el": null, "name_en": null, "net_vid": 12500, "category": "leisure", "fire_min": null, "poi_type": "marina", "port_min": null, "road_dist_m": 19.0446872, "access_score": 99}}, {"type": "Feature", "geometry": {"type": "Point", "coordinates": [20.7124188, 38.3526051]}, "properties": {"name": "Παλαιόχωρα", "osm_id": 9834072603, "name_el": null, "name_en": null, "net_vid": 16293, "category": "heritage", "fire_min": null, "poi_type": "ruins", "port_min": null, "road_dist_m": 238.93826116, "access_score": 88}}, {"type": "Feature", "geometry": {"type": "Point", "coordinates": [20.7136527, 38.3489115]}, "properties": {"name": null, "osm_id": 597239174, "name_el": null, "name_en": null, "net_vid": 14157, "category": "heritage", "fire_min": null, "poi_type": "place_of_worship", "port_min": null, "road_dist_m": 29.58652755, "access_score": 99}}, {"type": "Feature", "geometry": {"type": "Point", "coordinates": [20.7152516, 38.348271]}, "properties": {"name": "Ο Καλιώρας", "osm_id": 9834072602, "name_el": null, "name_en": null, "net_vid": 12511, "category": "food_drink", "fire_min": null, "poi_type": "restaurant", "port_min": null, "road_dist_m": 6.16247585, "access_score": 100}}, {"type": "Feature", "geometry": {"type": "Point", "coordinates": [20.7152689, 38.3483646]}, "properties": {"name": null, "osm_id": 4956538121, "name_el": null, "name_en": null, "net_vid": 12511, "category": "tourism", "fire_min": null, "poi_type": "viewpoint", "port_min": null, "road_dist_m": 4.12705551, "access_score": 100}}, {"type": "Feature", "geometry": {"type": "Point", "coordinates": [20.7174661, 38.3585182]}, "properties": {"name": "Panorama Apartmens", "osm_id": 4295663394, "name_el": null, "name_en": null, "net_vid": 15280, "category": "tourism", "fire_min": null, "poi_type": "hotel", "port_min": null, "road_dist_m": 0.66073501, "access_score": 100}}, {"type": "Feature", "geometry": {"type": "Point", "coordinates": [20.7163988, 38.3634847]}, "properties": {"name": "Franchise Σκλαβενίτης", "osm_id": 941460895, "name_el": "Franchise Σκλαβενίτης", "name_en": "Franchise Sklavenitis", "net_vid": 12602, "category": "shop", "fire_min": null, "poi_type": "supermarket", "port_min": null, "road_dist_m": 10.79149419, "access_score": 99}}, {"type": "Feature", "geometry": {"type": "Point", "coordinates": [20.7161519, 38.3641852]}, "properties": {"name": "Hotel Familia", "osm_id": 940090120, "name_el": null, "name_en": null, "net_vid": 12585, "category": "tourism", "fire_min": null, "poi_type": "hotel", "port_min": null, "road_dist_m": 10.90222938, "access_score": 99}}, {"type": "Feature", "geometry": {"type": "Point", "coordinates": [20.7168019, 38.3643218]}, "properties": {"name": "Kovtovios", "osm_id": 4426216082, "name_el": null, "name_en": null, "net_vid": 12650, "category": "shop", "fire_min": null, "poi_type": "supermarket", "port_min": null, "road_dist_m": 9.95953473, "access_score": 100}}, {"type": "Feature", "geometry": {"type": "Point", "coordinates": [20.7175671, 38.3642676]}, "properties": {"name": "Sirines", "osm_id": 4426225334, "name_el": null, "name_en": null, "net_vid": 15543, "category": "food_drink", "fire_min": null, "poi_type": "restaurant", "port_min": null, "road_dist_m": 5.53220608, "access_score": 100}}, {"type": "Feature", "geometry": {"type": "Point", "coordinates": [20.7177763, 38.364225]}, "properties": {"name": "Τρεχαντηρι", "osm_id": 4426225336, "name_el": null, "name_en": null, "net_vid": 15543, "category": "food_drink", "fire_min": null, "poi_type": "restaurant", "port_min": null, "road_dist_m": 7.82872409, "access_score": 100}}, {"type": "Feature", "geometry": {"type": "Point", "coordinates": [20.7176287, 38.3641777]}, "properties": {"name": "Deli Alimentari", "osm_id": 4426225331, "name_el": null, "name_en": null, "net_vid": 15543, "category": "shop", "fire_min": null, "poi_type": "deli", "port_min": null, "road_dist_m": 6.03980017, "access_score": 100}}, {"type": "Feature", "geometry": {"type": "Point", "coordinates": [20.717736, 38.3640231]}, "properties": {"name": null, "osm_id": 4426225332, "name_el": null, "name_en": null, "net_vid": 12587, "category": "shop", "fire_min": null, "poi_type": "greengrocer", "port_min": null, "road_dist_m": 5.61728224, "access_score": 100}}, {"type": "Feature", "geometry": {"type": "Point", "coordinates": [20.7184103, 38.3635146]}, "properties": {"name": "Kalkanis", "osm_id": 4426216080, "name_el": null, "name_en": null, "net_vid": 13103, "category": "food_drink", "fire_min": null, "poi_type": "restaurant", "port_min": null, "road_dist_m": 10.75427517, "access_score": 99}}, {"type": "Feature", "geometry": {"type": "Point", "coordinates": [20.7182279, 38.3635592]}, "properties": {"name": "Bakery of Ithaca", "osm_id": 9839532323, "name_el": null, "name_en": null, "net_vid": 13103, "category": "shop", "fire_min": null, "poi_type": "bakery", "port_min": null, "road_dist_m": 6.30792462, "access_score": 100}}, {"type": "Feature", "geometry": {"type": "Point", "coordinates": [20.7183428, 38.3636964]}, "properties": {"name": "Νίκος", "osm_id": 4426217801, "name_el": "Νίκος", "name_en": "Nikos", "net_vid": 13794, "category": "food_drink", "fire_min": null, "poi_type": "restaurant", "port_min": null, "road_dist_m": 5.26777433, "access_score": 100}}, {"type": "Feature", "geometry": {"type": "Point", "coordinates": [20.7181964, 38.3637915]}, "properties": {"name": "Ανεμόλια", "osm_id": 12018262935, "name_el": null, "name_en": null, "net_vid": 13794, "category": "shop", "fire_min": null, "poi_type": "florist", "port_min": null, "road_dist_m": 4.01806327, "access_score": 100}}, {"type": "Feature", "geometry": {"type": "Point", "coordinates": [20.7181741, 38.3638274]}, "properties": {"name": "Το Κάτοπτρον", "osm_id": 12018262934, "name_el": null, "name_en": null, "net_vid": 13794, "category": "shop", "fire_min": null, "poi_type": "optician", "port_min": null, "road_dist_m": 4.42792785, "access_score": 100}}, {"type": "Feature", "geometry": {"type": "Point", "coordinates": [20.7183277, 38.3637984]}, "properties": {"name": null, "osm_id": 4426216086, "name_el": null, "name_en": null, "net_vid": 13794, "category": "shop", "fire_min": null, "poi_type": "greengrocer", "port_min": null, "road_dist_m": 6.98358861, "access_score": 100}}, {"type": "Feature", "geometry": {"type": "Point", "coordinates": [20.7181009, 38.3639464]}, "properties": {"name": "Εθνικη Τραπεζα", "osm_id": 4301729389, "name_el": "Εθνικη Τραπεζα", "name_en": "National Bank", "net_vid": 12594, "category": "services", "fire_min": null, "poi_type": "atm", "port_min": null, "road_dist_m": 6.20737178, "access_score": 100}}, {"type": "Feature", "geometry": {"type": "Point", "coordinates": [20.7179629, 38.3638705]}, "properties": {"name": "Sesto", "osm_id": 4426225333, "name_el": null, "name_en": null, "net_vid": 12588, "category": "food_drink", "fire_min": null, "poi_type": "cafe", "port_min": null, "road_dist_m": 6.39526667, "access_score": 100}}, {"type": "Feature", "geometry": {"type": "Point", "coordinates": [20.7179885, 38.3641977]}, "properties": {"name": null, "osm_id": 4426217790, "name_el": null, "name_en": null, "net_vid": 12594, "category": "food_drink", "fire_min": null, "poi_type": "cafe", "port_min": null, "road_dist_m": 22.88240893, "access_score": 99}}, {"type": "Feature", "geometry": {"type": "Point", "coordinates": [20.7179282, 38.3642587]}, "properties": {"name": "δωδώνη", "osm_id": 4426217803, "name_el": "δωδώνη", "name_en": "dodoni", "net_vid": 15543, "category": "food_drink", "fire_min": null, "poi_type": "cafe", "port_min": null, "road_dist_m": 21.33572101, "access_score": 99}}, {"type": "Feature", "geometry": {"type": "Point", "coordinates": [20.7181534, 38.3642696]}, "properties": {"name": null, "osm_id": 12018262922, "name_el": null, "name_en": null, "net_vid": 12593, "category": "leisure", "fire_min": null, "poi_type": "outdoor_seating", "port_min": null, "road_dist_m": 21.97178958, "access_score": 99}}, {"type": "Feature", "geometry": {"type": "Point", "coordinates": [20.7182117, 38.3641947]}, "properties": {"name": null, "osm_id": 12018262923, "name_el": null, "name_en": null, "net_vid": 12593, "category": "leisure", "fire_min": null, "poi_type": "outdoor_seating", "port_min": null, "road_dist_m": 12.22143125, "access_score": 99}}, {"type": "Feature", "geometry": {"type": "Point", "coordinates": [20.7182067, 38.3640939]}, "properties": {"name": null, "osm_id": 941485543, "name_el": null, "name_en": null, "net_vid": 12594, "category": "other", "fire_min": null, "poi_type": "taxi", "port_min": null, "road_dist_m": 2.99615515, "access_score": 100}}, {"type": "Feature", "geometry": {"type": "Point", "coordinates": [20.7182039, 38.3640023]}, "properties": {"name": null, "osm_id": 12018262933, "name_el": null, "name_en": null, "net_vid": 12594, "category": "shop", "fire_min": null, "poi_type": "clothes", "port_min": null, "road_dist_m": 5.46854129, "access_score": 100}}, {"type": "Feature", "geometry": {"type": "Point", "coordinates": [20.7182967, 38.3640371]}, "properties": {"name": "Γύρο Γύρο Όλοι", "osm_id": 4426217795, "name_el": null, "name_en": null, "net_vid": 12594, "category": "food_drink", "fire_min": null, "poi_type": "fast_food", "port_min": null, "road_dist_m": 6.53582835, "access_score": 100}}, {"type": "Feature", "geometry": {"type": "Point", "coordinates": [20.7183918, 38.3640764]}, "properties": {"name": null, "osm_id": 12018262925, "name_el": null, "name_en": null, "net_vid": 12593, "category": "shop", "fire_min": null, "poi_type": "butcher", "port_min": null, "road_dist_m": 4.04984559, "access_score": 100}}, {"type": "Feature", "geometry": {"type": "Point", "coordinates": [20.7185115, 38.364118]}, "properties": {"name": null, "osm_id": 4426217789, "name_el": null, "name_en": null, "net_vid": 13671, "category": "food_drink", "fire_min": null, "poi_type": "fast_food", "port_min": null, "road_dist_m": 7.38034785, "access_score": 100}}, {"type": "Feature", "geometry": {"type": "Point", "coordinates": [20.7184525, 38.3643193]}, "properties": {"name": null, "osm_id": 12018262924, "name_el": null, "name_en": null, "net_vid": 13671, "category": "leisure", "fire_min": null, "poi_type": "outdoor_seating", "port_min": null, "road_dist_m": 12.66789335, "access_score": 99}}, {"type": "Feature", "geometry": {"type": "Point", "coordinates": [20.7187906, 38.3642322]}, "properties": {"name": "Τραπεζα πειραιωσ", "osm_id": 4295660104, "name_el": null, "name_en": null, "net_vid": 12643, "category": "services", "fire_min": null, "poi_type": "bank", "port_min": null, "road_dist_m": 11.14314374, "access_score": 99}}, {"type": "Feature", "geometry": {"type": "Point", "coordinates": [20.7188988, 38.3642735]}, "properties": {"name": "Alpha Bank", "osm_id": 4295682994, "name_el": null, "name_en": null, "net_vid": 12644, "category": "services", "fire_min": null, "poi_type": "bank", "port_min": null, "road_dist_m": 8.19181367, "access_score": 100}}, {"type": "Feature", "geometry": {"type": "Point", "coordinates": [20.7187291, 38.3641977]}, "properties": {"name": null, "osm_id": 4426217791, "name_el": null, "name_en": null, "net_vid": 12643, "category": "shop", "fire_min": null, "poi_type": "bakery", "port_min": null, "road_dist_m": 11.6163798, "access_score": 99}}, {"type": "Feature", "geometry": {"type": "Point", "coordinates": [20.7187237, 38.3639309]}, "properties": {"name": "Poseidon", "osm_id": 4426246465, "name_el": null, "name_en": null, "net_vid": 12595, "category": "food_drink", "fire_min": null, "poi_type": "restaurant", "port_min": null, "road_dist_m": 16.7422049, "access_score": 99}}, {"type": "Feature", "geometry": {"type": "Point", "coordinates": [20.7185278, 38.363742]}, "properties": {"name": "Πρώτο", "osm_id": 4426225335, "name_el": "Πρώτο", "name_en": "Proto", "net_vid": 12595, "category": "shop", "fire_min": null, "poi_type": "supermarket", "port_min": null, "road_dist_m": 7.01357286, "access_score": 100}}, {"type": "Feature", "geometry": {"type": "Point", "coordinates": [20.7188581, 38.3636479]}, "properties": {"name": "Europcar", "osm_id": 4426265820, "name_el": null, "name_en": null, "net_vid": 12595, "category": "other", "fire_min": null, "poi_type": "car_rental", "port_min": null, "road_dist_m": 8.22325126, "access_score": 100}}, {"type": "Feature", "geometry": {"type": "Point", "coordinates": [20.71919, 38.3644045]}, "properties": {"name": "Κ.Ε.Καραβια", "osm_id": 4426217797, "name_el": null, "name_en": null, "net_vid": 12645, "category": "health", "fire_min": null, "poi_type": "pharmacy", "port_min": null, "road_dist_m": 12.31613803, "access_score": 99}}, {"type": "Feature", "geometry": {"type": "Point", "coordinates": [20.7181112, 38.3625954]}, "properties": {"name": "Korina Gallery", "osm_id": 4295659704, "name_el": null, "name_en": null, "net_vid": 12590, "category": "tourism", "fire_min": null, "poi_type": "hotel", "port_min": null, "road_dist_m": 5.54066522, "access_score": 100}}, {"type": "Feature", "geometry": {"type": "Point", "coordinates": [20.7209264, 38.361462]}, "properties": {"name": null, "osm_id": 458950551, "name_el": null, "name_en": null, "net_vid": 12555, "category": "education", "fire_min": null, "poi_type": "school", "port_min": null, "road_dist_m": 21.85815445, "access_score": 99}}, {"type": "Feature", "geometry": {"type": "Point", "coordinates": [20.7215631, 38.3626197]}, "properties": {"name": "Γυμνάσιο Ιθάκης", "osm_id": 6345119044, "name_el": null, "name_en": null, "net_vid": 12608, "category": "education", "fire_min": null, "poi_type": "school", "port_min": null, "road_dist_m": 19.60766092, "access_score": 99}}, {"type": "Feature", "geometry": {"type": "Point", "coordinates": [20.7226131, 38.3630212]}, "properties": {"name": "Α.Π.", "osm_id": 941493046, "name_el": null, "name_en": null, "net_vid": 12619, "category": "services", "fire_min": null, "poi_type": "fuel", "port_min": null, "road_dist_m": 5.5862701, "access_score": 100}}, {"type": "Feature", "geometry": {"type": "Point", "coordinates": [20.7211766, 38.3628345]}, "properties": {"name": "Λύκειο Ιθάκης", "osm_id": 6345117920, "name_el": null, "name_en": null, "net_vid": 12608, "category": "education", "fire_min": null, "poi_type": "school", "port_min": null, "road_dist_m": 17.58617512, "access_score": 99}}, {"type": "Feature", "geometry": {"type": "Point", "coordinates": [20.7205923, 38.364978]}, "properties": {"name": "ΑΒ Βασιλόπουλος", "osm_id": 4295660102, "name_el": "ΑΒ Βασιλόπουλος", "name_en": "AB Vassilopoulos", "net_vid": 12621, "category": "shop", "fire_min": null, "poi_type": "supermarket", "port_min": null, "road_dist_m": 14.16158827, "access_score": 99}}, {"type": "Feature", "geometry": {"type": "Point", "coordinates": [20.7202138, 38.3649439]}, "properties": {"name": null, "osm_id": 9104797374, "name_el": null, "name_en": null, "net_vid": 12583, "category": "other", "fire_min": null, "poi_type": "bench", "port_min": null, "road_dist_m": 3.77956565, "access_score": 100}}, {"type": "Feature", "geometry": {"type": "Point", "coordinates": [20.720672, 38.3661421]}, "properties": {"name": null, "osm_id": 13784995966, "name_el": null, "name_en": null, "net_vid": 12651, "category": "other", "fire_min": null, "poi_type": "bench", "port_min": null, "road_dist_m": 3.52465446, "access_score": 100}}, {"type": "Feature", "geometry": {"type": "Point", "coordinates": [20.7207575, 38.3659793]}, "properties": {"name": null, "osm_id": 13785012778, "name_el": null, "name_en": null, "net_vid": 12651, "category": "other", "fire_min": null, "poi_type": "bench", "port_min": null, "road_dist_m": 3.34469888, "access_score": 100}}, {"type": "Feature", "geometry": {"type": "Point", "coordinates": [20.7217853, 38.3654686]}, "properties": {"name": "Iron Fitness", "osm_id": 11204827733, "name_el": null, "name_en": null, "net_vid": 12642, "category": "leisure", "fire_min": null, "poi_type": "fitness_centre", "port_min": null, "road_dist_m": 4.14879825, "access_score": 100}}, {"type": "Feature", "geometry": {"type": "Point", "coordinates": [20.7218825, 38.3650641]}, "properties": {"name": "Προτομή Ευγένιου Καραβία", "osm_id": 12018313988, "name_el": "Προτομή Ευγένιου Καραβία", "name_en": "Bust of Evgenios Karavias", "net_vid": 12628, "category": "tourism", "fire_min": null, "poi_type": "artwork", "port_min": null, "road_dist_m": 6.85169245, "access_score": 100}}, {"type": "Feature", "geometry": {"type": "Point", "coordinates": [20.7218474, 38.3647699]}, "properties": {"name": "Ηρώο", "osm_id": 12018313989, "name_el": null, "name_en": null, "net_vid": 12627, "category": "heritage", "fire_min": null, "poi_type": "memorial", "port_min": null, "road_dist_m": 17.5426983, "access_score": 99}}, {"type": "Feature", "geometry": {"type": "Point", "coordinates": [20.7215252, 38.3646124]}, "properties": {"name": "Αρχαιολογικό Μουσείο Ιθάκης", "osm_id": 458232861, "name_el": "Αρχαιολογικό Μουσείο Ιθάκης", "name_en": "Ithaca archaeological museum", "net_vid": 12629, "category": "tourism", "fire_min": null, "poi_type": "museum", "port_min": null, "road_dist_m": 18.96400593, "access_score": 99}}, {"type": "Feature", "geometry": {"type": "Point", "coordinates": [20.7204938, 38.3665035]}, "properties": {"name": null, "osm_id": 13785025111, "name_el": null, "name_en": null, "net_vid": 12656, "category": "other", "fire_min": null, "poi_type": "bench", "port_min": null, "road_dist_m": 2.98838867, "access_score": 100}}, {"type": "Feature", "geometry": {"type": "Point", "coordinates": [20.7205961, 38.366321]}, "properties": {"name": null, "osm_id": 13785003711, "name_el": null, "name_en": null, "net_vid": 12656, "category": "other", "fire_min": null, "poi_type": "bench", "port_min": null, "road_dist_m": 2.2586774, "access_score": 100}}, {"type": "Feature", "geometry": {"type": "Point", "coordinates": [20.7191296, 38.3678514]}, "properties": {"name": "Soulatso", "osm_id": 4426167055, "name_el": null, "name_en": null, "net_vid": 14241, "category": "food_drink", "fire_min": null, "poi_type": "bar", "port_min": null, "road_dist_m": 11.12393415, "access_score": 99}}, {"type": "Feature", "geometry": {"type": "Point", "coordinates": [20.7189848, 38.3679355]}, "properties": {"name": "Mylos", "osm_id": 4426167054, "name_el": null, "name_en": null, "net_vid": 14241, "category": "food_drink", "fire_min": null, "poi_type": "bar", "port_min": null, "road_dist_m": 12.51239509, "access_score": 99}}, {"type": "Feature", "geometry": {"type": "Point", "coordinates": [20.7188801, 38.3679774]}, "properties": {"name": "Το κατώι του Λάλα", "osm_id": 9838976538, "name_el": null, "name_en": null, "net_vid": 12634, "category": "food_drink", "fire_min": null, "poi_type": "bar", "port_min": null, "road_dist_m": 9.91706599, "access_score": 100}}, {"type": "Feature", "geometry": {"type": "Point", "coordinates": [20.7201418, 38.3648999]}, "properties": {"name": null, "osm_id": 9104814233, "name_el": null, "name_en": null, "net_vid": 12583, "category": "other", "fire_min": null, "poi_type": "waste_basket", "port_min": null, "road_dist_m": 4.73132717, "access_score": 100}}, {"type": "Feature", "geometry": {"type": "Point", "coordinates": [20.7189703, 38.3645204]}, "properties": {"name": null, "osm_id": 13785016444, "name_el": null, "name_en": null, "net_vid": 12644, "category": "other", "fire_min": null, "poi_type": "bench", "port_min": null, "road_dist_m": 8.47571301, "access_score": 100}}, {"type": "Feature", "geometry": {"type": "Point", "coordinates": [20.7178617, 38.3644694]}, "properties": {"name": null, "osm_id": 9104795515, "name_el": null, "name_en": null, "net_vid": 15543, "category": "other", "fire_min": null, "poi_type": "bench", "port_min": null, "road_dist_m": 29.42184218, "access_score": 99}}, {"type": "Feature", "geometry": {"type": "Point", "coordinates": [20.7180775, 38.364654]}, "properties": {"name": "Προτομή του Ομήρου", "osm_id": 12018270474, "name_el": "Προτομή του Ομήρου", "name_en": "Bust of Homer", "net_vid": 12648, "category": "tourism", "fire_min": null, "poi_type": "artwork", "port_min": null, "road_dist_m": 17.53081393, "access_score": 99}}, {"type": "Feature", "geometry": {"type": "Point", "coordinates": [20.7182305, 38.3649493]}, "properties": {"name": "Άγαλμα του Οδυσσέα", "osm_id": 8781304050, "name_el": "Άγαλμα του Οδυσσέα", "name_en": "Odysseus Statue", "net_vid": 12648, "category": "tourism", "fire_min": null, "poi_type": "artwork", "port_min": null, "road_dist_m": 14.27651683, "access_score": 99}}, {"type": "Feature", "geometry": {"type": "Point", "coordinates": [20.7173268, 38.3650048]}, "properties": {"name": null, "osm_id": 12018262943, "name_el": null, "name_en": null, "net_vid": 12648, "category": "leisure", "fire_min": null, "poi_type": "outdoor_seating", "port_min": null, "road_dist_m": 6.47168461, "access_score": 100}}, {"type": "Feature", "geometry": {"type": "Point", "coordinates": [20.7172799, 38.3648931]}, "properties": {"name": "Taverna Batis", "osm_id": 4426217792, "name_el": null, "name_en": null, "net_vid": 12648, "category": "food_drink", "fire_min": null, "poi_type": "restaurant", "port_min": null, "road_dist_m": 6.5779893, "access_score": 100}}, {"type": "Feature", "geometry": {"type": "Point", "coordinates": [20.7174784, 38.3649649]}, "properties": {"name": null, "osm_id": 12018262942, "name_el": null, "name_en": null, "net_vid": 12648, "category": "leisure", "fire_min": null, "poi_type": "outdoor_seating", "port_min": null, "road_dist_m": 8.85677463, "access_score": 100}}, {"type": "Feature", "geometry": {"type": "Point", "coordinates": [20.717619, 38.3650244]}, "properties": {"name": null, "osm_id": 940043521, "name_el": null, "name_en": null, "net_vid": 12648, "category": "other", "fire_min": null, "poi_type": "coast_guard", "port_min": null, "road_dist_m": 21.45538956, "access_score": 99}}, {"type": "Feature", "geometry": {"type": "Point", "coordinates": [20.7177003, 38.3648962]}, "properties": {"name": "Λιμεναρχείο Ιθάκης", "osm_id": 12018262941, "name_el": "Λιμεναρχείο Ιθάκης", "name_en": "Coast Guard and Port Authority of Ithaca", "net_vid": 12648, "category": "other", "fire_min": null, "poi_type": "coast_guard", "port_min": null, "road_dist_m": 15.99291623, "access_score": 99}}, {"type": "Feature", "geometry": {"type": "Point", "coordinates": [20.717608, 38.3647245]}, "properties": {"name": "Ζώης", "osm_id": 9879026221, "name_el": null, "name_en": null, "net_vid": 12648, "category": "food_drink", "fire_min": null, "poi_type": "restaurant", "port_min": null, "road_dist_m": 2.68724598, "access_score": 100}}, {"type": "Feature", "geometry": {"type": "Point", "coordinates": [20.7177253, 38.3645414]}, "properties": {"name": "Μαρια Ε. Μαρουλη", "osm_id": 4426217800, "name_el": null, "name_en": null, "net_vid": 15655, "category": "health", "fire_min": null, "poi_type": "pharmacy", "port_min": null, "road_dist_m": 19.33679019, "access_score": 99}}, {"type": "Feature", "geometry": {"type": "Point", "coordinates": [20.7178257, 38.3645083]}, "properties": {"name": null, "osm_id": 9104785241, "name_el": null, "name_en": null, "net_vid": 15655, "category": "other", "fire_min": null, "poi_type": "bench", "port_min": null, "road_dist_m": 24.37642432, "access_score": 99}}, {"type": "Feature", "geometry": {"type": "Point", "coordinates": [20.7178317, 38.3644787]}, "properties": {"name": null, "osm_id": 9104788543, "name_el": null, "name_en": null, "net_vid": 15655, "category": "other", "fire_min": null, "poi_type": "telephone", "port_min": null, "road_dist_m": 27.68821733, "access_score": 99}}, {"type": "Feature", "geometry": {"type": "Point", "coordinates": [20.7178165, 38.3644501]}, "properties": {"name": "ΕΛΤΑ", "osm_id": 4295700889, "name_el": null, "name_en": null, "net_vid": 15655, "category": "services", "fire_min": null, "poi_type": "post_office", "port_min": null, "road_dist_m": 24.78104086, "access_score": 99}}, {"type": "Feature", "geometry": {"type": "Point", "coordinates": [20.7177577, 38.3645257]}, "properties": {"name": "Delas Tours", "osm_id": 9879032280, "name_el": null, "name_en": null, "net_vid": 15655, "category": "shop", "fire_min": null, "poi_type": "travel_agency", "port_min": null, "road_dist_m": 21.2201004, "access_score": 99}}, {"type": "Feature", "geometry": {"type": "Point", "coordinates": [20.7176145, 38.3645059]}, "properties": {"name": null, "osm_id": 4953168921, "name_el": null, "name_en": null, "net_vid": 15655, "category": "other", "fire_min": null, "poi_type": "drinking_water", "port_min": null, "road_dist_m": 13.50742615, "access_score": 99}}, {"type": "Feature", "geometry": {"type": "Point", "coordinates": [20.7175229, 38.3648067]}, "properties": {"name": "The North Bakery", "osm_id": 11909570874, "name_el": null, "name_en": null, "net_vid": 12648, "category": "shop", "fire_min": null, "poi_type": "bakery", "port_min": null, "road_dist_m": 2.22986348, "access_score": 100}}, {"type": "Feature", "geometry": {"type": "Point", "coordinates": [20.7169004, 38.36483]}, "properties": {"name": "Kantoyni", "osm_id": 4426216081, "name_el": null, "name_en": "Kantouni", "net_vid": 12649, "category": "food_drink", "fire_min": null, "poi_type": "restaurant", "port_min": null, "road_dist_m": 5.77620106, "access_score": 100}}, {"type": "Feature", "geometry": {"type": "Point", "coordinates": [20.7168494, 38.3649186]}, "properties": {"name": null, "osm_id": 12018262944, "name_el": null, "name_en": null, "net_vid": 12649, "category": "leisure", "fire_min": null, "poi_type": "outdoor_seating", "port_min": null, "road_dist_m": 5.01277249, "access_score": 100}}, {"type": "Feature", "geometry": {"type": "Point", "coordinates": [20.7170747, 38.3650059]}, "properties": {"name": null, "osm_id": 12018262945, "name_el": null, "name_en": null, "net_vid": 12649, "category": "leisure", "fire_min": null, "poi_type": "outdoor_seating", "port_min": null, "road_dist_m": 5.09788491, "access_score": 100}}, {"type": "Feature", "geometry": {"type": "Point", "coordinates": [20.7162515, 38.364956]}, "properties": {"name": null, "osm_id": 9819541035, "name_el": null, "name_en": null, "net_vid": 12459, "category": "other", "fire_min": null, "poi_type": "shower", "port_min": null, "road_dist_m": 21.26453819, "access_score": 99}}, {"type": "Feature", "geometry": {"type": "Point", "coordinates": [20.7165283, 38.3646811]}, "properties": {"name": null, "osm_id": 9104750785, "name_el": null, "name_en": null, "net_vid": 12647, "category": "services", "fire_min": null, "poi_type": "atm", "port_min": null, "road_dist_m": 5.93064386, "access_score": 100}}, {"type": "Feature", "geometry": {"type": "Point", "coordinates": [20.7166735, 38.3647318]}, "properties": {"name": "Sõddis", "osm_id": 11915119107, "name_el": null, "name_en": null, "net_vid": 12650, "category": "food_drink", "fire_min": null, "poi_type": "cafe", "port_min": null, "road_dist_m": 6.60458118, "access_score": 100}}, {"type": "Feature", "geometry": {"type": "Point", "coordinates": [20.7164492, 38.3646407]}, "properties": {"name": "Βοντασ", "osm_id": 4426217794, "name_el": "Βοντασ", "name_en": "Bontas", "net_vid": 12647, "category": "food_drink", "fire_min": null, "poi_type": "cafe", "port_min": null, "road_dist_m": 6.8313305, "access_score": 100}}, {"type": "Feature", "geometry": {"type": "Point", "coordinates": [20.7163042, 38.3646018]}, "properties": {"name": "Τοξοτησ", "osm_id": 4426217802, "name_el": "Τοξοτησ", "name_en": "Toxotis", "net_vid": 12647, "category": "food_drink", "fire_min": null, "poi_type": "cafe", "port_min": null, "road_dist_m": 3.87755498, "access_score": 100}}, {"type": "Feature", "geometry": {"type": "Point", "coordinates": [20.7162913, 38.3646223]}, "properties": {"name": null, "osm_id": 11205763637, "name_el": null, "name_en": "Toxotis", "net_vid": 12647, "category": "food_drink", "fire_min": null, "poi_type": "cafe", "port_min": null, "road_dist_m": 4.08259202, "access_score": 100}}, {"type": "Feature", "geometry": {"type": "Point", "coordinates": [20.7162481, 38.3646081]}, "properties": {"name": "Κοχυλι", "osm_id": 4426217799, "name_el": "Κοχυλι", "name_en": "Kohili", "net_vid": 12646, "category": "food_drink", "fire_min": null, "poi_type": "restaurant", "port_min": null, "road_dist_m": 9.42365238, "access_score": 100}}, {"type": "Feature", "geometry": {"type": "Point", "coordinates": [20.7162377, 38.3646212]}, "properties": {"name": null, "osm_id": 11205763537, "name_el": null, "name_en": "Kohili", "net_vid": 12646, "category": "food_drink", "fire_min": null, "poi_type": "restaurant", "port_min": null, "road_dist_m": 8.18686097, "access_score": 100}}, {"type": "Feature", "geometry": {"type": "Point", "coordinates": [20.7161716, 38.3646186]}, "properties": {"name": "Η Γωνια", "osm_id": 4426217796, "name_el": null, "name_en": null, "net_vid": 12646, "category": "food_drink", "fire_min": null, "poi_type": "restaurant", "port_min": null, "road_dist_m": 4.8301779, "access_score": 100}}, {"type": "Feature", "geometry": {"type": "Point", "coordinates": [20.7163331, 38.3648092]}, "properties": {"name": null, "osm_id": 12018262946, "name_el": null, "name_en": null, "net_vid": 12647, "category": "leisure", "fire_min": null, "poi_type": "outdoor_seating", "port_min": null, "road_dist_m": 13.6441891, "access_score": 99}}, {"type": "Feature", "geometry": {"type": "Point", "coordinates": [20.7160046, 38.3647688]}, "properties": {"name": "Fornello", "osm_id": 11912209903, "name_el": null, "name_en": null, "net_vid": 12459, "category": "food_drink", "fire_min": null, "poi_type": "cafe", "port_min": null, "road_dist_m": 8.54966973, "access_score": 100}}, {"type": "Feature", "geometry": {"type": "Point", "coordinates": [20.7159492, 38.3648461]}, "properties": {"name": "Del Sol", "osm_id": 11912196216, "name_el": null, "name_en": null, "net_vid": 12459, "category": "food_drink", "fire_min": null, "poi_type": "cafe", "port_min": null, "road_dist_m": 7.02727918, "access_score": 100}}, {"type": "Feature", "geometry": {"type": "Point", "coordinates": [20.7160595, 38.3647169]}, "properties": {"name": null, "osm_id": 12018262948, "name_el": null, "name_en": null, "net_vid": 12459, "category": "other", "fire_min": null, "poi_type": "clock", "port_min": null, "road_dist_m": 8.39877791, "access_score": 100}}, {"type": "Feature", "geometry": {"type": "Point", "coordinates": [20.7161064, 38.3649186]}, "properties": {"name": null, "osm_id": 12018262947, "name_el": null, "name_en": null, "net_vid": 12459, "category": "leisure", "fire_min": null, "poi_type": "outdoor_seating", "port_min": null, "road_dist_m": 8.74147622, "access_score": 100}}, {"type": "Feature", "geometry": {"type": "Point", "coordinates": [20.7155893, 38.3651945]}, "properties": {"name": null, "osm_id": 11205763437, "name_el": null, "name_en": "Alfa Bikes & Car", "net_vid": 12458, "category": "other", "fire_min": null, "poi_type": "car_rental", "port_min": null, "road_dist_m": 6.76786222, "access_score": 100}}, {"type": "Feature", "geometry": {"type": "Point", "coordinates": [20.7175778, 38.3689639]}, "properties": {"name": "Yach tank", "osm_id": 940077867, "name_el": null, "name_en": null, "net_vid": 12638, "category": "services", "fire_min": null, "poi_type": "fuel", "port_min": null, "road_dist_m": 14.90588452, "access_score": 99}}, {"type": "Feature", "geometry": {"type": "Point", "coordinates": [20.7182824, 38.3706278]}, "properties": {"name": "Captain Yiannis", "osm_id": 4295660103, "name_el": null, "name_en": null, "net_vid": 12653, "category": "tourism", "fire_min": null, "poi_type": "hotel", "port_min": null, "road_dist_m": 16.01589705, "access_score": 99}}, {"type": "Feature", "geometry": {"type": "Point", "coordinates": [20.7158554, 38.3734086]}, "properties": {"name": "Το Κύμα", "osm_id": 9017429117, "name_el": "Το Κύμα", "name_en": "The wave", "net_vid": 12652, "category": "food_drink", "fire_min": null, "poi_type": "cafe", "port_min": null, "road_dist_m": 6.76479431, "access_score": 100}}, {"type": "Feature", "geometry": {"type": "Point", "coordinates": [20.7262409, 38.363879]}, "properties": {"name": "Ithaca's Poem", "osm_id": 4295659992, "name_el": null, "name_en": null, "net_vid": 12662, "category": "tourism", "fire_min": null, "poi_type": "hotel", "port_min": null, "road_dist_m": 5.03522491, "access_score": 100}}, {"type": "Feature", "geometry": {"type": "Point", "coordinates": [20.7375268, 38.365698]}, "properties": {"name": "Lea's Beach Bar", "osm_id": 13003799646, "name_el": null, "name_en": null, "net_vid": 18190, "category": "food_drink", "fire_min": null, "poi_type": "restaurant", "port_min": null, "road_dist_m": 3.94156314, "access_score": 100}}, {"type": "Feature", "geometry": {"type": "Point", "coordinates": [20.7419043, 38.3711338]}, "properties": {"name": null, "osm_id": 458235544, "name_el": null, "name_en": null, "net_vid": 16983, "category": "services", "fire_min": null, "poi_type": "parking", "port_min": null, "road_dist_m": 0, "access_score": 100}}, {"type": "Feature", "geometry": {"type": "Point", "coordinates": [20.7417234, 38.3716042]}, "properties": {"name": null, "osm_id": 6604742064, "name_el": null, "name_en": null, "net_vid": 12660, "category": "food_drink", "fire_min": null, "poi_type": "cafe", "port_min": null, "road_dist_m": 51.84788794, "access_score": 97}}, {"type": "Feature", "geometry": {"type": "Point", "coordinates": [20.7330425, 38.332357]}, "properties": {"name": null, "osm_id": 6622272386, "name_el": null, "name_en": null, "net_vid": 17947, "category": "tourism", "fire_min": null, "poi_type": "picnic_site", "port_min": null, "road_dist_m": 13.48504526, "access_score": 99}}, {"type": "Feature", "geometry": {"type": "Point", "coordinates": [20.7330131, 38.332328]}, "properties": {"name": null, "osm_id": 7931744956, "name_el": null, "name_en": null, "net_vid": 17947, "category": "other", "fire_min": null, "poi_type": "shelter", "port_min": null, "road_dist_m": 10.6061451, "access_score": 99}}, {"type": "Feature", "geometry": {"type": "Point", "coordinates": [20.7310529, 38.3318443]}, "properties": {"name": "Rizes Cave Parking", "osm_id": 4236525723, "name_el": null, "name_en": null, "net_vid": 17947, "category": "services", "fire_min": null, "poi_type": "parking", "port_min": null, "road_dist_m": 4.76988447, "access_score": 100}}, {"type": "Feature", "geometry": {"type": "Point", "coordinates": [20.7318386, 38.3275408]}, "properties": {"name": null, "osm_id": 597276245, "name_el": null, "name_en": null, "net_vid": 14130, "category": "tourism", "fire_min": null, "poi_type": "viewpoint", "port_min": null, "road_dist_m": 283.77451576, "access_score": 86}}, {"type": "Feature", "geometry": {"type": "Point", "coordinates": [20.7280678, 38.3312951]}, "properties": {"name": null, "osm_id": 4868209534, "name_el": null, "name_en": "Riezes Cave", "net_vid": 17947, "category": "tourism", "fire_min": null, "poi_type": "attraction", "port_min": null, "road_dist_m": 189.66932172, "access_score": 91}}, {"type": "Feature", "geometry": {"type": "Point", "coordinates": [20.7266981, 38.3188877]}, "properties": {"name": "Αγία Παναγία Σπελιότισσα", "osm_id": 597291109, "name_el": null, "name_en": null, "net_vid": 16750, "category": "other", "fire_min": null, "poi_type": "place_of_worship", "port_min": null, "road_dist_m": 1048.3632477, "access_score": 48}}, {"type": "Feature", "geometry": {"type": "Point", "coordinates": [20.605896, 38.3073718]}, "properties": {"name": null, "osm_id": 3466422726, "name_el": null, "name_en": null, "net_vid": 14285, "category": "food_drink", "fire_min": 48.02507374036421, "poi_type": "restaurant", "port_min": 17.300603351706705, "road_dist_m": 8.17669038, "access_score": 100}}, {"type": "Feature", "geometry": {"type": "Point", "coordinates": [20.6066014, 38.30834]}, "properties": {"name": null, "osm_id": 3466451757, "name_el": null, "name_en": null, "net_vid": 18227, "category": "tourism", "fire_min": 48.986397794955536, "poi_type": "hotel", "port_min": 18.261927406298035, "road_dist_m": 10.34928188, "access_score": 99}}, {"type": "Feature", "geometry": {"type": "Point", "coordinates": [20.614105, 38.327066]}, "properties": {"name": null, "osm_id": 6588421285, "name_el": null, "name_en": null, "net_vid": 12758, "category": "tourism", "fire_min": 53.36871812704667, "poi_type": "viewpoint", "port_min": 27.2281308320164, "road_dist_m": 5.70895251, "access_score": 100}}, {"type": "Feature", "geometry": {"type": "Point", "coordinates": [20.6122424, 38.3272837]}, "properties": {"name": "Μονή Παναγιάς Ανατολικού", "osm_id": 5830959079, "name_el": null, "name_en": null, "net_vid": 481, "category": "other", "fire_min": 53.628919267698116, "poi_type": "place_of_worship", "port_min": 27.488331972667847, "road_dist_m": 1.25620437, "access_score": 100}}, {"type": "Feature", "geometry": {"type": "Point", "coordinates": [20.6095531, 38.3389936]}, "properties": {"name": null, "osm_id": 6434654875, "name_el": null, "name_en": null, "net_vid": 12768, "category": "other", "fire_min": 55.90954883418239, "poi_type": "place_of_worship", "port_min": 29.768961539152127, "road_dist_m": 11.12509807, "access_score": 99}}, {"type": "Feature", "geometry": {"type": "Point", "coordinates": [20.613402, 38.3709221]}, "properties": {"name": "Εστιατόριο Τα Ξηλώματα", "osm_id": 7280672785, "name_el": "Τα Ξηλώματα", "name_en": "Ta Xilómata", "net_vid": 12772, "category": "food_drink", "fire_min": 73.94238399973436, "poi_type": "restaurant", "port_min": 44.561010184610936, "road_dist_m": 5.6917798, "access_score": 100}}, {"type": "Feature", "geometry": {"type": "Point", "coordinates": [20.6699402, 38.3773402]}, "properties": {"name": "Το Χανι", "osm_id": 4364680702, "name_el": null, "name_en": null, "net_vid": 12788, "category": "food_drink", "fire_min": null, "poi_type": "cafe", "port_min": null, "road_dist_m": 21.90293492, "access_score": 99}}, {"type": "Feature", "geometry": {"type": "Point", "coordinates": [20.6739314, 38.3961751]}, "properties": {"name": "Μονή Καθαρών", "osm_id": 1583888284, "name_el": null, "name_en": null, "net_vid": 12801, "category": "other", "fire_min": null, "poi_type": "place_of_worship", "port_min": null, "road_dist_m": 48.38490929, "access_score": 98}}, {"type": "Feature", "geometry": {"type": "Point", "coordinates": [20.6331564, 38.4548086]}, "properties": {"name": null, "osm_id": 10951272141, "name_el": null, "name_en": null, "net_vid": 14103, "category": "tourism", "fire_min": null, "poi_type": "viewpoint", "port_min": null, "road_dist_m": 46.87693017, "access_score": 98}}, {"type": "Feature", "geometry": {"type": "Point", "coordinates": [20.6384885, 38.4590249]}, "properties": {"name": null, "osm_id": 11342694860, "name_el": null, "name_en": null, "net_vid": 16736, "category": "other", "fire_min": null, "poi_type": "place_of_worship", "port_min": null, "road_dist_m": 18.5842734, "access_score": 99}}, {"type": "Feature", "geometry": {"type": "Point", "coordinates": [20.6377586, 38.460536]}, "properties": {"name": "Ανάκτορο Οδυσσέα", "osm_id": 4868216233, "name_el": "Ανάκτορο Οδυσσέα", "name_en": "School of Homer", "net_vid": 12825, "category": "tourism", "fire_min": null, "poi_type": "attraction", "port_min": null, "road_dist_m": 75.56427003, "access_score": 96}}, {"type": "Feature", "geometry": {"type": "Point", "coordinates": [20.6386757, 38.4604716]}, "properties": {"name": null, "osm_id": 11223296609, "name_el": null, "name_en": null, "net_vid": 12825, "category": "tourism", "fire_min": null, "poi_type": "information", "port_min": null, "road_dist_m": 5.61074332, "access_score": 100}}, {"type": "Feature", "geometry": {"type": "Point", "coordinates": [20.6528135, 38.4449239]}, "properties": {"name": null, "osm_id": 11140531406, "name_el": null, "name_en": "Villa Lidi", "net_vid": 13523, "category": "tourism", "fire_min": null, "poi_type": "apartment", "port_min": null, "road_dist_m": 10.42998032, "access_score": 99}}, {"type": "Feature", "geometry": {"type": "Point", "coordinates": [20.6468376, 38.4471548]}, "properties": {"name": null, "osm_id": 4425525088, "name_el": null, "name_en": null, "net_vid": 12838, "category": "other", "fire_min": null, "poi_type": "post_box", "port_min": null, "road_dist_m": 12.2667155, "access_score": 99}}, {"type": "Feature", "geometry": {"type": "Point", "coordinates": [20.6465532, 38.4470634]}, "properties": {"name": null, "osm_id": 4425525087, "name_el": null, "name_en": null, "net_vid": 12838, "category": "shop", "fire_min": null, "poi_type": "convenience", "port_min": null, "road_dist_m": 10.01459594, "access_score": 99}}, {"type": "Feature", "geometry": {"type": "Point", "coordinates": [20.6465734, 38.4469983]}, "properties": {"name": null, "osm_id": 4425525086, "name_el": null, "name_en": null, "net_vid": 12838, "category": "health", "fire_min": null, "poi_type": "pharmacy", "port_min": null, "road_dist_m": 8.33020312, "access_score": 100}}, {"type": "Feature", "geometry": {"type": "Point", "coordinates": [20.646792, 38.4469657]}, "properties": {"name": "Καφέ Λωτός", "osm_id": 4425525092, "name_el": "Καφέ Λωτός", "name_en": "Café Lofos", "net_vid": 12838, "category": "food_drink", "fire_min": null, "poi_type": "cafe", "port_min": null, "road_dist_m": 10.71220974, "access_score": 99}}, {"type": "Feature", "geometry": {"type": "Point", "coordinates": [20.6467834, 38.4466012]}, "properties": {"name": "Margarita", "osm_id": 4364753989, "name_el": null, "name_en": null, "net_vid": 12751, "category": "food_drink", "fire_min": null, "poi_type": "fast_food", "port_min": null, "road_dist_m": 10.69681107, "access_score": 99}}, {"type": "Feature", "geometry": {"type": "Point", "coordinates": [20.6465854, 38.4462216]}, "properties": {"name": null, "osm_id": 4425525085, "name_el": null, "name_en": null, "net_vid": 10604, "category": "food_drink", "fire_min": null, "poi_type": "restaurant", "port_min": null, "road_dist_m": 8.83539223, "access_score": 100}}, {"type": "Feature", "geometry": {"type": "Point", "coordinates": [20.6467777, 38.4460689]}, "properties": {"name": "Προτομή της Ελένης Σταμελάτου", "osm_id": 12018297759, "name_el": "Προτομή της Ελένης Σταμελάτου", "name_en": "Bust of Eleni Stamelatou", "net_vid": 10604, "category": "tourism", "fire_min": null, "poi_type": "artwork", "port_min": null, "road_dist_m": 5.48805074, "access_score": 100}}, {"type": "Feature", "geometry": {"type": "Point", "coordinates": [20.6471022, 38.4457701]}, "properties": {"name": "Αλικη", "osm_id": 4425525091, "name_el": null, "name_en": null, "net_vid": 12941, "category": "shop", "fire_min": null, "poi_type": "gift", "port_min": null, "road_dist_m": 11.43137056, "access_score": 99}}, {"type": "Feature", "geometry": {"type": "Point", "coordinates": [20.6469791, 38.4458125]}, "properties": {"name": null, "osm_id": 4425525083, "name_el": null, "name_en": null, "net_vid": 12941, "category": "leisure", "fire_min": null, "poi_type": "playground", "port_min": null, "road_dist_m": 13.00005539, "access_score": 99}}, {"type": "Feature", "geometry": {"type": "Point", "coordinates": [20.6466673, 38.4456155]}, "properties": {"name": "To Kentpo", "osm_id": 4425525090, "name_el": null, "name_en": null, "net_vid": 12941, "category": "other", "fire_min": null, "poi_type": "pub", "port_min": null, "road_dist_m": 8.6995883, "access_score": 100}}, {"type": "Feature", "geometry": {"type": "Point", "coordinates": [20.6471367, 38.4455378]}, "properties": {"name": "Laertis farm", "osm_id": 4425525082, "name_el": null, "name_en": null, "net_vid": 12941, "category": "shop", "fire_min": null, "poi_type": "convenience", "port_min": null, "road_dist_m": 12.65549269, "access_score": 99}}, {"type": "Feature", "geometry": {"type": "Point", "coordinates": [20.6476094, 38.4456633]}, "properties": {"name": "Οδυσσεασ", "osm_id": 4425525093, "name_el": null, "name_en": null, "net_vid": 12830, "category": "shop", "fire_min": null, "poi_type": "supermarket", "port_min": null, "road_dist_m": 9.33664091, "access_score": 100}}, {"type": "Feature", "geometry": {"type": "Point", "coordinates": [20.6468387, 38.4454275]}, "properties": {"name": null, "osm_id": 6603633828, "name_el": null, "name_en": "Delicious", "net_vid": 12941, "category": "food_drink", "fire_min": null, "poi_type": "restaurant", "port_min": null, "road_dist_m": 7.66791783, "access_score": 100}}, {"type": "Feature", "geometry": {"type": "Point", "coordinates": [20.6464393, 38.4456271]}, "properties": {"name": "Sunset Cafe", "osm_id": 4425525089, "name_el": null, "name_en": null, "net_vid": 14250, "category": "food_drink", "fire_min": null, "poi_type": "cafe", "port_min": null, "road_dist_m": 13.83938312, "access_score": 99}}, {"type": "Feature", "geometry": {"type": "Point", "coordinates": [20.6464195, 38.4459623]}, "properties": {"name": "Προτομή του Οδυσσέα", "osm_id": 12018297758, "name_el": "Προτομή του Οδυσσέα", "name_en": "Bust of Odysseus", "net_vid": 14250, "category": "tourism", "fire_min": null, "poi_type": "artwork", "port_min": null, "road_dist_m": 18.87547678, "access_score": 99}}, {"type": "Feature", "geometry": {"type": "Point", "coordinates": [20.6464796, 38.4466723]}, "properties": {"name": "Τραπεζα πειραιως", "osm_id": 4295604092, "name_el": null, "name_en": null, "net_vid": 12838, "category": "services", "fire_min": null, "poi_type": "atm", "port_min": null, "road_dist_m": 15.45656777, "access_score": 99}}, {"type": "Feature", "geometry": {"type": "Point", "coordinates": [20.6470088, 38.447503]}, "properties": {"name": "Φώς στην ομηρική Ιθάκη", "osm_id": 14067973985, "name_el": "Φώς στην ομηρική Ιθάκη", "name_en": "Throwing light on Homeric Ithaca", "net_vid": 12878, "category": "tourism", "fire_min": null, "poi_type": "museum", "port_min": null, "road_dist_m": 8.35630909, "access_score": 100}}, {"type": "Feature", "geometry": {"type": "Point", "coordinates": [20.6450241, 38.4527575]}, "properties": {"name": "Αρχαιολογική Συλλογή Σταυρού", "osm_id": 12018313341, "name_el": "Αρχαιολογική Συλλογή Σταυρού", "name_en": "Archaeological Collection of Stavros", "net_vid": 12858, "category": "tourism", "fire_min": null, "poi_type": "museum", "port_min": null, "road_dist_m": 6.74613634, "access_score": 100}}, {"type": "Feature", "geometry": {"type": "Point", "coordinates": [20.6426391, 38.4598908]}, "properties": {"name": null, "osm_id": 4449051402, "name_el": null, "name_en": null, "net_vid": 12865, "category": "food_drink", "fire_min": null, "poi_type": "restaurant", "port_min": null, "road_dist_m": 2.04515426, "access_score": 100}}, {"type": "Feature", "geometry": {"type": "Point", "coordinates": [20.659482, 38.4570943]}, "properties": {"name": null, "osm_id": 14041304701, "name_el": null, "name_en": null, "net_vid": 12877, "category": "leisure", "fire_min": null, "poi_type": "playground", "port_min": null, "road_dist_m": 12.69797866, "access_score": 99}}, {"type": "Feature", "geometry": {"type": "Point", "coordinates": [20.657717, 38.4558294]}, "properties": {"name": "Α.Π.", "osm_id": 5215244888, "name_el": null, "name_en": null, "net_vid": 12886, "category": "services", "fire_min": null, "poi_type": "fuel", "port_min": null, "road_dist_m": 3.44877893, "access_score": 100}}, {"type": "Feature", "geometry": {"type": "Point", "coordinates": [20.6622651, 38.4492963]}, "properties": {"name": null, "osm_id": 11342713886, "name_el": null, "name_en": null, "net_vid": 17987, "category": "other", "fire_min": null, "poi_type": "place_of_worship", "port_min": null, "road_dist_m": 29.98029644, "access_score": 99}}, {"type": "Feature", "geometry": {"type": "Point", "coordinates": [20.6634299, 38.4580789]}, "properties": {"name": "Άγιος Ανδρέας", "osm_id": 2272055833, "name_el": null, "name_en": null, "net_vid": 12901, "category": "other", "fire_min": null, "poi_type": "place_of_worship", "port_min": null, "road_dist_m": 8.07875309, "access_score": 100}}, {"type": "Feature", "geometry": {"type": "Point", "coordinates": [20.6611677, 38.4573957]}, "properties": {"name": "Nostos", "osm_id": 4425481433, "name_el": null, "name_en": null, "net_vid": 14649, "category": "tourism", "fire_min": null, "poi_type": "hotel", "port_min": null, "road_dist_m": 9.86960205, "access_score": 100}}, {"type": "Feature", "geometry": {"type": "Point", "coordinates": [20.6608392, 38.4577237]}, "properties": {"name": "Kanas Appartements", "osm_id": 4425481432, "name_el": null, "name_en": null, "net_vid": 12905, "category": "tourism", "fire_min": null, "poi_type": "chalet", "port_min": null, "road_dist_m": 14.17439308, "access_score": 99}}, {"type": "Feature", "geometry": {"type": "Point", "coordinates": [20.6630584, 38.4595283]}, "properties": {"name": null, "osm_id": 2272044900, "name_el": null, "name_en": null, "net_vid": 15882, "category": "other", "fire_min": null, "poi_type": "waste_disposal", "port_min": null, "road_dist_m": 12.94866278, "access_score": 99}}, {"type": "Feature", "geometry": {"type": "Point", "coordinates": [20.6634633, 38.4586187]}, "properties": {"name": "Odysseus", "osm_id": 2272039413, "name_el": null, "name_en": null, "net_vid": 18185, "category": "food_drink", "fire_min": null, "poi_type": "restaurant", "port_min": null, "road_dist_m": 10.38483587, "access_score": 99}}, {"type": "Feature", "geometry": {"type": "Point", "coordinates": [20.6632891, 38.458772]}, "properties": {"name": "Libro d'Oro", "osm_id": 2272039411, "name_el": null, "name_en": null, "net_vid": 18185, "category": "food_drink", "fire_min": null, "poi_type": "cafe", "port_min": null, "road_dist_m": 9.73284742, "access_score": 100}}, {"type": "Feature", "geometry": {"type": "Point", "coordinates": [20.6634483, 38.4588677]}, "properties": {"name": null, "osm_id": 2272039415, "name_el": null, "name_en": null, "net_vid": 15882, "category": "leisure", "fire_min": null, "poi_type": "playground", "port_min": null, "road_dist_m": 6.84518541, "access_score": 100}}, {"type": "Feature", "geometry": {"type": "Point", "coordinates": [20.6631798, 38.4589599]}, "properties": {"name": "Κυματάκι", "osm_id": 14030425402, "name_el": null, "name_en": "Kimataki", "net_vid": 18185, "category": "tourism", "fire_min": null, "poi_type": "apartment", "port_min": null, "road_dist_m": 8.82619933, "access_score": 100}}, {"type": "Feature", "geometry": {"type": "Point", "coordinates": [20.663178, 38.4588876]}, "properties": {"name": "Ρεβυθάκι", "osm_id": 2272039416, "name_el": null, "name_en": "Revithaki", "net_vid": 18185, "category": "food_drink", "fire_min": null, "poi_type": "restaurant", "port_min": null, "road_dist_m": 6.43143561, "access_score": 100}}, {"type": "Feature", "geometry": {"type": "Point", "coordinates": [20.6635162, 38.458361]}, "properties": {"name": "The North Bakery", "osm_id": 2272049375, "name_el": null, "name_en": null, "net_vid": 12902, "category": "shop", "fire_min": null, "poi_type": "bakery", "port_min": null, "road_dist_m": 7.12680805, "access_score": 100}}, {"type": "Feature", "geometry": {"type": "Point", "coordinates": [20.663588, 38.4584533]}, "properties": {"name": "Νόστιμον", "osm_id": 2272039417, "name_el": null, "name_en": "Nostimon", "net_vid": 12902, "category": "food_drink", "fire_min": null, "poi_type": "restaurant", "port_min": null, "road_dist_m": 11.42324055, "access_score": 99}}, {"type": "Feature", "geometry": {"type": "Point", "coordinates": [20.6635376, 38.4585666]}, "properties": {"name": "Greek popular art", "osm_id": 4425481431, "name_el": null, "name_en": null, "net_vid": 12902, "category": "shop", "fire_min": null, "poi_type": "gift", "port_min": null, "road_dist_m": 10.13320449, "access_score": 99}}, {"type": "Feature", "geometry": {"type": "Point", "coordinates": [20.6635902, 38.4585232]}, "properties": {"name": "Kiki's Mini Market", "osm_id": 2272039412, "name_el": null, "name_en": null, "net_vid": 12902, "category": "shop", "fire_min": null, "poi_type": "convenience", "port_min": null, "road_dist_m": 10.48074696, "access_score": 99}}, {"type": "Feature", "geometry": {"type": "Point", "coordinates": [20.6635265, 38.4582571]}, "properties": {"name": "Sea Sun", "osm_id": 4425481453, "name_el": null, "name_en": null, "net_vid": 12902, "category": "shop", "fire_min": null, "poi_type": "clothes", "port_min": null, "road_dist_m": 2.10703059, "access_score": 100}}, {"type": "Feature", "geometry": {"type": "Point", "coordinates": [20.6641689, 38.458479]}, "properties": {"name": "Αγέρι", "osm_id": 2272039414, "name_el": null, "name_en": null, "net_vid": 12902, "category": "food_drink", "fire_min": null, "poi_type": "restaurant", "port_min": null, "road_dist_m": 4.79400306, "access_score": 100}}, {"type": "Feature", "geometry": {"type": "Point", "coordinates": [20.6640303, 38.4584511]}, "properties": {"name": "Fiorendino", "osm_id": 4425481430, "name_el": null, "name_en": null, "net_vid": 12902, "category": "other", "fire_min": null, "poi_type": "pub", "port_min": null, "road_dist_m": 7.09255021, "access_score": 100}}, {"type": "Feature", "geometry": {"type": "Point", "coordinates": [20.6639461, 38.458389]}, "properties": {"name": "Symposium", "osm_id": 2272039418, "name_el": null, "name_en": null, "net_vid": 12902, "category": "food_drink", "fire_min": null, "poi_type": "restaurant", "port_min": null, "road_dist_m": 11.98596392, "access_score": 99}}, {"type": "Feature", "geometry": {"type": "Point", "coordinates": [20.6645713, 38.4587085]}, "properties": {"name": null, "osm_id": 2272055836, "name_el": null, "name_en": null, "net_vid": 12907, "category": "other", "fire_min": null, "poi_type": "post_box", "port_min": null, "road_dist_m": 7.02517061, "access_score": 100}}, {"type": "Feature", "geometry": {"type": "Point", "coordinates": [20.6649763, 38.4590428]}, "properties": {"name": "Φρίκες-Frikes Odysseus's home t", "osm_id": 3783043422, "name_el": "Φρίκες-Frikes Odysseus's home t", "name_en": "Frikes", "net_vid": 15341, "category": "other", "fire_min": null, "poi_type": "ferry_terminal", "port_min": null, "road_dist_m": 0, "access_score": 100}}, {"type": "Feature", "geometry": {"type": "Point", "coordinates": [20.6733965, 38.4455191]}, "properties": {"name": null, "osm_id": 11342701359, "name_el": null, "name_en": null, "net_vid": 16792, "category": "other", "fire_min": null, "poi_type": "place_of_worship", "port_min": null, "road_dist_m": 658.16212909, "access_score": 67}}, {"type": "Feature", "geometry": {"type": "Point", "coordinates": [20.6625239, 38.4435386]}, "properties": {"name": null, "osm_id": 11342713885, "name_el": null, "name_en": null, "net_vid": 15516, "category": "other", "fire_min": null, "poi_type": "place_of_worship", "port_min": null, "road_dist_m": 7.64575351, "access_score": 100}}, {"type": "Feature", "geometry": {"type": "Point", "coordinates": [20.6767523, 38.4211376]}, "properties": {"name": "Μονόλιθος Αράκλης", "osm_id": 10915896598, "name_el": null, "name_en": null, "net_vid": 13038, "category": "tourism", "fire_min": null, "poi_type": "attraction", "port_min": null, "road_dist_m": 38.86592352, "access_score": 98}}, {"type": "Feature", "geometry": {"type": "Point", "coordinates": [20.6425737, 38.4304982]}, "properties": {"name": null, "osm_id": 9802012817, "name_el": null, "name_en": "Cavos sunset view cottages", "net_vid": 12944, "category": "tourism", "fire_min": null, "poi_type": "apartment", "port_min": null, "road_dist_m": 0.7275916, "access_score": 100}}, {"type": "Feature", "geometry": {"type": "Point", "coordinates": [20.6777016, 38.4117643]}, "properties": {"name": null, "osm_id": 13144476507, "name_el": null, "name_en": null, "net_vid": 12799, "category": "tourism", "fire_min": null, "poi_type": "viewpoint", "port_min": null, "road_dist_m": 5.67155244, "access_score": 100}}, {"type": "Feature", "geometry": {"type": "Point", "coordinates": [20.6973526, 38.4444395]}, "properties": {"name": null, "osm_id": 6602258780, "name_el": null, "name_en": null, "net_vid": 14183, "category": "food_drink", "fire_min": null, "poi_type": "cafe", "port_min": null, "road_dist_m": 4.43112984, "access_score": 100}}, {"type": "Feature", "geometry": {"type": "Point", "coordinates": [20.6890538, 38.4495509]}, "properties": {"name": "Άγιος Ιωάννης Πρόδρομος", "osm_id": 857714102, "name_el": null, "name_en": null, "net_vid": 12975, "category": "other", "fire_min": null, "poi_type": "place_of_worship", "port_min": null, "road_dist_m": 19.05987368, "access_score": 99}}, {"type": "Feature", "geometry": {"type": "Point", "coordinates": [20.688302, 38.449695]}, "properties": {"name": null, "osm_id": 9105149581, "name_el": null, "name_en": null, "net_vid": 12966, "category": "heritage", "fire_min": null, "poi_type": "monument", "port_min": null, "road_dist_m": 11.01450349, "access_score": 99}}, {"type": "Feature", "geometry": {"type": "Point", "coordinates": [20.6883459, 38.4497338]}, "properties": {"name": null, "osm_id": 9105104794, "name_el": null, "name_en": null, "net_vid": 12966, "category": "other", "fire_min": null, "poi_type": "bench", "port_min": null, "road_dist_m": 16.76589213, "access_score": 99}}, {"type": "Feature", "geometry": {"type": "Point", "coordinates": [20.690051, 38.4499609]}, "properties": {"name": "Amfitriti", "osm_id": 8228617404, "name_el": null, "name_en": null, "net_vid": 12976, "category": "shop", "fire_min": null, "poi_type": "gift", "port_min": null, "road_dist_m": 10.58560789, "access_score": 99}}, {"type": "Feature", "geometry": {"type": "Point", "coordinates": [20.6900334, 38.4498714]}, "properties": {"name": "Μύθος", "osm_id": 4425543429, "name_el": null, "name_en": null, "net_vid": 12976, "category": "food_drink", "fire_min": null, "poi_type": "restaurant", "port_min": null, "road_dist_m": 2.11757856, "access_score": 100}}, {"type": "Feature", "geometry": {"type": "Point", "coordinates": [20.6899355, 38.4499386]}, "properties": {"name": "Καφέ Λυγια", "osm_id": 4425543428, "name_el": "Καφέ Λυγια", "name_en": "Café Lygia", "net_vid": 12976, "category": "food_drink", "fire_min": null, "poi_type": "cafe", "port_min": null, "road_dist_m": 12.70169039, "access_score": 99}}, {"type": "Feature", "geometry": {"type": "Point", "coordinates": [20.689319, 38.4494192]}, "properties": {"name": "Supermarket", "osm_id": 857714201, "name_el": null, "name_en": null, "net_vid": 12975, "category": "shop", "fire_min": null, "poi_type": "convenience", "port_min": null, "road_dist_m": 12.1878793, "access_score": 99}}, {"type": "Feature", "geometry": {"type": "Point", "coordinates": [20.6892634, 38.4491908]}, "properties": {"name": "Σπαβέντο", "osm_id": 4425543430, "name_el": null, "name_en": null, "net_vid": 12976, "category": "food_drink", "fire_min": null, "poi_type": "cafe", "port_min": null, "road_dist_m": 4.48931359, "access_score": 100}}, {"type": "Feature", "geometry": {"type": "Point", "coordinates": [20.6895933, 38.4493169]}, "properties": {"name": "A way of life", "osm_id": 4425543425, "name_el": null, "name_en": null, "net_vid": 12976, "category": "shop", "fire_min": null, "poi_type": "bakery", "port_min": null, "road_dist_m": 9.66132368, "access_score": 100}}, {"type": "Feature", "geometry": {"type": "Point", "coordinates": [20.6898025, 38.4493988]}, "properties": {"name": "Avra", "osm_id": 4425543426, "name_el": null, "name_en": null, "net_vid": 12976, "category": "food_drink", "fire_min": null, "poi_type": "restaurant", "port_min": null, "road_dist_m": 19.97016636, "access_score": 99}}, {"type": "Feature", "geometry": {"type": "Point", "coordinates": [20.6896845, 38.4494408]}, "properties": {"name": "En Plo roof bar", "osm_id": 4425543427, "name_el": null, "name_en": null, "net_vid": 12976, "category": "food_drink", "fire_min": null, "poi_type": "bar", "port_min": null, "road_dist_m": 8.83211997, "access_score": 100}}, {"type": "Feature", "geometry": {"type": "Point", "coordinates": [20.690612, 38.4498618]}, "properties": {"name": "Calypso Restaurant, Kioni, Ithaca, Ionian sea", "osm_id": 5011047623, "name_el": null, "name_en": null, "net_vid": 12954, "category": "food_drink", "fire_min": null, "poi_type": "restaurant", "port_min": null, "road_dist_m": 4.93986681, "access_score": 100}}, {"type": "Feature", "geometry": {"type": "Point", "coordinates": [20.6914567, 38.4491506]}, "properties": {"name": null, "osm_id": 9002353828, "name_el": null, "name_en": null, "net_vid": 17551, "category": "other", "fire_min": null, "poi_type": "ferry_terminal", "port_min": null, "road_dist_m": 0, "access_score": 100}}, {"type": "Feature", "geometry": {"type": "Point", "coordinates": [20.675022, 38.480282]}, "properties": {"name": "Άγιος Νικόλαος", "osm_id": 458880915, "name_el": "Άγιος Νικόλαος", "name_en": "Agios Nikolaos", "net_vid": 13522, "category": "other", "fire_min": null, "poi_type": "place_of_worship", "port_min": null, "road_dist_m": 300.61955038, "access_score": 85}}, {"type": "Feature", "geometry": {"type": "Point", "coordinates": [20.6359524, 38.4675208]}, "properties": {"name": "Βρύση του Καλαμου", "osm_id": 11342695064, "name_el": null, "name_en": null, "net_vid": 18388, "category": "other", "fire_min": null, "poi_type": "drinking_water", "port_min": null, "road_dist_m": 5.5284762, "access_score": 100}}, {"type": "Feature", "geometry": {"type": "Point", "coordinates": [20.6318811, 38.4644915]}, "properties": {"name": "Πυραμίδες", "osm_id": 10951185364, "name_el": null, "name_en": null, "net_vid": 15660, "category": "tourism", "fire_min": null, "poi_type": "attraction", "port_min": null, "road_dist_m": 7.23572132, "access_score": 100}}, {"type": "Feature", "geometry": {"type": "Point", "coordinates": [20.632467, 38.4625434]}, "properties": {"name": "Extraterrestrial", "osm_id": 14041304501, "name_el": null, "name_en": null, "net_vid": 13048, "category": "food_drink", "fire_min": null, "poi_type": "restaurant", "port_min": null, "road_dist_m": 5.48033742, "access_score": 100}}, {"type": "Feature", "geometry": {"type": "Point", "coordinates": [20.6322535, 38.4622078]}, "properties": {"name": null, "osm_id": 14041304601, "name_el": null, "name_en": null, "net_vid": 13048, "category": "services", "fire_min": null, "poi_type": "parking", "port_min": null, "road_dist_m": 16.99279535, "access_score": 99}}, {"type": "Feature", "geometry": {"type": "Point", "coordinates": [20.6324664, 38.4621776]}, "properties": {"name": null, "osm_id": 2358753144, "name_el": null, "name_en": null, "net_vid": 13048, "category": "other", "fire_min": null, "poi_type": "place_of_worship", "port_min": null, "road_dist_m": 7.90809733, "access_score": 100}}]}
