{"type": "FeatureCollection", "features": [{"type": "Feature", "geometry": {"type": "LineString", "coordinates": [[20.5760327, 38.458689], [20.5756977, 38.4587188], [20.5755516, 38.4587481], [20.5754075, 38.458691], [20.5753878, 38.458697], [20.574876, 38.4587927], [20.5746442, 38.4588495], [20.5744126, 38.4589444], [20.5742252, 38.4590654], [20.5741092, 38.4591542], [20.5740543, 38.459214], [20.5740143, 38.4592987], [20.5739984, 38.4593594], [20.5735443, 38.4592388], [20.5734665, 38.459233], [20.5734092, 38.4592248], [20.5733639, 38.4592138], [20.5733274, 38.4592088], [20.5731507, 38.4592072], [20.5727423, 38.4592414], [20.5723956, 38.4592592], [20.572053, 38.4592991], [20.5712145, 38.4594312], [20.5709544, 38.4594995], [20.5704753, 38.4596603], [20.5697819, 38.4596034], [20.5690474, 38.4594055], [20.5688408, 38.4593247], [20.568604, 38.4592787], [20.5673416, 38.4594587], [20.5660866, 38.4595132], [20.5656414, 38.4595555], [20.5651899, 38.4595332], [20.5646906, 38.4594128], [20.5642114, 38.4592268], [20.563454, 38.4589406], [20.5627694, 38.4585664], [20.5626016, 38.4584611], [20.5625142, 38.4584191], [20.5624585, 38.4583908], [20.5624049, 38.458216], [20.5621073, 38.4579881], [20.5616951, 38.4577422], [20.5611423, 38.4574553], [20.5605569, 38.4571992], [20.5603475, 38.4571403], [20.5599713, 38.4573358], [20.5598471, 38.4575219], [20.5597999, 38.4575688], [20.5596894, 38.4576945], [20.5595122, 38.4579201], [20.5594171, 38.4580335], [20.5593396, 38.4580616], [20.5591242, 38.4580718], [20.5589653, 38.4580915], [20.5588584, 38.4580985], [20.5586605, 38.4583413], [20.5583972, 38.4586065], [20.5583783, 38.4584431], [20.5583326, 38.4583357], [20.5582622, 38.4582641], [20.5581696, 38.4582245], [20.5580066, 38.4581897], [20.5574469, 38.4583318], [20.5570567, 38.4584208], [20.5566121, 38.4584827], [20.5563641, 38.4585913], [20.5559449, 38.4583397], [20.5553401, 38.4585393], [20.5550507, 38.4586898], [20.5549355, 38.4587664], [20.5548272, 38.4587937], [20.5547822, 38.4588124], [20.5547681, 38.4588239], [20.5547413, 38.4588281], [20.5547065, 38.458825], [20.5545388, 38.4587714], [20.5543524, 38.4587515], [20.554229, 38.4587536], [20.554115, 38.4587746], [20.5540587, 38.4587945], [20.5539393, 38.458847], [20.5537663, 38.4589269], [20.553592, 38.4590308], [20.5534807, 38.459119], [20.5534459, 38.4590195], [20.5533467, 38.4589916], [20.5532696, 38.4589343], [20.5532378, 38.4589124], [20.5531623, 38.4589166], [20.5531316, 38.458953], [20.5531012, 38.4589804], [20.5529504, 38.4590585], [20.5528718, 38.4589794], [20.5527364, 38.4588103], [20.5527109, 38.4587651], [20.552668, 38.4585987], [20.5526445, 38.4585446], [20.5525815, 38.4584669], [20.5525694, 38.4584448], [20.5525627, 38.4584112], [20.5524978, 38.4583614], [20.5524629, 38.4582594], [20.5523668, 38.4580907], [20.5523569, 38.458048], [20.5523506, 38.4579974], [20.5523451, 38.4579595], [20.5523328, 38.4579395], [20.5522978, 38.4578861], [20.5522589, 38.4578977], [20.5521718, 38.4579134], [20.5520578, 38.4579471], [20.5518848, 38.4580122], [20.5519188, 38.4582465], [20.5518114, 38.4583361], [20.5516771, 38.4584787], [20.5514841, 38.4588099], [20.5514039, 38.4591072], [20.5512866, 38.4594446], [20.5511445, 38.4592734], [20.5510573, 38.4592009], [20.5509996, 38.459182], [20.5509433, 38.4591831], [20.5509058, 38.459203], [20.5508763, 38.4592461], [20.550824, 38.4594047], [20.5507824, 38.4594887], [20.5507475, 38.4595233], [20.5507033, 38.4595612], [20.5506429, 38.4595265], [20.5505611, 38.4594509], [20.5503707, 38.4592871], [20.5503049, 38.4592577], [20.5502258, 38.4592482], [20.5501588, 38.4592545], [20.5500528, 38.4592892], [20.5499898, 38.4593112], [20.5499308, 38.4593217], [20.5498637, 38.4593133], [20.549625, 38.4592451], [20.5495043, 38.4591999], [20.5493018, 38.4590896], [20.5491811, 38.4590371], [20.549114, 38.4590193], [20.5490483, 38.4590182], [20.5490108, 38.4590539], [20.5489947, 38.4590928], [20.5489786, 38.4591537], [20.5489464, 38.4592629], [20.5489142, 38.4592986], [20.5488552, 38.4593343], [20.5487815, 38.459369], [20.5487023, 38.4593973], [20.548646, 38.459412], [20.5485521, 38.4593921], [20.548296, 38.4593354], [20.5482517, 38.4593144], [20.5482249, 38.4592965], [20.5481511, 38.4591936], [20.548064, 38.4591001], [20.5479245, 38.4589794], [20.5476455, 38.4590403], [20.5475718, 38.4590581], [20.5473921, 38.459056], [20.5472942, 38.4590539], [20.5468824, 38.4590004], [20.5465449, 38.4589432], [20.5462839, 38.4589039], [20.5462046, 38.4590371], [20.5462101, 38.4591889], [20.54624, 38.4596034], [20.5462124, 38.4597448], [20.5461716, 38.4598232], [20.5461356, 38.4598907], [20.5461152, 38.4599747], [20.5460973, 38.4601376], [20.5460385, 38.4602457], [20.5460385, 38.4602801], [20.54609, 38.4604384], [20.546142, 38.460526], [20.5462052, 38.4607342], [20.5461587, 38.4609726], [20.5460889, 38.4611426], [20.5460689, 38.4615449], [20.5460734, 38.4617956], [20.546131, 38.4621051], [20.546166, 38.4624231], [20.5462945, 38.4627128], [20.545994, 38.4629904], [20.5458341, 38.4631049], [20.5457571, 38.4631931], [20.5456918, 38.4632422], [20.5455808, 38.4632542], [20.5455835, 38.4633701], [20.5456922, 38.4635351], [20.5456123, 38.463606], [20.5454027, 38.4638712], [20.5450948, 38.464067], [20.5449478, 38.4645703], [20.5448981, 38.4648884], [20.5446753, 38.4651444], [20.5445003, 38.4655814], [20.5441105, 38.4660115], [20.5434814, 38.4665318], [20.5434002, 38.4667203], [20.543366, 38.4670176], [20.543045, 38.4673903], [20.5429698, 38.4675496], [20.5430286, 38.467678], [20.5429128, 38.4679716], [20.54289, 38.4682037], [20.5427596, 38.4686118], [20.5423334, 38.4690776], [20.5421574, 38.4693633], [20.5420899, 38.4695365], [20.5420349, 38.4696746], [20.5419766, 38.4698133], [20.5419379, 38.4699725], [20.5419851, 38.470017], [20.5420066, 38.4700254], [20.54205, 38.4700132], [20.5421475, 38.4701475], [20.5422021, 38.470251], [20.5421797, 38.4704201], [20.5422122, 38.4705835], [20.5421073, 38.4707016], [20.5419729, 38.4707574], [20.5419322, 38.470802], [20.5419525, 38.4708961], [20.5420431, 38.4709702], [20.542226, 38.4710509], [20.5424559, 38.4712386], [20.5420992, 38.4714867], [20.541902, 38.4715663], [20.5418564, 38.4715756], [20.5416641, 38.471615], [20.5415089, 38.4715556], [20.5412531, 38.4713389], [20.5409131, 38.4706218], [20.5412531, 38.4713389], [20.5415089, 38.4715556], [20.5416641, 38.471615], [20.5418564, 38.4715756], [20.541902, 38.4715663], [20.5420992, 38.4714867], [20.5424559, 38.4712386], [20.5427331, 38.471172], [20.5430342, 38.4710611], [20.5432696, 38.470836], [20.5437942, 38.4705698], [20.5438569, 38.4705333], [20.544042, 38.4701921], [20.5441815, 38.4699663], [20.5443746, 38.4696776], [20.5444846, 38.4695211], [20.5446428, 38.4691578], [20.544679, 38.4690423], [20.5447488, 38.4685667], [20.5447675, 38.4684722], [20.5447903, 38.4684123], [20.544907, 38.4681761], [20.5450626, 38.4679587], [20.5453898, 38.4676762], [20.5454756, 38.4676174], [20.5456433, 38.4675229], [20.5460764, 38.4672804], [20.5462146, 38.4672006], [20.546295, 38.4671449], [20.5464023, 38.4670315], [20.5465324, 38.4668982], [20.5466772, 38.4667763], [20.5467483, 38.4667165], [20.5468225, 38.4667926], [20.5469067, 38.4667865], [20.5470248, 38.4667571], [20.5471606, 38.4667189], [20.5473174, 38.4666448], [20.5474693, 38.4666842], [20.547459, 38.4667986], [20.547537, 38.466857], [20.5476061, 38.4668718], [20.5475711, 38.4669837], [20.5477838, 38.4670947], [20.5479565, 38.4671259], [20.5480658, 38.4672195], [20.5482504, 38.4672542], [20.5483626, 38.4672993], [20.5484246, 38.4673005], [20.5486742, 38.4672531], [20.5487701, 38.4671848], [20.5489665, 38.467097], [20.5491747, 38.4670947], [20.5492264, 38.4670889], [20.5494538, 38.4669895], [20.5495025, 38.466927], [20.5496723, 38.4668126], [20.5497491, 38.4667247], [20.5500799, 38.4665871], [20.5503029, 38.466549], [20.550449, 38.466549], [20.5508315, 38.4664368], [20.5511076, 38.4664125], [20.5513291, 38.4664218], [20.5514016, 38.4664265], [20.551439, 38.4665319], [20.5514945, 38.4666114], [20.5517219, 38.4667409], [20.5519877, 38.4667756], [20.5521959, 38.4667825], [20.5526034, 38.4668727], [20.5528175, 38.467001], [20.5529652, 38.467097], [20.5530863, 38.4672207], [20.5532679, 38.4673016], [20.5534672, 38.4673444], [20.553699, 38.4674993], [20.5539384, 38.4676325], [20.5539666, 38.4676997], [20.5539649, 38.4677169], [20.5540054, 38.4677299], [20.5540294, 38.4677379], [20.5540755, 38.4676864], [20.5541245, 38.467682], [20.5541606, 38.4677144], [20.554309, 38.467674], [20.5545365, 38.4676922], [20.5548092, 38.4677342], [20.5549561, 38.4678269], [20.5550914, 38.4678302], [20.55523, 38.4678484], [20.5553474, 38.4678889], [20.5554896, 38.4679276], [20.5556117, 38.4679309], [20.5556856, 38.467929], [20.5557606, 38.46786], [20.555782, 38.4677929], [20.555994, 38.467723], [20.5563536, 38.4676232], [20.5564738, 38.4675113], [20.5567096, 38.4674526], [20.5568287, 38.4674134], [20.5569739, 38.4672512], [20.5570799, 38.4670498], [20.5573597, 38.4668671], [20.5576074, 38.4666918], [20.5577979, 38.4665641], [20.5578718, 38.4665305], [20.557842, 38.4663409], [20.5580158, 38.4662564], [20.5584147, 38.4662359], [20.5589327, 38.4663021], [20.5590518, 38.4663478], [20.5595662, 38.4663674], [20.559665, 38.4663618], [20.5599163, 38.4664737], [20.5600199, 38.4665604], [20.5600818, 38.4665734], [20.5603866, 38.4664606], [20.5604116, 38.466469], [20.5605319, 38.4666033], [20.5608665, 38.4669035], [20.5610165, 38.4669538], [20.5612332, 38.4670825], [20.561259, 38.467086], [20.5612715, 38.4670902], [20.5612803, 38.4671074], [20.561501, 38.4675381], [20.5617924, 38.4677022], [20.5619215, 38.4678089], [20.5617961, 38.4679081], [20.5617194, 38.4681052], [20.5617268, 38.4682696], [20.5616599, 38.4684442], [20.5617129, 38.4687407], [20.5616827, 38.4688399], [20.5617723, 38.4690983], [20.5617044, 38.469178], [20.5617509, 38.4695218], [20.5617153, 38.469649], [20.561794, 38.4697276], [20.5618524, 38.4700083], [20.5618646, 38.4701359], [20.5619829, 38.4702744], [20.5620221, 38.4706908], [20.5621588, 38.4709676], [20.562265, 38.4714039], [20.5622704, 38.471581], [20.5622715, 38.471609], [20.5623299, 38.4716228], [20.5624356, 38.4716254], [20.5626136, 38.4715629], [20.5627121, 38.4715397], [20.5628984, 38.4715848], [20.563198, 38.4714841], [20.5634956, 38.4714405], [20.5635743, 38.471439], [20.5638125, 38.4715758], [20.5639718, 38.471675], [20.5640967, 38.4717051], [20.5641543, 38.4716419], [20.5641773, 38.4715908], [20.5643252, 38.4714465], [20.5644922, 38.4713803], [20.5645364, 38.4713413], [20.5646363, 38.4710992], [20.5646785, 38.4710556], [20.5647995, 38.4708752], [20.5648129, 38.470776], [20.5648955, 38.4704602], [20.5648744, 38.4702182], [20.5649397, 38.4698844], [20.5649454, 38.4698198], [20.5651471, 38.4696469], [20.5653026, 38.4695988], [20.5656041, 38.4694665], [20.5656655, 38.4693853], [20.5657903, 38.4692364], [20.5659901, 38.4691372], [20.5660438, 38.4690801], [20.5661878, 38.468838], [20.5664048, 38.4686531], [20.5664797, 38.4685163], [20.5668772, 38.4682757], [20.5670635, 38.468172], [20.5671749, 38.4680517], [20.5674245, 38.4678487], [20.5676338, 38.4676863], [20.567749, 38.4675931], [20.5680966, 38.4675375], [20.5683962, 38.4674698], [20.5686055, 38.4674082], [20.5690855, 38.4672789], [20.5692353, 38.4672518], [20.5694158, 38.4672578], [20.5695983, 38.4671406], [20.5698306, 38.4670534], [20.569846, 38.4669511], [20.5700303, 38.4669045], [20.5702992, 38.4668489], [20.5704681, 38.4667797], [20.5707197, 38.4667677], [20.5710807, 38.466801], [20.5712307, 38.4669112], [20.5713707, 38.4669511], [20.571532, 38.4669812], [20.5718815, 38.467103], [20.572233, 38.4670438], [20.5723771, 38.4670239], [20.5726398, 38.4669128], [20.5727034, 38.4667568], [20.5727543, 38.4665676], [20.5727734, 38.4664847], [20.5727022, 38.466293], [20.5726441, 38.466163], [20.5728845, 38.4658838], [20.5729508, 38.4658964], [20.5732586, 38.4659158], [20.5733491, 38.4659258], [20.5734631, 38.4659426], [20.573891, 38.4660534], [20.5740049, 38.4660938], [20.5740774, 38.4661327], [20.5741545, 38.4662015], [20.5743653, 38.46644], [20.5744053, 38.4664703], [20.5744296, 38.4664825], [20.5744473, 38.4664844], [20.5744654, 38.4664817], [20.574479, 38.4664747], [20.5744847, 38.4664637], [20.574482, 38.4664493], [20.5745069, 38.4664234], [20.5745505, 38.4663902], [20.5746091, 38.4663504], [20.5746656, 38.4663267], [20.5747249, 38.4663195], [20.5747875, 38.4663393], [20.5748331, 38.4663999], [20.5748579, 38.4664314], [20.5748948, 38.4664692], [20.5751771, 38.4666745], [20.5753615, 38.4667622], [20.5754084, 38.4667107], [20.5754372, 38.4666934], [20.5754654, 38.4666829], [20.5756056, 38.4666792], [20.5758892, 38.4666908], [20.5759381, 38.4666876], [20.5759717, 38.4666745], [20.5759972, 38.4666556], [20.5760206, 38.4666057], [20.576046, 38.4663863], [20.5758004, 38.4663757], [20.5756988, 38.4663663], [20.5756646, 38.4663574], [20.5756404, 38.4663443], [20.5756196, 38.4663238], [20.5756042, 38.4662739], [20.5755809, 38.4660886], [20.5754881, 38.465674], [20.5754802, 38.4655473], [20.5756731, 38.4655183], [20.5756341, 38.4653554], [20.5756282, 38.465345], [20.5754612, 38.4653645], [20.5754289, 38.465277], [20.5754265, 38.465211], [20.5754174, 38.4650841], [20.5754058, 38.4649138], [20.5754077, 38.4648684], [20.5751744, 38.4648826], [20.5750175, 38.4648789], [20.5745012, 38.4648159], [20.5744207, 38.4648101], [20.5744979, 38.4646775], [20.5748435, 38.4643398], [20.574962, 38.4642537], [20.5749849, 38.4642054], [20.5750115, 38.464055], [20.5750453, 38.4639386], [20.5750212, 38.4638733], [20.5748399, 38.4637238], [20.5748109, 38.4636614], [20.574788, 38.4635684], [20.5748105, 38.4634854], [20.5748194, 38.4634191], [20.5747646, 38.463378], [20.5747895, 38.4633592], [20.5749058, 38.4632231], [20.5750189, 38.4630942], [20.5751772, 38.4629485], [20.5753138, 38.4628392], [20.5756821, 38.4626342], [20.5757377, 38.4626102], [20.5756896, 38.4625428], [20.5756319, 38.4624886], [20.57559, 38.4624549]]}, "properties": {"name": "The Battery Trail", "notes": null, "osm_id": -3824409, "curated": false, "name_el": null, "name_en": null, "length_m": 10325, "sac_scale": "hiking", "difficulty": null, "local_name": null, "route_type": "hiking"}}, {"type": "Feature", "geometry": {"type": "LineString", "coordinates": [[20.5612715, 38.4670902], [20.5613418, 38.4667445], [20.5612345, 38.4662657], [20.5609233, 38.4660641], [20.5609496, 38.4659057], [20.56161, 38.4655853], [20.5615826, 38.4653177], [20.561728, 38.465098], [20.561479, 38.4647397], [20.5615282, 38.4645354], [20.5615408, 38.4643342], [20.5616347, 38.4640671], [20.5616879, 38.4640068], [20.5617313, 38.4639352], [20.5617584, 38.4637298], [20.5617392, 38.4636335], [20.5619001, 38.4636209], [20.5619811, 38.4634122], [20.5620125, 38.4631749], [20.5620376, 38.4629649], [20.5620276, 38.4627774], [20.5620294, 38.4626226], [20.5620109, 38.4625088], [20.5620459, 38.4624924], [20.5620926, 38.4624597], [20.5620465, 38.4623944], [20.5619628, 38.4622996], [20.5619031, 38.4622458], [20.5618393, 38.4621984], [20.5618092, 38.4622016], [20.5617145, 38.4622356], [20.5616256, 38.4622582], [20.5615545, 38.4622589], [20.5615021, 38.4622496], [20.5614374, 38.4622242], [20.5614066, 38.4621992], [20.5613903, 38.4621674], [20.5613852, 38.4621159], [20.5613717, 38.4620332], [20.561353, 38.4619933], [20.5613221, 38.4619607], [20.5612618, 38.4619302], [20.5611439, 38.4618884], [20.5611625, 38.4618704], [20.5612229, 38.4617654], [20.5612282, 38.4617234], [20.5612215, 38.4616814], [20.5611987, 38.4616404], [20.5611022, 38.4615102], [20.5610499, 38.4614062], [20.5609828, 38.4612561], [20.5609708, 38.4612288], [20.5609654, 38.4611962], [20.5609627, 38.4610303], [20.5609734, 38.4609841], [20.5609976, 38.460961], [20.5610606, 38.4609263], [20.5610519, 38.4608975], [20.5610358, 38.4608775], [20.5610036, 38.4608633], [20.5610114, 38.4608004], [20.5609801, 38.4606598], [20.5610385, 38.4605856], [20.5610426, 38.4604804], [20.5610631, 38.4603712], [20.5610933, 38.4601666], [20.5612396, 38.4599757], [20.5613888, 38.4598596], [20.561576, 38.4596068], [20.5616784, 38.4595381], [20.5619115, 38.4594694], [20.5621651, 38.45939], [20.5621933, 38.4592976], [20.5621797, 38.4592052], [20.5621875, 38.4591563], [20.5622103, 38.4591144], [20.5621612, 38.4591176], [20.5620766, 38.4591876], [20.5619377, 38.4592115], [20.5618237, 38.4592199], [20.5616654, 38.4592125], [20.5619377, 38.4591088], [20.5622111, 38.4587832], [20.5622705, 38.4586516], [20.562263, 38.4584993], [20.5623131, 38.4584286], [20.5623526, 38.4583979], [20.5624585, 38.4583908]]}, "properties": {"name": "The Battery Trail Variante", "notes": null, "osm_id": -17149036, "curated": false, "name_el": null, "name_en": null, "length_m": 1260, "sac_scale": "hiking", "difficulty": null, "local_name": null, "route_type": "hiking"}}, {"type": "Feature", "geometry": {"type": "LineString", "coordinates": [[20.548141, 38.4717166], [20.5482888, 38.4715546], [20.5486252, 38.4714658], [20.5488157, 38.4714349], [20.5489012, 38.4713941], [20.5490043, 38.4714368], [20.5491147, 38.4714606], [20.5492481, 38.4714672], [20.5493646, 38.4715157], [20.5495223, 38.4715138], [20.5495805, 38.4715384], [20.549754, 38.4715565], [20.549777, 38.471604], [20.5499132, 38.4716463], [20.549985, 38.4716393], [20.5500524, 38.4716774], [20.5500996, 38.4716808], [20.5501153, 38.4717011], [20.5501639, 38.4717028], [20.5501853, 38.4716945], [20.5502914, 38.4717238], [20.5503579, 38.4717067], [20.5504676, 38.4717095], [20.5505814, 38.4717172], [20.5506496, 38.4716798], [20.5507602, 38.471647], [20.5507531, 38.4716152], [20.5507758, 38.4715681], [20.5508075, 38.4715373], [20.5508566, 38.471522], [20.5508793, 38.4714787], [20.5509128, 38.4714567], [20.550936, 38.471428], [20.5509948, 38.4714029], [20.5510756, 38.4713893], [20.551117, 38.4713467], [20.551171, 38.471333], [20.551204, 38.4712866], [20.5512183, 38.4712422], [20.5512807, 38.471201], [20.5513463, 38.4712206], [20.5513869, 38.4712286], [20.5514217, 38.4712143], [20.5514288, 38.4711745], [20.5514886, 38.4711336], [20.551551, 38.4711064], [20.5515658, 38.4711162], [20.5517228, 38.4710502], [20.5517455, 38.4710537], [20.5517883, 38.4710254], [20.5518691, 38.4710118], [20.551911, 38.471002], [20.5519685, 38.4710023], [20.5520225, 38.4710121], [20.5520533, 38.4710387], [20.5520671, 38.4710554], [20.5521616, 38.471032], [20.5522098, 38.4710558], [20.5523289, 38.4710519], [20.5523753, 38.471068], [20.5524752, 38.4710862], [20.5525403, 38.4710977], [20.5525805, 38.4711071], [20.5526322, 38.4711434], [20.5526799, 38.4711776], [20.5527504, 38.4712168], [20.5528066, 38.4712363], [20.5528294, 38.4712534], [20.5528521, 38.4712422], [20.5529181, 38.4712492], [20.5529912, 38.4712734], [20.5530448, 38.4712901], [20.5530742, 38.4713048], [20.553146, 38.4713191], [20.5531777, 38.4713068], [20.5531956, 38.47128], [20.5532361, 38.471273], [20.5533548, 38.4713117], [20.553427, 38.4713491], [20.5535408, 38.4713453], [20.5537005, 38.4713421], [20.5537513, 38.4713411], [20.5537964, 38.4713292], [20.5538552, 38.4713075], [20.5539355, 38.4712883], [20.5539507, 38.4712709], [20.5540426, 38.4712842], [20.554113, 38.4712594], [20.5541951, 38.4712569], [20.5542683, 38.4712541], [20.5543245, 38.4712374], [20.554427, 38.4712112], [20.5544761, 38.4712223], [20.5545444, 38.4712478], [20.5545591, 38.4712321], [20.5546835, 38.4713173], [20.5547495, 38.4713191], [20.55482, 38.4713006], [20.5549163, 38.4713708], [20.5549931, 38.4713948], [20.5550662, 38.4714071], [20.5551559, 38.471406], [20.5552107, 38.4713858], [20.5552625, 38.4713323], [20.5552937, 38.4713198], [20.5553564, 38.4713114], [20.5554028, 38.4712925], [20.5554427, 38.471259], [20.5554462, 38.4712356], [20.5555096, 38.4711459], [20.5555727, 38.4710608], [20.5556386, 38.4710204], [20.555735, 38.4710092], [20.5558123, 38.4710391], [20.5558657, 38.4710548], [20.5559039, 38.4710817], [20.556005, 38.471122], [20.5560461, 38.4711982], [20.5560852, 38.4712752], [20.5561109, 38.471379], [20.5561176, 38.4714395], [20.5561262, 38.4714694], [20.5561882, 38.4714971], [20.5562207, 38.4715374], [20.5564554, 38.4716532], [20.5564554, 38.471701], [20.5564163, 38.4717294], [20.5564077, 38.4717989], [20.5564621, 38.4718684], [20.556652, 38.4719453], [20.5566978, 38.4719842], [20.5568925, 38.4721336], [20.5569717, 38.4721627], [20.5571348, 38.4721993], [20.557256, 38.4722673], [20.5573887, 38.4722868], [20.557424, 38.4722778], [20.5574927, 38.472345], [20.5575728, 38.4723854], [20.5577398, 38.4725378], [20.5579259, 38.4725826], [20.557987, 38.4726058], [20.5580929, 38.4726274], [20.5581511, 38.4726767], [20.5584088, 38.4726058], [20.5586378, 38.472555], [20.5587428, 38.4725579], [20.5589107, 38.4725535], [20.5591426, 38.4725296], [20.5591722, 38.47249], [20.559364, 38.4725325], [20.5594632, 38.4725363], [20.5596913, 38.4724235], [20.5598678, 38.4724802], [20.5599489, 38.4724279], [20.5600882, 38.4724093], [20.5603793, 38.4725086], [20.5606474, 38.4724773], [20.5607868, 38.4725206], [20.5608469, 38.4725056], [20.5608936, 38.4725445], [20.5611198, 38.4726102], [20.5613259, 38.4726095], [20.5615492, 38.4726297], [20.5617839, 38.4725766], [20.561811, 38.4725573]]}, "properties": {"name": null, "notes": null, "osm_id": -16545316, "curated": false, "name_el": null, "name_en": null, "length_m": 1427, "sac_scale": null, "difficulty": null, "local_name": null, "route_type": "foot"}}, {"type": "Feature", "geometry": {"type": "LineString", "coordinates": [[20.5760327, 38.458689], [20.5760692, 38.4587076], [20.5761458, 38.4587662], [20.5762133, 38.458799], [20.5762643, 38.4588476], [20.5763056, 38.4588849], [20.5762643, 38.4588476], [20.5762133, 38.458799], [20.5761458, 38.4587662], [20.5760692, 38.4587076], [20.5760327, 38.458689], [20.5760496, 38.4586554], [20.5760381, 38.4586213], [20.5759741, 38.4585845], [20.5758786, 38.4584825], [20.5759736, 38.4584374], [20.5760481, 38.4584002], [20.5759891, 38.4583897], [20.5759435, 38.4583902], [20.5758899, 38.4584007], [20.5756981, 38.4584674], [20.575513, 38.4585499], [20.5754741, 38.4585598], [20.5754292, 38.4585604], [20.5753876, 38.4585488], [20.5752347, 38.4584606], [20.5752274, 38.4582912], [20.5752294, 38.4582253], [20.5752401, 38.4581734], [20.5752683, 38.4581293], [20.575334, 38.4580736], [20.5754843, 38.4579618], [20.5756116, 38.4578767], [20.5757618, 38.4577922], [20.5760896, 38.4576833], [20.5763592, 38.4575923], [20.5765209, 38.457506], [20.5766753, 38.4574012], [20.5767898, 38.4573064], [20.5768193, 38.4572684], [20.5768561, 38.4571846], [20.5768865, 38.4571096], [20.5769611, 38.4568389], [20.5770239, 38.4566169], [20.5770169, 38.4564531], [20.5769867, 38.4561656], [20.5769472, 38.4558908], [20.5769704, 38.4557488], [20.5770262, 38.4556651], [20.5773353, 38.4553921], [20.5775491, 38.4552538], [20.5776226, 38.4552237], [20.5776393, 38.4551803], [20.5776819, 38.4550984], [20.5778121, 38.4547963], [20.5781413, 38.4540339], [20.5781548, 38.4538437], [20.5780289, 38.4535619], [20.5776735, 38.4533189], [20.5768802, 38.4529863], [20.5768624, 38.4529672], [20.5768575, 38.4529103], [20.5767408, 38.4529071], [20.5765884, 38.4529107], [20.5763116, 38.4529365], [20.5761212, 38.452947], [20.5760381, 38.4529344], [20.5759802, 38.4528929], [20.5759348, 38.4528295], [20.575916, 38.4527517], [20.5759156, 38.452677], [20.5759335, 38.4526015], [20.575971, 38.452529], [20.576022, 38.452466], [20.5760944, 38.4523935], [20.576199, 38.452319], [20.5763304, 38.4522412], [20.5764444, 38.452173], [20.5765785, 38.4520722], [20.576659, 38.4519892], [20.5767019, 38.4519209], [20.5767059, 38.4518558], [20.5767006, 38.4517707], [20.5766865, 38.4516767], [20.5766885, 38.4516431], [20.5767046, 38.4516056], [20.5767368, 38.451568], [20.5766954, 38.4515064], [20.5766955, 38.4514958], [20.5767177, 38.4514869], [20.576745, 38.4514801], [20.5769606, 38.4513945], [20.5770052, 38.4513743], [20.5770196, 38.4513099], [20.5769389, 38.4513043], [20.5767962, 38.4512298], [20.5767588, 38.4511734], [20.5767717, 38.4511542], [20.5768366, 38.4511282], [20.5768131, 38.4511135], [20.5767761, 38.4510865], [20.5767371, 38.4510447], [20.5770303, 38.450955], [20.5769987, 38.4509107], [20.5769409, 38.4509268], [20.5769174, 38.4508724], [20.5768503, 38.4508909], [20.5767948, 38.4508168], [20.5767902, 38.4508025], [20.5770614, 38.4507118], [20.5773135, 38.4506317], [20.5774839, 38.4505483], [20.5775254, 38.4504252], [20.5773553, 38.4502345], [20.5771723, 38.4500855], [20.5770239, 38.4500009], [20.5769029, 38.4498699], [20.5767804, 38.4496736], [20.5766493, 38.4494749], [20.5765556, 38.4492537], [20.5765282, 38.4492435], [20.5765023, 38.4492266], [20.5764437, 38.4491151], [20.5764002, 38.4491182], [20.5763291, 38.4491182], [20.5762218, 38.4491219], [20.5760689, 38.4491366], [20.5759087, 38.4491724], [20.5758423, 38.4491719], [20.5758055, 38.4491459], [20.575782, 38.449117], [20.5755621, 38.4491592], [20.5754733, 38.4491981], [20.57541, 38.4492915], [20.5753252, 38.4494163], [20.5752646, 38.4494105], [20.575178, 38.4494236], [20.5750271, 38.4495053], [20.5749013, 38.4496002], [20.5748845, 38.4496534], [20.574783, 38.4496418], [20.5745948, 38.449641], [20.5743535, 38.4496585], [20.5742985, 38.4496418], [20.5742021, 38.449687], [20.5740526, 38.449603], [20.5738833, 38.449794], [20.5737655, 38.4498881], [20.5736101, 38.4499321], [20.5732587, 38.4499989], [20.5729915, 38.4501124], [20.5729252, 38.4501577], [20.5727973, 38.4501903], [20.5726397, 38.4501739], [20.5725838, 38.4501946], [20.5725297, 38.4502077], [20.5724688, 38.4501857], [20.5724356, 38.4501325], [20.5723196, 38.4501264], [20.5722296, 38.450093], [20.5721868, 38.4501344], [20.5721305, 38.4501531], [20.5720595, 38.4501405], [20.5719975, 38.450148], [20.5719742, 38.4501729], [20.5719412, 38.4501767], [20.5718743, 38.4501666], [20.5717756, 38.4501829], [20.5716456, 38.4501808], [20.5715732, 38.4502032], [20.5714814, 38.4501456], [20.5713924, 38.4501422], [20.5713414, 38.4501503], [20.5712714, 38.4501277], [20.5710547, 38.4500641], [20.5708341, 38.4500488], [20.5707879, 38.4500802], [20.5706992, 38.4500882], [20.5706203, 38.450068], [20.5705252, 38.4501032], [20.5703955, 38.4501309], [20.570375, 38.4501575], [20.5702158, 38.450165], [20.5701441, 38.4501253], [20.5700685, 38.4501294], [20.5699075, 38.4502355], [20.5698366, 38.4502407], [20.5698255, 38.4502127], [20.5697782, 38.4502231], [20.5696517, 38.4502717], [20.5695549, 38.4501846], [20.5694321, 38.4501527], [20.5693864, 38.450213], [20.5692912, 38.4501426], [20.5691571, 38.450106], [20.5690906, 38.4500786], [20.5688471, 38.4500985], [20.5687002, 38.4501209], [20.5684847, 38.450096], [20.5683755, 38.4499667], [20.568194, 38.4498012], [20.5680519, 38.4497067], [20.5678346, 38.4495758], [20.5677463, 38.4495113], [20.567677, 38.4494085], [20.567646, 38.4493365], [20.5674514, 38.4492701], [20.5673284, 38.4492626], [20.5672544, 38.4493047], [20.5672126, 38.4494169], [20.5671807, 38.449542], [20.5669468, 38.4495016], [20.5668942, 38.4494956], [20.5668589, 38.4494885], [20.5666865, 38.4494234], [20.5666544, 38.4494197], [20.5666222, 38.4494186], [20.5665839, 38.449426], [20.566535, 38.4494386], [20.5664136, 38.4494822], [20.5663486, 38.4495202], [20.5663295, 38.4495426], [20.5663231, 38.4495594], [20.5663291, 38.449582], [20.5664086, 38.4497235], [20.5664171, 38.4497398], [20.5664198, 38.4497522], [20.5664223, 38.4497757], [20.5664056, 38.4498792], [20.5664002, 38.4499664], [20.5663895, 38.4500005], [20.5663747, 38.4500373], [20.5663425, 38.4500777], [20.5661095, 38.450278], [20.5659342, 38.4504306], [20.5658986, 38.4504563], [20.5658618, 38.4504715], [20.5657766, 38.4505046], [20.5657384, 38.4505199], [20.5657129, 38.4505419], [20.5657008, 38.4505692], [20.5656619, 38.4507016], [20.5656043, 38.4508213], [20.5655748, 38.4508528], [20.5655318, 38.4508759], [20.5654742, 38.450878], [20.5653347, 38.4508612], [20.565159, 38.450836], [20.5650819, 38.4508155], [20.5648807, 38.4507483], [20.564817, 38.4507315], [20.5647138, 38.4507247], [20.5645488, 38.4507215], [20.5644844, 38.4507247], [20.5644422, 38.4508812], [20.5644187, 38.4509295], [20.5643792, 38.4509878], [20.5643275, 38.4510513], [20.5641599, 38.4512183], [20.5640472, 38.4513853], [20.5639842, 38.4514667], [20.5639554, 38.4514929], [20.5638548, 38.4515638], [20.56383, 38.4515827], [20.5638038, 38.4516137], [20.5637569, 38.4516967], [20.563663, 38.4518647], [20.563582, 38.4518933], [20.5632171, 38.4520556], [20.5630719, 38.4521203], [20.562904, 38.4521714], [20.5628463, 38.4521897], [20.562745, 38.4522342], [20.562627, 38.45234], [20.5625895, 38.4523851], [20.5625693, 38.4524303], [20.562568, 38.4525805], [20.5625787, 38.4527443], [20.5625707, 38.4527853], [20.5625559, 38.4528147], [20.5624714, 38.4528914], [20.5624191, 38.4529449], [20.5624031, 38.4529827], [20.5623642, 38.4530888], [20.5623239, 38.4531749], [20.5621952, 38.453344], [20.5621187, 38.4534301], [20.5620946, 38.4534669], [20.5620852, 38.4535047], [20.562104, 38.4536055], [20.5621549, 38.4537273], [20.5621938, 38.453782], [20.5622448, 38.4538324], [20.5623803, 38.4539521], [20.5624956, 38.4540834], [20.5625559, 38.4541558], [20.5626176, 38.4542073], [20.5628671, 38.4543806], [20.5629583, 38.4544341], [20.5630642, 38.454473], [20.5632171, 38.4545339], [20.5634719, 38.454682], [20.563594, 38.4547629], [20.5638227, 38.4548852], [20.5639856, 38.4549981], [20.5641183, 38.4551325], [20.5641787, 38.4551682], [20.5642498, 38.4551805], [20.5643191, 38.4551816], [20.5644388, 38.455164], [20.5645622, 38.4551504], [20.5647111, 38.4551714], [20.5648009, 38.4552239], [20.5648841, 38.4553037], [20.5649525, 38.4553531], [20.5650464, 38.455373], [20.5651335, 38.4553835], [20.5652758, 38.4553177], [20.565466, 38.4552885], [20.5658601, 38.4552931], [20.565881, 38.4552925], [20.5662291, 38.4552827], [20.5664993, 38.4553637], [20.5672032, 38.4555634], [20.567513, 38.4557031], [20.5678679, 38.4557676], [20.5682464, 38.4558029], [20.5687385, 38.4558198], [20.569108, 38.4560477], [20.5691708, 38.4560928], [20.5692737, 38.4561356], [20.5693578, 38.456082], [20.5693732, 38.4560399], [20.5693618, 38.4559956], [20.5693681, 38.4559776], [20.5694167, 38.4559315], [20.5694658, 38.4559127], [20.5694911, 38.4558807], [20.5695473, 38.4558853], [20.5695702, 38.4558646], [20.5695894, 38.4558559], [20.5696235, 38.4558626], [20.5696396, 38.4558069], [20.5697047, 38.4557597], [20.569831, 38.455846], [20.5698494, 38.4558952], [20.5698817, 38.4559032], [20.5699156, 38.4558929], [20.5699527, 38.4558987], [20.5700101, 38.4558443], [20.5700676, 38.4558012], [20.5701243, 38.4557637], [20.5702064, 38.4557327], [20.5702359, 38.4556755], [20.5703824, 38.4556137], [20.5707894, 38.4557602], [20.5709614, 38.4557833], [20.57119, 38.455772], [20.5712623, 38.4558361], [20.5713577, 38.4558694], [20.5714793, 38.455879], [20.571556, 38.4559549], [20.5716458, 38.4559696], [20.5717719, 38.4559927], [20.5719748, 38.4561031], [20.5720041, 38.4561407], [20.5721866, 38.4562074], [20.5724335, 38.4563031], [20.5725034, 38.4564223], [20.5724529, 38.4564355], [20.572407, 38.4564794], [20.5723649, 38.4565279], [20.5723417, 38.4565527], [20.5723535, 38.4566227], [20.5723094, 38.4567519], [20.5722254, 38.4567945], [20.5719844, 38.4568074], [20.5718365, 38.4567682], [20.5719844, 38.4568074], [20.5722254, 38.4567945], [20.5723094, 38.4567519], [20.5723535, 38.4566227], [20.5723417, 38.4565527], [20.5723649, 38.4565279], [20.572407, 38.4564794], [20.5724529, 38.4564355], [20.5725034, 38.4564223], [20.5725255, 38.4564699], [20.5725724, 38.4565107], [20.5726545, 38.4567237], [20.5727425, 38.4568437], [20.5728026, 38.4568702], [20.5728618, 38.456955], [20.5729387, 38.4570065], [20.5732215, 38.4572729], [20.5732378, 38.4573459], [20.5732846, 38.4573871], [20.5734256, 38.4574264], [20.5735362, 38.4575275], [20.5736479, 38.4575595], [20.5739828, 38.4576496], [20.5740899, 38.4577178], [20.5741539, 38.457705], [20.5742282, 38.4576543], [20.5744147, 38.4576366], [20.5745806, 38.4577618], [20.5746371, 38.4578368], [20.5748598, 38.458058], [20.5750094, 38.4582884], [20.5750222, 38.4582923], [20.5750316, 38.4582957], [20.575045, 38.4583065], [20.5751335, 38.4583929], [20.5751885, 38.4584338], [20.5752347, 38.4584606], [20.5753876, 38.4585488], [20.5754292, 38.4585604], [20.5754741, 38.4585598], [20.575513, 38.4585499], [20.5756981, 38.4584674], [20.5758899, 38.4584007], [20.5759435, 38.4583902], [20.5759891, 38.4583897], [20.5760481, 38.4584002], [20.5759736, 38.4584374], [20.5758786, 38.4584825], [20.5759741, 38.4585845], [20.5760381, 38.4586213], [20.5760496, 38.4586554], [20.5760327, 38.458689]]}, "properties": {"name": "The Cypress Trail", "notes": null, "osm_id": -3827526, "curated": false, "name_el": null, "name_en": null, "length_m": 5136, "sac_scale": "hiking", "difficulty": null, "local_name": null, "route_type": "hiking"}}, {"type": "Feature", "geometry": {"type": "LineString", "coordinates": [[20.5820266, 38.4610216], [20.5822056, 38.46107], [20.5825162, 38.4610935], [20.5826665, 38.4613446]]}, "properties": {"name": "Light House", "notes": null, "osm_id": 288151577, "curated": false, "name_el": null, "name_en": null, "length_m": 75, "sac_scale": "hiking", "difficulty": null, "local_name": null, "route_type": null}}, {"type": "Feature", "geometry": {"type": "LineString", "coordinates": [[20.5820266, 38.4610216], [20.5819379, 38.4612871], [20.5819717, 38.4614807], [20.5818947, 38.461593], [20.5818195, 38.4616369], [20.5817408, 38.4616174], [20.5816453, 38.4615996], [20.5815455, 38.4615533], [20.5814508, 38.4615387], [20.5813429, 38.4615985], [20.5813209, 38.4616923], [20.5812549, 38.4618599], [20.5811157, 38.4618852], [20.5810406, 38.4619308], [20.5809216, 38.4619685], [20.5808497, 38.4620095], [20.5807251, 38.4620911], [20.5806608, 38.4621761], [20.580683, 38.4622274], [20.5806287, 38.4622862], [20.5805497, 38.4622836], [20.5804697, 38.4622455], [20.5803889, 38.4621438], [20.5803009, 38.4620944], [20.5802391, 38.4620857], [20.5801984, 38.4621182], [20.5801358, 38.4621256], [20.5800605, 38.4620864], [20.5799816, 38.462103], [20.5798842, 38.462108], [20.5798498, 38.4621514], [20.5797415, 38.4621895], [20.5796783, 38.4622306], [20.5796313, 38.4622737], [20.5795671, 38.462296], [20.5794449, 38.4623915], [20.5793267, 38.4623486], [20.5792971, 38.4623096], [20.5791804, 38.4623168], [20.5791059, 38.4622784], [20.5790382, 38.462276], [20.5790293, 38.4622326], [20.5789982, 38.4621906], [20.5789572, 38.462195], [20.5789248, 38.4622166], [20.5788616, 38.462216], [20.5787364, 38.4621885], [20.5786572, 38.4621183], [20.5785868, 38.4621195], [20.5787546, 38.4620553], [20.5787565, 38.462016], [20.5787999, 38.4619917], [20.5789801, 38.4619728], [20.5790283, 38.461917], [20.5791034, 38.4619034], [20.5792032, 38.4618808], [20.5793352, 38.4617975], [20.5794417, 38.4617623], [20.5795369, 38.4616672], [20.5796151, 38.461543], [20.5797139, 38.4614733], [20.5800856, 38.4611788], [20.5802903, 38.4610847], [20.5805299, 38.460868], [20.5806763, 38.4607262], [20.5811767, 38.4605748], [20.5815194, 38.4605205], [20.5817127, 38.4605539], [20.5818712, 38.4606235], [20.5820069, 38.4606684], [20.5820038, 38.4607161], [20.5820353, 38.4607954], [20.5819786, 38.460998], [20.5820266, 38.4610216]]}, "properties": {"name": "The Lighthouse Trail", "notes": null, "osm_id": -3822268, "curated": false, "name_el": null, "name_en": null, "length_m": 863, "sac_scale": "hiking", "difficulty": null, "local_name": null, "route_type": "hiking"}}, {"type": "Feature", "geometry": {"type": "LineString", "coordinates": [[20.5764765, 38.4600822], [20.5766153, 38.4601907], [20.5766737, 38.4602657]]}, "properties": {"name": "R Gouisgard", "notes": null, "osm_id": 288264107, "curated": false, "name_el": null, "name_en": null, "length_m": 27, "sac_scale": null, "difficulty": null, "local_name": null, "route_type": null}}, {"type": "Feature", "geometry": {"type": "LineString", "coordinates": [[20.5765323, 38.4603266], [20.576355, 38.4601733], [20.5762596, 38.4600934]]}, "properties": {"name": "Ιθάκης", "notes": null, "osm_id": 288257657, "curated": false, "name_el": null, "name_en": null, "length_m": 35, "sac_scale": null, "difficulty": null, "local_name": null, "route_type": null}}, {"type": "Feature", "geometry": {"type": "LineString", "coordinates": [[20.5762017, 38.4601282], [20.5762596, 38.4600934], [20.5763876, 38.4600025]]}, "properties": {"name": "Marabou", "notes": null, "osm_id": 964934691, "curated": false, "name_el": null, "name_en": null, "length_m": 21, "sac_scale": null, "difficulty": null, "local_name": null, "route_type": null}}, {"type": "Feature", "geometry": {"type": "LineString", "coordinates": [[20.5760629, 38.4599817], [20.5759292, 38.4600758], [20.5758515, 38.4601355], [20.5757725, 38.4602059]]}, "properties": {"name": "Πανόρμου", "notes": null, "osm_id": 289096178, "curated": false, "name_el": null, "name_en": null, "length_m": 36, "sac_scale": null, "difficulty": null, "local_name": null, "route_type": null}}, {"type": "Feature", "geometry": {"type": "LineString", "coordinates": [[20.5516923, 38.4516384], [20.5517647, 38.4517569], [20.5518636, 38.4518505], [20.5519624, 38.4519709], [20.5520441, 38.4521209], [20.5520807, 38.4522308], [20.5521112, 38.4522824], [20.5521625, 38.4523445], [20.5522113, 38.452441], [20.5522576, 38.4525432], [20.5522832, 38.4526502], [20.5522991, 38.4527706], [20.5522832, 38.4528232], [20.5522723, 38.4528671], [20.5523028, 38.4529617], [20.5523089, 38.4530018], [20.5523101, 38.4530439], [20.5523479, 38.4530572], [20.5524077, 38.4530563], [20.5524894, 38.4530439], [20.5525834, 38.4530611], [20.5527054, 38.4531318], [20.552781, 38.45317], [20.5528237, 38.4532177], [20.5528579, 38.4532541], [20.5528554, 38.453299], [20.5528933, 38.4533496], [20.5528969, 38.4533926], [20.5529286, 38.4534709], [20.5529604, 38.4535034], [20.5530104, 38.4535493], [20.5530494, 38.4536209], [20.5531031, 38.4537127], [20.5531373, 38.4537394], [20.5532739, 38.4537891], [20.5532849, 38.4538311], [20.5533215, 38.4538856], [20.5533227, 38.4539238], [20.5533764, 38.4539706], [20.5533861, 38.4539974], [20.5533691, 38.4540614], [20.5533459, 38.4540986], [20.5533337, 38.4541397], [20.5533178, 38.4541808], [20.5532422, 38.4542133], [20.553208, 38.4542649], [20.5531909, 38.4543642], [20.5532141, 38.4544263], [20.5532715, 38.4544732], [20.5533056, 38.4545219], [20.5533105, 38.454562], [20.5533068, 38.4545983], [20.5533117, 38.4546767], [20.5533325, 38.4547197], [20.5533654, 38.4547426], [20.5534179, 38.4547474], [20.5534838, 38.4547646], [20.5535045, 38.4548162], [20.5535057, 38.4548964], [20.5534923, 38.4549824], [20.5534606, 38.4550646], [20.553474, 38.455097], [20.5534923, 38.4551773], [20.5535033, 38.4552088], [20.5534996, 38.45529], [20.5534801, 38.4553282], [20.5534276, 38.4554085], [20.5534105, 38.4554362], [20.553402, 38.4554935], [20.5534166, 38.4555327], [20.5534459, 38.455547], [20.5534691, 38.4555872], [20.5534947, 38.4556579], [20.553513, 38.4557276], [20.5535545, 38.455827], [20.5535777, 38.4558661], [20.5536045, 38.4558852], [20.5536009, 38.4559235], [20.5536155, 38.455955], [20.5536058, 38.4560113], [20.5535326, 38.4560878], [20.5535594, 38.4562827], [20.5535484, 38.4563381], [20.5535667, 38.4563782], [20.5535667, 38.4564097]]}, "properties": {"name": "Footpaths of Erissos 03A", "notes": null, "osm_id": 1244664865, "curated": false, "name_el": null, "name_en": null, "length_m": 623, "sac_scale": null, "difficulty": null, "local_name": null, "route_type": null}}, {"type": "Feature", "geometry": {"type": "LineString", "coordinates": [[20.546636, 38.4580282], [20.5465956, 38.4579032], [20.5465789, 38.4577468], [20.5465826, 38.4576136], [20.54659, 38.4575397], [20.5466677, 38.4575455], [20.5466714, 38.4575122], [20.5466584, 38.4574326], [20.546664, 38.4573414], [20.5467638, 38.4573167], [20.5468434, 38.4572776], [20.5469025, 38.457127], [20.5469636, 38.4569605], [20.5470801, 38.4567867], [20.5472132, 38.4565522], [20.547204, 38.4564725], [20.547154, 38.456432], [20.5470634, 38.4563929], [20.5468045, 38.4563016], [20.5466233, 38.4562379], [20.5464088, 38.4561728], [20.5462923, 38.4561004], [20.5461998, 38.4561452], [20.5459206, 38.4562654], [20.5457338, 38.456348], [20.5455933, 38.4563509], [20.5453843, 38.4563219], [20.545364, 38.4562857], [20.5454176, 38.4561221], [20.5454527, 38.4560222], [20.5454287, 38.4558947], [20.5454158, 38.4557007], [20.5454361, 38.455065], [20.5454712, 38.4547304], [20.5454213, 38.4546465], [20.5454028, 38.4545234], [20.5453843, 38.4544379], [20.5453196, 38.4543554], [20.5453658, 38.4542193], [20.5454398, 38.454086], [20.5455914, 38.4539209], [20.545695, 38.4538022], [20.5458448, 38.4537457], [20.5460223, 38.453724], [20.5461887, 38.453682], [20.5464976, 38.4537616], [20.5467102, 38.4538471], [20.5467842, 38.4538905], [20.5470727, 38.4539151], [20.547204, 38.4539137], [20.5474259, 38.4538862], [20.5475904, 38.4538514], [20.5477032, 38.4538283], [20.5477846, 38.4537834], [20.5478271, 38.4537385], [20.5478532, 38.4537432], [20.5478727, 38.4537824], [20.5478898, 38.4538206], [20.5479142, 38.4538818], [20.547924, 38.4539362], [20.5479142, 38.4539878], [20.5479154, 38.4540662], [20.5479045, 38.4541512], [20.5479008, 38.454176], [20.5478337, 38.4541827], [20.5477288, 38.4541932], [20.5476348, 38.4541808], [20.5475165, 38.454178], [20.5474128, 38.4541904], [20.5473066, 38.4542057], [20.5471871, 38.454199], [20.5471285, 38.4541846]]}, "properties": {"name": "Footpaths of Erissos 03A", "notes": null, "osm_id": 1244664862, "curated": false, "name_el": null, "name_en": null, "length_m": 987, "sac_scale": null, "difficulty": null, "local_name": null, "route_type": null}}, {"type": "Feature", "geometry": {"type": "LineString", "coordinates": [[20.5478271, 38.4537385], [20.547844, 38.4537284], [20.5478621, 38.4536336], [20.5478355, 38.4535662], [20.5477994, 38.4535155], [20.5477665, 38.4534672], [20.5477049, 38.4534206], [20.5476465, 38.4533649], [20.5476061, 38.4533358], [20.5475997, 38.4532518], [20.5475891, 38.453221], [20.5475934, 38.4531803], [20.5475796, 38.4531528], [20.5475955, 38.4530638], [20.5476199, 38.4530222], [20.547655, 38.4529831], [20.5476858, 38.4529449], [20.5477559, 38.4529091], [20.547809, 38.452875], [20.5478334, 38.4528542], [20.5478791, 38.4527744], [20.5478939, 38.4527295], [20.5479311, 38.4526862], [20.5479619, 38.4525673], [20.5479885, 38.4525282], [20.5480479, 38.4524384], [20.5481095, 38.4523735], [20.5481818, 38.4523019], [20.5482126, 38.452257], [20.5482529, 38.452198], [20.5482699, 38.4521431], [20.5483071, 38.4520607], [20.5483528, 38.4520025], [20.5483857, 38.4519842], [20.5484154, 38.4519385], [20.5484749, 38.4518886], [20.5485354, 38.451852], [20.5485864, 38.4518287], [20.5486332, 38.4518312], [20.5486767, 38.4518511], [20.5489019, 38.4518619], [20.5490506, 38.451822], [20.5491069, 38.4518029], [20.5491557, 38.4518004], [20.5492194, 38.4517779], [20.5493278, 38.4517638], [20.5494064, 38.4517621], [20.5494319, 38.4517538], [20.5495997, 38.451753], [20.5496984, 38.4517364], [20.5497855, 38.4516981], [20.5498705, 38.4516565], [20.549981, 38.4515891], [20.5500319, 38.45156], [20.5500627, 38.4515317], [20.5500904, 38.4514943], [20.550067, 38.451466], [20.5500118, 38.4514228], [20.5498556, 38.4512273], [20.549811, 38.451204], [20.5498046, 38.45111], [20.5498057, 38.4510701], [20.5498319, 38.451019]]}, "properties": {"name": "Footpaths of Erissos 03A", "notes": null, "osm_id": 1244664863, "curated": false, "name_el": null, "name_en": null, "length_m": 456, "sac_scale": null, "difficulty": null, "local_name": null, "route_type": null}}, {"type": "Feature", "geometry": {"type": "LineString", "coordinates": [[20.4819623, 38.177032], [20.4818251, 38.1770283], [20.4817862, 38.1770965], [20.4818281, 38.1771624], [20.4818311, 38.1771907], [20.4816963, 38.1772989], [20.4815287, 38.1774661], [20.4814718, 38.1775273], [20.4813161, 38.1775155], [20.4811694, 38.1774967], [20.4810945, 38.1775131], [20.4810094, 38.1774984], [20.480913, 38.1775332], [20.4808817, 38.1775926], [20.4808176, 38.1776015], [20.4807834, 38.177631]]}, "properties": {"name": "A3 - The Loop of Lassi", "notes": null, "osm_id": 1244674062, "curated": false, "name_el": null, "name_en": null, "length_m": 148, "sac_scale": null, "difficulty": null, "local_name": null, "route_type": null}}, {"type": "Feature", "geometry": {"type": "LineString", "coordinates": [[20.6223694, 38.1596844], [20.6225035, 38.1597792], [20.6227563, 38.1598031], [20.6230394, 38.1600178], [20.6230767, 38.1602835], [20.6232063, 38.1605465], [20.6235248, 38.1608486], [20.623625, 38.1611449], [20.6243796, 38.1616154], [20.6248895, 38.1619987], [20.6254309, 38.1619697], [20.625384, 38.1621694], [20.6260318, 38.1622228], [20.6264595, 38.1620609], [20.6268978, 38.1616521], [20.6271262, 38.1615985], [20.6276626, 38.1620034], [20.6283063, 38.1626952], [20.6290282, 38.1627029], [20.6298043, 38.1628968], [20.6305526, 38.1629933], [20.6309682, 38.1631896], [20.63204, 38.1634881], [20.6322545, 38.1635893], [20.6326535, 38.1636291], [20.6328806, 38.1635642], [20.6332453, 38.1635706], [20.633592, 38.1633711], [20.6341735, 38.1635799], [20.6342697, 38.1635368], [20.634315, 38.163337], [20.6345111, 38.1631017], [20.6345804, 38.1628174], [20.6346349, 38.1625946], [20.6345505, 38.1621047], [20.6343459, 38.161625], [20.634425, 38.1614539], [20.6348516, 38.1616047], [20.6355506, 38.1618559], [20.6359018, 38.1619024], [20.6363841, 38.1618522], [20.6366748, 38.1619022], [20.6371246, 38.1621487], [20.6377906, 38.1620878], [20.6382412, 38.1622228], [20.638606, 38.1625602], [20.6391544, 38.1628912], [20.6392942, 38.1628258], [20.6394283, 38.1629394], [20.639578, 38.162907], [20.639676, 38.16298], [20.6398463, 38.1628098], [20.6402797, 38.1628015], [20.6406445, 38.1629651], [20.6412882, 38.1632013], [20.641709, 38.1633897], [20.6419105, 38.1633531], [20.6424255, 38.1631507], [20.6429405, 38.1630663], [20.6431459, 38.1628625], [20.6433704, 38.1628826], [20.6436181, 38.1632072], [20.6436543, 38.1636696], [20.6440563, 38.1641123], [20.6444633, 38.1642619], [20.6445006, 38.1642933]]}, "properties": {"name": "\"Purple\" path", "notes": null, "osm_id": 184713096, "curated": false, "name_el": null, "name_en": null, "length_m": 2654, "sac_scale": null, "difficulty": null, "local_name": null, "route_type": null}}, {"type": "Feature", "geometry": {"type": "LineString", "coordinates": [[20.7186689, 38.364291], [20.718761, 38.3643358], [20.7189016, 38.3644004], [20.7192466, 38.364559], [20.7193108, 38.3646357], [20.7196093, 38.3647686], [20.7197604, 38.3647716], [20.7198464, 38.3648101], [20.7202716, 38.3650109], [20.7206038, 38.3651773], [20.7208864, 38.365385], [20.7209277, 38.3654425], [20.7209464, 38.365477], [20.720962, 38.3655407], [20.7209624, 38.3655826], [20.7209563, 38.3656284], [20.7209407, 38.3656676], [20.7209243, 38.3657185], [20.7208941, 38.3657771], [20.7208351, 38.3658995], [20.7208161, 38.3659454], [20.7205393, 38.3664865], [20.7203511, 38.366856], [20.7202574, 38.3670551], [20.7202177, 38.367146], [20.7201932, 38.3671975], [20.7201612, 38.3672634], [20.7201066, 38.3673265], [20.7200429, 38.3673741], [20.7199145, 38.367436], [20.7198661, 38.3674588], [20.7198321, 38.3674699], [20.7197069, 38.3675028], [20.7195703, 38.3675417], [20.719481, 38.3675734], [20.7194, 38.3676083], [20.7193654, 38.3676249], [20.7193373, 38.3676392], [20.7192726, 38.367668], [20.7192115, 38.3676949], [20.7190847, 38.3677566], [20.7189699, 38.3678054], [20.7188816, 38.367855], [20.7188003, 38.3679138], [20.7187091, 38.3679864], [20.7186084, 38.368063], [20.7185534, 38.3681115], [20.7185, 38.3681636], [20.7184419, 38.3682193], [20.7183915, 38.3682678], [20.7183274, 38.3683228], [20.7182877, 38.3683599], [20.7182251, 38.3684258], [20.7181854, 38.3684784], [20.7181274, 38.3685395], [20.7180404, 38.3686341], [20.7179854, 38.3686927], [20.7179518, 38.3687286], [20.7178694, 38.368828], [20.7177625, 38.3689645], [20.717738, 38.36901], [20.7177304, 38.3690567], [20.7177472, 38.3691165], [20.717906, 38.3692997], [20.7181366, 38.3695265], [20.7182772, 38.3697964], [20.7182837, 38.3698617], [20.7182984, 38.36994], [20.7182991, 38.3699852], [20.718291, 38.370032], [20.7182702, 38.3700851], [20.7181938, 38.3703369], [20.7180559, 38.3707323], [20.7179444, 38.3710066], [20.7178612, 38.3711539], [20.7176493, 38.3712885], [20.7172416, 38.3714252], [20.7168469, 38.3717072], [20.7168178, 38.371728], [20.7167462, 38.3717967], [20.7165132, 38.37202], [20.7162653, 38.3722074], [20.7160668, 38.3724472], [20.715923, 38.372868], [20.7159059, 38.3729182], [20.7158816, 38.3730661], [20.7158469, 38.3732778], [20.7158127, 38.373336], [20.7157396, 38.3734607], [20.7156162, 38.3736079], [20.7153829, 38.3737382], [20.715281, 38.3737971], [20.7151924, 38.3738013], [20.7147708, 38.3737292], [20.7146335, 38.373635], [20.7141486, 38.3734231], [20.7138861, 38.3733913], [20.7135778, 38.373386], [20.7134748, 38.3733793], [20.7133444, 38.3733702], [20.713221, 38.3733723], [20.7130654, 38.3733744], [20.7128589, 38.3733744], [20.7126336, 38.3733702], [20.7124298, 38.373324], [20.7122796, 38.3732483], [20.7121723, 38.3731894], [20.7120784, 38.3731284], [20.7119792, 38.3730653], [20.7118504, 38.3729938], [20.7116356, 38.3728445], [20.7111048, 38.372548], [20.7110377, 38.3725249], [20.7109599, 38.3725123], [20.7108821, 38.3725081], [20.7108095, 38.372528], [20.7106713, 38.3725701], [20.7105681, 38.372608], [20.7105011, 38.3726605], [20.7104327, 38.3727047], [20.7103412, 38.3727697], [20.7102077, 38.3728688], [20.7100361, 38.3729529], [20.7098836, 38.3730773], [20.7097142, 38.3732809], [20.7096713, 38.3734744], [20.7096975, 38.3736595], [20.7097035, 38.3737015], [20.7097491, 38.3739044], [20.7098027, 38.3741157], [20.7098764, 38.3742104], [20.7095318, 38.37453], [20.7094514, 38.374593], [20.7093373, 38.3746361], [20.7092395, 38.3745962], [20.7090772, 38.37453], [20.70899, 38.3744774], [20.7088761, 38.37447], [20.7087352, 38.3744742], [20.708577, 38.37453], [20.7084817, 38.374655], [20.7084013, 38.3747581], [20.7081852, 38.374981], [20.7080834, 38.3751019], [20.7080083, 38.3751566], [20.7079049, 38.3752502], [20.7078351, 38.3752985], [20.7077616, 38.3753458], [20.7076742, 38.3754079], [20.7075792, 38.3754762], [20.7074665, 38.3755519], [20.7074033, 38.3756223], [20.707296, 38.3757211], [20.7072021, 38.3757894], [20.7071004, 38.3758652], [20.706981, 38.3759598], [20.7068604, 38.3760345], [20.706745, 38.3761143], [20.7065868, 38.3762374], [20.706458, 38.3763173], [20.7063722, 38.3764771], [20.7062446, 38.3766085], [20.7061093, 38.3767589], [20.7060771, 38.3767809], [20.7059055, 38.3768514], [20.7053422, 38.3768514], [20.7051545, 38.3768682], [20.7049721, 38.3768808], [20.7048607, 38.3768914], [20.704673, 38.3769523], [20.7044864, 38.3770228], [20.7043161, 38.3770995], [20.7042222, 38.37717], [20.7041458, 38.3772193], [20.7040373, 38.3773108], [20.7039582, 38.3773771], [20.7038963, 38.3774854], [20.7038628, 38.3775537], [20.7038305, 38.3776041], [20.7038024, 38.3776809], [20.7037635, 38.3777587], [20.7037367, 38.3778134], [20.7036697, 38.3778933], [20.7036133, 38.3779753], [20.7035704, 38.3780405], [20.703529, 38.3780836], [20.7034765, 38.378154], [20.7033988, 38.3782549], [20.7032915, 38.3783874], [20.703219, 38.378522], [20.7031252, 38.3786208], [20.7030125, 38.3787575], [20.7029106, 38.3788353], [20.7028355, 38.3789131], [20.7027136, 38.3790045], [20.7026102, 38.3790876], [20.7025163, 38.3791969], [20.70246, 38.3792579], [20.7024171, 38.3793168], [20.7022776, 38.3794198], [20.7020979, 38.3795712], [20.702012, 38.379628], [20.701953, 38.3797226], [20.7018672, 38.3797983], [20.7018323, 38.3798277], [20.7017588, 38.3798876], [20.701732, 38.3799928], [20.7016982, 38.3801221], [20.7017036, 38.3802356], [20.7017278, 38.3803049], [20.7017653, 38.3804574], [20.7017867, 38.3805814], [20.7018243, 38.3807034], [20.7018457, 38.3807833], [20.7018296, 38.380859], [20.701835, 38.3809305], [20.7018457, 38.3810209], [20.7018471, 38.3811639], [20.7018579, 38.3812775], [20.7018793, 38.3813658], [20.7018793, 38.3814583], [20.7019061, 38.381555], [20.7019236, 38.3816369], [20.7019477, 38.3817726], [20.7019906, 38.3818651], [20.7020255, 38.3819702], [20.7020523, 38.3820858], [20.7020831, 38.3821857], [20.702114, 38.3823423], [20.7021381, 38.3825021], [20.7021381, 38.3826682], [20.7021569, 38.3828133], [20.702165, 38.3829373], [20.7021636, 38.3831445], [20.702177, 38.3833421], [20.7021689, 38.3835187], [20.7021636, 38.3836638], [20.7021448, 38.3838131], [20.7020778, 38.3839707], [20.7020509, 38.3840843], [20.7020268, 38.3842336], [20.7019905, 38.384292], [20.7019487, 38.3843503], [20.7019722, 38.3843564], [20.7020623, 38.3843818], [20.702177, 38.3844165], [20.7022575, 38.3844775], [20.7024077, 38.384469]]}, "properties": {"name": "Ithaca Trail 05", "notes": null, "osm_id": -15948712, "curated": false, "name_el": null, "name_en": null, "length_m": 3635, "sac_scale": "hiking", "difficulty": null, "local_name": null, "route_type": "hiking"}}, {"type": "Feature", "geometry": {"type": "LineString", "coordinates": [[20.718169, 38.3645203], [20.7179087, 38.3644042], [20.7176437, 38.3642731], [20.7175687, 38.3643439], [20.7171518, 38.3642299], [20.7171162, 38.364223], [20.7170444, 38.3642551], [20.7169653, 38.3643087], [20.7168782, 38.3643897], [20.716799, 38.3644696], [20.7166783, 38.3644202], [20.7165724, 38.3643897], [20.7164678, 38.3643729], [20.7162867, 38.3643623], [20.7159498, 38.3643401], [20.7159214, 38.3643382], [20.7157523, 38.3642651], [20.7156396, 38.3642167], [20.7155134, 38.3641756], [20.7154331, 38.364263], [20.7153283, 38.3643268], [20.7152621, 38.3643424], [20.715185, 38.3643496], [20.71488, 38.36438], [20.7146921, 38.3643528], [20.7146157, 38.3643739], [20.7145379, 38.3644254], [20.7144588, 38.3644885], [20.714388, 38.36457], [20.7143147, 38.3645863], [20.7142865, 38.3645795], [20.7142503, 38.3645574], [20.7142046, 38.3644979], [20.714208, 38.3644412], [20.7141772, 38.3643918], [20.7139912, 38.364242], [20.7139308, 38.3642461], [20.713865, 38.3642306], [20.713817, 38.3640499], [20.713677, 38.3639699], [20.713527, 38.3637899], [20.713287, 38.3635999], [20.713167, 38.3634299], [20.713107, 38.3631699], [20.713007, 38.3630599], [20.713017, 38.3629999], [20.713097, 38.3629299], [20.713107, 38.3628399], [20.712847, 38.3627799], [20.712497, 38.3625899], [20.712387, 38.3625799], [20.712287, 38.3626899], [20.712137, 38.3627799], [20.711947, 38.3631299], [20.711847, 38.3632199], [20.711747, 38.3633599], [20.711237, 38.3638399], [20.710697, 38.3642699], [20.710447, 38.3643599], [20.710197, 38.3644799], [20.710007, 38.3644499], [20.709917, 38.3644999], [20.709577, 38.3645499], [20.709097, 38.3647199], [20.709017, 38.3647899], [20.708847, 38.3651099], [20.708637, 38.3653699], [20.708027, 38.3659099], [20.707717, 38.3661099], [20.707607, 38.3661499], [20.707367, 38.3660999], [20.707237, 38.3661099], [20.707167, 38.3661299], [20.706997, 38.3660999], [20.706937, 38.3660699], [20.706797, 38.3658499], [20.706807, 38.3656799], [20.706877, 38.3655399], [20.706887, 38.3649099], [20.706947, 38.3646999], [20.706957, 38.3645699], [20.706867, 38.3645099], [20.706867, 38.3644499], [20.706777, 38.3642899], [20.706207, 38.3640899], [20.706047, 38.3640699], [20.705927, 38.3637799], [20.705927, 38.3635699], [20.706017, 38.3632799], [20.706027, 38.3631399], [20.705947, 38.3630199], [20.705997, 38.3628199], [20.705957, 38.3627199], [20.705977, 38.3623399], [20.705947, 38.3622699], [20.7059025, 38.3622115], [20.7058823, 38.3621499], [20.705997, 38.3619299], [20.705897, 38.3618199], [20.705877, 38.3617399], [20.705977, 38.3615399], [20.706197, 38.3614499], [20.706217, 38.3614299], [20.706187, 38.3613999], [20.7062759, 38.361333], [20.706317, 38.3612999], [20.706467, 38.3613899], [20.706487, 38.3612999], [20.706547, 38.3613299], [20.706567, 38.3613099], [20.706567, 38.3611899], [20.706597, 38.3611699], [20.706717, 38.3613699], [20.706837, 38.3614499], [20.706977, 38.3614599], [20.707087, 38.3615099], [20.707247, 38.3614899], [20.707367, 38.3615099], [20.707557, 38.3615599], [20.7076702, 38.3615789], [20.7077696, 38.3615572], [20.7077547, 38.3614999], [20.7077613, 38.3613538], [20.7078026, 38.3612526], [20.7076925, 38.3611126], [20.7077291, 38.3608809], [20.7076231, 38.360703], [20.7076731, 38.360613], [20.7075931, 38.360483], [20.7076031, 38.360393], [20.7075131, 38.360293], [20.7075931, 38.360173], [20.7075331, 38.359783], [20.7074772, 38.3596352], [20.7074972, 38.3593952], [20.7074672, 38.3591752], [20.7073972, 38.3590552], [20.7072972, 38.3589952], [20.707187, 38.3588399], [20.707267, 38.3586499], [20.707217, 38.3586099], [20.707137, 38.3585899], [20.706967, 38.3583899], [20.706877, 38.3582099], [20.706887, 38.3581499], [20.7071369, 38.357702], [20.7071959, 38.3576335], [20.707267, 38.3575775], [20.7073569, 38.3575359], [20.707957, 38.3569799], [20.708687, 38.3564199], [20.708847, 38.3563599], [20.7090171, 38.3563053], [20.7093271, 38.3563153], [20.7095371, 38.3563453], [20.7097652, 38.3563683], [20.7098152, 38.3563383], [20.7099373, 38.3562183], [20.7099352, 38.3560983], [20.710027, 38.3559499], [20.710107, 38.3557999], [20.710197, 38.3555599], [20.7103509, 38.355441], [20.710457, 38.3553599], [20.710587, 38.3553299], [20.710807, 38.3551399], [20.7109402, 38.3549752], [20.710937, 38.3548199], [20.711027, 38.3547599], [20.711027, 38.3546999], [20.710977, 38.3546199], [20.711067, 38.3544899], [20.711037, 38.3543699], [20.711077, 38.3542899], [20.711177, 38.3542599], [20.711237, 38.3541299], [20.711287, 38.3540699], [20.711397, 38.3540499], [20.7114007, 38.3539489], [20.7119088, 38.3537727], [20.712007, 38.3537799], [20.712167, 38.3535899], [20.712197, 38.3534899], [20.712197, 38.3533999], [20.712297, 38.3533399], [20.712417, 38.3532299], [20.712517, 38.3529599], [20.712497, 38.3528499], [20.712427, 38.3527599], [20.712417, 38.3526399], [20.712467, 38.3524699], [20.7123949, 38.3523707], [20.712197, 38.3521399], [20.712087, 38.3520699], [20.712047, 38.3519899], [20.712147, 38.3518199], [20.712387, 38.3516899], [20.712637, 38.3514799], [20.712877, 38.3513299], [20.713057, 38.3509899], [20.713107, 38.3507999], [20.713107, 38.3506099], [20.712997, 38.3504399], [20.713017, 38.3501999], [20.713047, 38.3500199], [20.713107, 38.3498899], [20.713127, 38.3495899], [20.713267, 38.3495099], [20.713397, 38.3492399], [20.713387, 38.3489499], [20.713567, 38.3487199], [20.7136474, 38.3486481], [20.7136984, 38.348635], [20.7137655, 38.3486602], [20.7138848, 38.3486781], [20.7139961, 38.3486844], [20.7141343, 38.3486697], [20.7143247, 38.3485813], [20.714491, 38.3484783], [20.7147532, 38.3483661], [20.7148327, 38.3483453]]}, "properties": {"name": "Ithaca Trail 03", "notes": null, "osm_id": -15948597, "curated": false, "name_el": null, "name_en": null, "length_m": 4075, "sac_scale": "hiking", "difficulty": null, "local_name": null, "route_type": "hiking"}}, {"type": "Feature", "geometry": {"type": "LineString", "coordinates": [[20.7148555, 38.3483859], [20.7148757, 38.3483906], [20.7149278, 38.3483918], [20.7149986, 38.3483853], [20.7150519, 38.3483805], [20.715166, 38.3483542], [20.7152756, 38.3483232], [20.7152977, 38.3483494], [20.7154024, 38.3482989], [20.715405, 38.3483199], [20.7154587, 38.348301], [20.7154721, 38.3483767], [20.7154431, 38.3483837], [20.7154407, 38.3484277], [20.7154107, 38.3484877], [20.7153007, 38.3486277], [20.7152307, 38.3486877], [20.7152107, 38.3487277], [20.7152207, 38.3488977], [20.7152007, 38.3489277], [20.7152179, 38.3489941], [20.7152769, 38.3489957], [20.7154767, 38.3490241], [20.7157342, 38.3490967], [20.715945, 38.3491544], [20.7163766, 38.3493091], [20.7167199, 38.3494522], [20.7169117, 38.3495269], [20.717061, 38.3495933], [20.7170994, 38.3496153], [20.7172014, 38.3497807], [20.7172281, 38.3498423], [20.7172426, 38.3498842], [20.7172533, 38.3499279], [20.717267, 38.3499782], [20.7172754, 38.3500381], [20.7172853, 38.3501351], [20.7172968, 38.3502034], [20.7173075, 38.3502465], [20.7173342, 38.3502854], [20.7173454, 38.3503549], [20.7173395, 38.3506428], [20.7172886, 38.3508889], [20.7172859, 38.3510024], [20.7173039, 38.3511021], [20.7173897, 38.3513417], [20.717361, 38.3513653], [20.7173623, 38.3514578], [20.7173771, 38.3517239], [20.7173905, 38.3520752], [20.7174334, 38.3522214], [20.7174207, 38.3522777], [20.7173607, 38.3523777], [20.7172507, 38.3524677], [20.7171807, 38.3525077], [20.7170107, 38.3525777], [20.7170007, 38.3527577], [20.7169407, 38.3528777], [20.7169007, 38.3529177], [20.7168607, 38.3530577], [20.7167807, 38.3531877], [20.7166707, 38.3533077], [20.7166407, 38.3533877], [20.7165807, 38.3534377], [20.7165607, 38.3534977], [20.7166007, 38.3535477], [20.7167123, 38.3535925], [20.7166126, 38.3537516], [20.7165161, 38.3538946], [20.7164785, 38.3540103], [20.7164705, 38.3541765], [20.7164651, 38.3544646], [20.7164463, 38.3548475], [20.7164517, 38.3549842], [20.7164839, 38.3550588], [20.7165375, 38.3551251], [20.7166368, 38.3552576], [20.7166716, 38.3553459], [20.7166851, 38.3554385], [20.7166314, 38.3557414], [20.71661, 38.3560611], [20.7165724, 38.3563408], [20.7165402, 38.3565575], [20.7165295, 38.3567047], [20.7165107, 38.3569066], [20.7165241, 38.3574114], [20.7165496, 38.3576343], [20.7165577, 38.3577458], [20.7165764, 38.3578699], [20.7164329, 38.3579982], [20.7162417, 38.3582091], [20.7160212, 38.3584357], [20.7159099, 38.3585934], [20.7158616, 38.3587554], [20.7158375, 38.3589783], [20.7158107, 38.3592622], [20.7157758, 38.3594599], [20.7157677, 38.3595798], [20.7157731, 38.3596766], [20.715804, 38.359778], [20.7158462, 38.3598248], [20.7160057, 38.3599085], [20.7162559, 38.3600762], [20.7163256, 38.3602255], [20.7162907, 38.3604211], [20.7162063, 38.3606293], [20.7159907, 38.3607177], [20.7157807, 38.3608677], [20.7157307, 38.3609977], [20.7157507, 38.3610777], [20.7158507, 38.3612577], [20.7158307, 38.3613177], [20.7157407, 38.3613877], [20.7157707, 38.3615477], [20.7157307, 38.3616277], [20.7155307, 38.3617577], [20.7153907, 38.3619177], [20.7153807, 38.3620277], [20.7154307, 38.3621577], [20.7156807, 38.3622177], [20.7158887, 38.3622125], [20.7159736, 38.362254], [20.7160801, 38.3623235], [20.7161507, 38.3623677], [20.7162307, 38.3623677], [20.7163707, 38.3624677], [20.7165607, 38.3625177], [20.7165807, 38.3625377], [20.7166223, 38.3625975], [20.7166465, 38.3626169], [20.7166907, 38.3626177], [20.7167707, 38.3625777], [20.7168307, 38.3625777], [20.7168007, 38.3626477], [20.7168107, 38.3626877], [20.7168894, 38.3627398], [20.7168807, 38.3628077], [20.7169007, 38.3628377], [20.7170307, 38.3627777], [20.7170507, 38.3627977], [20.7171007, 38.3629077], [20.7171282, 38.3629397], [20.7174146, 38.3630566], [20.7173261, 38.3632651], [20.7172861, 38.3635615], [20.7172884, 38.3635957], [20.7175561, 38.3637419], [20.7178479, 38.3638965], [20.7178816, 38.363912], [20.718133, 38.3640253], [20.7183997, 38.364158], [20.7184235, 38.3641698], [20.7184027, 38.3641985], [20.718169, 38.3645203]]}, "properties": {"name": "Ithaca Trail 03A", "notes": null, "osm_id": -15948682, "curated": false, "name_el": null, "name_en": null, "length_m": 2309, "sac_scale": "hiking", "difficulty": null, "local_name": null, "route_type": "hiking"}}, {"type": "Feature", "geometry": {"type": "LineString", "coordinates": [[20.7391392, 38.3256693], [20.7389769, 38.3258197], [20.7387435, 38.3260301], [20.7384968, 38.32627], [20.7383305, 38.3264741], [20.7381914, 38.3266317], [20.7380193, 38.3269076], [20.7378638, 38.3272506], [20.7377431, 38.327442], [20.7376385, 38.3275725], [20.7374641, 38.327764], [20.7373438, 38.3279237], [20.7372415, 38.3280975], [20.7371463, 38.3282132], [20.7370296, 38.328311], [20.73687, 38.3284489], [20.7366729, 38.3286351], [20.7365321, 38.3287729], [20.7364516, 38.3288381], [20.7363711, 38.3288781], [20.7362853, 38.3289012], [20.7360533, 38.3289191], [20.7358052, 38.3289296], [20.7356603, 38.3289591], [20.7355222, 38.3290201], [20.7353519, 38.3290948], [20.7352245, 38.3291243], [20.7351172, 38.3291379], [20.7348718, 38.329139], [20.7347041, 38.3291169], [20.7345767, 38.3291074], [20.7344815, 38.3291127], [20.7343984, 38.3291464], [20.7343005, 38.3292105], [20.7340939, 38.3293831], [20.7337815, 38.3296566], [20.733469, 38.3298765], [20.7333, 38.3300143], [20.7332276, 38.3301332], [20.7331726, 38.3302784], [20.733068, 38.3307812], [20.7330142, 38.3311482], [20.7329661, 38.3316817], [20.7329231, 38.3320773], [20.7328856, 38.3323719], [20.7328092, 38.3327316], [20.7327649, 38.332779], [20.7326925, 38.3327958], [20.7326306, 38.3327745], [20.7325325, 38.3327082], [20.7323179, 38.3324558], [20.7320478, 38.3321009], [20.7319136, 38.3319121], [20.7318066, 38.3318518], [20.731602, 38.3318159], [20.7312106, 38.3318722], [20.7310671, 38.3318858], [20.7309692, 38.3319048], [20.7308377, 38.3319574], [20.7306442, 38.332035], [20.7300965, 38.3322782], [20.7298156, 38.3323596], [20.7297178, 38.3324069], [20.7296656, 38.3324508], [20.7296482, 38.3325328], [20.7296079, 38.3328358], [20.7295316, 38.3329441], [20.7294002, 38.3330375], [20.7289941, 38.3331956], [20.728519, 38.3332871], [20.7283714, 38.3333218], [20.7283178, 38.333367], [20.7282507, 38.3334575], [20.7281984, 38.3336448], [20.7281528, 38.3337174], [20.7280724, 38.3337626], [20.7276184, 38.3338831], [20.7275405, 38.3339286], [20.7275039, 38.3339909], [20.7274443, 38.3341693], [20.7273817, 38.3344688], [20.7273833, 38.3346784], [20.7274123, 38.334882], [20.7273878, 38.3349874], [20.7273375, 38.335064], [20.7271817, 38.3351814], [20.7269267, 38.3353574], [20.7265908, 38.3356592], [20.7263053, 38.3359958], [20.7261541, 38.3361946], [20.7260946, 38.3363], [20.7260732, 38.3364042], [20.7260675, 38.3365993], [20.7260686, 38.3367204], [20.7260747, 38.3368964], [20.7260854, 38.3370102], [20.7261213, 38.3371071], [20.7262907, 38.3373049], [20.7264062, 38.3374557], [20.726503, 38.337615], [20.7264007, 38.3376386], [20.7263297, 38.3376677], [20.7262595, 38.337712], [20.7261618, 38.3377898], [20.7260747, 38.3378378], [20.7259969, 38.3378617], [20.7257709, 38.3378701], [20.7256732, 38.3378821], [20.7256258, 38.3379108], [20.725325, 38.3382557], [20.7252701, 38.3383144], [20.7251953, 38.3383455], [20.725093, 38.3383707], [20.7249769, 38.3383719], [20.7247575, 38.3383291], [20.7247116, 38.3382244], [20.7246618, 38.3381676], [20.7243008, 38.3378258], [20.7238308, 38.3370434], [20.7237236, 38.3367815], [20.7235505, 38.3365454], [20.7233362, 38.3364323], [20.7230517, 38.3362609], [20.7227755, 38.335986], [20.7222985, 38.3358528], [20.7220785, 38.3361091], [20.7219985, 38.3361291], [20.7216485, 38.3361491], [20.7215285, 38.3362191], [20.7213785, 38.3364591], [20.7213685, 38.3365391], [20.7213185, 38.3365791], [20.7212385, 38.3366091], [20.7211785, 38.3367791], [20.7208085, 38.3371791], [20.7207085, 38.3373291], [20.7205885, 38.3375391], [20.7204585, 38.3379291], [20.7203785, 38.3380191], [20.7201785, 38.3381391], [20.7200485, 38.3383091], [20.7199485, 38.3383591], [20.7199385, 38.3384491], [20.7198385, 38.3384991], [20.7196585, 38.3385191], [20.7195585, 38.3385691], [20.7194885, 38.3386291], [20.7194485, 38.3387291], [20.7193785, 38.3388191], [20.7189885, 38.3391491], [20.7188285, 38.3392391], [20.7186785, 38.3392691], [20.7185285, 38.3393391], [20.7184485, 38.3393991], [20.7183885, 38.3394091]]}, "properties": {"name": "Ithaca Trails 01A", "notes": null, "osm_id": -15948571, "curated": false, "name_el": null, "name_en": null, "length_m": 3253, "sac_scale": "hiking", "difficulty": null, "local_name": null, "route_type": "hiking"}}, {"type": "Feature", "geometry": {"type": "LineString", "coordinates": [[20.7165968, 38.3470527], [20.7166812, 38.3469967], [20.7167308, 38.346954], [20.7167669, 38.346917], [20.7168065, 38.3468814], [20.7168701, 38.3468109], [20.7169801, 38.3467197], [20.7170632, 38.346644], [20.7171209, 38.3466008], [20.7171611, 38.346564], [20.7172121, 38.3465156], [20.717247, 38.3464641], [20.7172778, 38.3464136], [20.7173207, 38.34634], [20.7173717, 38.3462969], [20.71742, 38.3462579], [20.7174951, 38.3462043], [20.7176252, 38.3461507], [20.7178022, 38.3460865], [20.7179658, 38.3460244], [20.7180463, 38.3459834], [20.7181375, 38.3459414], [20.7182904, 38.3458583], [20.7183708, 38.3458172], [20.7184392, 38.3457773], [20.718521, 38.3457226], [20.7185512, 38.3456979], [20.7185747, 38.3456621], [20.718582, 38.3456348], [20.7185794, 38.3455979], [20.7185653, 38.3455606], [20.7185324, 38.3455154], [20.7185009, 38.3454828], [20.7184593, 38.345447], [20.7184084, 38.3454133], [20.718348, 38.3453681], [20.7182555, 38.3453092], [20.7181106, 38.3452061], [20.7179323, 38.3450978], [20.7178599, 38.3450578], [20.7177995, 38.3450226], [20.7177499, 38.3449874], [20.717717, 38.3449642], [20.7176882, 38.3449427], [20.7176547, 38.3449169], [20.717601, 38.3448517], [20.7175514, 38.3447896], [20.7175004, 38.3447065], [20.717483, 38.3446171], [20.7174776, 38.3445614], [20.7174743, 38.3444872], [20.7174683, 38.3444457], [20.7174542, 38.3444246], [20.7174227, 38.344412], [20.7173932, 38.3444162], [20.7173418, 38.3443851], [20.7173218, 38.3443151], [20.7173418, 38.3439551], [20.7169618, 38.3432751], [20.7166518, 38.3426151], [20.7166118, 38.3424051], [20.7166918, 38.3418751], [20.7164818, 38.3411551], [20.7162618, 38.3408251], [20.7162218, 38.3405551], [20.7163018, 38.3403551], [20.7163718, 38.3403151], [20.7168418, 38.3403251], [20.7170618, 38.3402051], [20.7172518, 38.3402051], [20.7176118, 38.3401451], [20.7180518, 38.3401551], [20.7182918, 38.3400151], [20.7183218, 38.3398851], [20.7182618, 38.3396051], [20.7182718, 38.3395351], [20.7183885, 38.3394091], [20.7184118, 38.3392951], [20.7185718, 38.3391451], [20.7186918, 38.3388651], [20.7190318, 38.3383951], [20.7191818, 38.3382451], [20.7194218, 38.3378951], [20.7194918, 38.3377451], [20.7194618, 38.3375851], [20.7193918, 38.3374751], [20.7192718, 38.3371351], [20.7193418, 38.3368251], [20.7193118, 38.3367251], [20.7193518, 38.3364651], [20.7192918, 38.3363151], [20.7192318, 38.3358751], [20.7189118, 38.3354751], [20.7184018, 38.3350551], [20.7181818, 38.3349151], [20.7181218, 38.3345651], [20.7185418, 38.3343651], [20.7186818, 38.3343451], [20.7188018, 38.3342351], [20.7193418, 38.3342351], [20.7196718, 38.3341651], [20.7199118, 38.3342051], [20.7200218, 38.3341951], [20.7200718, 38.3341651], [20.7201218, 38.3340551], [20.7204318, 38.3339451], [20.7206718, 38.3337951], [20.7210018, 38.3338051], [20.7213218, 38.3339351], [20.7216018, 38.3337751], [20.7216318, 38.3336751], [20.7217418, 38.3336551], [20.7218918, 38.3335251], [20.7221118, 38.3334051], [20.7226418, 38.3332051], [20.7229418, 38.3330251], [20.7231118, 38.3328051], [20.7231718, 38.3326651], [20.7232418, 38.3326151], [20.7233218, 38.3325951], [20.7238918, 38.3325951], [20.7240918, 38.3325251], [20.7243718, 38.3323151], [20.7244218, 38.3320151], [20.7245318, 38.3319351], [20.7246018, 38.3317251], [20.7247718, 38.3315951], [20.7247718, 38.3314951], [20.7246918, 38.3313751], [20.7247118, 38.3312851], [20.7247718, 38.3312351], [20.7252018, 38.3310851], [20.7252918, 38.3310251], [20.7253318, 38.3309651], [20.7253918, 38.3306851], [20.7254918, 38.3305451], [20.7258418, 38.3303951], [20.7261118, 38.3303651], [20.7267418, 38.3304151], [20.7269718, 38.3303151], [20.7270818, 38.3301951], [20.7275418, 38.3298451], [20.7278218, 38.3295851], [20.7281118, 38.3294151], [20.7283218, 38.3292251], [20.7286079, 38.3289722], [20.7289852, 38.32862], [20.7293818, 38.3283851], [20.7295318, 38.3281551], [20.7295218, 38.3280251], [20.7295818, 38.3278451], [20.7295018, 38.3277651], [20.7295318, 38.3276651], [20.7296518, 38.3276351], [20.7299018, 38.3276851], [20.7300018, 38.3276551], [20.7300418, 38.3276151], [20.7300418, 38.3273851], [20.7301059, 38.327322], [20.7302018, 38.3272751], [20.7304318, 38.3272451], [20.7306818, 38.3272751], [20.7312218, 38.3271851], [20.7311418, 38.3270151], [20.7309518, 38.3269851], [20.7308818, 38.3269051], [20.7307718, 38.3266651], [20.7307918, 38.3263951], [20.7307318, 38.3261851], [20.7308918, 38.3258551], [20.7310418, 38.3257351], [20.7310818, 38.3256151], [20.7311818, 38.3251651], [20.7311618, 38.3249551], [20.7312118, 38.3246251], [20.7312018, 38.3241851], [20.7312952, 38.3238129], [20.7316024, 38.3233472], [20.7319222, 38.3229631], [20.732001, 38.322756], [20.7321918, 38.3225751], [20.7322118, 38.3222751], [20.7323618, 38.3221451], [20.7324318, 38.3219651], [20.7324218, 38.3217351], [20.7324718, 38.3215851], [20.732471, 38.3213119], [20.7326916, 38.3212618], [20.732933, 38.3211903], [20.7332548, 38.3211145], [20.7333675, 38.3211272], [20.7336143, 38.3213123], [20.7336947, 38.3213376], [20.7339254, 38.3213165], [20.7341145, 38.3213303], [20.7342204, 38.3213418], [20.734275, 38.3212482], [20.7344359, 38.3212019], [20.7346751, 38.3211514], [20.7349591, 38.3212088], [20.7352542, 38.321173], [20.7354339, 38.3210868], [20.735509, 38.3210847], [20.7355422, 38.3210758], [20.7355732, 38.3210115], [20.7356431, 38.3209531], [20.7358496, 38.320889], [20.7361366, 38.3208132], [20.7362229, 38.3208179], [20.736341, 38.3207895], [20.7364234, 38.3207358], [20.7364826, 38.3207127], [20.7365738, 38.3207206], [20.736657, 38.3207543], [20.7370958, 38.3211566], [20.7371977, 38.3212745], [20.7375249, 38.3217458], [20.7375839, 38.3218721], [20.7377019, 38.3219815], [20.7378629, 38.3220615], [20.7379768, 38.3220888], [20.738056, 38.3221078], [20.7380935, 38.3221456], [20.7382008, 38.3223855], [20.7383564, 38.3226128], [20.7384905, 38.3227517], [20.7386246, 38.3228863], [20.7388553, 38.3231557], [20.7388446, 38.3232483], [20.7388499, 38.323383], [20.7390431, 38.3235808], [20.7391879, 38.3236818], [20.7393435, 38.3237743], [20.7394923, 38.3238605], [20.7398758, 38.3239657], [20.7399255, 38.3239688], [20.7399844, 38.3239712], [20.7399569, 38.3240982], [20.7398973, 38.3242245], [20.7396291, 38.3244938], [20.7394574, 38.3246959], [20.7393716, 38.3248642], [20.739275, 38.3249399], [20.7392106, 38.3251335], [20.739157, 38.325184], [20.7391248, 38.3255375], [20.7391392, 38.3256693]]}, "properties": {"name": "Ithaca Trail 01", "notes": null, "osm_id": -15948542, "curated": false, "name_el": null, "name_en": null, "length_m": 5175, "sac_scale": "mountain_hiking", "difficulty": null, "local_name": null, "route_type": "hiking"}}, {"type": "Feature", "geometry": {"type": "LineString", "coordinates": [[20.7308377, 38.3319574], [20.7307498, 38.331913], [20.7306881, 38.3315217], [20.7304896, 38.331568], [20.7299505, 38.3315091], [20.7300632, 38.3312629], [20.7296152, 38.3313113], [20.7296635, 38.3311914], [20.7293175, 38.3312839], [20.7294275, 38.3310988], [20.7290251, 38.3312376], [20.729111, 38.3310378], [20.7287864, 38.3311072], [20.7287542, 38.3311493], [20.7279764, 38.3313281]]}, "properties": {"name": "Rizes Cave Trail", "notes": null, "osm_id": 424190267, "curated": false, "name_el": null, "name_en": null, "length_m": 423, "sac_scale": "hiking", "difficulty": null, "local_name": null, "route_type": null}}, {"type": "Feature", "geometry": {"type": "LineString", "coordinates": [[20.7328856, 38.3323719], [20.7330512, 38.3324123], [20.7332186, 38.332346], [20.7333336, 38.3319215], [20.7334232, 38.3316456], [20.7335788, 38.3312902], [20.7338578, 38.3309068], [20.7340776, 38.3306813], [20.734223, 38.3306177], [20.7343312, 38.3305434], [20.7344056, 38.3304001], [20.7345916, 38.3302595], [20.7347506, 38.3303365], [20.7350887, 38.3304612], [20.7355656, 38.3305567], [20.7356907, 38.3305567], [20.7358801, 38.3304479], [20.7360018, 38.330241], [20.7360864, 38.3301216], [20.7361878, 38.3301189], [20.7363975, 38.3301667], [20.7368507, 38.3303577], [20.7370908, 38.3303948], [20.7373343, 38.3304691], [20.7375992, 38.3304284], [20.737748, 38.3304682], [20.7377827, 38.3305239], [20.7378427, 38.3305399], [20.7378812, 38.3305464], [20.7379255, 38.3305239], [20.7379453, 38.3304903], [20.7379559, 38.3304587], [20.7379453, 38.3304171], [20.7379228, 38.3303818], [20.7378761, 38.3303648], [20.7378496, 38.3303015], [20.7378514, 38.3302713], [20.7378765, 38.3302427], [20.737918, 38.3302419], [20.7379576, 38.3302746], [20.7380287, 38.3302878], [20.7380557, 38.3302507], [20.7380253, 38.330057], [20.7380667, 38.3296202], [20.7380933, 38.3294766], [20.7381551, 38.3293493], [20.7385619, 38.3291586], [20.7387986, 38.3290581], [20.7391613, 38.3290254], [20.7392404, 38.3289991], [20.7393624, 38.3289499], [20.7393895, 38.3289015], [20.7392647, 38.3285304], [20.7393103, 38.3283196], [20.7396373, 38.3280523], [20.7397523, 38.3279329], [20.7398169, 38.3277832], [20.7399813, 38.3274831], [20.7400987, 38.327392], [20.7403082, 38.3273116], [20.7406484, 38.3272671], [20.7410982, 38.3272644], [20.7414991, 38.327198], [20.7416622, 38.3271108], [20.7419944, 38.3268001], [20.7423123, 38.3265295], [20.7426572, 38.3262934], [20.7429886, 38.3260971], [20.743233, 38.325906], [20.7434185, 38.3257183], [20.7435271, 38.3256702], [20.7438397, 38.3255083], [20.7439095, 38.3253715], [20.7438397, 38.3251317], [20.7436171, 38.3249065], [20.7438397, 38.3251317], [20.7439095, 38.3253715], [20.7438397, 38.3255083], [20.7435271, 38.3256702], [20.7436218, 38.3257445], [20.7435828, 38.3259215], [20.7436553, 38.3261859], [20.7437444, 38.3262755], [20.7437722, 38.3264787], [20.7438279, 38.3265115], [20.7438837, 38.3267278], [20.7439394, 38.3268327], [20.7440842, 38.3269004], [20.744165, 38.3268807], [20.7443237, 38.3269987], [20.7444212, 38.3270665], [20.7446022, 38.3272522], [20.7448306, 38.3273199], [20.7447889, 38.3272325], [20.7446106, 38.3270643], [20.7445215, 38.3268501], [20.7446384, 38.3268654], [20.7447944, 38.327049], [20.7449532, 38.3271604], [20.7450646, 38.3271997], [20.7452344, 38.3272104]]}, "properties": {"name": "Ithaca Trail 01B", "notes": null, "osm_id": -15882817, "curated": false, "name_el": null, "name_en": null, "length_m": 2079, "sac_scale": "mountain_hiking", "difficulty": null, "local_name": null, "route_type": "hiking"}}, {"type": "Feature", "geometry": {"type": "LineString", "coordinates": [[20.6468204, 38.4457264], [20.646657, 38.445757], [20.6465851, 38.4457686], [20.6464654, 38.4457861], [20.6462327, 38.44581], [20.6461363, 38.4458197], [20.6460866, 38.4458155], [20.6460303, 38.4458008], [20.6458613, 38.4456942], [20.645797, 38.4456868], [20.6457286, 38.4456979], [20.6456347, 38.4457682], [20.6455315, 38.445846], [20.6454384, 38.4459096], [20.6453444, 38.4459606], [20.645215, 38.446049], [20.645115, 38.446179], [20.644745, 38.446409], [20.644415, 38.446479], [20.644365, 38.446619], [20.644215, 38.446549], [20.644155, 38.446659], [20.643975, 38.446549], [20.643885, 38.446879], [20.6437738, 38.4470011], [20.643615, 38.447069], [20.6430451, 38.4469167], [20.6424709, 38.4468539], [20.6424346, 38.4468888], [20.6424551, 38.446979], [20.642315, 38.447089], [20.642165, 38.447119], [20.641895, 38.447099], [20.641355, 38.446869], [20.641235, 38.446739], [20.641015, 38.446809], [20.640765, 38.446799], [20.640675, 38.446769], [20.640405, 38.446519], [20.640185, 38.446399], [20.640015, 38.446379], [20.639775, 38.446199], [20.639435, 38.446029], [20.639035, 38.445679], [20.638565, 38.445419], [20.638335, 38.445349], [20.638065, 38.445169], [20.637925, 38.445119], [20.637785, 38.444949], [20.637655, 38.444689], [20.637355, 38.444479], [20.637255, 38.444229], [20.637025, 38.444019], [20.636975, 38.443869], [20.636895, 38.443899], [20.636835, 38.443799], [20.636805, 38.443899], [20.636535, 38.443669], [20.636285, 38.443549], [20.635805, 38.443419], [20.635655, 38.443319], [20.635185, 38.443099], [20.634875, 38.443229], [20.634545, 38.443279], [20.634355, 38.443399], [20.634215, 38.443429], [20.634205, 38.443639], [20.634295, 38.443779], [20.6342847, 38.4438504], [20.634155, 38.443999], [20.6336934, 38.444184], [20.633555, 38.444469], [20.633325, 38.444549], [20.6330172, 38.4445776], [20.632895, 38.444589], [20.632805, 38.444649], [20.632735, 38.444799], [20.632735, 38.444959], [20.632675, 38.445099], [20.632745, 38.445189], [20.632935, 38.445219], [20.633085, 38.445199], [20.633215, 38.445289], [20.633345, 38.445289], [20.633295, 38.445419], [20.633375, 38.445869], [20.633565, 38.446009], [20.633635, 38.446309], [20.633765, 38.446549], [20.633875, 38.446889], [20.633945, 38.447259], [20.634265, 38.447439], [20.634515, 38.447669], [20.634475, 38.447859], [20.634585, 38.448049], [20.634695, 38.448399], [20.634845, 38.449129], [20.635145, 38.450179], [20.635155, 38.450339], [20.635345, 38.450889], [20.635615, 38.450959], [20.635865, 38.451159], [20.635975, 38.451189], [20.636005, 38.451289], [20.635805, 38.451619], [20.635475, 38.451769], [20.635315, 38.452029], [20.635075, 38.452299], [20.634995, 38.452559], [20.634815, 38.452799], [20.634775, 38.453099], [20.634725, 38.453209], [20.634735, 38.453329], [20.634585, 38.453469], [20.634595, 38.453749], [20.634565, 38.453799], [20.634235, 38.453909], [20.633975, 38.454139], [20.633655, 38.454339], [20.633425, 38.454559], [20.632905, 38.454729], [20.632585, 38.454879], [20.632565, 38.454999], [20.632725, 38.4549676], [20.6328023, 38.4549838], [20.6328182, 38.4551424], [20.6328189, 38.4551851], [20.6327912, 38.4552205], [20.632305, 38.455689], [20.632115, 38.455829], [20.631915, 38.456099], [20.6313498, 38.4565971], [20.6306778, 38.4570693], [20.6302488, 38.4573488], [20.6297538, 38.4578304], [20.6295885, 38.4581092], [20.6293557, 38.4581271], [20.629205, 38.458269], [20.628845, 38.458469], [20.628455, 38.458509], [20.628205, 38.458899], [20.628115, 38.458949], [20.627955, 38.458949], [20.627885, 38.459079], [20.627755, 38.459199], [20.627615, 38.459459], [20.627575, 38.459679], [20.627445, 38.459889], [20.627465, 38.460139], [20.627425, 38.460309], [20.627285, 38.460569], [20.627125, 38.460709], [20.627075, 38.460979], [20.627035, 38.461049], [20.627045, 38.461109], [20.627245, 38.461219], [20.627295, 38.461279], [20.627255, 38.461539], [20.627305, 38.462239], [20.627235, 38.462399], [20.627065, 38.462419], [20.627025, 38.462569], [20.626895, 38.462689], [20.626695, 38.462739], [20.626645, 38.462799], [20.626675, 38.463109], [20.626595, 38.463229], [20.626845, 38.463609], [20.626795, 38.463789], [20.626825, 38.463949], [20.626775, 38.464139], [20.626845, 38.464339], [20.626765, 38.464569], [20.626965, 38.464929], [20.626935, 38.465099], [20.626955, 38.465219], [20.626755, 38.465659], [20.626745, 38.465769], [20.626805, 38.465899], [20.626735, 38.466079], [20.626495, 38.466219], [20.626555, 38.466409], [20.626365, 38.466889], [20.626265, 38.467069], [20.626135, 38.467169], [20.625935, 38.467519], [20.625865, 38.467569], [20.625965, 38.467729], [20.626095, 38.467849], [20.626095, 38.467959], [20.626185, 38.467999], [20.626395, 38.467959], [20.626475, 38.467969], [20.626605, 38.467899], [20.626795, 38.467889], [20.627605, 38.467209], [20.628035, 38.466949], [20.628635, 38.466659], [20.629395, 38.465849], [20.629645, 38.465499], [20.629945, 38.464899], [20.630235, 38.464649], [20.630595, 38.464599], [20.6307157, 38.464339], [20.630731, 38.464336], [20.6308222, 38.4643497], [20.6309357, 38.4643504], [20.6311669, 38.4643293], [20.6312612, 38.4643112], [20.6312017, 38.4643927], [20.6312151, 38.4644421], [20.6312782, 38.4644851], [20.6314243, 38.4645051], [20.6316295, 38.4644893], [20.6317883, 38.4644706], [20.6318636, 38.464415], [20.6320022, 38.4643245], [20.6319773, 38.4642479], [20.6319541, 38.464189], [20.6319293, 38.4641313], [20.6318964, 38.4640514], [20.6318387, 38.4639485], [20.6317851, 38.4638803], [20.6317274, 38.4638047], [20.6317871, 38.4636907], [20.6318548, 38.4636256], [20.6318827, 38.4635912], [20.6318897, 38.4635671], [20.6318904, 38.4635435], [20.6318817, 38.4635301], [20.6318662, 38.4635238], [20.6318374, 38.463528], [20.6317905, 38.4635414], [20.6317338, 38.4635529], [20.631707, 38.4635532], [20.6316617, 38.4635456], [20.631647, 38.4635212], [20.6316644, 38.4634466], [20.6317167, 38.4633479], [20.6318493, 38.4631791], [20.6319019, 38.4629843], [20.6319716, 38.4627537], [20.6319923, 38.4626464], [20.632001, 38.4625687], [20.6320198, 38.4625299], [20.6320585, 38.4624676], [20.6321338, 38.4624082]]}, "properties": {"name": "Ithaca Trail 14A", "notes": null, "osm_id": -15948818, "curated": false, "name_el": null, "name_en": null, "length_m": 5855, "sac_scale": "mountain_hiking", "difficulty": null, "local_name": null, "route_type": "hiking"}}, {"type": "Feature", "geometry": {"type": "LineString", "coordinates": [[20.6468204, 38.4457264], [20.6466972, 38.4461191], [20.6466853, 38.4462378], [20.6466564, 38.4466646], [20.64667, 38.446914], [20.6466673, 38.4471085], [20.6465446, 38.4472566], [20.6464774, 38.4473692], [20.6464744, 38.4474087], [20.6465265, 38.4479361], [20.6465372, 38.4481546], [20.6465138, 38.4484119], [20.6465211, 38.4485905], [20.6465413, 38.4487165], [20.6465661, 38.4489155], [20.6465647, 38.4490363], [20.6464326, 38.4490326], [20.6463897, 38.4490442], [20.646261, 38.449123], [20.6461698, 38.4491713], [20.6461134, 38.4491996], [20.6460571, 38.449227], [20.6456414, 38.4494339], [20.6455864, 38.4495168], [20.6455448, 38.4496555], [20.645522, 38.4497363], [20.64551, 38.4498361], [20.6454121, 38.4501964], [20.645396, 38.4504432], [20.6453755, 38.4505077], [20.645353, 38.4505556], [20.6451287, 38.450911], [20.6449038, 38.4512445], [20.6446004, 38.4516432], [20.6444361, 38.4519216], [20.6443873, 38.4520259], [20.6445717, 38.4521178], [20.6447939, 38.452178], [20.6450352, 38.452236], [20.6450801, 38.4522524], [20.6449999, 38.4525074], [20.6449034, 38.4529527], [20.6448555, 38.453197], [20.6448146, 38.4533692], [20.6447804, 38.4533949], [20.6447341, 38.4534018], [20.6446423, 38.4533871], [20.6445618, 38.4533871], [20.6445189, 38.4534165], [20.644317, 38.4538003], [20.6439746, 38.4536896], [20.6438718, 38.4537314], [20.6438329, 38.4537189], [20.643681, 38.4536366], [20.6435686, 38.4535989], [20.6435203, 38.4536679], [20.643297, 38.4539884], [20.6429944, 38.4540889], [20.6427915, 38.4541475], [20.6425892, 38.4542139], [20.642467, 38.4542483], [20.6423476, 38.4543166], [20.6422498, 38.45441], [20.6421724, 38.454488], [20.642061, 38.454614], [20.6419869, 38.4546935], [20.6419178, 38.4547789], [20.6418393, 38.4548648], [20.641673, 38.4550417], [20.6416417, 38.4550894], [20.6415608, 38.4552221], [20.6412142, 38.4562899], [20.6411313, 38.4566249], [20.6408983, 38.4570349], [20.6408328, 38.4571133], [20.6403051, 38.4574881], [20.639997, 38.4577316], [20.6398558, 38.4578754], [20.6394856, 38.4580968], [20.6391128, 38.4582116], [20.6388814, 38.4583531], [20.6388018, 38.4584312], [20.638629, 38.4585248], [20.638219, 38.4586444], [20.6381741, 38.4586706], [20.6381486, 38.4587105], [20.6381466, 38.4587541], [20.6381848, 38.458894], [20.6382054, 38.4589624], [20.6382157, 38.4591894], [20.6382524, 38.4595696], [20.6382425, 38.4597555], [20.6381844, 38.4597921], [20.6380897, 38.4598837], [20.6380599, 38.4599305], [20.6379399, 38.4599605], [20.6378699, 38.4599605], [20.6377899, 38.4599405], [20.6376499, 38.4599605], [20.6375599, 38.4600105], [20.6374637, 38.4601192], [20.6373299, 38.4602705], [20.6371999, 38.4603605], [20.6371399, 38.4603705], [20.6370499, 38.4603505], [20.6370299, 38.4602805], [20.6370499, 38.4601905], [20.6370299, 38.4601505], [20.6369899, 38.4601405], [20.6369299, 38.4601505], [20.6365299, 38.4606605], [20.6364199, 38.4609205], [20.6363599, 38.4608905], [20.6363199, 38.4607605], [20.6362699, 38.4607605], [20.6362299, 38.4607905], [20.6362199, 38.4608405], [20.6361099, 38.4610005], [20.6360799, 38.4610005], [20.6359799, 38.4609505], [20.6359199, 38.4609505], [20.6358299, 38.4610705], [20.6357099, 38.4611705], [20.6356699, 38.4611805], [20.6356199, 38.4612705], [20.6355699, 38.4613105], [20.6354299, 38.4613505], [20.6350499, 38.4615905], [20.6349374, 38.4616784], [20.6347281, 38.461764], [20.6346899, 38.4617805], [20.6345099, 38.4617605], [20.6343399, 38.4616805], [20.6341699, 38.4616905], [20.6339952, 38.4616714], [20.6338999, 38.4616305], [20.6338899, 38.4614405], [20.6338499, 38.4613705], [20.6336999, 38.4612405], [20.6336299, 38.4612405], [20.6335599, 38.4611805], [20.6334322, 38.4612013], [20.6333542, 38.4611096], [20.6333099, 38.4610705], [20.6332799, 38.4610605], [20.6332199, 38.4610705], [20.6331899, 38.4611405], [20.6330999, 38.4612505], [20.6330699, 38.4613905], [20.6329999, 38.4614105], [20.6329699, 38.4614405], [20.6329599, 38.4615705], [20.6329499, 38.4615905], [20.6327899, 38.4616005], [20.6327699, 38.4616705], [20.6327479, 38.4617115], [20.6327224, 38.4617123], [20.6326985, 38.4617193], [20.6326787, 38.461732], [20.6326651, 38.461749], [20.6326592, 38.4617685], [20.632634, 38.4619281], [20.6326085, 38.462071], [20.6325737, 38.4621655], [20.6325314, 38.4622364], [20.6324895, 38.4623196], [20.6324113, 38.4623332], [20.6323065, 38.4623551], [20.632219, 38.4623841], [20.6321338, 38.4624082], [20.6320585, 38.4624676], [20.6320198, 38.4625299], [20.632001, 38.4625687], [20.6319923, 38.4626464], [20.6319716, 38.4627537], [20.6319019, 38.4629843], [20.6318493, 38.4631791], [20.6317167, 38.4633479], [20.6316644, 38.4634466], [20.631647, 38.4635212], [20.6316617, 38.4635456], [20.631707, 38.4635532], [20.6317338, 38.4635529], [20.6317905, 38.4635414], [20.6318374, 38.463528], [20.6318662, 38.4635238], [20.6318817, 38.4635301], [20.6318904, 38.4635435], [20.6318897, 38.4635671], [20.6318827, 38.4635912], [20.6318548, 38.4636256], [20.6317871, 38.4636907], [20.6317274, 38.4638047], [20.6316309, 38.4639296], [20.6314686, 38.4640892], [20.631372, 38.4642027], [20.6312612, 38.4643112]]}, "properties": {"name": "Ithaca Trail 14", "notes": null, "osm_id": -15948788, "curated": false, "name_el": null, "name_en": null, "length_m": 3137, "sac_scale": "hiking", "difficulty": null, "local_name": null, "route_type": "hiking"}}, {"type": "Feature", "geometry": {"type": "LineString", "coordinates": [[20.6339952, 38.4616714], [20.6340407, 38.4615145], [20.6341285, 38.4614711], [20.6341797, 38.4614094], [20.6342397, 38.4612794], [20.6343097, 38.4611894], [20.6344097, 38.4609294], [20.6346497, 38.4605194], [20.6347397, 38.4600894], [20.6347997, 38.4600694], [20.6348097, 38.4600494], [20.6348097, 38.4600194], [20.6347797, 38.4599694], [20.6347997, 38.4598694], [20.6347697, 38.4597894], [20.6346797, 38.4596794], [20.6345597, 38.4595894], [20.6345497, 38.4595394], [20.6345897, 38.4595294], [20.6347297, 38.4595794], [20.6347697, 38.4595794], [20.6347597, 38.4595394], [20.6347097, 38.4594994], [20.6346797, 38.4594994], [20.6347097, 38.4594594], [20.6347897, 38.4594394], [20.6348997, 38.4594494], [20.6349497, 38.4594294], [20.6350497, 38.4593694], [20.6351297, 38.4592894], [20.6352597, 38.4592294], [20.6353004, 38.4591487], [20.6352959, 38.4591463], [20.6352905, 38.459143], [20.6352843, 38.4591378], [20.6352793, 38.4591319], [20.6352755, 38.4591254], [20.6352731, 38.459119], [20.6352717, 38.4591105], [20.6352724, 38.4591024], [20.6352748, 38.4590945], [20.6352778, 38.4590885], [20.6354439, 38.4588912], [20.6355495, 38.4587783], [20.6356635, 38.4586647], [20.6357934, 38.4585214], [20.6360151, 38.4583558], [20.6361113, 38.4582751], [20.6361171, 38.4582697], [20.6361219, 38.4582636], [20.6361253, 38.4582571], [20.6361275, 38.4582501], [20.6361282, 38.4582431], [20.6361274, 38.458235], [20.6361247, 38.4582271], [20.6361204, 38.4582197], [20.6361144, 38.4582131], [20.6361071, 38.4582073], [20.6360985, 38.4582027], [20.6360891, 38.4581993], [20.636078, 38.4581971], [20.6360687, 38.4581966], [20.6360584, 38.4581974], [20.6360484, 38.4581996], [20.6360391, 38.4582032], [20.6360307, 38.458208], [20.6359823, 38.458244], [20.6359597, 38.4582094], [20.6359197, 38.4581494], [20.6359197, 38.4580894], [20.6361197, 38.4578994], [20.6364397, 38.4577294], [20.6366597, 38.4574894], [20.6368597, 38.4573194], [20.6370397, 38.4570494], [20.6372697, 38.4568594], [20.6373597, 38.4566794], [20.6374797, 38.4565394], [20.6375397, 38.4564194], [20.6376297, 38.4562894], [20.6377497, 38.4560194], [20.6377497, 38.4559394], [20.6379097, 38.4553594], [20.6379697, 38.4552294], [20.6379997, 38.4550794], [20.6380797, 38.4548694], [20.6381197, 38.4546594], [20.6381197, 38.4544294], [20.6381797, 38.4543294], [20.6381697, 38.4542194], [20.6382097, 38.4539994], [20.6382897, 38.4537494], [20.6383297, 38.4534794], [20.6383197, 38.4531894], [20.6382697, 38.4530194], [20.6382597, 38.4527994], [20.6381697, 38.4524694], [20.6380797, 38.4522594], [20.6381297, 38.4519194], [20.6380997, 38.4517494], [20.6380997, 38.4514994], [20.6380697, 38.4513194], [20.6380797, 38.4509894], [20.6380297, 38.4507294], [20.6379997, 38.4502994], [20.6380197, 38.4501794], [20.6380997, 38.4500294], [20.6381397, 38.4497594], [20.6381897, 38.4496194], [20.6382497, 38.4492994], [20.6382097, 38.4490794], [20.6379497, 38.4486194], [20.6379197, 38.4485194], [20.6378997, 38.4482594], [20.6379497, 38.4480394], [20.6380097, 38.4478694], [20.6379897, 38.4475894], [20.6379497, 38.4474994], [20.6378997, 38.4474194], [20.6378297, 38.4473594], [20.6375597, 38.4471994], [20.6375097, 38.4471094], [20.6372997, 38.4469294], [20.6370497, 38.4467994], [20.6368597, 38.4466194], [20.6366397, 38.4463594], [20.6365697, 38.4463194], [20.6363997, 38.4462594], [20.6362597, 38.4461294], [20.6361497, 38.4459194], [20.6360397, 38.4457694], [20.6360197, 38.4456894], [20.6360397, 38.4456194], [20.6359997, 38.4454994], [20.6359097, 38.4452994], [20.6357097, 38.4449694], [20.6356697, 38.4448294], [20.6356197, 38.4447594], [20.6355397, 38.4445894], [20.6355397, 38.4445094], [20.6355097, 38.4444494], [20.6354297, 38.4443594], [20.6352497, 38.4441194], [20.6350397, 38.4438894], [20.6349897, 38.4437894], [20.6348697, 38.4437494], [20.6347197, 38.4437694], [20.6345297, 38.4437794], [20.6343897, 38.4438194], [20.6342847, 38.4438504]]}, "properties": {"name": "Ithaca Trail 14B", "notes": null, "osm_id": -15948872, "curated": false, "name_el": null, "name_en": null, "length_m": 2351, "sac_scale": "hiking", "difficulty": null, "local_name": null, "route_type": "hiking"}}, {"type": "Feature", "geometry": {"type": "LineString", "coordinates": [[20.6744993, 38.3978796], [20.6744501, 38.3979121], [20.6743601, 38.3980121], [20.6743201, 38.3981021], [20.6741801, 38.3982321], [20.6741201, 38.3983821], [20.6739401, 38.3985021], [20.6738901, 38.3985721], [20.6738401, 38.3987021], [20.6737601, 38.3988021], [20.6737537, 38.3989721], [20.6737445, 38.3992134], [20.6737045, 38.3992934], [20.6736445, 38.3993234], [20.6735045, 38.3993434], [20.6734345, 38.3993734], [20.6734101, 38.3994121], [20.6732815, 38.3995885], [20.6731715, 38.3997585], [20.6730815, 38.3998385], [20.6730215, 38.3999585], [20.6728334, 38.4000771], [20.6727595, 38.4001659], [20.6727034, 38.4002205], [20.6726601, 38.4002621], [20.6726301, 38.4003021], [20.6725801, 38.4003321], [20.6724536, 38.4004085], [20.6719436, 38.4006285], [20.6718219, 38.4007125], [20.6717483, 38.4008102], [20.6715836, 38.4008], [20.6714236, 38.40084], [20.6712536, 38.40086], [20.6711836, 38.40089], [20.6710836, 38.40097], [20.6709836, 38.40098], [20.6709636, 38.40103], [20.6709901, 38.4010521], [20.6709701, 38.4011221], [20.6709801, 38.4011821], [20.6708501, 38.4012621], [20.6707501, 38.4012921], [20.6707201, 38.4013721], [20.6707301, 38.4014721], [20.6706401, 38.4016821], [20.6706001, 38.4018921], [20.6706401, 38.4020221], [20.6706401, 38.4022821], [20.6706601, 38.4023521], [20.6706401, 38.4024021], [20.6706701, 38.4025221], [20.6706501, 38.4026121], [20.6706901, 38.4028021], [20.6708601, 38.4029621], [20.6709201, 38.4030721], [20.6710501, 38.4031321], [20.6711701, 38.4033521], [20.6714101, 38.4035821], [20.6714601, 38.4037221], [20.6715401, 38.4037721], [20.6716801, 38.4038021], [20.6720501, 38.4038021], [20.6723301, 38.4038221], [20.6726401, 38.4038721], [20.6728501, 38.4040121], [20.6730401, 38.4041021], [20.6731401, 38.4041821], [20.6732401, 38.4042121], [20.6733701, 38.4042921], [20.6735901, 38.4044821], [20.6737901, 38.4046321], [20.6738301, 38.4048121], [20.6740301, 38.4048421], [20.6740501, 38.4048921], [20.6741801, 38.4050321], [20.6742101, 38.4051221], [20.6741801, 38.4053221], [20.6742101, 38.4055521], [20.6741001, 38.4057721], [20.6741601, 38.4059921], [20.6741201, 38.4060621], [20.6741001, 38.4061821], [20.6740701, 38.4062721], [20.6739201, 38.4064021], [20.6738401, 38.4065121], [20.6739001, 38.4065921], [20.6738801, 38.4066821], [20.6737601, 38.4067821], [20.6736401, 38.4068321], [20.6735301, 38.4070121], [20.6730701, 38.4073321], [20.6730601, 38.4073821], [20.6731401, 38.4073921], [20.6731101, 38.4074321], [20.6729501, 38.4076121], [20.6726001, 38.4081021], [20.6724301, 38.4082321], [20.6722901, 38.4084221], [20.6721201, 38.4085921], [20.6714301, 38.4091221], [20.6712501, 38.4093321], [20.6710601, 38.4094421], [20.6709801, 38.4095421], [20.6708701, 38.4097521], [20.6707001, 38.4098721], [20.6706501, 38.4099721], [20.6707901, 38.4101521], [20.6709101, 38.4102521], [20.6710701, 38.4102921], [20.6711401, 38.4103321], [20.6712701, 38.4105221], [20.6714601, 38.4107121], [20.6715001, 38.4108321], [20.6714801, 38.4109221], [20.6714001, 38.4110921], [20.6713656, 38.4112532], [20.6715435, 38.4114805], [20.6720144, 38.4119519], [20.6721067, 38.4121429], [20.6723217, 38.4122542], [20.6725768, 38.4126232], [20.6727207, 38.4130075], [20.6725245, 38.4133969], [20.6723612, 38.4137684], [20.6723669, 38.4138127], [20.6723301, 38.4139221], [20.6723201, 38.4140221], [20.6724901, 38.4141421], [20.6726301, 38.4142921], [20.6727601, 38.4143321], [20.6729501, 38.4144421], [20.6732401, 38.4148621], [20.6732901, 38.4150121], [20.6733301, 38.4150821], [20.6732801, 38.4153121], [20.6734101, 38.4154221], [20.6734401, 38.4154821], [20.6733701, 38.4158021], [20.6734601, 38.4159721], [20.6735201, 38.4162821], [20.6736901, 38.4166421], [20.6738001, 38.4168221], [20.6740201, 38.4169521], [20.6740801, 38.4170321], [20.6740801, 38.4171321], [20.6739701, 38.4173521], [20.6739801, 38.4174721], [20.6740201, 38.4175221], [20.6742701, 38.4176721], [20.6743994, 38.4177048], [20.6743947, 38.4178677], [20.6743839, 38.4180326], [20.6743518, 38.4184162], [20.6743477, 38.4185507], [20.6743404, 38.4186636], [20.6743323, 38.4188297], [20.6743223, 38.4189258], [20.6742793, 38.4190487], [20.674219, 38.4191979], [20.674167, 38.4193291], [20.6741292, 38.4194827], [20.674085, 38.4196593], [20.6740213, 38.4199905], [20.6739964, 38.4200837]]}, "properties": {"name": "Ithaca Trail 11", "notes": null, "osm_id": -15948727, "curated": false, "name_el": null, "name_en": null, "length_m": 3103, "sac_scale": "hiking", "difficulty": null, "local_name": null, "route_type": "hiking"}}, {"type": "Feature", "geometry": {"type": "LineString", "coordinates": [[20.6740213, 38.4199905], [20.6739964, 38.4200837], [20.6739964, 38.4201226], [20.6740134, 38.4201566], [20.6741104, 38.4202739], [20.6741436, 38.4203217], [20.6741533, 38.4204073], [20.6740872, 38.4205894], [20.6743817, 38.4207574], [20.6747409, 38.4209617], [20.6752427, 38.4212446], [20.6753431, 38.4212937], [20.6754424, 38.4213431], [20.6758312, 38.421526], [20.6759611, 38.4216671], [20.6760673, 38.4218169], [20.6762213, 38.4219077], [20.6763749, 38.4219555], [20.6764964, 38.4220103], [20.6766799, 38.4221462], [20.6770045, 38.4223774], [20.6775033, 38.4226421], [20.6781618, 38.4228964], [20.6783174, 38.4229542], [20.6784589, 38.4229794], [20.6786004, 38.422991], [20.6792699, 38.423042], [20.6799296, 38.4231934], [20.680148, 38.4232936], [20.6803213, 38.4234119], [20.6806576, 38.4237285], [20.6808159, 38.4238336], [20.6816945, 38.4242201], [20.6819145, 38.4243323], [20.6818555, 38.4243785], [20.6810763, 38.4248933], [20.6818322, 38.4257015], [20.6820997, 38.4256665], [20.6823773, 38.4257421], [20.6826183, 38.4257321], [20.6827377, 38.4257164], [20.6829361, 38.425811], [20.6830773, 38.4258665], [20.6831293, 38.4259517], [20.6833151, 38.4260369], [20.6835923, 38.4263432], [20.6840268, 38.4266332], [20.6843982, 38.4267824], [20.6846396, 38.426919], [20.6847308, 38.4270261], [20.6849197, 38.4271484], [20.6850742, 38.427211], [20.6854859, 38.4273865], [20.6858226, 38.4275661], [20.6859418, 38.4276596], [20.6860183, 38.427791], [20.6862409, 38.4281177], [20.6862543, 38.4282196], [20.6862436, 38.4285306], [20.6863509, 38.4290181], [20.6862956, 38.4293305], [20.6862862, 38.429653], [20.6862329, 38.429785], [20.6863292, 38.42988], [20.6864153, 38.4300351], [20.6865762, 38.430117], [20.6866365, 38.430263], [20.686698, 38.4302792], [20.6867369, 38.4302729], [20.686702, 38.4301247], [20.6867422, 38.4300291], [20.6869581, 38.4298316], [20.6870185, 38.4298138], [20.6870228, 38.4298438], [20.6869061, 38.4301033], [20.6870469, 38.430408], [20.6867586, 38.430762], [20.6866363, 38.4308496], [20.6865665, 38.4310009], [20.6866701, 38.4312852], [20.6870574, 38.4316691], [20.6872119, 38.4319177], [20.6873524, 38.4320368], [20.6874238, 38.4321887], [20.6873808, 38.4324304], [20.6870563, 38.4328673], [20.6871405, 38.4328772], [20.68739, 38.4327658], [20.6876582, 38.4322805], [20.6877708, 38.4322889], [20.6877403, 38.432466], [20.6874785, 38.4329949], [20.6873092, 38.4332583], [20.6873044, 38.4332887], [20.6872681, 38.4333338], [20.6873165, 38.4333504], [20.6873887, 38.4333356], [20.6874195, 38.4333037], [20.6875633, 38.4332729], [20.6888614, 38.4327917], [20.6891004, 38.4325943], [20.6891478, 38.4325151], [20.6891408, 38.4322753], [20.6891768, 38.4322664], [20.6892062, 38.4322866], [20.6892281, 38.4323218], [20.6892477, 38.4323715], [20.6895266, 38.4327245], [20.6890331, 38.4333296], [20.6886791, 38.4337792], [20.6881533, 38.4343381], [20.688102, 38.4344205], [20.6881419, 38.4345684], [20.6882564, 38.4346709], [20.6883902, 38.4349498], [20.6885555, 38.4351646], [20.6887262, 38.4352397], [20.6893931, 38.4354411], [20.6896339, 38.4355819], [20.689591, 38.4357668], [20.6892906, 38.4359349], [20.6893871, 38.4360231], [20.6899826, 38.4361659], [20.6918226, 38.4365231], [20.6920801, 38.4366408], [20.6925522, 38.4367248], [20.692623, 38.4368901], [20.6925651, 38.4370588], [20.6928758, 38.4371505], [20.6929899, 38.4372418], [20.6930467, 38.4374289], [20.6930273, 38.437628], [20.6927026, 38.4378933], [20.6925297, 38.4382016], [20.6924434, 38.4384882], [20.6923809, 38.4385243], [20.6923405, 38.4385897], [20.6923252, 38.4386738], [20.6922947, 38.438978], [20.6920546, 38.439372], [20.6920801, 38.4394476], [20.6921241, 38.4395488], [20.6924542, 38.4397628], [20.6925371, 38.4398745], [20.6925347, 38.4399749], [20.6923496, 38.4402428], [20.6920677, 38.4404039], [20.692002, 38.4405604], [20.6918827, 38.440697], [20.6918116, 38.4409722], [20.69166, 38.4411014], [20.6916131, 38.4412148], [20.691648, 38.4413188], [20.6918371, 38.4413839], [20.6918384, 38.4414596], [20.6920114, 38.4414953], [20.692011, 38.441514], [20.6920409, 38.4416991], [20.691998, 38.4419039], [20.6919283, 38.4420373], [20.6919095, 38.442198], [20.6917794, 38.4424186], [20.6917003, 38.4425814], [20.6916466, 38.4428356], [20.6915235, 38.4429486], [20.6913127, 38.4430866], [20.6913023, 38.4431525], [20.6912778, 38.4431759], [20.6912175, 38.4433387], [20.6911759, 38.4433923], [20.6910099, 38.4435548], [20.6909278, 38.4436391], [20.6908339, 38.4437431], [20.6907307, 38.4438198], [20.6905389, 38.4438492], [20.6902988, 38.4438902], [20.6901634, 38.4439375], [20.6900132, 38.4440446], [20.6898804, 38.4442295], [20.6897868, 38.4446723], [20.6896544, 38.4447632], [20.6895062, 38.4449784], [20.6894177, 38.4451464], [20.6893627, 38.4452767], [20.6892273, 38.445597], [20.6892138, 38.4456674], [20.6892313, 38.4457661], [20.6892997, 38.4458586], [20.6894727, 38.4460928], [20.6895907, 38.4462251], [20.6896376, 38.4462881], [20.6896765, 38.446369], [20.6897345, 38.4465535], [20.6897644, 38.4465996], [20.6897343, 38.4467083], [20.6897255, 38.4468044], [20.6897036, 38.4468875], [20.6896444, 38.4469887], [20.6896216, 38.4470391], [20.6896175, 38.4470817], [20.6896242, 38.4471132], [20.689647, 38.4471678], [20.6896692, 38.4471956], [20.6896973, 38.4472172], [20.6897262, 38.4472324], [20.6898167, 38.4472702], [20.6898589, 38.447296], [20.6898717, 38.4473296], [20.6898656, 38.4473742], [20.6898482, 38.4474173], [20.6896859, 38.4476431], [20.6896692, 38.4476793], [20.6896625, 38.4477166], [20.6896739, 38.4477565], [20.6897178, 38.4478377], [20.689588, 38.4479429], [20.6895694, 38.4479592], [20.6895807, 38.4479692], [20.6895979, 38.4479833], [20.6896242, 38.4480102], [20.689635, 38.4480359], [20.689635, 38.4480611], [20.6896263, 38.4481131], [20.6896149, 38.4481777], [20.6895981, 38.4482864], [20.6896082, 38.4483478], [20.6896497, 38.4484844], [20.6896551, 38.4485637], [20.689647, 38.4486146], [20.6896256, 38.4486561], [20.6895954, 38.4486892], [20.6896424, 38.4487359], [20.6896511, 38.4487554], [20.6896524, 38.4487816], [20.6896296, 38.4489497], [20.6896162, 38.4489775], [20.6895776, 38.4490177], [20.6895317, 38.4490547], [20.6893661, 38.449176], [20.6893413, 38.4491954], [20.689311, 38.4492067], [20.6892888, 38.4492381], [20.6891689, 38.4493577]]}, "properties": {"name": "Ithaca Trail 12", "notes": null, "osm_id": -15882904, "curated": false, "name_el": null, "name_en": null, "length_m": 5263, "sac_scale": "hiking", "difficulty": null, "local_name": null, "route_type": "hiking"}}, {"type": "Feature", "geometry": {"type": "LineString", "coordinates": [[20.689417, 38.4492537], [20.6891689, 38.4493577], [20.689114, 38.4493714], [20.6890523, 38.4493792], [20.6889805, 38.4493798], [20.688912, 38.4493672], [20.6887834, 38.4493325], [20.6887331, 38.4493262], [20.6886788, 38.449333], [20.6886365, 38.4493504], [20.6885668, 38.4493903], [20.6884836, 38.4494496], [20.6884146, 38.4494995], [20.6883629, 38.4495336], [20.6882999, 38.449572], [20.6882342, 38.4496108], [20.6880967, 38.4496944], [20.6880799, 38.4497081], [20.6880706, 38.4497238], [20.688067, 38.4497399], [20.6880646, 38.4497603], [20.6880573, 38.4497778], [20.688041, 38.4497919], [20.6880217, 38.4498003], [20.688, 38.4498036], [20.6879814, 38.4498018], [20.6879262, 38.4498728], [20.6878741, 38.4499096], [20.6878681, 38.4499412], [20.6878801, 38.4499706], [20.6879213, 38.450009], [20.6877957, 38.4500664], [20.6877173, 38.4500914], [20.6875823, 38.4501179], [20.6874381, 38.4501673], [20.6872838, 38.4502211], [20.6871771, 38.4502571], [20.6870971, 38.4502939], [20.6870335, 38.4503338], [20.6870295, 38.4503518], [20.6870291, 38.4503698], [20.6870415, 38.4503752], [20.6870625, 38.4503822], [20.6870694, 38.4503896], [20.6870725, 38.4504046], [20.6870618, 38.4504191], [20.6870706, 38.4504342], [20.6870838, 38.4504366], [20.6871031, 38.450439], [20.6872072, 38.4504256], [20.6872339, 38.450433], [20.6872581, 38.450451], [20.6872682, 38.4504787], [20.687164, 38.4504962], [20.6870336, 38.4505075], [20.6869272, 38.4505219], [20.6868931, 38.4505285], [20.6868602, 38.4505372], [20.6867905, 38.4505655], [20.6866121, 38.4506763], [20.6864713, 38.4507646], [20.6861882, 38.4508193], [20.6861087, 38.4508698], [20.6859, 38.4509888], [20.6857545, 38.4510046], [20.6857035, 38.4510056], [20.6856499, 38.4510025], [20.6855032, 38.4509614], [20.6854635, 38.4509457], [20.6854346, 38.4509216], [20.6854125, 38.450889], [20.68538, 38.4508305], [20.6853622, 38.4508175], [20.6853428, 38.4508082], [20.6853092, 38.4507945], [20.685313, 38.4508783], [20.6853213, 38.4509815], [20.685324, 38.4510313], [20.685322, 38.4510765], [20.685224, 38.4512092], [20.6848961, 38.4511668], [20.6847899, 38.4511691], [20.6847209, 38.4511833], [20.68463, 38.4511448], [20.684571, 38.451149], [20.6844825, 38.4511647], [20.6843752, 38.4511899], [20.6842867, 38.4512015], [20.6840385, 38.4512204], [20.6839862, 38.4512298], [20.6839313, 38.4512487], [20.6835799, 38.4514704], [20.6835423, 38.4515019], [20.6835155, 38.4515344], [20.6834672, 38.4515838], [20.6831912, 38.4518229], [20.682898, 38.4519223], [20.6826076, 38.4519492], [20.6824776, 38.4519392], [20.6823576, 38.4518192], [20.6821076, 38.4517392], [20.6818676, 38.4511592], [20.6817876, 38.4510792], [20.6817828, 38.4509652], [20.6817809, 38.4509513], [20.6810876, 38.4503892], [20.6806076, 38.4501392], [20.6800676, 38.4499992], [20.6799276, 38.4500692], [20.6800076, 38.4501592], [20.6799876, 38.4501892], [20.6795176, 38.4502192], [20.6793876, 38.4501892], [20.6789676, 38.4500192], [20.6783876, 38.4495692], [20.6782676, 38.4495592], [20.6779576, 38.4491992], [20.6776509, 38.4490894], [20.6775556, 38.4490715], [20.6774772, 38.449076], [20.6772177, 38.4491681], [20.6771815, 38.4492143], [20.6770601, 38.4492202], [20.6770176, 38.4493392], [20.6767676, 38.4493892], [20.6765876, 38.4493692], [20.6764276, 38.4494292], [20.6759376, 38.4493392], [20.6756876, 38.4493592], [20.6753876, 38.4492992], [20.6753076, 38.4492192], [20.6752976, 38.4490492], [20.6753376, 38.4489592], [20.6753176, 38.4488592], [20.6753876, 38.4487492], [20.6753576, 38.4485992], [20.6752876, 38.4485592], [20.6751576, 38.4485792], [20.6750776, 38.4484692], [20.6748076, 38.4483892], [20.6740176, 38.4485592], [20.6739176, 38.4486292], [20.6737176, 38.4486392], [20.6729576, 38.4489092], [20.6727576, 38.4489392], [20.6725076, 38.4488792], [20.6721076, 38.4488792], [20.6717876, 38.4489792], [20.6716776, 38.4490492], [20.6713276, 38.4491392], [20.6712276, 38.4492492], [20.6711176, 38.4492192], [20.6712176, 38.4490792], [20.6712176, 38.4489892], [20.6711076, 38.4487792], [20.6709976, 38.4486892], [20.6709476, 38.4484792], [20.6708276, 38.4484192], [20.6708976, 38.4483692], [20.6709076, 38.4482992], [20.6706876, 38.4482092], [20.6706776, 38.4481192], [20.6708376, 38.4477992], [20.6709476, 38.4476692], [20.6709976, 38.4474892], [20.6714076, 38.4471692], [20.6718276, 38.4469392], [20.6720376, 38.4467092], [20.6722176, 38.4466192], [20.6723376, 38.4464692], [20.6726376, 38.4463892], [20.6728576, 38.4462592], [20.6729076, 38.4461292], [20.6730076, 38.4460992], [20.6732976, 38.4457192], [20.6732876, 38.4455992], [20.6732176, 38.4454992], [20.6732976, 38.4453392], [20.6740076, 38.4451792], [20.6745576, 38.4452092], [20.6747876, 38.4450592], [20.6747076, 38.4449292], [20.6748876, 38.4447892], [20.6750276, 38.4447392], [20.6752276, 38.4447792], [20.6752576, 38.4445692], [20.6756676, 38.4442492], [20.6758776, 38.4438392], [20.6760976, 38.4437092], [20.6762376, 38.4433992], [20.6766776, 38.4431492], [20.6767076, 38.4429492], [20.6769576, 38.4428392], [20.6770276, 38.4426992], [20.6771076, 38.4426892], [20.6771876, 38.4426192], [20.6771976, 38.4424292], [20.6773376, 38.4423392], [20.6774376, 38.4421792], [20.6773476, 38.4420192], [20.6773876, 38.4416692], [20.6773276, 38.4415192], [20.6773976, 38.4410592], [20.6775476, 38.4408692], [20.6778876, 38.4407592], [20.6779676, 38.4406292], [20.6779376, 38.4405292], [20.6778076, 38.4405092], [20.6777676, 38.4404592], [20.6779576, 38.4402292], [20.6779176, 38.4400592], [20.6778076, 38.4399392], [20.6778276, 38.4398592], [20.6780476, 38.4395692], [20.6779576, 38.4393792], [20.6780276, 38.4392992], [20.6783076, 38.4392892], [20.6784276, 38.4392392], [20.6783976, 38.4388792], [20.6782476, 38.4388492], [20.6781376, 38.4387192], [20.6779676, 38.4386892], [20.6778976, 38.4384992], [20.6777876, 38.4384592], [20.6777676, 38.4384192], [20.6778376, 38.4382892], [20.6779876, 38.4381492], [20.6782876, 38.4379992], [20.6783476, 38.4378892], [20.6784376, 38.4378392], [20.6784576, 38.4377492], [20.6785376, 38.4377092], [20.6786876, 38.4375392], [20.6786876, 38.4374292], [20.6785076, 38.4371292], [20.6782476, 38.4369192], [20.6781076, 38.4368792], [20.6779876, 38.4366392], [20.6778976, 38.4365992], [20.6777476, 38.4365992], [20.6773976, 38.4363592], [20.6771976, 38.4362892], [20.6771376, 38.4361692], [20.6769476, 38.4359892], [20.6764976, 38.4357092], [20.6762976, 38.4356592], [20.6762676, 38.4355592], [20.6761776, 38.4354792], [20.6759976, 38.4354792], [20.6757776, 38.4354092], [20.6756176, 38.4352192], [20.6755676, 38.4350592], [20.6753276, 38.4349592], [20.6750376, 38.4349392], [20.6748476, 38.4348792], [20.6747976, 38.4345592], [20.6746476, 38.4343192], [20.6744076, 38.4341992], [20.6743076, 38.4339592], [20.6741876, 38.4338092], [20.6737176, 38.4334792], [20.6735476, 38.4332692], [20.6734076, 38.4332792], [20.6732576, 38.4330692], [20.6730976, 38.4330292], [20.6726776, 38.4330192], [20.6725776, 38.4329592], [20.6721976, 38.4329792], [20.6719976, 38.4330592], [20.6717876, 38.4329792], [20.6715076, 38.4329492], [20.6714076, 38.4328792], [20.6713408, 38.4329409], [20.6710376, 38.4327392], [20.6707976, 38.4327292], [20.6706376, 38.4325792], [20.6706376, 38.4322692], [20.6705273, 38.4315897], [20.6705323, 38.4315635], [20.6706811, 38.4316376], [20.6707113, 38.4316486], [20.6707482, 38.4316481], [20.6707753, 38.4316207], [20.6707777, 38.4315934], [20.670763, 38.4315661], [20.6706758, 38.43148], [20.6705403, 38.431335], [20.67037, 38.4310555], [20.670319, 38.4308959], [20.6703204, 38.4307593], [20.6703418, 38.4303044], [20.6703606, 38.4302697], [20.6703928, 38.4302519], [20.6704297, 38.4302587], [20.6704639, 38.4302771], [20.6705591, 38.4306637], [20.6705906, 38.4307472], [20.6706164, 38.4307643], [20.6706386, 38.4307703], [20.6706583, 38.430769], [20.6706758, 38.4307664], [20.6706952, 38.4307577], [20.670711, 38.430742], [20.670719, 38.4307046], [20.6707133, 38.4306521], [20.6706919, 38.4305229], [20.6707066, 38.4304347], [20.6707455, 38.4303464], [20.6708796, 38.4301573], [20.6709816, 38.4299976], [20.6710379, 38.4298432], [20.6710647, 38.4297276], [20.6711036, 38.4296131], [20.6711425, 38.4295469], [20.6712337, 38.4294608], [20.6713772, 38.4293778], [20.6714456, 38.4293137], [20.6715113, 38.4291971], [20.6715354, 38.42907], [20.6715354, 38.4288882], [20.6715623, 38.4287474], [20.6716347, 38.4286224], [20.6717272, 38.4284596], [20.6718144, 38.4283587], [20.6719056, 38.4282894], [20.6721416, 38.4281192], [20.6723897, 38.4279269], [20.672497, 38.4278071], [20.6726217, 38.4276453], [20.6727169, 38.4274111], [20.6727843, 38.4271809], [20.6727816, 38.427038], [20.6727076, 38.4268406], [20.6726298, 38.4266578], [20.6725144, 38.4263762], [20.6724125, 38.4261219], [20.6723039, 38.4259034], [20.6722824, 38.4257847], [20.6723052, 38.4256985], [20.672379, 38.4255935], [20.6725225, 38.4254369], [20.6726351, 38.4253035], [20.6727183, 38.4251627], [20.6727827, 38.4250387], [20.6728806, 38.4249147], [20.6729758, 38.424837], [20.6730656, 38.4247792], [20.673122, 38.4247036], [20.6731367, 38.4246405], [20.6731153, 38.4245313], [20.6730375, 38.4244241], [20.6729355, 38.4242581], [20.6729101, 38.4241604], [20.6729181, 38.4240763], [20.6729704, 38.423884], [20.6730348, 38.4237317], [20.6730794, 38.4236129], [20.6730831, 38.4235268], [20.6731045, 38.423219], [20.6731407, 38.4230729], [20.6731944, 38.4230015], [20.6733003, 38.4228817], [20.6733701, 38.4227619], [20.6733955, 38.4226758], [20.673377, 38.4225307], [20.6733626, 38.4222372], [20.6733929, 38.4221005], [20.6734752, 38.4219701], [20.6736291, 38.4217817], [20.6736725, 38.4217362], [20.6737181, 38.4216469], [20.6737361, 38.4215613], [20.6737362, 38.4212636], [20.6737469, 38.4212027], [20.6737697, 38.4211339], [20.6739568, 38.4207883], [20.6740872, 38.4205894]]}, "properties": {"name": "Ithaca Trail 012A", "notes": null, "osm_id": -15948743, "curated": false, "name_el": null, "name_en": null, "length_m": 6552, "sac_scale": "mountain_hiking", "difficulty": null, "local_name": null, "route_type": "hiking"}}, {"type": "Feature", "geometry": {"type": "LineString", "coordinates": [[20.6638335, 38.4584679], [20.6635894, 38.4583262], [20.6634928, 38.458259], [20.6633829, 38.4581529], [20.6632689, 38.4580253], [20.6632333, 38.4579765], [20.6631911, 38.457914], [20.6631488, 38.4578657], [20.6630811, 38.4578111], [20.6628746, 38.4576824], [20.6626077, 38.4575501], [20.6623328, 38.457423], [20.6619477, 38.4572845], [20.661858, 38.4572508], [20.6616928, 38.4571986], [20.6615455, 38.4571608], [20.661386, 38.4571363], [20.6610641, 38.4571143], [20.6608522, 38.4571122], [20.6606421, 38.4571096], [20.6605702, 38.4571124], [20.6599136, 38.4571753], [20.6598433, 38.4571729], [20.6597858, 38.4571602], [20.6597365, 38.4571365], [20.6596907, 38.4571061], [20.6596199, 38.4570465], [20.6595251, 38.4569542], [20.659385, 38.4568039], [20.6592482, 38.4569956], [20.6592248, 38.4570455], [20.6592181, 38.457087], [20.6592221, 38.4571284], [20.6592455, 38.457171], [20.65932, 38.4572602], [20.6593958, 38.4573485], [20.6594495, 38.4574085], [20.6594762, 38.4574498], [20.6594843, 38.4574997], [20.6594709, 38.4576352], [20.6594548, 38.4577496], [20.6594454, 38.4578415], [20.6594306, 38.457904], [20.6592633, 38.4579169], [20.6591406, 38.4579274], [20.6588741, 38.4579555], [20.6586823, 38.4579859], [20.65852, 38.4580153], [20.6583595, 38.4580675], [20.6580868, 38.458172], [20.6579218, 38.4582423], [20.6577824, 38.4583209], [20.657655, 38.4584028], [20.6574068, 38.4585649], [20.6572523, 38.4586657], [20.6570916, 38.4587987], [20.6570104, 38.4588744], [20.6569494, 38.458958], [20.6567749, 38.4592867], [20.6566472, 38.4594836], [20.6564394, 38.4597381], [20.6564057, 38.4597751], [20.6563641, 38.4598113], [20.6563155, 38.4598418], [20.6562586, 38.459866], [20.6561925, 38.4598828], [20.6560103, 38.4599101], [20.6557536, 38.4599446], [20.6556806, 38.459962], [20.6556149, 38.4599827], [20.6555488, 38.4600101], [20.6553496, 38.4601414], [20.6553115, 38.4601704], [20.6553028, 38.4601759], [20.6552931, 38.4601803], [20.6552827, 38.4601836], [20.6552719, 38.4601857], [20.6552607, 38.4601865], [20.6552496, 38.4601861], [20.6552386, 38.4601844], [20.6552149, 38.4601757], [20.6551961, 38.4601614], [20.6550433, 38.4604152], [20.6548934, 38.4605711], [20.6546593, 38.4607106], [20.6542556, 38.4608544], [20.6540077, 38.4609935], [20.653886, 38.4610455], [20.6538105, 38.461092], [20.6534929, 38.4612869], [20.6533814, 38.4613138], [20.6532559, 38.4613249], [20.6530354, 38.4613836], [20.6529358, 38.4614502], [20.6528063, 38.4615826], [20.6527646, 38.4616636], [20.6527595, 38.4617082], [20.6527544, 38.4617882], [20.6527459, 38.4618763], [20.6527314, 38.4619616], [20.6527502, 38.4620329], [20.6527961, 38.4621143], [20.6529656, 38.4622829], [20.6532244, 38.4624123], [20.6532363, 38.4625043], [20.6532346, 38.462811], [20.6531614, 38.462951], [20.6526816, 38.4634676], [20.6525961, 38.463615], [20.6525646, 38.4636936], [20.652533, 38.463887], [20.6525231, 38.4639415], [20.652493, 38.4642163], [20.6523227, 38.4644323], [20.6522402, 38.4646363], [20.6521422, 38.4648043], [20.6518332, 38.4651517], [20.6516986, 38.465327], [20.6515232, 38.4654523], [20.6513717, 38.4656177], [20.6512635, 38.465687], [20.6507059, 38.4660237], [20.6505084, 38.4661825], [20.6504164, 38.4662372], [20.6500059, 38.4663963], [20.6497207, 38.4665725], [20.649529, 38.4667965], [20.6494815, 38.466919], [20.6493912, 38.4670803], [20.649265, 38.4672142], [20.6490694, 38.467419], [20.6489859, 38.467579], [20.6491937, 38.4677136], [20.6494372, 38.4678496], [20.6495802, 38.4679709], [20.6497454, 38.4680769], [20.6497582, 38.4680956], [20.6497667, 38.4681236], [20.649768, 38.4681866], [20.6497812, 38.4682169], [20.6498102, 38.4682439], [20.6500114, 38.46846], [20.6502814, 38.46864], [20.6506514, 38.46884], [20.6509014, 38.46909], [20.6510314, 38.46917], [20.6515314, 38.46965], [20.6524014, 38.47017], [20.6526214, 38.47024], [20.6529414, 38.47049], [20.6538614, 38.47111], [20.6538714, 38.47114], [20.6538114, 38.47117], [20.6538014, 38.47121], [20.6537614, 38.47147], [20.6538706, 38.4716371], [20.6538763, 38.4716967], [20.6538878, 38.4717523], [20.6540295, 38.4720821], [20.6542539, 38.4723588], [20.6546375, 38.4728052], [20.6548557, 38.473078], [20.6549801, 38.4733159], [20.6554383, 38.4743001], [20.6556357, 38.474757], [20.6556786, 38.4749183], [20.6557467, 38.4752912], [20.6558218, 38.4755516], [20.6561078, 38.4763428], [20.6561568, 38.4765208], [20.6562198, 38.4767741], [20.6563292, 38.4772094], [20.6563655, 38.4771162], [20.6564067, 38.4770925], [20.6564343, 38.4770179], [20.6565459, 38.4768861], [20.6566656, 38.4768285], [20.6567098, 38.4768376], [20.656758, 38.4767664], [20.6568164, 38.4767497], [20.6568476, 38.4767638], [20.6568961, 38.4767637], [20.6569248, 38.4767265], [20.6569726, 38.4767584], [20.6570374, 38.4767667], [20.6571974, 38.4767504], [20.6573117, 38.4767709], [20.6573896, 38.4767809], [20.6575591, 38.476819], [20.6577462, 38.4766401], [20.6578481, 38.4765705], [20.6579554, 38.4765205], [20.6580788, 38.4765065], [20.6582022, 38.4765159], [20.6583229, 38.4765436], [20.6585804, 38.4766739]]}, "properties": {"name": "Ithaca Trail 13", "notes": null, "osm_id": -15948772, "curated": false, "name_el": null, "name_en": null, "length_m": 3727, "sac_scale": "hiking", "difficulty": null, "local_name": null, "route_type": "hiking"}}]}
