{"type":"FeatureCollection","features":[{"type":"Feature","properties":{"depth_m":25,"closed":false},"geometry":{"type":"LineString","coordinates":[[20.7428,38.75],[20.7424,38.748],[20.7424,38.746],[20.7426,38.744],[20.7429,38.742],[20.7432,38.741],[20.7437,38.739],[20.744,38.7376],[20.7442,38.736],[20.7443,38.734],[20.745,38.7322],[20.746,38.7318],[20.748,38.7316],[20.7497,38.731],[20.751,38.7303],[20.752,38.7298],[20.753,38.729],[20.754,38.7271],[20.7541,38.726],[20.7541,38.724],[20.7541,38.722],[20.7543,38.72],[20.7544,38.718],[20.7544,38.716],[20.754,38.714],[20.7537,38.713],[20.7533,38.711],[20.7534,38.709],[20.754,38.7077],[20.755,38.706],[20.7556,38.705],[20.7565,38.704],[20.7575,38.703],[20.7584,38.702],[20.7593,38.701],[20.7602,38.7],[20.761,38.699],[20.762,38.6978],[20.763,38.6967],[20.764,38.6955],[20.765,38.6941],[20.7655,38.693],[20.7661,38.692],[20.767,38.6904],[20.768,38.6892],[20.769,38.6885],[20.77,38.688],[20.772,38.6874],[20.774,38.6873],[20.776,38.6875],[20.778,38.6874],[20.78,38.6871],[20.7813,38.687],[20.783,38.6868],[20.785,38.6864],[20.7863,38.686],[20.788,38.6856],[20.7899,38.685],[20.791,38.6846],[20.7925,38.684],[20.794,38.6833],[20.795,38.6827],[20.797,38.6822],[20.799,38.6824],[20.801,38.6824],[20.803,38.6821],[20.804,38.6819],[20.806,38.6811],[20.807,38.6805],[20.808,38.6799],[20.8092,38.679],[20.8105,38.678],[20.8118,38.677],[20.813,38.6762],[20.814,38.6753],[20.8149,38.674],[20.8152,38.673],[20.8155,38.671],[20.8155,38.669],[20.8153,38.667],[20.815,38.6657],[20.8146,38.664],[20.8142,38.662],[20.814,38.661],[20.8133,38.659],[20.8128,38.658],[20.812,38.6567],[20.811,38.6553],[20.8103,38.654],[20.8097,38.653],[20.809,38.6517],[20.808,38.6503],[20.807,38.6493],[20.806,38.6486],[20.805,38.648],[20.803,38.647],[20.802,38.6466],[20.8007,38.646],[20.799,38.6453],[20.798,38.6449],[20.796,38.6441],[20.795,38.6435],[20.794,38.6428],[20.7929,38.642],[20.7915,38.641],[20.7902,38.64],[20.7893,38.639],[20.7888,38.638],[20.788,38.6365],[20.787,38.6359],[20.785,38.635],[20.783,38.6355],[20.781,38.6357],[20.7794,38.636],[20.778,38.636],[20.777,38.6358],[20.775,38.6353],[20.7732,38.635],[20.7728,38.635],[20.771,38.6353],[20.769,38.6358],[20.767,38.6356],[20.7657,38.635],[20.7646,38.634],[20.764,38.6325],[20.764,38.631],[20.7643,38.63],[20.765,38.6287],[20.766,38.6276],[20.767,38.6265],[20.768,38.6254],[20.769,38.6246],[20.77,38.6239],[20.771,38.623],[20.7719,38.621],[20.7722,38.62],[20.773,38.6185],[20.774,38.6175],[20.775,38.6169],[20.777,38.6161],[20.778,38.6158],[20.78,38.615],[20.781,38.6149],[20.782,38.6151],[20.784,38.6155],[20.7851,38.615],[20.7857,38.613],[20.7862,38.612],[20.7876,38.611],[20.789,38.6106],[20.7907,38.61],[20.792,38.6094],[20.793,38.6086],[20.7941,38.608],[20.796,38.6072],[20.797,38.6068],[20.7987,38.606],[20.8,38.6051],[20.801,38.6043],[20.802,38.6033],[20.803,38.6023],[20.804,38.6014],[20.805,38.6007],[20.8061,38.6],[20.8077,38.599],[20.809,38.5982],[20.81,38.5975],[20.811,38.5969],[20.8123,38.596],[20.8135,38.595],[20.8143,38.594],[20.815,38.5929],[20.8159,38.591],[20.8163,38.59],[20.817,38.588],[20.8171,38.587],[20.8174,38.585],[20.8173,38.583],[20.817,38.5819],[20.816,38.5806],[20.815,38.5799],[20.813,38.579],[20.812,38.5787],[20.81,38.5781],[20.809,38.5777],[20.807,38.5772],[20.806,38.577],[20.804,38.5767],[20.802,38.5766],[20.8,38.577],[20.799,38.5773],[20.797,38.578],[20.796,38.5783],[20.794,38.5788],[20.793,38.579],[20.791,38.5797],[20.79,38.5801],[20.788,38.5809],[20.787,38.5812],[20.7851,38.582],[20.784,38.5825],[20.783,38.583],[20.7812,38.584],[20.78,38.5846],[20.7787,38.585],[20.777,38.5856],[20.776,38.5862],[20.7744,38.587],[20.773,38.5876],[20.7713,38.588],[20.77,38.5884],[20.7689,38.589],[20.7678,38.59],[20.767,38.5914],[20.7665,38.593],[20.7662,38.595],[20.7663,38.597],[20.7664,38.599],[20.766,38.6009],[20.7656,38.602],[20.765,38.604],[20.7646,38.605],[20.7639,38.606],[20.7628,38.607],[20.7617,38.608],[20.7606,38.609],[20.759,38.61],[20.758,38.6105],[20.757,38.611],[20.7557,38.612],[20.7547,38.613],[20.7534,38.614],[20.7522,38.615],[20.7511,38.616],[20.7502,38.617],[20.7492,38.618],[20.7482,38.619],[20.7472,38.62],[20.746,38.621],[20.745,38.6218],[20.744,38.6226],[20.743,38.6234],[20.742,38.6241],[20.7409,38.625],[20.7395,38.626],[20.738,38.627],[20.737,38.6276],[20.736,38.6283],[20.735,38.6292],[20.734,38.6304],[20.7331,38.632],[20.7325,38.633],[20.7319,38.634],[20.731,38.6358],[20.7308,38.637],[20.731,38.638],[20.7312,38.64],[20.7312,38.642],[20.7314,38.644],[20.7317,38.646],[20.7311,38.648],[20.73,38.6489],[20.7286,38.648],[20.728,38.6467],[20.7278,38.645],[20.7275,38.643],[20.7271,38.641],[20.7273,38.639],[20.728,38.6372],[20.7286,38.636],[20.7287,38.634],[20.7285,38.632],[20.7284,38.63],[20.7281,38.628],[20.7279,38.627],[20.727,38.6251],[20.7262,38.624],[20.7252,38.623],[20.724,38.6222],[20.723,38.6216],[20.7219,38.621],[20.7201,38.62],[20.719,38.6195],[20.7172,38.619],[20.716,38.6188],[20.714,38.6188],[20.7123,38.619],[20.711,38.6194],[20.71,38.6201],[20.7089,38.621],[20.707,38.6214],[20.7056,38.621],[20.7046,38.62],[20.704,38.6189],[20.703,38.617],[20.7022,38.616],[20.7011,38.615],[20.7,38.6144],[20.699,38.6139],[20.697,38.613],[20.696,38.6125],[20.695,38.6119],[20.6939,38.611],[20.6929,38.61],[20.692,38.6086],[20.6912,38.607],[20.6907,38.606],[20.69,38.605],[20.689,38.6037],[20.688,38.6026],[20.687,38.6017],[20.686,38.6008],[20.6849,38.6],[20.6834,38.599],[20.682,38.5981],[20.681,38.5976],[20.6795,38.597],[20.678,38.5964],[20.677,38.5957],[20.676,38.5947],[20.675,38.5931],[20.6744,38.592],[20.674,38.591],[20.673,38.5894],[20.6721,38.588],[20.6711,38.587],[20.67,38.5867],[20.669,38.5874],[20.6681,38.589],[20.6678,38.59],[20.668,38.5917],[20.6683,38.593],[20.668,38.5948],[20.667,38.5953],[20.6657,38.595],[20.6644,38.594],[20.663,38.593],[20.662,38.5929],[20.661,38.5932],[20.6596,38.594],[20.658,38.5948],[20.656,38.5946],[20.655,38.5938],[20.6542,38.592],[20.655,38.5905],[20.656,38.5897],[20.657,38.5888],[20.658,38.5876],[20.659,38.5863],[20.66,38.5852],[20.661,38.5846],[20.6624,38.584],[20.6638,38.583],[20.6645,38.582],[20.664,38.5807],[20.6628,38.58],[20.661,38.5796],[20.659,38.5791],[20.658,38.5789],[20.656,38.5785],[20.654,38.5781],[20.653,38.578],[20.651,38.5775],[20.649,38.577],[20.648,38.5768],[20.646,38.5763],[20.6444,38.576],[20.643,38.5759],[20.641,38.5759],[20.6395,38.576],[20.638,38.5762],[20.636,38.5769],[20.635,38.5776],[20.634,38.5786],[20.633,38.5796],[20.632,38.5807],[20.631,38.5816],[20.63,38.5826],[20.629,38.5836],[20.628,38.5847],[20.6271,38.586],[20.6266,38.587],[20.626,38.5885],[20.6252,38.59],[20.6246,38.591],[20.6235,38.592],[20.622,38.5926],[20.62,38.5928],[20.618,38.5929],[20.617,38.593],[20.615,38.5936],[20.6139,38.594],[20.612,38.5949],[20.611,38.5956],[20.61,38.5964],[20.609,38.5973],[20.608,38.5981],[20.6062,38.599],[20.605,38.5997],[20.6045,38.601],[20.6047,38.603],[20.6045,38.605],[20.604,38.6061],[20.603,38.6074],[20.602,38.6089],[20.6016,38.61],[20.601,38.6119],[20.601,38.613],[20.6011,38.614],[20.6012,38.616],[20.6013,38.618],[20.6012,38.62],[20.6009,38.621],[20.6,38.6228],[20.5991,38.624],[20.598,38.6248],[20.597,38.6251],[20.596,38.6249],[20.5946,38.624],[20.5936,38.623],[20.5929,38.622],[20.592,38.6204],[20.5914,38.619],[20.591,38.6178],[20.5904,38.616],[20.59,38.6147],[20.5895,38.613],[20.589,38.6112],[20.5885,38.61],[20.588,38.609],[20.587,38.6071],[20.5863,38.606],[20.5857,38.605],[20.5851,38.603],[20.5849,38.602],[20.5841,38.6],[20.5835,38.599],[20.5827,38.598],[20.5818,38.597],[20.5807,38.596],[20.5797,38.595],[20.5787,38.594],[20.5779,38.593],[20.577,38.5917],[20.5761,38.59],[20.5757,38.589],[20.575,38.5871],[20.5744,38.586],[20.5737,38.585],[20.5727,38.584],[20.5714,38.583],[20.57,38.5821],[20.569,38.5816],[20.568,38.581],[20.5666,38.58],[20.5655,38.579],[20.5647,38.578],[20.564,38.5768],[20.563,38.5753],[20.562,38.5742],[20.561,38.5733],[20.56,38.5724],[20.559,38.5715],[20.558,38.5706],[20.557,38.5695],[20.556,38.5683],[20.555,38.567],[20.5542,38.566],[20.5535,38.565],[20.5528,38.564],[20.552,38.5625],[20.5511,38.561],[20.5503,38.56],[20.5493,38.559],[20.548,38.5581],[20.547,38.5576],[20.545,38.557],[20.544,38.5569],[20.542,38.5568],[20.5409,38.557],[20.5391,38.558],[20.5384,38.559],[20.5379,38.56],[20.5374,38.562],[20.5374,38.564],[20.5378,38.566],[20.538,38.567],[20.5389,38.569],[20.5394,38.57],[20.54,38.571],[20.541,38.573],[20.5412,38.574],[20.5412,38.576],[20.541,38.577],[20.5403,38.579],[20.5398,38.58],[20.539,38.5815],[20.5384,38.583],[20.538,38.585],[20.5381,38.587],[20.5388,38.589],[20.5395,38.59],[20.5402,38.591],[20.541,38.592],[20.542,38.5935],[20.5428,38.595],[20.5432,38.596],[20.5436,38.598],[20.5436,38.6],[20.5435,38.602],[20.5439,38.604],[20.5443,38.605],[20.545,38.6063],[20.546,38.6079],[20.5467,38.609],[20.5474,38.61],[20.548,38.611],[20.549,38.613],[20.5493,38.614],[20.5498,38.616],[20.55,38.6172],[20.5503,38.619],[20.5509,38.621],[20.5512,38.622],[20.5519,38.624],[20.5522,38.625],[20.5528,38.627],[20.5531,38.628],[20.5533,38.63],[20.5535,38.632],[20.5537,38.634],[20.554,38.6359],[20.5541,38.637],[20.5541,38.639],[20.554,38.6402],[20.5537,38.642],[20.5531,38.644],[20.5529,38.645],[20.5528,38.647],[20.553,38.6482],[20.5534,38.65],[20.5538,38.652],[20.554,38.654],[20.554,38.656],[20.5537,38.658],[20.5534,38.66],[20.5531,38.662],[20.553,38.6633],[20.5527,38.665],[20.5523,38.667],[20.552,38.6681],[20.5516,38.67],[20.5512,38.672],[20.551,38.673],[20.5506,38.675],[20.5503,38.677],[20.5501,38.679],[20.5501,38.681],[20.5504,38.683],[20.551,38.6846],[20.5516,38.686],[20.5521,38.687],[20.553,38.689],[20.5535,38.69],[20.554,38.691],[20.5549,38.693],[20.5554,38.694],[20.556,38.6952],[20.557,38.6967],[20.558,38.6978],[20.559,38.6989],[20.56,38.6998],[20.561,38.7006],[20.562,38.7012],[20.5631,38.702],[20.5643,38.703],[20.5652,38.704],[20.5661,38.705],[20.567,38.7061],[20.568,38.7074],[20.569,38.7089],[20.5696,38.71],[20.5701,38.711],[20.5707,38.713],[20.5711,38.714],[20.5719,38.716],[20.5723,38.717],[20.5729,38.719],[20.5731,38.72],[20.5733,38.722],[20.5736,38.724],[20.574,38.7256],[20.5746,38.727],[20.5751,38.728],[20.576,38.7299],[20.5765,38.731],[20.577,38.7327],[20.5773,38.734],[20.5777,38.736],[20.5778,38.738],[20.5779,38.74],[20.5779,38.742],[20.5779,38.744],[20.5779,38.746],[20.578,38.7472],[20.5784,38.749]]}},{"type":"Feature","properties":{"depth_m":25,"closed":false},"geometry":{"type":"LineString","coordinates":[[20.7825,38.75],[20.7815,38.749],[20.78,38.7483],[20.7785,38.748],[20.777,38.7479],[20.775,38.7478],[20.773,38.7476],[20.771,38.7473],[20.7698,38.747],[20.768,38.7466],[20.766,38.7461],[20.765,38.7459],[20.763,38.7457],[20.7619,38.746],[20.76,38.747],[20.759,38.7473],[20.7572,38.748],[20.756,38.7488],[20.7553,38.75]]}},{"type":"Feature","properties":{"depth_m":25,"closed":false},"geometry":{"type":"LineString","coordinates":[[20.7998,38.75],[20.799,38.7487],[20.798,38.7479],[20.796,38.7472],[20.7944,38.747],[20.7939,38.747],[20.792,38.7473],[20.7901,38.748],[20.789,38.7487],[20.788,38.7499]]}},{"type":"Feature","properties":{"depth_m":25,"closed":false},"geometry":{"type":"LineString","coordinates":[[21.099,38.2737],[21.097,38.274],[21.096,38.2743],[21.0942,38.275],[21.093,38.2758],[21.092,38.2765],[21.091,38.2775],[21.09,38.2785],[21.089,38.2796],[21.088,38.2808],[21.0871,38.282],[21.0866,38.283],[21.086,38.2842],[21.0855,38.286],[21.0851,38.288],[21.085,38.289],[21.0846,38.291],[21.0842,38.293],[21.084,38.2942],[21.0837,38.296],[21.0835,38.298],[21.0833,38.3],[21.0833,38.302],[21.0837,38.304],[21.084,38.3051],[21.0848,38.307],[21.0853,38.308],[21.086,38.309],[21.087,38.3103],[21.088,38.3116],[21.0889,38.313],[21.0894,38.314],[21.09,38.315],[21.0908,38.317],[21.0912,38.318],[21.0918,38.32],[21.0921,38.321],[21.0928,38.323],[21.0923,38.325],[21.0913,38.326],[21.0902,38.327],[21.089,38.328],[21.088,38.3287],[21.087,38.3295],[21.086,38.3303],[21.085,38.3314],[21.084,38.3327],[21.0833,38.334],[21.0829,38.335],[21.0823,38.337],[21.082,38.3383],[21.0815,38.34],[21.081,38.3415],[21.0806,38.343],[21.0803,38.345],[21.0804,38.347],[21.0805,38.349],[21.0808,38.351],[21.081,38.3527],[21.0812,38.354],[21.0813,38.356],[21.0812,38.358],[21.081,38.3596],[21.0807,38.361],[21.0805,38.363],[21.0805,38.365],[21.0805,38.367],[21.0804,38.369],[21.0805,38.371],[21.0809,38.373],[21.0811,38.374],[21.0818,38.376],[21.0822,38.377],[21.0829,38.379],[21.0832,38.38],[21.0838,38.382],[21.084,38.383],[21.0846,38.385],[21.0849,38.387],[21.0849,38.389],[21.0847,38.391],[21.084,38.3928],[21.0833,38.394],[21.0826,38.395],[21.0816,38.396],[21.0805,38.397],[21.0796,38.398],[21.0788,38.399],[21.078,38.4002],[21.077,38.4017],[21.0763,38.403],[21.0757,38.404],[21.075,38.4055],[21.0744,38.407],[21.074,38.4084],[21.0736,38.41],[21.0732,38.412],[21.073,38.4133],[21.0727,38.415],[21.0722,38.417],[21.0719,38.418],[21.0714,38.42],[21.071,38.4212],[21.0704,38.423],[21.07,38.4244],[21.0695,38.426],[21.069,38.4279],[21.0687,38.429],[21.0684,38.431],[21.0682,38.433],[21.0684,38.435],[21.069,38.4368],[21.0695,38.438],[21.0699,38.44],[21.069,38.4411],[21.067,38.4417],[21.065,38.4418],[21.063,38.4418],[21.0612,38.442],[21.06,38.4425],[21.059,38.4431],[21.0577,38.444],[21.0561,38.445],[21.055,38.4457],[21.054,38.4464],[21.0531,38.448],[21.0528,38.449],[21.051,38.449],[21.05,38.448],[21.049,38.447],[21.048,38.4464],[21.046,38.4461],[21.044,38.4467],[21.043,38.4473],[21.042,38.4482],[21.041,38.4493],[21.04,38.4502],[21.0389,38.451],[21.0371,38.452],[21.036,38.4526],[21.035,38.4532],[21.0336,38.454],[21.0321,38.455],[21.031,38.456],[21.0303,38.457],[21.0299,38.458],[21.0296,38.46],[21.0294,38.462],[21.0293,38.464],[21.03,38.4655],[21.031,38.4663],[21.032,38.467],[21.0332,38.468],[21.0335,38.47],[21.032,38.4702],[21.031,38.4696],[21.0299,38.469],[21.028,38.4681],[21.026,38.4683],[21.025,38.4692],[21.023,38.47],[21.0214,38.469],[21.0217,38.467],[21.0221,38.466],[21.0226,38.464],[21.0223,38.462],[21.022,38.461],[21.021,38.459],[21.0202,38.458],[21.019,38.4571],[21.018,38.4566],[21.016,38.456],[21.015,38.4559],[21.013,38.4558],[21.011,38.4557],[21.0097,38.456],[21.0082,38.457],[21.007,38.4579],[21.006,38.4586],[21.005,38.4592],[21.0032,38.46],[21.002,38.4604],[21.0004,38.461],[20.999,38.4617],[20.998,38.4623],[20.997,38.463],[20.9959,38.464],[20.995,38.465],[20.994,38.4662],[20.993,38.4672],[20.992,38.4682],[20.991,38.4697],[20.9904,38.471],[20.9899,38.472],[20.989,38.4734],[20.9882,38.475],[20.9879,38.476],[20.9877,38.478],[20.9876,38.48],[20.9878,38.482],[20.988,38.4834],[20.9882,38.485],[20.9887,38.487],[20.9891,38.488],[20.99,38.4894],[20.991,38.4905],[20.992,38.4912],[20.994,38.4919],[20.995,38.4921],[20.997,38.4927],[20.998,38.4931],[21.0,38.494],[21.001,38.4943],[21.003,38.495],[21.004,38.4954],[21.0051,38.496],[21.0063,38.497],[21.0071,38.498],[21.008,38.4994],[21.009,38.5007],[21.01,38.5018],[21.011,38.5026],[21.012,38.5034],[21.0129,38.505],[21.0119,38.506],[21.0108,38.507],[21.0104,38.509],[21.0106,38.511],[21.0109,38.513],[21.0108,38.515],[21.01,38.5168],[21.0094,38.518],[21.0087,38.519],[21.008,38.52],[21.007,38.5212],[21.006,38.5224],[21.005,38.5234],[21.004,38.5246],[21.003,38.526],[21.0023,38.527],[21.0018,38.528],[21.001,38.5296],[21.0005,38.531],[21.0001,38.533],[21.0001,38.535],[21.0003,38.537],[21.0007,38.539],[21.001,38.5404],[21.0014,38.542],[21.0018,38.544],[21.0021,38.545],[21.0027,38.547],[21.0031,38.548],[21.004,38.5497],[21.0047,38.551],[21.0052,38.552],[21.006,38.5537],[21.0066,38.555],[21.007,38.556],[21.0078,38.558],[21.0081,38.559],[21.0085,38.561],[21.0088,38.563],[21.009,38.564],[21.0095,38.566],[21.01,38.5679],[21.0103,38.569],[21.0108,38.571],[21.011,38.5723],[21.0113,38.574],[21.0116,38.576],[21.0117,38.578],[21.0117,38.58],[21.0117,38.582],[21.0116,38.584],[21.0116,38.586],[21.0116,38.588],[21.0116,38.59],[21.0116,38.592],[21.0117,38.594],[21.0119,38.596],[21.0117,38.598],[21.0112,38.6],[21.0109,38.601],[21.0103,38.603],[21.0099,38.604],[21.009,38.6059],[21.0083,38.607],[21.0077,38.608],[21.0069,38.609],[21.006,38.6102],[21.005,38.6114],[21.004,38.6126],[21.003,38.6139],[21.0022,38.615],[21.0014,38.616],[21.0007,38.617],[21.0,38.6182],[20.999,38.62],[20.9985,38.621],[20.9979,38.622],[20.997,38.6234],[20.996,38.625],[20.9954,38.626],[20.9947,38.627],[20.9938,38.628],[20.9928,38.629],[20.9917,38.63],[20.9906,38.631],[20.9892,38.632],[20.988,38.6329],[20.987,38.6336],[20.986,38.6345],[20.985,38.6359],[20.9845,38.637],[20.984,38.6383],[20.9836,38.64],[20.983,38.6418],[20.9825,38.643],[20.982,38.6448],[20.9819,38.646],[20.982,38.6476],[20.982,38.649],[20.9822,38.651],[20.9822,38.653],[20.982,38.6548],[20.9817,38.656],[20.9814,38.658],[20.9813,38.66],[20.981,38.6616],[20.9804,38.663],[20.9793,38.664],[20.978,38.6648],[20.977,38.6654],[20.9756,38.666],[20.974,38.6662],[20.972,38.6662],[20.97,38.6661],[20.9681,38.666],[20.967,38.666],[20.965,38.6657],[20.963,38.665],[20.962,38.6645],[20.961,38.664],[20.96,38.662],[20.961,38.6606],[20.962,38.6596],[20.963,38.6588],[20.964,38.6579],[20.965,38.6566],[20.9656,38.655],[20.966,38.6535],[20.9665,38.652],[20.967,38.6508],[20.9676,38.649],[20.968,38.647],[20.9683,38.646],[20.9686,38.644],[20.9681,38.642],[20.9676,38.641],[20.967,38.6394],[20.9665,38.638],[20.966,38.6361],[20.9655,38.635],[20.9648,38.634],[20.9638,38.633],[20.9625,38.632],[20.9611,38.631],[20.96,38.6301],[20.959,38.6293],[20.958,38.6284],[20.957,38.6276],[20.956,38.6269],[20.9548,38.626],[20.953,38.625],[20.952,38.6247],[20.95,38.6243],[20.9486,38.624],[20.947,38.6235],[20.9456,38.623],[20.944,38.6222],[20.943,38.6214],[20.942,38.62],[20.9419,38.619],[20.9423,38.618],[20.9432,38.617],[20.9445,38.616],[20.9458,38.615],[20.9466,38.614],[20.9471,38.613],[20.9474,38.611],[20.9476,38.609],[20.9476,38.607],[20.9474,38.605],[20.9472,38.603],[20.947,38.6018],[20.9468,38.6],[20.9466,38.598],[20.9462,38.596],[20.9457,38.595],[20.945,38.5939],[20.944,38.5928],[20.943,38.5919],[20.942,38.591],[20.941,38.59],[20.94,38.5886],[20.9391,38.587],[20.9384,38.586],[20.9375,38.585],[20.9365,38.584],[20.9355,38.583],[20.9347,38.582],[20.9339,38.581],[20.933,38.5791],[20.9327,38.578],[20.9322,38.576],[20.932,38.575],[20.9314,38.573],[20.931,38.572],[20.93,38.5703],[20.929,38.5691],[20.928,38.5682],[20.927,38.5674],[20.926,38.5668],[20.9248,38.566],[20.923,38.5652],[20.922,38.565],[20.9204,38.564],[20.9196,38.563],[20.919,38.5619],[20.918,38.5601],[20.9173,38.559],[20.9166,38.558],[20.9159,38.557],[20.915,38.5556],[20.914,38.554],[20.9136,38.553],[20.9133,38.551],[20.9136,38.549],[20.9138,38.547],[20.9139,38.545],[20.9139,38.543],[20.9138,38.541],[20.9132,38.539],[20.9127,38.538],[20.912,38.537],[20.9107,38.536],[20.909,38.5352],[20.9079,38.535],[20.906,38.5349],[20.904,38.5349],[20.902,38.5349],[20.9,38.5349],[20.898,38.5347],[20.896,38.5346],[20.894,38.5349],[20.893,38.5354],[20.892,38.5365],[20.8914,38.538],[20.891,38.5396],[20.8907,38.541],[20.8903,38.543],[20.8901,38.545],[20.89,38.547],[20.89,38.549],[20.8902,38.551],[20.8905,38.553],[20.8906,38.555],[20.8905,38.557],[20.89,38.5581],[20.889,38.5596],[20.8889,38.561],[20.8891,38.562],[20.8894,38.564],[20.89,38.5651],[20.891,38.5664],[20.892,38.5674],[20.893,38.5684],[20.894,38.5694],[20.895,38.5702],[20.8963,38.571],[20.898,38.5718],[20.899,38.5723],[20.9001,38.573],[20.9012,38.574],[20.9022,38.575],[20.903,38.576],[20.904,38.5774],[20.905,38.5789],[20.9059,38.58],[20.9068,38.581],[20.9078,38.582],[20.9088,38.583],[20.9097,38.584],[20.9106,38.585],[20.9114,38.586],[20.9121,38.587],[20.913,38.5885],[20.9139,38.59],[20.9144,38.591],[20.915,38.5926],[20.9155,38.594],[20.916,38.5957],[20.9164,38.597],[20.917,38.5981],[20.918,38.5992],[20.919,38.6001],[20.9201,38.601],[20.921,38.602],[20.922,38.6032],[20.923,38.6045],[20.924,38.6055],[20.925,38.606],[20.9266,38.607],[20.9273,38.608],[20.927,38.609],[20.925,38.6092],[20.924,38.6089],[20.922,38.6081],[20.921,38.6077],[20.919,38.6072],[20.918,38.6069],[20.916,38.6061],[20.915,38.6058],[20.913,38.6053],[20.911,38.6051],[20.909,38.6051],[20.907,38.6053],[20.905,38.605],[20.904,38.6047],[20.9024,38.604],[20.901,38.6031],[20.9,38.6023],[20.899,38.6013],[20.8981,38.6],[20.8977,38.599],[20.8971,38.597],[20.8968,38.596],[20.8962,38.594],[20.8957,38.593],[20.895,38.5919],[20.894,38.5904],[20.8931,38.589],[20.8926,38.588],[20.892,38.5869],[20.891,38.5854],[20.89,38.5842],[20.889,38.5832],[20.888,38.5824],[20.887,38.5816],[20.886,38.5807],[20.885,38.5795],[20.884,38.5783],[20.883,38.577],[20.882,38.576],[20.881,38.5752],[20.88,38.5745],[20.8789,38.574],[20.877,38.573],[20.876,38.5725],[20.8746,38.572],[20.873,38.5717],[20.871,38.5717],[20.869,38.5719],[20.868,38.5722],[20.8665,38.573],[20.865,38.574],[20.864,38.5747],[20.8632,38.576],[20.863,38.578],[20.8628,38.579],[20.862,38.5808],[20.8611,38.582],[20.8608,38.583],[20.861,38.5844],[20.8617,38.586],[20.862,38.587],[20.8624,38.589],[20.8625,38.591],[20.8629,38.593],[20.8632,38.594],[20.8637,38.596],[20.864,38.5973],[20.8643,38.599],[20.8649,38.601],[20.8653,38.602],[20.866,38.6036],[20.8666,38.605],[20.867,38.606],[20.868,38.608],[20.8687,38.609],[20.8695,38.61],[20.8703,38.611],[20.871,38.6123],[20.8716,38.614],[20.872,38.615],[20.873,38.617],[20.8736,38.618],[20.8743,38.619],[20.875,38.62],[20.876,38.6212],[20.877,38.6225],[20.878,38.6237],[20.8789,38.625],[20.8795,38.626],[20.88,38.627],[20.8808,38.629],[20.8812,38.63],[20.882,38.6316],[20.883,38.633],[20.8838,38.634],[20.8846,38.635],[20.8854,38.636],[20.8861,38.637],[20.887,38.6384],[20.888,38.6397],[20.889,38.6409],[20.8899,38.642],[20.8907,38.643],[20.8916,38.644],[20.8925,38.645],[20.8934,38.646],[20.8945,38.647],[20.8957,38.648],[20.8968,38.649],[20.8978,38.65],[20.8986,38.651],[20.8993,38.652],[20.9003,38.653],[20.902,38.6537],[20.904,38.654],[20.905,38.6542],[20.907,38.6548],[20.908,38.655],[20.91,38.655],[20.9111,38.655],[20.913,38.6549],[20.915,38.6547],[20.917,38.6546],[20.919,38.6545],[20.921,38.6544],[20.923,38.6545],[20.925,38.655],[20.926,38.6555],[20.927,38.6563],[20.928,38.6575],[20.9287,38.659],[20.9284,38.661],[20.9276,38.662],[20.9263,38.663],[20.925,38.6636],[20.9234,38.664],[20.922,38.6644],[20.9202,38.665],[20.919,38.6655],[20.9178,38.666],[20.916,38.6669],[20.915,38.6675],[20.914,38.6681],[20.9124,38.669],[20.9111,38.67],[20.9102,38.671],[20.9095,38.672],[20.9089,38.673],[20.9081,38.675],[20.9077,38.676],[20.907,38.6775],[20.9062,38.679],[20.9056,38.68],[20.9049,38.681],[20.904,38.6823],[20.903,38.6837],[20.9022,38.685],[20.9016,38.686],[20.901,38.6872],[20.9,38.689],[20.8993,38.69],[20.8985,38.691],[20.8978,38.692],[20.897,38.6933],[20.8961,38.695],[20.8956,38.696],[20.895,38.6971],[20.894,38.6989],[20.8934,38.7],[20.8929,38.701],[20.892,38.7024],[20.8911,38.704],[20.8907,38.705],[20.8901,38.707],[20.8898,38.708],[20.8896,38.71],[20.8895,38.712],[20.8895,38.714],[20.8895,38.716],[20.8895,38.718],[20.8894,38.72],[20.8892,38.722],[20.889,38.723],[20.8885,38.725],[20.888,38.727],[20.8878,38.728],[20.8871,38.73],[20.8867,38.731],[20.886,38.7325],[20.8851,38.734],[20.8845,38.735],[20.884,38.736],[20.8831,38.738],[20.8827,38.739],[20.882,38.7404],[20.8812,38.742],[20.8808,38.743],[20.88,38.7443],[20.879,38.7457],[20.8781,38.747],[20.8774,38.748],[20.8768,38.749]]}},{"type":"Feature","properties":{"depth_m":25,"closed":false},"geometry":{"type":"LineString","coordinates":[[20.54,38.6909],[20.538,38.6907],[20.5366,38.691],[20.535,38.6917],[20.534,38.6926],[20.533,38.6939],[20.5324,38.695],[20.5321,38.697],[20.5329,38.699],[20.5338,38.7],[20.535,38.7009],[20.536,38.7014],[20.538,38.7018],[20.54,38.7015],[20.5414,38.701],[20.543,38.7],[20.5434,38.699],[20.5437,38.697],[20.544,38.695],[20.5433,38.693],[20.5422,38.692],[20.541,38.6913],[20.54,38.6909]]}},{"type":"Feature","properties":{"depth_m":25,"closed":false},"geometry":{"type":"LineString","coordinates":[[20.7264,38.656],[20.727,38.6577],[20.7271,38.659],[20.7277,38.661],[20.7284,38.662],[20.7293,38.663],[20.7302,38.664],[20.7312,38.665],[20.7321,38.666],[20.733,38.6674],[20.7338,38.669],[20.7342,38.67],[20.7349,38.672],[20.7353,38.673],[20.7361,38.674],[20.738,38.6748],[20.739,38.675],[20.741,38.6754],[20.743,38.6753],[20.745,38.675],[20.747,38.6751],[20.749,38.6757],[20.75,38.6762],[20.7511,38.677],[20.751,38.6788],[20.75,38.6793],[20.748,38.6798],[20.746,38.6798],[20.744,38.6796],[20.742,38.6793],[20.74,38.6791],[20.739,38.679],[20.737,38.6787],[20.7352,38.678],[20.734,38.6773],[20.733,38.6765],[20.732,38.6755],[20.731,38.6743],[20.73,38.6733],[20.729,38.6725],[20.728,38.6719],[20.7267,38.671],[20.7255,38.67],[20.7247,38.669],[20.724,38.6679],[20.7231,38.666],[20.7229,38.665],[20.7228,38.663],[20.7228,38.661],[20.723,38.6597],[20.7236,38.658],[20.7242,38.657],[20.725,38.6559],[20.7264,38.656]]}},{"type":"Feature","properties":{"depth_m":25,"closed":false},"geometry":{"type":"LineString","coordinates":[[20.717,38.5349],[20.715,38.5343],[20.713,38.5343],[20.711,38.5347],[20.71,38.535],[20.708,38.5359],[20.707,38.5365],[20.706,38.5371],[20.7044,38.538],[20.703,38.5388],[20.702,38.5394],[20.7009,38.54],[20.6993,38.541],[20.6981,38.542],[20.6972,38.543],[20.6965,38.544],[20.696,38.545],[20.6955,38.547],[20.6952,38.549],[20.6952,38.551],[20.6953,38.553],[20.6953,38.555],[20.6953,38.557],[20.6954,38.559],[20.6957,38.561],[20.696,38.563],[20.6962,38.564],[20.697,38.5659],[20.6978,38.567],[20.699,38.5679],[20.7,38.5686],[20.701,38.5691],[20.703,38.57],[20.704,38.5703],[20.706,38.5709],[20.707,38.571],[20.709,38.5712],[20.711,38.5711],[20.7122,38.571],[20.714,38.5706],[20.716,38.57],[20.717,38.5696],[20.7182,38.569],[20.7198,38.568],[20.721,38.567],[20.722,38.5662],[20.723,38.5654],[20.724,38.5644],[20.7248,38.563],[20.7251,38.562],[20.7254,38.56],[20.7255,38.558],[20.7252,38.556],[20.725,38.555],[20.7243,38.553],[20.724,38.552],[20.7235,38.55],[20.7233,38.548],[20.7235,38.546],[20.7237,38.544],[20.7234,38.542],[20.7228,38.541],[20.722,38.54],[20.7209,38.539],[20.72,38.5379],[20.719,38.5365],[20.718,38.5355],[20.717,38.5349]]}},{"type":"Feature","properties":{"depth_m":25,"closed":false},"geometry":{"type":"LineString","coordinates":[[20.856,38.5528],[20.855,38.553],[20.8536,38.554],[20.8523,38.555],[20.851,38.5558],[20.85,38.5563],[20.8489,38.557],[20.8479,38.558],[20.847,38.5592],[20.8461,38.561],[20.8457,38.562],[20.845,38.564],[20.8447,38.565],[20.8441,38.567],[20.8439,38.568],[20.8439,38.57],[20.845,38.571],[20.846,38.5712],[20.848,38.5715],[20.85,38.5716],[20.852,38.5715],[20.854,38.5714],[20.856,38.5712],[20.857,38.5709],[20.8584,38.57],[20.8592,38.569],[20.86,38.5674],[20.8607,38.566],[20.8613,38.565],[20.862,38.5639],[20.8627,38.562],[20.8622,38.56],[20.8617,38.559],[20.861,38.5578],[20.86,38.5564],[20.859,38.5551],[20.858,38.554],[20.857,38.5531],[20.856,38.5528]]}},{"type":"Feature","properties":{"depth_m":25,"closed":false},"geometry":{"type":"LineString","coordinates":[[21.0632,38.479],[21.064,38.48],[21.0647,38.482],[21.065,38.4837],[21.0653,38.485],[21.0659,38.487],[21.0663,38.488],[21.067,38.4893],[21.068,38.4906],[21.069,38.4916],[21.07,38.4924],[21.071,38.4932],[21.072,38.4941],[21.073,38.495],[21.074,38.4961],[21.075,38.4976],[21.0757,38.499],[21.076,38.5],[21.0763,38.502],[21.0763,38.504],[21.076,38.5058],[21.0758,38.507],[21.0759,38.509],[21.0762,38.51],[21.077,38.5117],[21.0777,38.513],[21.0782,38.514],[21.079,38.5158],[21.0792,38.517],[21.079,38.5181],[21.078,38.5179],[21.0766,38.517],[21.0754,38.516],[21.0743,38.515],[21.0731,38.514],[21.072,38.5131],[21.071,38.5123],[21.07,38.5114],[21.069,38.5105],[21.068,38.5097],[21.0669,38.509],[21.0652,38.508],[21.064,38.5074],[21.063,38.5069],[21.0614,38.506],[21.06,38.5051],[21.059,38.5044],[21.058,38.5037],[21.057,38.5029],[21.056,38.502],[21.0549,38.501],[21.0537,38.5],[21.0524,38.499],[21.051,38.4981],[21.05,38.4976],[21.0489,38.497],[21.047,38.4962],[21.046,38.4958],[21.0445,38.495],[21.0434,38.494],[21.0428,38.493],[21.0425,38.491],[21.043,38.4898],[21.044,38.4888],[21.0451,38.488],[21.047,38.4871],[21.048,38.4868],[21.05,38.4861],[21.051,38.4855],[21.052,38.4849],[21.0534,38.484],[21.0548,38.483],[21.0558,38.482],[21.0566,38.481],[21.0575,38.48],[21.0588,38.479],[21.06,38.4784],[21.062,38.4783],[21.0632,38.479]]}},{"type":"Feature","properties":{"depth_m":25,"closed":false},"geometry":{"type":"LineString","coordinates":[[20.958,38.5099],[20.956,38.51],[20.955,38.5107],[20.9541,38.512],[20.9537,38.513],[20.9536,38.515],[20.954,38.5162],[20.955,38.5171],[20.957,38.5174],[20.958,38.517],[20.9592,38.516],[20.96,38.5143],[20.9601,38.513],[20.9599,38.512],[20.959,38.5105],[20.958,38.5099]]}},{"type":"Feature","properties":{"depth_m":25,"closed":false},"geometry":{"type":"LineString","coordinates":[[20.726,38.2968],[20.724,38.2966],[20.722,38.2969],[20.721,38.2972],[20.719,38.2977],[20.7179,38.298],[20.716,38.2987],[20.715,38.2991],[20.713,38.2997],[20.712,38.3],[20.71,38.3008],[20.709,38.3012],[20.7074,38.302],[20.706,38.3028],[20.705,38.3034],[20.7038,38.304],[20.702,38.3049],[20.701,38.3055],[20.7,38.3061],[20.6985,38.307],[20.697,38.308],[20.696,38.3087],[20.695,38.3096],[20.694,38.3106],[20.6931,38.312],[20.6926,38.313],[20.692,38.3142],[20.691,38.316],[20.6904,38.317],[20.6899,38.318],[20.689,38.3193],[20.688,38.3207],[20.6871,38.322],[20.6865,38.323],[20.6859,38.324],[20.685,38.3257],[20.6842,38.327],[20.6836,38.328],[20.683,38.3293],[20.6825,38.331],[20.6821,38.333],[20.682,38.3341],[20.6818,38.336],[20.6817,38.338],[20.6815,38.34],[20.6811,38.342],[20.6806,38.343],[20.6799,38.344],[20.6785,38.345],[20.677,38.3458],[20.676,38.3464],[20.675,38.3472],[20.674,38.348],[20.6727,38.349],[20.6715,38.35],[20.6703,38.351],[20.6693,38.352],[20.6683,38.353],[20.6675,38.354],[20.6667,38.355],[20.666,38.356],[20.665,38.3575],[20.6641,38.359],[20.6635,38.36],[20.663,38.3611],[20.6625,38.363],[20.6624,38.365],[20.6625,38.367],[20.6625,38.369],[20.6623,38.371],[20.662,38.3725],[20.6616,38.374],[20.661,38.3755],[20.6604,38.377],[20.66,38.378],[20.6593,38.38],[20.6588,38.381],[20.658,38.3826],[20.6571,38.384],[20.6562,38.385],[20.6553,38.386],[20.6545,38.387],[20.6539,38.388],[20.653,38.3895],[20.6521,38.391],[20.6515,38.392],[20.6509,38.393],[20.65,38.3948],[20.6495,38.396],[20.649,38.397],[20.648,38.399],[20.6476,38.4],[20.647,38.4011],[20.6461,38.403],[20.6456,38.404],[20.645,38.4056],[20.6445,38.407],[20.644,38.4085],[20.6435,38.41],[20.643,38.4112],[20.6422,38.413],[20.6416,38.414],[20.6408,38.415],[20.6399,38.416],[20.639,38.4176],[20.6385,38.419],[20.6381,38.421],[20.6379,38.422],[20.6376,38.424],[20.6371,38.426],[20.6368,38.427],[20.636,38.4285],[20.6352,38.43],[20.6347,38.431],[20.634,38.432],[20.6329,38.433],[20.6317,38.434],[20.6305,38.435],[20.6294,38.436],[20.6286,38.437],[20.6279,38.438],[20.627,38.4393],[20.626,38.4408],[20.6254,38.442],[20.625,38.443],[20.6244,38.445],[20.624,38.446],[20.623,38.4478],[20.6221,38.449],[20.6213,38.45],[20.6204,38.451],[20.6195,38.452],[20.6187,38.453],[20.6178,38.454],[20.6169,38.455],[20.616,38.4561],[20.615,38.4575],[20.6142,38.459],[20.6137,38.46],[20.613,38.4613],[20.6122,38.463],[20.6118,38.464],[20.6114,38.466],[20.6111,38.468],[20.611,38.47],[20.611,38.472],[20.6112,38.474],[20.6118,38.476],[20.6124,38.477],[20.6131,38.478],[20.614,38.4791],[20.615,38.48],[20.6161,38.481],[20.6179,38.482],[20.619,38.4823],[20.621,38.4826],[20.623,38.4828],[20.6241,38.483],[20.626,38.483],[20.627,38.4829],[20.629,38.4825],[20.631,38.4821],[20.632,38.4818],[20.634,38.4812],[20.6358,38.481],[20.637,38.481],[20.6383,38.481],[20.64,38.4813],[20.6416,38.482],[20.6427,38.483],[20.6433,38.484],[20.6437,38.486],[20.6435,38.488],[20.643,38.49],[20.6429,38.491],[20.6429,38.493],[20.6429,38.495],[20.6429,38.497],[20.643,38.4982],[20.6434,38.5],[20.644,38.5017],[20.6445,38.503],[20.6451,38.504],[20.646,38.505],[20.648,38.5058],[20.65,38.5058],[20.652,38.5056],[20.654,38.5054],[20.656,38.5053],[20.658,38.505],[20.659,38.5047],[20.6609,38.504],[20.662,38.5036],[20.6636,38.503],[20.665,38.5024],[20.666,38.502],[20.6678,38.501],[20.669,38.5002],[20.67,38.4995],[20.671,38.4988],[20.6726,38.498],[20.674,38.4974],[20.6751,38.497],[20.677,38.4962],[20.678,38.4956],[20.679,38.4949],[20.68,38.4938],[20.681,38.492],[20.6813,38.491],[20.6816,38.489],[20.6817,38.487],[20.6814,38.485],[20.681,38.4839],[20.6801,38.482],[20.6798,38.481],[20.6795,38.479],[20.6793,38.477],[20.6792,38.475],[20.6799,38.473],[20.6807,38.472],[20.682,38.4714],[20.684,38.4711],[20.685,38.4707],[20.6862,38.47],[20.6873,38.469],[20.689,38.4682],[20.69,38.4677],[20.6911,38.467],[20.6923,38.466],[20.6935,38.465],[20.6945,38.464],[20.6953,38.463],[20.696,38.4618],[20.697,38.4602],[20.698,38.459],[20.699,38.458],[20.7,38.457],[20.7008,38.456],[20.7014,38.455],[20.702,38.4537],[20.7028,38.452],[20.7036,38.451],[20.7046,38.45],[20.7054,38.449],[20.706,38.448],[20.7068,38.446],[20.7072,38.445],[20.708,38.4434],[20.709,38.442],[20.7099,38.441],[20.7107,38.44],[20.7115,38.439],[20.712,38.438],[20.7126,38.436],[20.7127,38.434],[20.7122,38.432],[20.7117,38.431],[20.7109,38.43],[20.71,38.4289],[20.709,38.4273],[20.7083,38.426],[20.7079,38.425],[20.707,38.4234],[20.7061,38.422],[20.7056,38.421],[20.705,38.419],[20.7048,38.418],[20.7042,38.416],[20.7037,38.415],[20.703,38.4136],[20.702,38.4124],[20.701,38.4115],[20.7,38.4106],[20.699,38.4096],[20.698,38.4083],[20.6972,38.407],[20.6966,38.406],[20.696,38.4046],[20.6951,38.403],[20.6943,38.402],[20.6934,38.401],[20.6925,38.4],[20.6918,38.399],[20.691,38.3978],[20.6901,38.396],[20.6897,38.395],[20.6894,38.393],[20.6891,38.391],[20.6887,38.39],[20.688,38.3883],[20.6873,38.387],[20.6866,38.386],[20.6858,38.385],[20.6849,38.384],[20.684,38.3828],[20.683,38.381],[20.6826,38.38],[20.6824,38.378],[20.683,38.3766],[20.684,38.3758],[20.686,38.3754],[20.688,38.3755],[20.69,38.3758],[20.691,38.376],[20.693,38.3768],[20.694,38.3773],[20.6951,38.378],[20.6962,38.379],[20.697,38.38],[20.698,38.3818],[20.6984,38.383],[20.699,38.3849],[20.6994,38.386],[20.7,38.3871],[20.701,38.3881],[20.7026,38.389],[20.704,38.3894],[20.706,38.3898],[20.7075,38.39],[20.709,38.3903],[20.7101,38.391],[20.711,38.3922],[20.712,38.3933],[20.713,38.394],[20.715,38.3949],[20.716,38.3951],[20.718,38.3952],[20.72,38.3951],[20.7211,38.395],[20.723,38.3947],[20.725,38.3944],[20.727,38.394],[20.728,38.3937],[20.7299,38.393],[20.731,38.3927],[20.733,38.3924],[20.735,38.3922],[20.7361,38.392],[20.738,38.3914],[20.739,38.3909],[20.74,38.39],[20.741,38.3886],[20.742,38.3871],[20.743,38.3861],[20.744,38.3854],[20.745,38.3846],[20.746,38.3838],[20.747,38.3828],[20.748,38.3814],[20.7487,38.38],[20.7492,38.379],[20.75,38.3773],[20.7508,38.376],[20.7515,38.375],[20.7523,38.374],[20.753,38.373],[20.754,38.3717],[20.755,38.3705],[20.756,38.3695],[20.757,38.3685],[20.758,38.367],[20.7583,38.366],[20.7584,38.364],[20.758,38.3629],[20.757,38.3616],[20.756,38.3609],[20.754,38.36],[20.753,38.3596],[20.7518,38.359],[20.751,38.3576],[20.751,38.356],[20.7511,38.355],[20.7512,38.353],[20.7511,38.351],[20.751,38.35],[20.7506,38.348],[20.7505,38.346],[20.751,38.3441],[20.7515,38.343],[20.752,38.342],[20.753,38.3402],[20.7536,38.339],[20.754,38.338],[20.7545,38.336],[20.7546,38.334],[20.7548,38.332],[20.7553,38.331],[20.7562,38.33],[20.7573,38.329],[20.7588,38.328],[20.76,38.3274],[20.7612,38.327],[20.763,38.3264],[20.7642,38.326],[20.766,38.3252],[20.767,38.3246],[20.768,38.3238],[20.769,38.3227],[20.7696,38.321],[20.7694,38.319],[20.7689,38.318],[20.7679,38.317],[20.7663,38.316],[20.765,38.3154],[20.7639,38.315],[20.762,38.3144],[20.761,38.3139],[20.7596,38.313],[20.7586,38.312],[20.7576,38.311],[20.7563,38.31],[20.755,38.3093],[20.754,38.3088],[20.752,38.3081],[20.751,38.3078],[20.7493,38.307],[20.748,38.3064],[20.747,38.3058],[20.7457,38.305],[20.7441,38.304],[20.743,38.3034],[20.742,38.3028],[20.74,38.302],[20.739,38.3018],[20.737,38.3014],[20.7354,38.301],[20.734,38.3007],[20.7322,38.3],[20.731,38.2993],[20.73,38.2987],[20.729,38.298],[20.727,38.297],[20.726,38.2968]]}},{"type":"Feature","properties":{"depth_m":25,"closed":false},"geometry":{"type":"LineString","coordinates":[[20.805,38.471],[20.804,38.471],[20.802,38.4716],[20.801,38.4721],[20.7993,38.473],[20.798,38.4736],[20.7965,38.474],[20.795,38.4747],[20.794,38.4757],[20.7933,38.477],[20.793,38.479],[20.7931,38.481],[20.7934,38.483],[20.794,38.4848],[20.7947,38.486],[20.7954,38.487],[20.7962,38.488],[20.7972,38.489],[20.7985,38.49],[20.7998,38.491],[20.8008,38.492],[20.8017,38.493],[20.8027,38.494],[20.8036,38.495],[20.8046,38.496],[20.8055,38.497],[20.8064,38.498],[20.8074,38.499],[20.8084,38.5],[20.8093,38.501],[20.8103,38.502],[20.8113,38.503],[20.8126,38.504],[20.814,38.5049],[20.815,38.5053],[20.817,38.5058],[20.819,38.5059],[20.821,38.5057],[20.823,38.5051],[20.824,38.5046],[20.825,38.5039],[20.826,38.5025],[20.8266,38.501],[20.827,38.4996],[20.8273,38.498],[20.8274,38.496],[20.8273,38.494],[20.8273,38.492],[20.8273,38.49],[20.8272,38.488],[20.827,38.4862],[20.8268,38.485],[20.8266,38.483],[20.8263,38.481],[20.826,38.4798],[20.8251,38.478],[20.8243,38.477],[20.8233,38.476],[20.822,38.4751],[20.821,38.4746],[20.8195,38.474],[20.818,38.4735],[20.816,38.473],[20.815,38.4729],[20.813,38.4727],[20.811,38.4725],[20.8095,38.472],[20.808,38.4715],[20.806,38.471],[20.805,38.471]]}},{"type":"Feature","properties":{"depth_m":25,"closed":false},"geometry":{"type":"LineString","coordinates":[[20.97,38.4738],[20.968,38.4735],[20.9663,38.474],[20.965,38.475],[20.9642,38.476],[20.9637,38.477],[20.963,38.4788],[20.9626,38.48],[20.962,38.482],[20.9619,38.483],[20.9616,38.485],[20.9614,38.487],[20.9611,38.489],[20.9609,38.49],[20.9607,38.492],[20.9607,38.494],[20.9609,38.496],[20.9611,38.497],[20.962,38.4989],[20.963,38.4997],[20.964,38.5],[20.966,38.5001],[20.9678,38.5],[20.969,38.4998],[20.9709,38.499],[20.972,38.498],[20.9728,38.497],[20.9738,38.496],[20.9749,38.495],[20.9757,38.494],[20.9764,38.493],[20.977,38.4918],[20.9778,38.49],[20.9782,38.489],[20.979,38.4878],[20.98,38.4864],[20.9809,38.485],[20.9814,38.484],[20.9817,38.482],[20.9811,38.48],[20.9801,38.479],[20.979,38.4784],[20.978,38.4778],[20.9767,38.477],[20.9752,38.476],[20.974,38.4753],[20.973,38.4748],[20.971,38.4741],[20.97,38.4738]]}},{"type":"Feature","properties":{"depth_m":25,"closed":false},"geometry":{"type":"LineString","coordinates":[[20.804,38.038],[20.803,38.0381],[20.801,38.0387],[20.8,38.0392],[20.7987,38.04],[20.797,38.041],[20.796,38.0415],[20.7949,38.042],[20.793,38.0427],[20.792,38.043],[20.79,38.0433],[20.788,38.0433],[20.786,38.0431],[20.7849,38.043],[20.783,38.043],[20.7817,38.043],[20.78,38.043],[20.778,38.0431],[20.776,38.0432],[20.774,38.0433],[20.772,38.0436],[20.77,38.044],[20.769,38.0442],[20.767,38.0445],[20.765,38.0447],[20.763,38.0449],[20.761,38.045],[20.76,38.045],[20.758,38.045],[20.757,38.045],[20.755,38.0449],[20.753,38.0449],[20.751,38.0449],[20.749,38.0449],[20.748,38.045],[20.746,38.0451],[20.744,38.0452],[20.742,38.0453],[20.74,38.0453],[20.738,38.0453],[20.736,38.0453],[20.734,38.0454],[20.732,38.0454],[20.73,38.0455],[20.728,38.0457],[20.7264,38.046],[20.725,38.0464],[20.7236,38.047],[20.722,38.0476],[20.721,38.048],[20.719,38.0489],[20.718,38.0494],[20.7168,38.05],[20.715,38.0507],[20.714,38.051],[20.712,38.0517],[20.711,38.0521],[20.709,38.0528],[20.708,38.0532],[20.706,38.054],[20.705,38.0544],[20.7034,38.055],[20.702,38.0555],[20.7004,38.056],[20.699,38.0564],[20.6975,38.057],[20.696,38.0576],[20.695,38.0581],[20.6932,38.059],[20.692,38.0597],[20.691,38.0602],[20.6897,38.061],[20.6882,38.062],[20.687,38.0629],[20.686,38.0638],[20.685,38.0648],[20.684,38.0659],[20.683,38.0669],[20.682,38.068],[20.681,38.069],[20.68,38.0699],[20.679,38.0706],[20.678,38.0713],[20.677,38.072],[20.6755,38.073],[20.6741,38.074],[20.673,38.0749],[20.672,38.0757],[20.671,38.0765],[20.67,38.0774],[20.669,38.0782],[20.6677,38.079],[20.666,38.0798],[20.665,38.0802],[20.663,38.0807],[20.661,38.081],[20.66,38.0811],[20.658,38.0813],[20.656,38.0814],[20.654,38.0812],[20.653,38.0809],[20.651,38.08],[20.65,38.0795],[20.649,38.0789],[20.6472,38.078],[20.646,38.0773],[20.645,38.0765],[20.644,38.0756],[20.643,38.0749],[20.641,38.0745],[20.639,38.0749],[20.638,38.0753],[20.6367,38.076],[20.6353,38.077],[20.6341,38.078],[20.633,38.0789],[20.632,38.0797],[20.631,38.0803],[20.6296,38.081],[20.628,38.0817],[20.627,38.0822],[20.6254,38.083],[20.624,38.0839],[20.623,38.0846],[20.622,38.0858],[20.6215,38.087],[20.6212,38.089],[20.6212,38.091],[20.621,38.093],[20.6208,38.094],[20.62,38.0958],[20.619,38.097],[20.618,38.0979],[20.617,38.0986],[20.616,38.099],[20.614,38.0996],[20.612,38.0998],[20.61,38.0997],[20.608,38.0992],[20.607,38.0988],[20.6052,38.098],[20.604,38.0973],[20.603,38.0966],[20.602,38.0957],[20.601,38.0947],[20.6,38.0934],[20.5992,38.092],[20.5988,38.091],[20.5982,38.089],[20.598,38.0871],[20.598,38.0867],[20.5983,38.085],[20.599,38.0838],[20.5998,38.082],[20.599,38.0806],[20.598,38.0798],[20.5961,38.079],[20.595,38.0787],[20.593,38.0787],[20.5913,38.079],[20.59,38.0795],[20.5884,38.08],[20.587,38.0802],[20.5855,38.08],[20.584,38.0797],[20.582,38.0793],[20.5808,38.079],[20.579,38.0785],[20.5772,38.078],[20.576,38.0776],[20.5743,38.077],[20.573,38.0766],[20.571,38.0761],[20.57,38.0759],[20.568,38.0758],[20.566,38.0759],[20.564,38.0759],[20.5622,38.076],[20.561,38.0761],[20.559,38.0763],[20.557,38.0763],[20.555,38.0762],[20.5539,38.076],[20.552,38.0755],[20.55,38.0752],[20.548,38.0752],[20.546,38.0754],[20.544,38.0758],[20.543,38.0761],[20.541,38.0767],[20.54,38.077],[20.538,38.0777],[20.537,38.078],[20.535,38.0788],[20.534,38.0793],[20.533,38.08],[20.5316,38.081],[20.5304,38.082],[20.5294,38.083],[20.528,38.084],[20.527,38.0845],[20.525,38.085],[20.524,38.0851],[20.522,38.0857],[20.521,38.086],[20.519,38.0865],[20.5176,38.087],[20.516,38.0878],[20.515,38.0884],[20.5139,38.089],[20.512,38.0899],[20.511,38.0903],[20.5096,38.091],[20.508,38.0919],[20.507,38.0925],[20.506,38.0932],[20.5049,38.094],[20.5039,38.095],[20.503,38.096],[20.502,38.0971],[20.501,38.0982],[20.5,38.0993],[20.499,38.1003],[20.498,38.1011],[20.4969,38.102],[20.4956,38.103],[20.4944,38.104],[20.4931,38.105],[20.492,38.1057],[20.491,38.1063],[20.4897,38.107],[20.488,38.1078],[20.487,38.1082],[20.4853,38.109],[20.484,38.1096],[20.483,38.1101],[20.481,38.111],[20.48,38.1114],[20.4785,38.112],[20.477,38.1127],[20.476,38.1132],[20.475,38.114],[20.474,38.1151],[20.473,38.1164],[20.472,38.1173],[20.4709,38.118],[20.469,38.119],[20.468,38.1198],[20.467,38.1209],[20.4662,38.122],[20.4656,38.123],[20.4649,38.124],[20.464,38.125],[20.463,38.1268],[20.4623,38.128],[20.4616,38.129],[20.4607,38.13],[20.4599,38.131],[20.459,38.132],[20.458,38.1332],[20.457,38.1344],[20.4562,38.136],[20.456,38.1371],[20.4549,38.137],[20.454,38.1351],[20.453,38.1346],[20.4512,38.134],[20.45,38.1337],[20.448,38.1331],[20.447,38.1328],[20.445,38.1321],[20.444,38.1316],[20.443,38.131],[20.4418,38.13],[20.441,38.129],[20.4403,38.127],[20.4399,38.126],[20.439,38.1247],[20.4375,38.124],[20.436,38.1237],[20.434,38.1234],[20.432,38.123],[20.431,38.1229],[20.429,38.1227],[20.427,38.1225],[20.425,38.1224],[20.423,38.1223],[20.421,38.1224],[20.419,38.123],[20.418,38.1234],[20.417,38.1241],[20.4157,38.125],[20.4145,38.126],[20.4133,38.127],[20.412,38.1278],[20.411,38.1283],[20.409,38.129],[20.408,38.129],[20.407,38.1289],[20.405,38.1286],[20.403,38.1289],[20.402,38.1293],[20.4008,38.13],[20.3995,38.131],[20.398,38.1318],[20.397,38.1324],[20.3958,38.133],[20.394,38.1338],[20.393,38.1343],[20.3917,38.135],[20.3902,38.136],[20.389,38.137],[20.3884,38.138],[20.3879,38.139],[20.387,38.1403],[20.386,38.1412],[20.3849,38.142],[20.383,38.143],[20.382,38.1434],[20.3804,38.144],[20.379,38.1448],[20.378,38.1455],[20.377,38.1464],[20.376,38.1474],[20.375,38.1486],[20.374,38.1498],[20.3731,38.151],[20.3724,38.152],[20.3719,38.153],[20.3711,38.155],[20.3708,38.156],[20.37,38.1575],[20.369,38.1586],[20.368,38.1595],[20.367,38.1601],[20.365,38.1609],[20.364,38.1611],[20.362,38.1614],[20.36,38.1618],[20.359,38.1623],[20.358,38.163],[20.3566,38.164],[20.3555,38.165],[20.3544,38.166],[20.3533,38.167],[20.352,38.1679],[20.351,38.1683],[20.349,38.1687],[20.347,38.1687],[20.345,38.169],[20.344,38.1693],[20.3423,38.17],[20.341,38.1707],[20.34,38.1713],[20.339,38.1721],[20.3379,38.173],[20.337,38.1742],[20.3365,38.176],[20.3362,38.178],[20.336,38.1791],[20.3355,38.181],[20.335,38.1823],[20.3341,38.184],[20.334,38.186],[20.334,38.187],[20.334,38.189],[20.334,38.19],[20.3348,38.192],[20.3355,38.193],[20.3363,38.194],[20.3369,38.196],[20.336,38.1971],[20.335,38.1982],[20.3343,38.2],[20.3344,38.202],[20.336,38.2027],[20.338,38.2029],[20.3394,38.203],[20.3407,38.204],[20.3419,38.205],[20.343,38.2057],[20.344,38.2064],[20.345,38.2073],[20.346,38.2088],[20.3465,38.21],[20.347,38.2113],[20.3476,38.213],[20.348,38.2141],[20.3488,38.216],[20.3493,38.217],[20.35,38.218],[20.351,38.2193],[20.352,38.221],[20.3525,38.222],[20.353,38.2233],[20.3536,38.225],[20.354,38.227],[20.3541,38.228],[20.3541,38.23],[20.354,38.231],[20.3538,38.233],[20.3538,38.235],[20.3537,38.237],[20.3536,38.239],[20.3532,38.241],[20.353,38.242],[20.3527,38.244],[20.3521,38.246],[20.352,38.247],[20.351,38.2481],[20.3501,38.25],[20.3506,38.252],[20.3509,38.254],[20.351,38.255],[20.3512,38.257],[20.3522,38.258],[20.354,38.259],[20.3541,38.26],[20.3543,38.262],[20.355,38.2636],[20.356,38.2646],[20.358,38.2648],[20.36,38.2646],[20.362,38.2649],[20.363,38.2651],[20.365,38.2655],[20.367,38.2658],[20.3683,38.266],[20.37,38.2663],[20.3714,38.267],[20.3728,38.268],[20.374,38.269],[20.375,38.2695],[20.376,38.2706],[20.3761,38.272],[20.377,38.2738],[20.3784,38.274],[20.3796,38.275],[20.3806,38.276],[20.3813,38.277],[20.382,38.2784],[20.3826,38.28],[20.383,38.2817],[20.3832,38.283],[20.3834,38.285],[20.3834,38.287],[20.3833,38.289],[20.383,38.291],[20.3831,38.293],[20.384,38.2944],[20.3841,38.296],[20.3842,38.298],[20.3844,38.3],[20.3853,38.301],[20.387,38.3019],[20.388,38.3025],[20.389,38.3038],[20.3896,38.305],[20.39,38.3063],[20.3901,38.308],[20.3901,38.31],[20.3901,38.312],[20.3902,38.314],[20.3914,38.315],[20.392,38.3163],[20.3928,38.318],[20.3934,38.319],[20.394,38.3202],[20.3949,38.322],[20.395,38.323],[20.3958,38.325],[20.396,38.326],[20.3961,38.328],[20.3966,38.33],[20.3964,38.332],[20.396,38.3335],[20.3957,38.335],[20.3956,38.337],[20.3958,38.339],[20.396,38.34],[20.3967,38.342],[20.3969,38.344],[20.3961,38.346],[20.396,38.348],[20.396,38.349],[20.3953,38.351],[20.3955,38.353],[20.3965,38.354],[20.3975,38.355],[20.398,38.3565],[20.399,38.3576],[20.4,38.3586],[20.402,38.3587],[20.404,38.3588],[20.4052,38.358],[20.4067,38.357],[20.4079,38.356],[20.409,38.3551],[20.41,38.3546],[20.4117,38.354],[20.413,38.3538],[20.415,38.3537],[20.4165,38.354],[20.418,38.3545],[20.4192,38.355],[20.421,38.3557],[20.422,38.3562],[20.424,38.3569],[20.425,38.3573],[20.4269,38.358],[20.428,38.3584],[20.4299,38.359],[20.431,38.3593],[20.433,38.3597],[20.435,38.36],[20.436,38.3601],[20.438,38.3601],[20.44,38.3601],[20.4416,38.36],[20.443,38.3598],[20.445,38.3591],[20.446,38.3582],[20.4468,38.357],[20.4473,38.356],[20.4478,38.354],[20.4479,38.352],[20.4478,38.35],[20.448,38.3485],[20.4487,38.347],[20.4495,38.346],[20.4505,38.345],[20.4513,38.344],[20.4518,38.342],[20.452,38.34],[20.4522,38.339],[20.4528,38.337],[20.4532,38.336],[20.454,38.3345],[20.455,38.3336],[20.457,38.3331],[20.458,38.3329],[20.46,38.3326],[20.462,38.3326],[20.464,38.3327],[20.466,38.3328],[20.468,38.3328],[20.47,38.3328],[20.472,38.3326],[20.4735,38.332],[20.4747,38.331],[20.4755,38.33],[20.4762,38.329],[20.477,38.3276],[20.478,38.3261],[20.4788,38.325],[20.4795,38.324],[20.4804,38.323],[20.482,38.322],[20.483,38.3219],[20.484,38.3221],[20.486,38.323],[20.487,38.3237],[20.488,38.3246],[20.489,38.3255],[20.49,38.3262],[20.492,38.327],[20.493,38.3272],[20.495,38.3275],[20.497,38.328],[20.498,38.3284],[20.4994,38.329],[20.501,38.3297],[20.502,38.3302],[20.5033,38.331],[20.5048,38.332],[20.506,38.333],[20.507,38.3339],[20.508,38.3347],[20.509,38.3355],[20.51,38.3363],[20.511,38.3372],[20.512,38.3381],[20.513,38.3392],[20.514,38.3407],[20.5146,38.342],[20.515,38.3432],[20.5153,38.345],[20.515,38.3467],[20.5143,38.348],[20.5136,38.349],[20.513,38.35],[20.512,38.3514],[20.511,38.3529],[20.5101,38.354],[20.5093,38.355],[20.5082,38.356],[20.507,38.3568],[20.506,38.3575],[20.505,38.359],[20.5049,38.36],[20.505,38.3613],[20.5054,38.363],[20.506,38.3643],[20.507,38.3653],[20.509,38.3652],[20.5095,38.364],[20.5096,38.362],[20.5099,38.36],[20.511,38.3591],[20.512,38.359],[20.514,38.359],[20.515,38.3591],[20.517,38.3592],[20.519,38.3592],[20.521,38.3591],[20.523,38.359],[20.524,38.3589],[20.526,38.3586],[20.528,38.3588],[20.529,38.359],[20.531,38.3598],[20.532,38.3604],[20.533,38.3611],[20.534,38.362],[20.535,38.3636],[20.5354,38.365],[20.535,38.3669],[20.5342,38.368],[20.5332,38.369],[20.532,38.3699],[20.531,38.3704],[20.5297,38.371],[20.528,38.3716],[20.5264,38.372],[20.525,38.3722],[20.523,38.3722],[20.522,38.3719],[20.5202,38.371],[20.5191,38.37],[20.5181,38.369],[20.517,38.368],[20.516,38.3675],[20.514,38.3673],[20.512,38.3679],[20.5113,38.369],[20.5116,38.371],[20.512,38.3721],[20.513,38.3737],[20.5139,38.375],[20.5146,38.376],[20.5153,38.377],[20.516,38.3781],[20.517,38.3799],[20.5175,38.381],[20.518,38.3823],[20.5184,38.384],[20.5188,38.386],[20.519,38.387],[20.5197,38.389],[20.5202,38.39],[20.521,38.3912],[20.522,38.3925],[20.523,38.3936],[20.524,38.3947],[20.525,38.396],[20.5256,38.397],[20.5264,38.398],[20.5272,38.399],[20.5286,38.4],[20.53,38.4007],[20.531,38.4013],[20.532,38.4022],[20.5328,38.404],[20.5327,38.406],[20.5322,38.408],[20.5319,38.409],[20.5319,38.411],[20.532,38.4122],[20.5322,38.414],[20.5324,38.416],[20.5324,38.418],[20.5322,38.42],[20.532,38.422],[20.5319,38.423],[20.5315,38.425],[20.531,38.4263],[20.5306,38.428],[20.5305,38.43],[20.5308,38.432],[20.5309,38.434],[20.5307,38.436],[20.5306,38.438],[20.5309,38.44],[20.5312,38.441],[20.5318,38.443],[20.5322,38.444],[20.533,38.4453],[20.534,38.4465],[20.535,38.4474],[20.536,38.4484],[20.537,38.4498],[20.5375,38.451],[20.538,38.453],[20.538,38.454],[20.538,38.455],[20.5374,38.457],[20.537,38.458],[20.5362,38.46],[20.5359,38.461],[20.5352,38.463],[20.5348,38.464],[20.5342,38.466],[20.534,38.467],[20.534,38.469],[20.534,38.47],[20.535,38.472],[20.5359,38.473],[20.537,38.474],[20.538,38.4745],[20.5393,38.475],[20.541,38.4759],[20.543,38.4759],[20.5448,38.476],[20.546,38.4761],[20.548,38.4762],[20.5493,38.476],[20.551,38.4755],[20.5528,38.475],[20.5532,38.475],[20.555,38.4753],[20.557,38.4759],[20.558,38.4768],[20.56,38.4768],[20.562,38.4768],[20.564,38.4768],[20.566,38.476],[20.567,38.4754],[20.5682,38.475],[20.57,38.4742],[20.571,38.4737],[20.573,38.4738],[20.575,38.4737],[20.5759,38.472],[20.5761,38.471],[20.5774,38.47],[20.579,38.4699],[20.58,38.469],[20.581,38.4677],[20.582,38.4669],[20.583,38.4658],[20.5838,38.464],[20.5847,38.463],[20.5848,38.461],[20.584,38.4591],[20.5835,38.458],[20.5836,38.456],[20.5841,38.455],[20.585,38.4535],[20.586,38.452],[20.5867,38.451],[20.5875,38.45],[20.5881,38.449],[20.589,38.447],[20.5891,38.446],[20.5893,38.444],[20.5896,38.442],[20.59,38.441],[20.5909,38.439],[20.5914,38.438],[20.592,38.4366],[20.5925,38.435],[20.593,38.4336],[20.594,38.4321],[20.596,38.4327],[20.597,38.4338],[20.599,38.4336],[20.6,38.4326],[20.6006,38.431],[20.6,38.4292],[20.5987,38.429],[20.598,38.4279],[20.5975,38.426],[20.598,38.424],[20.5984,38.423],[20.599,38.4218],[20.5998,38.42],[20.6002,38.419],[20.6009,38.417],[20.6012,38.416],[20.6018,38.414],[20.6022,38.413],[20.6029,38.411],[20.6033,38.41],[20.604,38.4088],[20.605,38.4077],[20.606,38.4069],[20.6076,38.406],[20.609,38.4052],[20.61,38.4047],[20.6111,38.404],[20.6125,38.403],[20.6139,38.402],[20.614,38.4009],[20.6145,38.399],[20.615,38.3971],[20.6153,38.396],[20.6158,38.394],[20.616,38.393],[20.6165,38.391],[20.617,38.3893],[20.6173,38.388],[20.6179,38.386],[20.6183,38.385],[20.619,38.3835],[20.6197,38.382],[20.6202,38.381],[20.621,38.379],[20.6213,38.378],[20.6215,38.376],[20.6216,38.374],[20.6219,38.372],[20.6221,38.371],[20.6226,38.369],[20.623,38.3676],[20.6236,38.366],[20.624,38.3649],[20.6246,38.363],[20.625,38.3616],[20.6254,38.36],[20.6259,38.358],[20.6262,38.357],[20.6267,38.355],[20.6271,38.354],[20.6277,38.352],[20.628,38.3507],[20.6283,38.349],[20.6286,38.347],[20.629,38.3455],[20.6293,38.344],[20.6295,38.342],[20.6297,38.34],[20.6299,38.338],[20.6301,38.337],[20.6305,38.335],[20.631,38.3332],[20.6314,38.332],[20.632,38.3303],[20.6325,38.329],[20.633,38.3275],[20.6334,38.326],[20.6337,38.324],[20.6337,38.322],[20.6336,38.32],[20.6332,38.318],[20.6327,38.317],[20.632,38.3157],[20.631,38.314],[20.6305,38.313],[20.6299,38.312],[20.629,38.3106],[20.628,38.3094],[20.627,38.3083],[20.626,38.3073],[20.625,38.3062],[20.624,38.305],[20.6234,38.304],[20.6228,38.303],[20.622,38.3018],[20.621,38.3003],[20.6201,38.299],[20.6195,38.298],[20.619,38.2969],[20.6184,38.295],[20.6182,38.293],[20.6184,38.291],[20.6189,38.289],[20.6191,38.288],[20.6195,38.286],[20.62,38.2842],[20.6204,38.283],[20.621,38.2817],[20.622,38.28],[20.6226,38.279],[20.6232,38.278],[20.624,38.2768],[20.625,38.2754],[20.626,38.274],[20.6267,38.273],[20.6275,38.272],[20.6283,38.271],[20.6296,38.27],[20.631,38.2695],[20.6322,38.269],[20.6329,38.267],[20.633,38.2657],[20.6337,38.264],[20.6344,38.263],[20.6352,38.262],[20.6364,38.261],[20.638,38.2602],[20.639,38.2599],[20.6408,38.26],[20.642,38.2604],[20.6436,38.261],[20.645,38.2616],[20.646,38.2621],[20.647,38.2631],[20.648,38.264],[20.6492,38.265],[20.6508,38.266],[20.652,38.2667],[20.653,38.2673],[20.654,38.268],[20.655,38.269],[20.656,38.2704],[20.6569,38.272],[20.6574,38.273],[20.658,38.274],[20.659,38.2756],[20.66,38.2768],[20.661,38.2778],[20.662,38.2787],[20.663,38.2794],[20.664,38.2802],[20.6651,38.281],[20.6665,38.282],[20.6679,38.283],[20.669,38.2838],[20.67,38.2844],[20.6713,38.285],[20.673,38.2855],[20.675,38.2854],[20.6767,38.285],[20.678,38.2845],[20.6791,38.284],[20.681,38.283],[20.682,38.2824],[20.683,38.2819],[20.6843,38.281],[20.6853,38.28],[20.686,38.279],[20.6869,38.277],[20.6872,38.276],[20.688,38.2748],[20.6898,38.274],[20.691,38.2734],[20.692,38.2725],[20.693,38.2713],[20.694,38.2705],[20.695,38.2699],[20.6964,38.269],[20.6974,38.268],[20.6985,38.267],[20.6995,38.266],[20.7005,38.265],[20.7013,38.264],[20.702,38.2629],[20.7029,38.261],[20.7033,38.26],[20.7038,38.258],[20.7039,38.256],[20.704,38.2548],[20.7046,38.253],[20.7052,38.252],[20.706,38.2509],[20.707,38.2495],[20.708,38.2481],[20.709,38.2471],[20.71,38.2464],[20.711,38.2458],[20.7125,38.245],[20.7139,38.244],[20.715,38.243],[20.7157,38.242],[20.7163,38.241],[20.7169,38.239],[20.7169,38.237],[20.7164,38.235],[20.716,38.2339],[20.7158,38.232],[20.7161,38.231],[20.717,38.2298],[20.718,38.2289],[20.719,38.228],[20.72,38.227],[20.721,38.226],[20.722,38.2249],[20.723,38.2237],[20.724,38.2224],[20.725,38.221],[20.7257,38.22],[20.7266,38.219],[20.7275,38.218],[20.7286,38.217],[20.7296,38.216],[20.7307,38.215],[20.7317,38.214],[20.7326,38.213],[20.7334,38.212],[20.7342,38.211],[20.735,38.2099],[20.736,38.2088],[20.737,38.2079],[20.7381,38.207],[20.7394,38.206],[20.7404,38.205],[20.7412,38.204],[20.742,38.2029],[20.743,38.2016],[20.744,38.2006],[20.745,38.1997],[20.746,38.1988],[20.747,38.1979],[20.748,38.197],[20.749,38.196],[20.75,38.195],[20.751,38.194],[20.752,38.193],[20.753,38.192],[20.754,38.191],[20.755,38.19],[20.756,38.1888],[20.757,38.1875],[20.758,38.1862],[20.7589,38.185],[20.7597,38.184],[20.7606,38.183],[20.7614,38.182],[20.7623,38.181],[20.7633,38.18],[20.7643,38.179],[20.7654,38.178],[20.7667,38.177],[20.7679,38.176],[20.769,38.1751],[20.77,38.1742],[20.771,38.1733],[20.772,38.1724],[20.773,38.1713],[20.7739,38.17],[20.7743,38.169],[20.7749,38.167],[20.7751,38.166],[20.7756,38.164],[20.776,38.163],[20.777,38.1615],[20.778,38.1605],[20.779,38.1596],[20.78,38.1588],[20.7813,38.158],[20.783,38.1573],[20.7849,38.157],[20.786,38.1569],[20.788,38.1564],[20.789,38.1559],[20.79,38.155],[20.791,38.1539],[20.792,38.1522],[20.7926,38.151],[20.793,38.1496],[20.7934,38.148],[20.7937,38.146],[20.794,38.1443],[20.7945,38.143],[20.795,38.142],[20.796,38.1404],[20.797,38.1391],[20.798,38.1382],[20.799,38.1375],[20.8,38.1367],[20.801,38.1357],[20.802,38.1345],[20.803,38.1334],[20.804,38.1321],[20.8049,38.131],[20.8057,38.13],[20.8065,38.129],[20.8073,38.128],[20.8082,38.127],[20.8093,38.126],[20.8108,38.125],[20.812,38.1244],[20.813,38.1239],[20.8143,38.123],[20.8155,38.122],[20.8164,38.121],[20.8172,38.12],[20.818,38.1186],[20.8188,38.117],[20.8192,38.116],[20.8198,38.114],[20.82,38.1128],[20.8202,38.111],[20.8206,38.109],[20.8209,38.107],[20.821,38.105],[20.8208,38.103],[20.8203,38.101],[20.82,38.0998],[20.8193,38.098],[20.8189,38.097],[20.818,38.095],[20.8175,38.094],[20.817,38.0929],[20.816,38.0911],[20.8153,38.09],[20.8147,38.089],[20.814,38.0876],[20.8132,38.086],[20.8126,38.085],[20.812,38.0839],[20.811,38.082],[20.8106,38.081],[20.81,38.079],[20.8098,38.078],[20.8095,38.076],[20.8092,38.074],[20.809,38.073],[20.8086,38.071],[20.8082,38.069],[20.8079,38.068],[20.8074,38.066],[20.807,38.0642],[20.807,38.063],[20.8072,38.062],[20.808,38.0608],[20.809,38.06],[20.8101,38.059],[20.811,38.0576],[20.8119,38.056],[20.8125,38.055],[20.8134,38.054],[20.8146,38.053],[20.8155,38.052],[20.816,38.0509],[20.8164,38.049],[20.8165,38.047],[20.8162,38.045],[20.8159,38.044],[20.815,38.0422],[20.814,38.0411],[20.813,38.0405],[20.8116,38.04],[20.81,38.0395],[20.8087,38.039],[20.807,38.0385],[20.805,38.038],[20.804,38.038]]}},{"type":"Feature","properties":{"depth_m":25,"closed":false},"geometry":{"type":"LineString","coordinates":[[21.0549,38.454],[21.0558,38.455],[21.0561,38.456],[21.0557,38.457],[21.0543,38.457],[21.0537,38.456],[21.054,38.454],[21.0549,38.454]]}},{"type":"Feature","properties":{"depth_m":25,"closed":false},"geometry":{"type":"LineString","coordinates":[[21.027,38.4129],[21.025,38.4128],[21.023,38.413],[21.022,38.4131],[21.02,38.4134],[21.0181,38.414],[21.017,38.4145],[21.016,38.4152],[21.015,38.4164],[21.0143,38.418],[21.0138,38.419],[21.013,38.4209],[21.0125,38.422],[21.012,38.4235],[21.0117,38.425],[21.0117,38.427],[21.012,38.4281],[21.013,38.43],[21.0138,38.431],[21.0147,38.432],[21.0155,38.433],[21.016,38.434],[21.0162,38.436],[21.0162,38.438],[21.0166,38.44],[21.017,38.441],[21.018,38.4426],[21.019,38.4437],[21.02,38.4446],[21.021,38.4453],[21.0225,38.446],[21.024,38.4462],[21.026,38.4462],[21.0275,38.446],[21.029,38.4454],[21.03,38.4448],[21.031,38.444],[21.032,38.4426],[21.0329,38.441],[21.0335,38.44],[21.034,38.439],[21.0346,38.437],[21.035,38.435],[21.0351,38.434],[21.0351,38.432],[21.035,38.43],[21.035,38.429],[21.0349,38.427],[21.0349,38.425],[21.0348,38.423],[21.0346,38.421],[21.0341,38.419],[21.0337,38.418],[21.033,38.4167],[21.032,38.4155],[21.031,38.4146],[21.03,38.4139],[21.028,38.4131],[21.027,38.4129]]}},{"type":"Feature","properties":{"depth_m":25,"closed":false},"geometry":{"type":"LineString","coordinates":[[21.001,38.3555],[20.999,38.3551],[20.997,38.3551],[20.995,38.3553],[20.993,38.3558],[20.992,38.3561],[20.99,38.357],[20.989,38.3575],[20.988,38.358],[20.9865,38.359],[20.9855,38.36],[20.9848,38.361],[20.984,38.363],[20.9837,38.364],[20.9834,38.366],[20.9834,38.368],[20.9837,38.37],[20.984,38.3717],[20.9842,38.373],[20.9845,38.375],[20.985,38.377],[20.9854,38.378],[20.986,38.3794],[20.987,38.3808],[20.988,38.3817],[20.989,38.3825],[20.99,38.3831],[20.992,38.384],[20.993,38.3842],[20.995,38.3842],[20.996,38.3839],[20.998,38.383],[20.999,38.3825],[21.0,38.3819],[21.0012,38.381],[21.0022,38.38],[21.003,38.3788],[21.0036,38.377],[21.004,38.3752],[21.0043,38.374],[21.0048,38.372],[21.0051,38.371],[21.0055,38.369],[21.006,38.367],[21.0062,38.366],[21.0061,38.364],[21.0058,38.363],[21.0052,38.361],[21.0048,38.36],[21.004,38.3583],[21.0031,38.357],[21.002,38.356],[21.001,38.3555]]}},{"type":"Feature","properties":{"depth_m":25,"closed":false},"geometry":{"type":"LineString","coordinates":[[21.064,38.3399],[21.062,38.3397],[21.06,38.3399],[21.059,38.3402],[21.057,38.3406],[21.0558,38.341],[21.054,38.3419],[21.0531,38.343],[21.0523,38.344],[21.0517,38.344],[21.0504,38.343],[21.0493,38.342],[21.048,38.341],[21.047,38.3407],[21.0453,38.341],[21.044,38.3416],[21.043,38.3421],[21.0415,38.343],[21.04,38.344],[21.039,38.3447],[21.038,38.3453],[21.037,38.346],[21.0357,38.347],[21.0345,38.348],[21.0333,38.349],[21.032,38.3499],[21.031,38.3506],[21.03,38.3512],[21.0284,38.352],[21.027,38.3528],[21.026,38.3535],[21.025,38.3544],[21.024,38.3555],[21.023,38.3566],[21.022,38.358],[21.0216,38.359],[21.0212,38.361],[21.0211,38.363],[21.021,38.3646],[21.0208,38.366],[21.0204,38.368],[21.02,38.37],[21.0198,38.371],[21.0194,38.373],[21.0193,38.375],[21.0199,38.377],[21.0207,38.378],[21.0217,38.379],[21.023,38.3798],[21.024,38.3801],[21.026,38.3804],[21.028,38.3802],[21.029,38.38],[21.031,38.3792],[21.032,38.3788],[21.0334,38.378],[21.035,38.377],[21.036,38.3763],[21.037,38.3756],[21.038,38.3749],[21.039,38.374],[21.04,38.3728],[21.041,38.3715],[21.042,38.3701],[21.0428,38.369],[21.0436,38.368],[21.0446,38.367],[21.0458,38.366],[21.047,38.3652],[21.048,38.3646],[21.0492,38.364],[21.051,38.3632],[21.052,38.3629],[21.054,38.3625],[21.0559,38.362],[21.057,38.3617],[21.0584,38.361],[21.06,38.36],[21.061,38.3591],[21.0618,38.358],[21.0625,38.357],[21.0633,38.356],[21.0642,38.355],[21.0651,38.354],[21.066,38.3521],[21.0663,38.351],[21.067,38.3495],[21.068,38.3487],[21.0695,38.348],[21.0707,38.347],[21.0714,38.346],[21.0715,38.344],[21.071,38.343],[21.07,38.3418],[21.069,38.341],[21.067,38.3403],[21.065,38.34],[21.064,38.3399]]}},{"type":"Feature","properties":{"depth_m":25,"closed":false},"geometry":{"type":"LineString","coordinates":[[20.4476,38.239],[20.449,38.2396],[20.45,38.2402],[20.4511,38.241],[20.4521,38.242],[20.453,38.2432],[20.454,38.2448],[20.4546,38.246],[20.455,38.2471],[20.4553,38.249],[20.455,38.2505],[20.4546,38.252],[20.454,38.2537],[20.4533,38.255],[20.4525,38.256],[20.4517,38.257],[20.451,38.2582],[20.45,38.2597],[20.449,38.261],[20.4481,38.262],[20.448,38.2633],[20.447,38.2648],[20.446,38.2657],[20.445,38.2666],[20.444,38.2675],[20.443,38.2682],[20.441,38.2685],[20.44,38.2679],[20.439,38.2669],[20.438,38.266],[20.437,38.265],[20.436,38.264],[20.435,38.2625],[20.4344,38.261],[20.4341,38.259],[20.4344,38.257],[20.435,38.255],[20.435,38.2549],[20.4348,38.253],[20.4345,38.251],[20.434,38.249],[20.4339,38.248],[20.434,38.2465],[20.4347,38.245],[20.436,38.244],[20.4369,38.243],[20.4374,38.242],[20.438,38.241],[20.439,38.2399],[20.4404,38.239],[20.442,38.2383],[20.444,38.238],[20.446,38.2383],[20.4476,38.239]]}},{"type":"Feature","properties":{"depth_m":25,"closed":false},"geometry":{"type":"LineString","coordinates":[[20.458,38.143],[20.4585,38.144],[20.459,38.1454],[20.4592,38.147],[20.4591,38.149],[20.4589,38.15],[20.4585,38.152],[20.4584,38.154],[20.4583,38.156],[20.4581,38.158],[20.4581,38.16],[20.4587,38.162],[20.459,38.1631],[20.4591,38.165],[20.4591,38.167],[20.459,38.169],[20.4588,38.17],[20.4582,38.172],[20.4575,38.173],[20.4564,38.174],[20.455,38.1744],[20.454,38.1734],[20.4539,38.172],[20.454,38.171],[20.4543,38.169],[20.4545,38.167],[20.4549,38.165],[20.4553,38.164],[20.456,38.1625],[20.4566,38.161],[20.4564,38.159],[20.456,38.1573],[20.4559,38.156],[20.4558,38.154],[20.4552,38.152],[20.4547,38.151],[20.454,38.1492],[20.4539,38.148],[20.454,38.147],[20.4545,38.145],[20.455,38.1437],[20.456,38.1423],[20.458,38.143]]}},{"type":"Feature","properties":{"depth_m":25,"closed":false},"geometry":{"type":"LineString","coordinates":[[20.618,37.851],[20.6181,37.852],[20.6181,37.854],[20.6179,37.855],[20.6173,37.857],[20.617,37.858],[20.6166,37.86],[20.6166,37.862],[20.6169,37.864],[20.6174,37.865],[20.618,37.8662],[20.619,37.868],[20.6195,37.869],[20.6201,37.87],[20.621,37.8714],[20.6218,37.873],[20.6223,37.874],[20.623,37.8755],[20.6236,37.877],[20.624,37.8782],[20.6246,37.88],[20.6251,37.881],[20.626,37.8822],[20.627,37.8832],[20.628,37.8843],[20.629,37.8857],[20.63,37.887],[20.6308,37.888],[20.6318,37.889],[20.633,37.89],[20.634,37.891],[20.6347,37.892],[20.6351,37.893],[20.6357,37.895],[20.6361,37.896],[20.637,37.8976],[20.638,37.8986],[20.639,37.8994],[20.64,37.9003],[20.641,37.9013],[20.642,37.9024],[20.643,37.9034],[20.644,37.9044],[20.645,37.9052],[20.6461,37.906],[20.6476,37.907],[20.649,37.9079],[20.65,37.9086],[20.651,37.9091],[20.6529,37.91],[20.654,37.9105],[20.655,37.9111],[20.656,37.912],[20.657,37.913],[20.658,37.914],[20.6594,37.915],[20.661,37.916],[20.662,37.9165],[20.663,37.917],[20.665,37.918],[20.666,37.9185],[20.6671,37.919],[20.669,37.92],[20.67,37.9206],[20.671,37.9213],[20.672,37.9221],[20.6732,37.923],[20.6742,37.924],[20.6751,37.925],[20.676,37.9262],[20.677,37.9276],[20.678,37.9287],[20.679,37.9295],[20.68,37.9301],[20.6818,37.931],[20.683,37.9315],[20.684,37.932],[20.686,37.933],[20.687,37.9334],[20.6881,37.934],[20.6897,37.935],[20.6908,37.936],[20.6917,37.937],[20.6926,37.938],[20.6936,37.939],[20.6948,37.94],[20.696,37.9408],[20.697,37.9412],[20.699,37.9417],[20.701,37.9416],[20.703,37.9411],[20.704,37.9408],[20.7059,37.94],[20.707,37.9394],[20.708,37.9387],[20.709,37.9377],[20.71,37.9364],[20.711,37.935],[20.712,37.934],[20.713,37.933],[20.714,37.932],[20.7148,37.931],[20.7156,37.93],[20.7163,37.929],[20.717,37.9278],[20.718,37.9261],[20.7186,37.925],[20.719,37.924],[20.7198,37.922],[20.72,37.921],[20.7203,37.919],[20.7205,37.917],[20.7207,37.915],[20.7209,37.913],[20.7211,37.912],[20.7216,37.91],[20.722,37.9088],[20.7228,37.907],[20.7231,37.906],[20.7237,37.904],[20.724,37.903],[20.7249,37.901],[20.7256,37.9],[20.7263,37.899],[20.727,37.8979],[20.728,37.8964],[20.729,37.8955],[20.73,37.8948],[20.7313,37.894],[20.733,37.893],[20.734,37.8924],[20.7353,37.892],[20.737,37.8917],[20.739,37.8916],[20.741,37.8916],[20.743,37.8917],[20.745,37.8919],[20.746,37.892],[20.748,37.8922],[20.75,37.8922],[20.752,37.8929],[20.7526,37.894],[20.7531,37.895],[20.754,37.8966],[20.755,37.8971],[20.7568,37.897],[20.758,37.8963],[20.7589,37.895],[20.7592,37.894],[20.7594,37.892],[20.7594,37.89],[20.7594,37.888],[20.7592,37.886],[20.7589,37.885],[20.758,37.8838],[20.7568,37.883],[20.755,37.8822],[20.754,37.8813],[20.7534,37.88],[20.7532,37.878],[20.754,37.8761],[20.755,37.8751],[20.756,37.8746],[20.758,37.8741],[20.76,37.8741],[20.762,37.8742],[20.764,37.8744],[20.766,37.8745],[20.768,37.8746],[20.77,37.8746],[20.772,37.8743],[20.7738,37.874],[20.775,37.8737],[20.777,37.8731],[20.778,37.8727],[20.7797,37.872],[20.781,37.8714],[20.7823,37.871],[20.784,37.8705],[20.786,37.8701],[20.7873,37.87],[20.789,37.8698],[20.791,37.8695],[20.793,37.8693],[20.795,37.8692],[20.797,37.8693],[20.799,37.8694],[20.801,37.8694],[20.803,37.8691],[20.804,37.8687],[20.8055,37.868],[20.8069,37.867],[20.8078,37.866],[20.8086,37.865],[20.8094,37.864],[20.81,37.863],[20.811,37.8618],[20.812,37.8608],[20.8132,37.86],[20.8147,37.859],[20.816,37.8582],[20.817,37.8576],[20.818,37.857],[20.8196,37.856],[20.821,37.8551],[20.822,37.8544],[20.823,37.8535],[20.824,37.8527],[20.825,37.8517]]}},{"type":"Feature","properties":{"depth_m":25,"closed":false},"geometry":{"type":"LineString","coordinates":[[21.002,37.8956],[21.0,37.8957],[20.999,37.8968],[20.9982,37.898],[20.9977,37.899],[20.997,37.9003],[20.9961,37.902],[20.9956,37.903],[20.9949,37.904],[20.994,37.9053],[20.993,37.9067],[20.9922,37.908],[20.9915,37.909],[20.9909,37.91],[20.99,37.9116],[20.9894,37.913],[20.9889,37.914],[20.9881,37.916],[20.9879,37.917],[20.9879,37.919],[20.988,37.921],[20.9881,37.922],[20.9887,37.924],[20.9892,37.925],[20.99,37.9261],[20.9918,37.927],[20.993,37.927],[20.994,37.9268],[20.9956,37.926],[20.997,37.925],[20.998,37.9242],[20.999,37.9232],[21.0,37.922],[21.0006,37.921],[21.0011,37.92],[21.002,37.9187],[21.003,37.9175],[21.004,37.9167],[21.005,37.916],[21.0065,37.915],[21.0077,37.914],[21.0085,37.913],[21.0091,37.912],[21.01,37.9101],[21.0104,37.909],[21.0101,37.907],[21.0097,37.906],[21.009,37.9046],[21.0081,37.903],[21.0074,37.902],[21.0067,37.901],[21.006,37.9],[21.005,37.8986],[21.004,37.8972],[21.003,37.8961],[21.002,37.8956]]}},{"type":"Feature","properties":{"depth_m":25,"closed":false},"geometry":{"type":"LineString","coordinates":[[21.096,37.851],[21.0959,37.852],[21.0955,37.854],[21.095,37.8556],[21.0947,37.857],[21.0943,37.859],[21.0944,37.861],[21.0947,37.863],[21.0948,37.865],[21.095,37.8662],[21.0955,37.868],[21.0958,37.87],[21.0952,37.872],[21.0949,37.873],[21.0946,37.875],[21.0948,37.877],[21.0951,37.878],[21.0956,37.88],[21.096,37.8813],[21.0966,37.883],[21.097,37.8843],[21.0977,37.886],[21.098,37.8871],[21.099,37.8888]]}},{"type":"Feature","properties":{"depth_m":50,"closed":false},"geometry":{"type":"LineString","coordinates":[[20.8129,38.75],[20.8113,38.749],[20.81,38.7485],[20.8088,38.748],[20.807,38.7473],[20.806,38.7469],[20.8043,38.746],[20.803,38.7453],[20.802,38.7447],[20.8008,38.744],[20.799,38.7433],[20.7974,38.743],[20.796,38.7428],[20.794,38.7428],[20.792,38.7429],[20.7906,38.743],[20.789,38.7432],[20.787,38.7437],[20.786,38.744],[20.784,38.7444],[20.782,38.744],[20.781,38.7437],[20.779,38.7431],[20.778,38.7429],[20.776,38.7426],[20.774,38.7423],[20.7727,38.742],[20.771,38.7415],[20.7693,38.741],[20.768,38.7406],[20.7666,38.74],[20.765,38.7392],[20.764,38.7387],[20.7626,38.738],[20.7611,38.737],[20.7602,38.736],[20.7596,38.735],[20.7591,38.733],[20.7592,38.731],[20.7594,38.729],[20.7595,38.727],[20.7593,38.725],[20.7592,38.723],[20.7593,38.721],[20.7594,38.719],[20.7594,38.717],[20.7594,38.715],[20.7594,38.713],[20.7596,38.711],[20.76,38.7096],[20.7608,38.708],[20.7617,38.707],[20.7628,38.706],[20.7638,38.705],[20.7648,38.704],[20.7657,38.703],[20.7666,38.702],[20.7674,38.701],[20.7681,38.7],[20.769,38.6988],[20.77,38.6977],[20.771,38.6966],[20.772,38.6957],[20.773,38.695],[20.775,38.6942],[20.777,38.694],[20.779,38.6941],[20.7805,38.694],[20.782,38.6939],[20.784,38.6937],[20.786,38.6933],[20.7871,38.693],[20.789,38.6927],[20.791,38.6922],[20.792,38.6919],[20.794,38.6911],[20.795,38.6905],[20.7962,38.69],[20.798,38.6895],[20.8,38.6893],[20.8014,38.689],[20.803,38.6884],[20.8042,38.688],[20.806,38.6873],[20.807,38.6868],[20.8087,38.686],[20.81,38.6854],[20.811,38.6849],[20.813,38.684],[20.814,38.6835],[20.815,38.6829],[20.8161,38.682],[20.8172,38.681],[20.8181,38.68],[20.819,38.6788],[20.82,38.677],[20.8204,38.676],[20.8206,38.674],[20.8205,38.672],[20.8204,38.67],[20.8201,38.668],[20.8199,38.667],[20.8195,38.665],[20.8191,38.663],[20.819,38.662],[20.8185,38.66],[20.818,38.6584],[20.8174,38.657],[20.8169,38.656],[20.816,38.6544],[20.8152,38.653],[20.8145,38.652],[20.8138,38.651],[20.813,38.65],[20.812,38.649],[20.8109,38.648],[20.8097,38.647],[20.8083,38.646],[20.807,38.6453],[20.806,38.6448],[20.8042,38.644],[20.803,38.6435],[20.8018,38.643],[20.8,38.6423],[20.799,38.6418],[20.7974,38.641],[20.796,38.6401],[20.795,38.6394],[20.794,38.6384],[20.7932,38.637],[20.7927,38.636],[20.7919,38.635],[20.7902,38.634],[20.789,38.6337],[20.787,38.6335],[20.785,38.6331],[20.783,38.6331],[20.781,38.6331],[20.779,38.6332],[20.7774,38.633],[20.776,38.6327],[20.774,38.6322],[20.772,38.6321],[20.77,38.6322],[20.769,38.632],[20.7685,38.63],[20.769,38.629],[20.77,38.6277],[20.771,38.6268],[20.772,38.6259],[20.773,38.6248],[20.774,38.6231],[20.7745,38.622],[20.775,38.621],[20.776,38.62],[20.778,38.619],[20.779,38.6187],[20.7809,38.618],[20.782,38.6179],[20.7832,38.618],[20.785,38.6183],[20.787,38.6182],[20.788,38.6176],[20.7889,38.616],[20.7898,38.615],[20.791,38.6145],[20.7928,38.614],[20.794,38.613],[20.7947,38.612],[20.7957,38.611],[20.797,38.6103],[20.798,38.6098],[20.7996,38.609],[20.801,38.6082],[20.802,38.6075],[20.803,38.6067],[20.804,38.6058],[20.805,38.6049],[20.8062,38.604],[20.8076,38.603],[20.809,38.6021],[20.81,38.6014],[20.811,38.6008],[20.8125,38.6],[20.814,38.599],[20.815,38.5981],[20.8158,38.597],[20.8164,38.596],[20.817,38.5949],[20.8179,38.593],[20.8185,38.592],[20.8191,38.591],[20.82,38.5896],[20.821,38.588],[20.8216,38.587],[20.8222,38.586],[20.823,38.5846],[20.8239,38.583],[20.8243,38.582],[20.8243,38.58],[20.8238,38.579],[20.8227,38.578],[20.821,38.5772],[20.82,38.5768],[20.818,38.5763],[20.8169,38.576],[20.815,38.5757],[20.813,38.5753],[20.811,38.5751],[20.81,38.5749],[20.808,38.5746],[20.806,38.5743],[20.804,38.5742],[20.802,38.5743],[20.8,38.5747],[20.7989,38.575],[20.797,38.5756],[20.7959,38.576],[20.794,38.5766],[20.7924,38.577],[20.791,38.5774],[20.7895,38.578],[20.788,38.5785],[20.7867,38.579],[20.785,38.5797],[20.784,38.5801],[20.782,38.581],[20.781,38.5814],[20.7795,38.582],[20.778,38.5826],[20.7769,38.583],[20.775,38.5837],[20.774,38.5841],[20.772,38.5847],[20.771,38.585],[20.769,38.5858],[20.768,38.5863],[20.767,38.5872],[20.766,38.5886],[20.7653,38.59],[20.7648,38.591],[20.764,38.5925],[20.7631,38.594],[20.7626,38.595],[20.7622,38.597],[20.762,38.5986],[20.7615,38.6],[20.761,38.601],[20.7602,38.603],[20.7599,38.604],[20.759,38.6058],[20.758,38.607],[20.757,38.6076],[20.756,38.608],[20.7541,38.609],[20.753,38.6098],[20.752,38.6106],[20.751,38.6115],[20.75,38.6125],[20.749,38.6138],[20.7481,38.615],[20.7472,38.616],[20.7464,38.617],[20.7455,38.618],[20.7445,38.619],[20.7432,38.62],[20.742,38.6209],[20.741,38.6216],[20.74,38.6222],[20.7387,38.623],[20.737,38.6238],[20.736,38.6244],[20.735,38.625],[20.7332,38.626],[20.732,38.6263],[20.731,38.6259],[20.7299,38.625],[20.729,38.6237],[20.728,38.622],[20.7273,38.621],[20.726,38.62],[20.725,38.6196],[20.7233,38.619],[20.722,38.6185],[20.7207,38.618],[20.719,38.6175],[20.717,38.6171],[20.716,38.6169],[20.714,38.6168],[20.712,38.617],[20.711,38.6171],[20.709,38.6177],[20.707,38.6178],[20.7058,38.617],[20.7048,38.616],[20.7039,38.615],[20.703,38.614],[20.7019,38.613],[20.7007,38.612],[20.6992,38.611],[20.698,38.6103],[20.697,38.6097],[20.696,38.609],[20.695,38.608],[20.694,38.6066],[20.693,38.6053],[20.692,38.604],[20.6913,38.603],[20.6905,38.602],[20.6898,38.601],[20.6889,38.6],[20.6878,38.599],[20.6866,38.598],[20.6854,38.597],[20.6844,38.596],[20.6834,38.595],[20.6825,38.594],[20.6816,38.593],[20.6807,38.592],[20.6798,38.591],[20.679,38.5899],[20.6781,38.588],[20.6778,38.587],[20.6773,38.585],[20.677,38.5834],[20.6768,38.582],[20.6769,38.58],[20.677,38.579],[20.6771,38.577],[20.6768,38.576],[20.676,38.5748],[20.675,38.574],[20.673,38.5735],[20.671,38.5738],[20.67,38.574],[20.668,38.5746],[20.666,38.5749],[20.6646,38.575],[20.663,38.5751],[20.661,38.5753],[20.659,38.5754],[20.657,38.5755],[20.655,38.5754],[20.653,38.5753],[20.651,38.5752],[20.6497,38.575],[20.648,38.5747],[20.646,38.5744],[20.644,38.5741],[20.642,38.574],[20.64,38.5741],[20.638,38.5744],[20.636,38.5748],[20.635,38.5753],[20.6338,38.576],[20.6326,38.577],[20.6315,38.578],[20.6305,38.579],[20.6294,38.58],[20.6282,38.581],[20.627,38.5819],[20.626,38.5827],[20.625,38.5836],[20.624,38.5846],[20.623,38.5858],[20.6223,38.587],[20.6218,38.588],[20.621,38.589],[20.619,38.5897],[20.617,38.5899],[20.616,38.5901],[20.614,38.5906],[20.6127,38.591],[20.611,38.5917],[20.61,38.5922],[20.609,38.593],[20.6078,38.594],[20.6068,38.595],[20.6055,38.596],[20.604,38.5966],[20.6028,38.597],[20.6017,38.598],[20.6014,38.6],[20.6015,38.602],[20.601,38.604],[20.6003,38.605],[20.5995,38.606],[20.599,38.607],[20.598,38.609],[20.5977,38.61],[20.5977,38.612],[20.598,38.613],[20.5987,38.615],[20.599,38.6166],[20.5991,38.618],[20.5989,38.619],[20.598,38.6205],[20.596,38.6209],[20.5947,38.62],[20.5939,38.619],[20.5931,38.617],[20.5928,38.616],[20.5926,38.614],[20.5925,38.612],[20.5922,38.61],[20.5919,38.609],[20.5911,38.607],[20.5906,38.606],[20.59,38.6048],[20.5893,38.603],[20.5889,38.602],[20.588,38.6005],[20.5871,38.599],[20.5865,38.598],[20.5859,38.597],[20.585,38.5959],[20.584,38.5948],[20.583,38.5939],[20.582,38.5929],[20.581,38.5919],[20.58,38.5906],[20.5791,38.589],[20.5786,38.588],[20.578,38.5867],[20.577,38.5851],[20.576,38.584],[20.575,38.5831],[20.574,38.5823],[20.573,38.5816],[20.572,38.581],[20.5703,38.58],[20.569,38.5791],[20.568,38.5782],[20.567,38.577],[20.5663,38.576],[20.5656,38.575],[20.5649,38.574],[20.564,38.5729],[20.563,38.572],[20.5617,38.571],[20.5605,38.57],[20.5595,38.569],[20.5586,38.568],[20.5577,38.567],[20.5569,38.566],[20.556,38.5648],[20.555,38.5633],[20.5543,38.562],[20.5536,38.561],[20.5529,38.56],[20.552,38.5589],[20.551,38.5579],[20.5498,38.557],[20.5483,38.556],[20.547,38.5554],[20.5459,38.555],[20.544,38.5546],[20.542,38.5545],[20.54,38.555],[20.539,38.5555],[20.538,38.5562],[20.537,38.5573],[20.5361,38.559],[20.5357,38.56],[20.5352,38.562],[20.535,38.5631],[20.5348,38.565],[20.5347,38.567],[20.5347,38.569],[20.535,38.5705],[20.5356,38.572],[20.536,38.573],[20.5368,38.575],[20.537,38.5766],[20.537,38.5771],[20.5362,38.579],[20.5356,38.58],[20.535,38.581],[20.5345,38.583],[20.5344,38.585],[20.5346,38.587],[20.535,38.5886],[20.5356,38.59],[20.5362,38.591],[20.537,38.592],[20.538,38.5931],[20.539,38.5943],[20.54,38.5959],[20.5405,38.597],[20.5409,38.599],[20.5409,38.601],[20.541,38.6023],[20.5413,38.604],[20.542,38.6059],[20.5425,38.607],[20.543,38.6081],[20.544,38.61],[20.5445,38.611],[20.545,38.6121],[20.5458,38.614],[20.5462,38.615],[20.5469,38.617],[20.5472,38.618],[20.5476,38.62],[20.548,38.6214],[20.5485,38.623],[20.549,38.6244],[20.5495,38.626],[20.55,38.6274],[20.5504,38.629],[20.5508,38.631],[20.5509,38.633],[20.551,38.634],[20.5513,38.636],[20.5514,38.638],[20.5514,38.64],[20.5512,38.642],[20.5509,38.643],[20.5506,38.645],[20.5507,38.647],[20.5509,38.649],[20.551,38.65],[20.5512,38.652],[20.5514,38.654],[20.5514,38.656],[20.5511,38.658],[20.5509,38.659],[20.5505,38.661],[20.5503,38.663],[20.55,38.6641],[20.5493,38.666],[20.549,38.667],[20.5485,38.669],[20.548,38.671],[20.5478,38.672],[20.5474,38.674],[20.547,38.6756],[20.5467,38.677],[20.5464,38.679],[20.5464,38.681],[20.5467,38.683],[20.547,38.685],[20.5471,38.686],[20.5471,38.688],[20.547,38.689],[20.545,38.6898],[20.543,38.6893],[20.542,38.6889],[20.5404,38.688],[20.539,38.6873],[20.5377,38.687],[20.5369,38.687],[20.535,38.6878],[20.534,38.6887],[20.533,38.6898],[20.532,38.6908],[20.531,38.692],[20.5302,38.693],[20.5295,38.694],[20.5289,38.695],[20.5282,38.697],[20.5284,38.699],[20.529,38.7],[20.53,38.7011],[20.531,38.702],[20.5323,38.703],[20.5336,38.704],[20.5349,38.705],[20.536,38.7056],[20.537,38.7061],[20.539,38.7064],[20.5402,38.706],[20.5415,38.705],[20.5427,38.704],[20.544,38.7031],[20.545,38.7022],[20.5456,38.701],[20.546,38.6998],[20.547,38.698],[20.5478,38.697],[20.5486,38.696],[20.55,38.6953],[20.551,38.696],[20.552,38.6971],[20.553,38.6983],[20.554,38.6995],[20.555,38.7008],[20.556,38.702],[20.5567,38.703],[20.5575,38.704],[20.5584,38.705],[20.5597,38.706],[20.561,38.7067],[20.562,38.7071],[20.5639,38.708],[20.565,38.7087],[20.566,38.7097],[20.5669,38.711],[20.5674,38.712],[20.568,38.7137],[20.5685,38.715],[20.569,38.7162],[20.5698,38.718],[20.5701,38.719],[20.5705,38.721],[20.5708,38.723],[20.571,38.725],[20.5711,38.726],[20.5716,38.728],[20.572,38.7293],[20.5727,38.731],[20.573,38.732],[20.5736,38.734],[20.5739,38.736],[20.574,38.738],[20.5739,38.74],[20.5738,38.742],[20.5733,38.744],[20.573,38.745],[20.5725,38.747],[20.5725,38.749]]}},{"type":"Feature","properties":{"depth_m":50,"closed":false},"geometry":{"type":"LineString","coordinates":[[21.099,38.2661],[21.097,38.2664],[21.095,38.2668],[21.094,38.2671],[21.092,38.268],[21.091,38.2686],[21.09,38.2692],[21.0887,38.27],[21.087,38.271],[21.086,38.2717],[21.085,38.2726],[21.084,38.2736],[21.083,38.2747],[21.082,38.276],[21.0813,38.277],[21.0807,38.278],[21.08,38.2794],[21.0793,38.281],[21.0789,38.282],[21.0783,38.284],[21.078,38.2852],[21.0776,38.287],[21.0773,38.289],[21.077,38.2903],[21.0767,38.292],[21.0763,38.294],[21.076,38.2956],[21.0758,38.297],[21.0756,38.299],[21.0754,38.301],[21.0753,38.303],[21.0754,38.305],[21.0758,38.307],[21.0761,38.308],[21.0766,38.31],[21.077,38.3115],[21.0774,38.313],[21.078,38.315],[21.0783,38.316],[21.0787,38.318],[21.078,38.3194],[21.077,38.3201],[21.0755,38.321],[21.0742,38.322],[21.073,38.323],[21.072,38.324],[21.0712,38.325],[21.0705,38.326],[21.0699,38.327],[21.069,38.3283],[21.068,38.3291],[21.066,38.3298],[21.065,38.33],[21.063,38.3302],[21.061,38.3303],[21.059,38.3305],[21.057,38.331],[21.056,38.3312],[21.054,38.3313],[21.052,38.3313],[21.05,38.3317],[21.048,38.3319],[21.0467,38.332],[21.045,38.3325],[21.0438,38.333],[21.042,38.3339],[21.041,38.3345],[21.04,38.335],[21.0383,38.336],[21.037,38.3368],[21.036,38.3375],[21.035,38.3384],[21.034,38.3394],[21.033,38.3404],[21.032,38.3414],[21.031,38.3423],[21.03,38.3432],[21.0289,38.344],[21.0275,38.345],[21.026,38.3459],[21.025,38.3465],[21.024,38.3471],[21.0227,38.348],[21.0215,38.349],[21.0205,38.35],[21.0197,38.351],[21.019,38.352],[21.0181,38.354],[21.018,38.355],[21.0179,38.357],[21.0179,38.359],[21.0179,38.361],[21.0177,38.363],[21.0174,38.365],[21.017,38.3669],[21.0168,38.368],[21.0164,38.37],[21.0161,38.372],[21.0159,38.373],[21.0158,38.375],[21.016,38.376],[21.0166,38.378],[21.017,38.3797],[21.0173,38.381],[21.0177,38.383],[21.0182,38.384],[21.019,38.385],[21.0204,38.386],[21.022,38.3867],[21.023,38.3871],[21.025,38.3877],[21.027,38.3879],[21.029,38.3877],[21.031,38.3872],[21.032,38.3868],[21.0338,38.386],[21.035,38.3855],[21.0361,38.385],[21.038,38.3842],[21.039,38.3838],[21.0403,38.383],[21.0416,38.382],[21.0428,38.381],[21.0438,38.38],[21.0447,38.379],[21.0456,38.378],[21.0463,38.377],[21.047,38.376],[21.048,38.3747],[21.049,38.3735],[21.05,38.3727],[21.051,38.372],[21.053,38.371],[21.054,38.3707],[21.056,38.3703],[21.058,38.37],[21.059,38.3698],[21.061,38.3694],[21.062,38.369],[21.0634,38.368],[21.0645,38.367],[21.0656,38.366],[21.0668,38.365],[21.068,38.364],[21.069,38.363],[21.07,38.3622],[21.071,38.363],[21.0714,38.365],[21.0717,38.367],[21.0719,38.369],[21.072,38.3705],[21.0721,38.372],[21.0725,38.374],[21.073,38.376],[21.0733,38.377],[21.0738,38.379],[21.0741,38.38],[21.0747,38.382],[21.075,38.383],[21.0756,38.385],[21.076,38.3868],[21.076,38.3873],[21.0756,38.389],[21.075,38.39],[21.074,38.3912],[21.073,38.3925],[21.072,38.3938],[21.071,38.395],[21.0703,38.396],[21.0696,38.397],[21.069,38.398],[21.068,38.4],[21.0676,38.401],[21.067,38.4028],[21.0666,38.404],[21.0661,38.406],[21.0658,38.407],[21.0654,38.409],[21.0651,38.411],[21.065,38.412],[21.0647,38.414],[21.0642,38.416],[21.0638,38.417],[21.063,38.4188],[21.0624,38.42],[21.062,38.4211],[21.0613,38.423],[21.061,38.424],[21.0605,38.426],[21.0602,38.428],[21.0601,38.43],[21.06,38.4313],[21.0592,38.433],[21.058,38.4339],[21.057,38.4345],[21.0558,38.435],[21.054,38.4359],[21.053,38.4366],[21.052,38.4374],[21.051,38.4384],[21.049,38.4386],[21.0474,38.438],[21.046,38.4372],[21.045,38.4361],[21.0446,38.435],[21.0442,38.433],[21.044,38.4317],[21.0438,38.43],[21.0436,38.428],[21.0435,38.426],[21.0435,38.424],[21.0434,38.422],[21.0433,38.42],[21.043,38.4183],[21.0427,38.417],[21.042,38.4152],[21.0414,38.414],[21.0409,38.413],[21.04,38.4113],[21.039,38.41],[21.038,38.4091],[21.037,38.4084],[21.036,38.4077],[21.0347,38.407],[21.033,38.4063],[21.032,38.406],[21.03,38.4056],[21.028,38.4054],[21.026,38.4054],[21.024,38.4055],[21.022,38.4056],[21.02,38.4058],[21.018,38.4059],[21.0165,38.406],[21.015,38.4061],[21.013,38.4064],[21.0113,38.407],[21.0103,38.408],[21.0097,38.409],[21.009,38.411],[21.0088,38.412],[21.0084,38.414],[21.008,38.4157],[21.0076,38.417],[21.007,38.4189],[21.0066,38.42],[21.006,38.4218],[21.0057,38.423],[21.0054,38.425],[21.0054,38.427],[21.0056,38.429],[21.006,38.4306],[21.0064,38.432],[21.007,38.4334],[21.0077,38.435],[21.0081,38.436],[21.0087,38.438],[21.009,38.439],[21.0095,38.441],[21.01,38.4423],[21.011,38.4439],[21.012,38.4449],[21.013,38.4456],[21.014,38.4463],[21.015,38.447],[21.0165,38.448],[21.018,38.449],[21.019,38.4499],[21.0197,38.451],[21.018,38.4511],[21.016,38.4511],[21.014,38.451],[21.013,38.451],[21.011,38.4508],[21.009,38.4506],[21.007,38.4509],[21.006,38.4512],[21.0045,38.452],[21.0033,38.453],[21.002,38.454],[21.001,38.4544],[20.9991,38.455],[20.998,38.4554],[20.9963,38.456],[20.995,38.4566],[20.994,38.4573],[20.993,38.458],[20.9918,38.459],[20.9908,38.46],[20.99,38.461],[20.989,38.4628],[20.9882,38.464],[20.9874,38.465],[20.9866,38.466],[20.9857,38.467],[20.9844,38.468],[20.983,38.4689],[20.982,38.4695],[20.981,38.4701],[20.979,38.4705],[20.977,38.4704],[20.9758,38.47],[20.9742,38.469],[20.973,38.4681],[20.972,38.4673],[20.971,38.4667],[20.9696,38.466],[20.968,38.4654],[20.9662,38.466],[20.965,38.4666],[20.963,38.4669],[20.962,38.467],[20.9604,38.468],[20.9596,38.469],[20.959,38.4702],[20.9584,38.472],[20.9581,38.474],[20.9579,38.475],[20.9574,38.477],[20.957,38.479],[20.9569,38.48],[20.9566,38.482],[20.9563,38.484],[20.956,38.4857],[20.9558,38.487],[20.9555,38.489],[20.9552,38.491],[20.955,38.492],[20.9546,38.494],[20.954,38.4955],[20.9532,38.497],[20.9527,38.498],[20.952,38.4993],[20.951,38.501],[20.9503,38.502],[20.9496,38.503],[20.9488,38.504],[20.9479,38.505],[20.947,38.506],[20.946,38.5073],[20.945,38.509],[20.9445,38.51],[20.944,38.5113],[20.9436,38.513],[20.9433,38.515],[20.9434,38.517],[20.9438,38.519],[20.944,38.5202],[20.9445,38.522],[20.945,38.5232],[20.946,38.5245],[20.947,38.5253],[20.9487,38.526],[20.95,38.5263],[20.952,38.5265],[20.954,38.5266],[20.956,38.5266],[20.958,38.5263],[20.9598,38.526],[20.961,38.5257],[20.963,38.5253],[20.964,38.525],[20.966,38.5242],[20.967,38.5238],[20.9687,38.523],[20.97,38.5224],[20.971,38.5219],[20.9725,38.521],[20.9738,38.52],[20.9749,38.519],[20.9758,38.518],[20.9766,38.517],[20.9772,38.516],[20.978,38.514],[20.9782,38.513],[20.9785,38.511],[20.979,38.5094],[20.9795,38.508],[20.98,38.5066],[20.9806,38.505],[20.981,38.5039],[20.9818,38.502],[20.9822,38.501],[20.983,38.4998],[20.984,38.499],[20.986,38.4986],[20.988,38.4984],[20.99,38.4984],[20.992,38.4984],[20.994,38.4987],[20.9953,38.499],[20.997,38.4996],[20.998,38.5],[20.9997,38.501],[21.001,38.502],[21.002,38.503],[21.0027,38.504],[21.0031,38.505],[21.0036,38.507],[21.0036,38.509],[21.0033,38.511],[21.003,38.5122],[21.0025,38.514],[21.002,38.5151],[21.001,38.5166],[21.0,38.5178],[20.999,38.519],[20.9982,38.52],[20.9975,38.521],[20.9967,38.522],[20.996,38.5231],[20.995,38.5248],[20.9944,38.526],[20.994,38.5271],[20.9934,38.529],[20.993,38.5309],[20.9929,38.532],[20.9928,38.534],[20.993,38.5356],[20.9932,38.537],[20.9935,38.539],[20.994,38.5409],[20.9943,38.542],[20.9947,38.544],[20.995,38.5454],[20.9955,38.547],[20.996,38.5484],[20.9968,38.55],[20.9974,38.551],[20.998,38.552],[20.999,38.5536],[20.9999,38.555],[21.0005,38.556],[21.0011,38.557],[21.002,38.5587],[21.0026,38.56],[21.003,38.5615],[21.0034,38.563],[21.0039,38.565],[21.0041,38.566],[21.0046,38.568],[21.005,38.57],[21.0051,38.571],[21.0054,38.573],[21.0057,38.575],[21.0058,38.577],[21.0058,38.579],[21.0058,38.581],[21.0058,38.583],[21.0057,38.585],[21.0057,38.587],[21.0056,38.589],[21.0055,38.591],[21.0055,38.593],[21.0055,38.595],[21.0052,38.597],[21.005,38.598],[21.0044,38.6],[21.004,38.6012],[21.0031,38.603],[21.0025,38.604],[21.0017,38.605],[21.0008,38.606],[20.9998,38.607],[20.9989,38.608],[20.998,38.609],[20.997,38.6104],[20.9961,38.612],[20.9956,38.613],[20.995,38.6144],[20.9942,38.616],[20.9936,38.617],[20.9929,38.618],[20.992,38.6195],[20.991,38.621],[20.9904,38.622],[20.9896,38.623],[20.9885,38.624],[20.987,38.625],[20.986,38.6257],[20.985,38.6264],[20.984,38.6272],[20.983,38.628],[20.9819,38.629],[20.981,38.63],[20.98,38.6318],[20.9796,38.633],[20.9791,38.635],[20.9788,38.636],[20.9783,38.638],[20.978,38.6394],[20.9777,38.641],[20.9775,38.643],[20.9773,38.645],[20.9771,38.647],[20.9771,38.649],[20.9778,38.651],[20.978,38.652],[20.9782,38.654],[20.978,38.6552],[20.9775,38.657],[20.977,38.658],[20.9756,38.659],[20.974,38.6594],[20.972,38.6592],[20.971,38.6586],[20.9701,38.657],[20.97,38.656],[20.97,38.655],[20.9705,38.653],[20.971,38.6517],[20.9717,38.65],[20.9722,38.649],[20.9729,38.647],[20.9731,38.646],[20.9733,38.644],[20.973,38.6422],[20.9727,38.641],[20.9721,38.639],[20.9719,38.638],[20.9714,38.636],[20.971,38.6341],[20.9708,38.633],[20.9701,38.631],[20.9696,38.63],[20.9689,38.629],[20.9679,38.628],[20.9668,38.627],[20.9654,38.626],[20.964,38.6251],[20.963,38.6245],[20.9619,38.624],[20.9601,38.623],[20.959,38.6223],[20.958,38.6217],[20.9567,38.621],[20.955,38.6201],[20.954,38.6195],[20.953,38.6188],[20.952,38.617],[20.9524,38.615],[20.9528,38.613],[20.9529,38.611],[20.9529,38.609],[20.9529,38.607],[20.9529,38.605],[20.9527,38.603],[20.9525,38.601],[20.9523,38.599],[20.952,38.597],[20.9518,38.596],[20.9511,38.594],[20.9506,38.593],[20.9499,38.592],[20.949,38.5909],[20.948,38.5899],[20.947,38.5889],[20.946,38.5879],[20.945,38.5867],[20.944,38.5856],[20.943,38.5845],[20.942,38.5832],[20.9411,38.582],[20.9403,38.581],[20.9395,38.58],[20.9388,38.579],[20.938,38.5778],[20.937,38.576],[20.9366,38.575],[20.936,38.5736],[20.9353,38.572],[20.9349,38.571],[20.934,38.5695],[20.933,38.568],[20.9322,38.567],[20.9313,38.566],[20.9303,38.565],[20.9292,38.564],[20.928,38.563],[20.927,38.5622],[20.926,38.5613],[20.925,38.5604],[20.924,38.5596],[20.923,38.5587],[20.922,38.5578],[20.921,38.5565],[20.9201,38.555],[20.9195,38.554],[20.919,38.5526],[20.9188,38.551],[20.9186,38.549],[20.9183,38.547],[20.9182,38.545],[20.9181,38.543],[20.918,38.542],[20.9178,38.54],[20.9175,38.538],[20.917,38.536],[20.9165,38.535],[20.9157,38.534],[20.9147,38.533],[20.913,38.5321],[20.912,38.5317],[20.91,38.5313],[20.908,38.531],[20.907,38.5309],[20.905,38.5308],[20.903,38.5306],[20.901,38.5304],[20.899,38.5302],[20.8973,38.53],[20.896,38.5298],[20.894,38.5296],[20.892,38.5299],[20.891,38.5302],[20.8896,38.531],[20.8884,38.532],[20.8876,38.533],[20.887,38.5344],[20.8866,38.536],[20.8864,38.538],[20.8861,38.54],[20.886,38.541],[20.8856,38.543],[20.8854,38.545],[20.8855,38.547],[20.8858,38.549],[20.886,38.5505],[20.8862,38.552],[20.8861,38.554],[20.8859,38.555],[20.8852,38.557],[20.8848,38.558],[20.8846,38.56],[20.885,38.5615],[20.8855,38.563],[20.886,38.5646],[20.8869,38.566],[20.8877,38.567],[20.8885,38.568],[20.8894,38.569],[20.8904,38.57],[20.8918,38.571],[20.893,38.5717],[20.894,38.5723],[20.8953,38.573],[20.897,38.574],[20.898,38.5746],[20.899,38.5753],[20.9,38.5762],[20.901,38.5773],[20.902,38.5786],[20.9029,38.58],[20.9035,38.581],[20.9041,38.582],[20.905,38.5833],[20.906,38.5846],[20.907,38.5859],[20.9077,38.587],[20.9082,38.588],[20.909,38.5896],[20.9096,38.591],[20.9101,38.592],[20.9109,38.594],[20.9113,38.595],[20.9118,38.597],[20.9118,38.599],[20.911,38.6002],[20.909,38.601],[20.908,38.6011],[20.906,38.6011],[20.905,38.6007],[20.9036,38.6],[20.9025,38.599],[20.9016,38.598],[20.901,38.597],[20.9,38.5952],[20.8994,38.594],[20.8988,38.593],[20.898,38.5916],[20.897,38.5901],[20.8963,38.589],[20.8957,38.588],[20.895,38.5868],[20.894,38.5853],[20.893,38.5841],[20.892,38.583],[20.8911,38.582],[20.8902,38.581],[20.8893,38.58],[20.8883,38.579],[20.8874,38.578],[20.8866,38.577],[20.8858,38.576],[20.885,38.575],[20.884,38.5738],[20.883,38.5728],[20.8819,38.572],[20.8801,38.571],[20.879,38.5704],[20.878,38.5699],[20.8764,38.569],[20.875,38.5684],[20.8733,38.568],[20.872,38.568],[20.87,38.568],[20.868,38.5679],[20.866,38.567],[20.8658,38.566],[20.866,38.5645],[20.8662,38.563],[20.866,38.562],[20.8655,38.56],[20.865,38.558],[20.8646,38.557],[20.864,38.5555],[20.8633,38.554],[20.8628,38.553],[20.862,38.5511],[20.8615,38.55],[20.861,38.5489],[20.8601,38.547],[20.8595,38.546],[20.8587,38.545],[20.8573,38.544],[20.8562,38.544],[20.855,38.5447],[20.854,38.546],[20.8534,38.547],[20.8528,38.548],[20.852,38.5495],[20.851,38.551],[20.85,38.5519],[20.849,38.5528],[20.848,38.5538],[20.847,38.555],[20.8463,38.556],[20.8456,38.557],[20.8449,38.558],[20.844,38.5594],[20.843,38.5608],[20.8422,38.562],[20.8415,38.563],[20.8408,38.564],[20.84,38.5651],[20.839,38.5665],[20.838,38.5676],[20.837,38.5686],[20.836,38.5696],[20.835,38.5708],[20.8341,38.572],[20.8335,38.573],[20.833,38.5747],[20.833,38.5753],[20.834,38.5768],[20.835,38.5772],[20.837,38.5775],[20.839,38.5775],[20.841,38.5773],[20.8429,38.577],[20.844,38.5768],[20.846,38.5766],[20.848,38.5766],[20.85,38.5768],[20.852,38.5768],[20.854,38.5764],[20.856,38.5765],[20.857,38.578],[20.8566,38.58],[20.856,38.582],[20.856,38.583],[20.8562,38.584],[20.857,38.5859],[20.8575,38.587],[20.858,38.5886],[20.8584,38.59],[20.859,38.5917],[20.8594,38.593],[20.86,38.595],[20.8603,38.596],[20.8607,38.598],[20.861,38.5997],[20.8614,38.601],[20.862,38.6026],[20.8627,38.604],[20.8632,38.605],[20.864,38.6066],[20.8646,38.608],[20.8651,38.609],[20.866,38.6106],[20.8668,38.612],[20.8673,38.613],[20.868,38.6144],[20.8689,38.616],[20.8694,38.617],[20.87,38.6181],[20.871,38.62],[20.8716,38.621],[20.8721,38.622],[20.873,38.6238],[20.8736,38.625],[20.8741,38.626],[20.875,38.6277],[20.8756,38.629],[20.876,38.6305],[20.8763,38.632],[20.877,38.6331],[20.878,38.634],[20.8793,38.635],[20.8805,38.636],[20.8815,38.637],[20.8822,38.638],[20.883,38.6393],[20.884,38.6408],[20.8848,38.642],[20.8856,38.643],[20.8864,38.644],[20.8874,38.645],[20.8885,38.646],[20.8896,38.647],[20.8906,38.648],[20.8916,38.649],[20.8927,38.65],[20.8938,38.651],[20.895,38.652],[20.896,38.6529],[20.8968,38.654],[20.8975,38.655],[20.8984,38.656],[20.8996,38.657],[20.901,38.6575],[20.903,38.6576],[20.905,38.6578],[20.906,38.6581],[20.908,38.6586],[20.91,38.6589],[20.912,38.659],[20.913,38.6591],[20.915,38.6594],[20.9165,38.66],[20.916,38.661],[20.915,38.6621],[20.914,38.6631],[20.9129,38.664],[20.9114,38.665],[20.9101,38.666],[20.9092,38.667],[20.9083,38.668],[20.9074,38.669],[20.9066,38.67],[20.9058,38.671],[20.905,38.6723],[20.9042,38.674],[20.9038,38.675],[20.903,38.6767],[20.9022,38.678],[20.9016,38.679],[20.9009,38.68],[20.9,38.6812],[20.899,38.6827],[20.8981,38.684],[20.8975,38.685],[20.8968,38.686],[20.896,38.6874],[20.8952,38.689],[20.8946,38.69],[20.894,38.6911],[20.893,38.693],[20.8925,38.694],[20.892,38.695],[20.891,38.6969],[20.8904,38.698],[20.8899,38.699],[20.889,38.7003],[20.888,38.7019],[20.8874,38.703],[20.8869,38.704],[20.8862,38.706],[20.886,38.707],[20.8857,38.709],[20.8856,38.711],[20.8856,38.713],[20.8856,38.715],[20.8857,38.717],[20.8856,38.719],[20.8855,38.721],[20.8851,38.723],[20.8848,38.724],[20.8842,38.726],[20.8837,38.727],[20.883,38.7287],[20.8826,38.73],[20.8821,38.732],[20.8817,38.733],[20.881,38.7346],[20.8801,38.736],[20.8794,38.737],[20.8787,38.738],[20.878,38.7391],[20.877,38.7408],[20.8761,38.742],[20.875,38.743],[20.874,38.7439],[20.873,38.7448],[20.872,38.7457],[20.871,38.7466],[20.87,38.7476],[20.869,38.7487],[20.8684,38.75]]}},{"type":"Feature","properties":{"depth_m":50,"closed":false},"geometry":{"type":"LineString","coordinates":[[20.824,38.6994],[20.822,38.6998],[20.8214,38.701],[20.822,38.703],[20.823,38.7034],[20.8247,38.703],[20.8253,38.702],[20.825,38.7002],[20.824,38.6994]]}},{"type":"Feature","properties":{"depth_m":50,"closed":false},"geometry":{"type":"LineString","coordinates":[[20.716,38.5327],[20.714,38.5325],[20.712,38.5326],[20.71,38.533],[20.709,38.5333],[20.7071,38.534],[20.706,38.5345],[20.7048,38.535],[20.703,38.5359],[20.702,38.5364],[20.701,38.537],[20.6996,38.538],[20.6983,38.539],[20.6971,38.54],[20.6961,38.541],[20.6953,38.542],[20.6946,38.543],[20.694,38.5442],[20.6932,38.546],[20.6929,38.547],[20.6922,38.549],[20.692,38.55],[20.6917,38.552],[20.6915,38.554],[20.6912,38.556],[20.6909,38.557],[20.6905,38.559],[20.6903,38.561],[20.6903,38.563],[20.6904,38.565],[20.6909,38.567],[20.6914,38.568],[20.6922,38.569],[20.6936,38.57],[20.695,38.5707],[20.696,38.5711],[20.698,38.5716],[20.6997,38.572],[20.701,38.5723],[20.703,38.5727],[20.7048,38.573],[20.706,38.5731],[20.708,38.5733],[20.71,38.5732],[20.712,38.573],[20.713,38.5729],[20.715,38.5724],[20.7162,38.572],[20.718,38.5713],[20.719,38.5708],[20.7203,38.57],[20.7218,38.569],[20.723,38.5681],[20.724,38.5673],[20.725,38.5665],[20.726,38.5652],[20.7266,38.564],[20.727,38.5629],[20.7274,38.561],[20.7276,38.559],[20.7277,38.557],[20.7275,38.555],[20.7271,38.553],[20.7269,38.552],[20.7265,38.55],[20.7264,38.548],[20.7264,38.546],[20.7264,38.544],[20.726,38.5421],[20.7255,38.541],[20.7248,38.54],[20.7239,38.539],[20.723,38.5379],[20.722,38.5368],[20.721,38.5358],[20.72,38.5348],[20.7189,38.534],[20.717,38.533],[20.716,38.5327]]}},{"type":"Feature","properties":{"depth_m":50,"closed":false},"geometry":{"type":"LineString","coordinates":[[20.545,38.5237],[20.543,38.5235],[20.542,38.5243],[20.5416,38.526],[20.5429,38.527],[20.544,38.527],[20.545,38.5264],[20.5457,38.525],[20.545,38.5237]]}},{"type":"Feature","properties":{"depth_m":50,"closed":false},"geometry":{"type":"LineString","coordinates":[[20.729,38.2948],[20.727,38.2946],[20.725,38.2944],[20.723,38.2947],[20.7218,38.295],[20.72,38.2955],[20.7184,38.296],[20.717,38.2964],[20.7154,38.297],[20.714,38.2975],[20.7125,38.298],[20.711,38.2986],[20.7099,38.299],[20.708,38.2998],[20.707,38.3002],[20.7054,38.301],[20.704,38.3018],[20.703,38.3024],[20.7019,38.303],[20.7,38.3039],[20.699,38.3043],[20.6974,38.305],[20.696,38.3057],[20.695,38.3062],[20.6939,38.307],[20.6929,38.308],[20.692,38.3094],[20.6913,38.311],[20.6909,38.312],[20.69,38.314],[20.6895,38.315],[20.6889,38.316],[20.688,38.3173],[20.687,38.3187],[20.6861,38.32],[20.6855,38.321],[20.6849,38.322],[20.684,38.3236],[20.6831,38.325],[20.6825,38.326],[20.6819,38.327],[20.681,38.3287],[20.6804,38.33],[20.68,38.3313],[20.6795,38.333],[20.6791,38.335],[20.6789,38.336],[20.6785,38.338],[20.678,38.3398],[20.6774,38.341],[20.6766,38.342],[20.6756,38.343],[20.6746,38.344],[20.6736,38.345],[20.6726,38.346],[20.6716,38.347],[20.6706,38.348],[20.6696,38.349],[20.6686,38.35],[20.6677,38.351],[20.6669,38.352],[20.666,38.3531],[20.665,38.3544],[20.664,38.3557],[20.663,38.357],[20.6623,38.358],[20.6617,38.359],[20.661,38.3604],[20.6605,38.362],[20.6601,38.364],[20.6599,38.365],[20.6597,38.367],[20.6595,38.369],[20.6591,38.371],[20.6588,38.372],[20.6583,38.374],[20.658,38.375],[20.6573,38.377],[20.6569,38.378],[20.6561,38.38],[20.6555,38.381],[20.6549,38.382],[20.654,38.3832],[20.653,38.3845],[20.6521,38.386],[20.6517,38.387],[20.651,38.3888],[20.6504,38.39],[20.6499,38.391],[20.649,38.3928],[20.6485,38.394],[20.648,38.395],[20.647,38.397],[20.6465,38.398],[20.646,38.3991],[20.6451,38.401],[20.6446,38.402],[20.644,38.4032],[20.6433,38.405],[20.6429,38.406],[20.6421,38.408],[20.6416,38.409],[20.641,38.4103],[20.6401,38.412],[20.6395,38.413],[20.6388,38.414],[20.638,38.415],[20.637,38.4164],[20.6363,38.418],[20.6359,38.419],[20.6353,38.421],[20.635,38.4221],[20.6346,38.424],[20.6341,38.426],[20.6337,38.427],[20.633,38.4285],[20.6321,38.43],[20.6312,38.431],[20.6303,38.432],[20.6293,38.433],[20.6284,38.434],[20.6275,38.435],[20.6267,38.436],[20.626,38.4372],[20.625,38.439],[20.6244,38.44],[20.6239,38.441],[20.6231,38.443],[20.6227,38.444],[20.622,38.4456],[20.6212,38.447],[20.6206,38.448],[20.6198,38.449],[20.619,38.45],[20.618,38.4511],[20.617,38.4524],[20.616,38.4536],[20.615,38.4548],[20.6141,38.456],[20.6134,38.457],[20.6127,38.458],[20.612,38.4592],[20.6111,38.461],[20.6107,38.462],[20.6101,38.464],[20.6099,38.465],[20.6095,38.467],[20.6093,38.469],[20.6092,38.471],[20.6091,38.473],[20.6092,38.475],[20.6097,38.477],[20.61,38.478],[20.611,38.4799],[20.6119,38.481],[20.613,38.482],[20.614,38.4827],[20.615,38.4833],[20.6164,38.484],[20.618,38.4845],[20.62,38.4849],[20.621,38.4851],[20.623,38.4855],[20.6247,38.486],[20.626,38.4862],[20.6273,38.486],[20.629,38.4856],[20.631,38.4854],[20.633,38.4855],[20.635,38.4857],[20.6368,38.486],[20.6379,38.487],[20.6382,38.488],[20.6387,38.49],[20.639,38.4912],[20.6395,38.493],[20.6399,38.495],[20.6399,38.497],[20.64,38.499],[20.6402,38.5],[20.641,38.5017],[20.6416,38.503],[20.6421,38.504],[20.643,38.5053],[20.644,38.5063],[20.6451,38.507],[20.647,38.5077],[20.649,38.5079],[20.651,38.5077],[20.653,38.5075],[20.655,38.5074],[20.657,38.5072],[20.6582,38.507],[20.66,38.5065],[20.6614,38.506],[20.663,38.5054],[20.6641,38.505],[20.666,38.5042],[20.667,38.5038],[20.6686,38.503],[20.67,38.5023],[20.671,38.5017],[20.6721,38.501],[20.674,38.5],[20.675,38.4996],[20.6766,38.499],[20.678,38.4984],[20.679,38.4979],[20.6803,38.497],[20.6813,38.496],[20.6821,38.495],[20.683,38.4933],[20.6835,38.492],[20.6839,38.49],[20.684,38.4888],[20.6841,38.487],[20.684,38.4851],[20.6839,38.484],[20.6836,38.482],[20.6834,38.48],[20.6836,38.478],[20.6839,38.476],[20.6845,38.475],[20.686,38.4743],[20.687,38.474],[20.689,38.4732],[20.69,38.4725],[20.691,38.4716],[20.692,38.4705],[20.693,38.4693],[20.6939,38.468],[20.6946,38.467],[20.6954,38.466],[20.6963,38.465],[20.6971,38.464],[20.698,38.4626],[20.699,38.4611],[20.7,38.46],[20.701,38.4591],[20.702,38.4581],[20.7029,38.457],[20.7036,38.456],[20.7042,38.455],[20.705,38.4537],[20.706,38.4524],[20.707,38.4511],[20.7078,38.45],[20.7083,38.449],[20.709,38.4477],[20.7099,38.446],[20.7106,38.445],[20.7114,38.444],[20.7123,38.443],[20.7132,38.442],[20.714,38.4408],[20.7147,38.439],[20.715,38.437],[20.7151,38.436],[20.715,38.434],[20.7149,38.433],[20.7143,38.431],[20.7138,38.43],[20.713,38.4287],[20.712,38.4274],[20.7111,38.426],[20.7106,38.425],[20.71,38.4235],[20.7093,38.422],[20.7087,38.421],[20.708,38.4195],[20.7074,38.418],[20.707,38.417],[20.7062,38.415],[20.7057,38.414],[20.705,38.4126],[20.704,38.4113],[20.703,38.4104],[20.702,38.4096],[20.701,38.4088],[20.7,38.4078],[20.699,38.4065],[20.6981,38.405],[20.6976,38.404],[20.697,38.403],[20.696,38.4015],[20.695,38.4002],[20.694,38.399],[20.6933,38.398],[20.6926,38.397],[20.692,38.3957],[20.6914,38.394],[20.6911,38.392],[20.6909,38.391],[20.6905,38.389],[20.6901,38.387],[20.6899,38.386],[20.689,38.3842],[20.6881,38.383],[20.6874,38.382],[20.6869,38.381],[20.687,38.38],[20.6886,38.379],[20.69,38.3789],[20.6912,38.379],[20.693,38.3796],[20.694,38.3803],[20.695,38.3814],[20.6959,38.383],[20.6963,38.384],[20.697,38.3854],[20.6978,38.387],[20.6984,38.388],[20.6992,38.389],[20.7006,38.39],[20.702,38.3906],[20.7034,38.391],[20.705,38.3913],[20.707,38.3918],[20.708,38.3923],[20.709,38.393],[20.71,38.3941],[20.711,38.3951],[20.7124,38.396],[20.714,38.3967],[20.715,38.397],[20.717,38.3975],[20.719,38.3977],[20.721,38.3977],[20.723,38.3976],[20.725,38.3974],[20.727,38.3971],[20.728,38.397],[20.73,38.3965],[20.732,38.3961],[20.733,38.3959],[20.735,38.3955],[20.737,38.3951],[20.738,38.3948],[20.74,38.3941],[20.741,38.3934],[20.742,38.3926],[20.743,38.3915],[20.744,38.3906],[20.745,38.3898],[20.746,38.3889],[20.747,38.3878],[20.748,38.3862],[20.7488,38.385],[20.7494,38.384],[20.75,38.3827],[20.7507,38.381],[20.7512,38.38],[20.752,38.3784],[20.7529,38.377],[20.7535,38.376],[20.7541,38.375],[20.755,38.3737],[20.756,38.3724],[20.757,38.3713],[20.758,38.3703],[20.759,38.369],[20.7595,38.368],[20.76,38.3667],[20.7602,38.365],[20.76,38.3634],[20.7596,38.362],[20.759,38.361],[20.758,38.36],[20.7566,38.359],[20.7552,38.358],[20.7542,38.357],[20.7537,38.356],[20.7533,38.354],[20.7533,38.352],[20.7531,38.35],[20.753,38.3482],[20.753,38.347],[20.753,38.346],[20.7537,38.344],[20.7541,38.343],[20.755,38.341],[20.7554,38.34],[20.756,38.3386],[20.7566,38.337],[20.757,38.3354],[20.7574,38.334],[20.758,38.3326],[20.759,38.3312],[20.76,38.3303],[20.761,38.3297],[20.763,38.329],[20.764,38.3286],[20.7651,38.328],[20.7668,38.327],[20.768,38.3262],[20.769,38.3254],[20.77,38.3243],[20.7708,38.323],[20.7712,38.322],[20.7714,38.32],[20.771,38.3181],[20.7704,38.317],[20.7696,38.316],[20.7684,38.315],[20.7671,38.314],[20.766,38.3133],[20.765,38.3127],[20.7639,38.312],[20.762,38.3111],[20.761,38.3106],[20.76,38.31],[20.7586,38.309],[20.7572,38.308],[20.756,38.3072],[20.755,38.3066],[20.7538,38.306],[20.752,38.3052],[20.751,38.3048],[20.7494,38.304],[20.748,38.3031],[20.747,38.3024],[20.746,38.3016],[20.745,38.3008],[20.7439,38.3],[20.7423,38.299],[20.741,38.2984],[20.74,38.298],[20.738,38.2975],[20.736,38.2971],[20.735,38.2968],[20.733,38.2962],[20.732,38.2958],[20.73,38.2951],[20.729,38.2948]]}},{"type":"Feature","properties":{"depth_m":50,"closed":false},"geometry":{"type":"LineString","coordinates":[[20.809,38.4699],[20.807,38.4694],[20.805,38.4691],[20.803,38.4692],[20.801,38.4698],[20.8,38.4703],[20.7988,38.471],[20.797,38.4718],[20.796,38.4722],[20.7944,38.473],[20.7932,38.474],[20.7924,38.475],[20.7918,38.476],[20.7913,38.478],[20.7912,38.48],[20.7914,38.482],[20.7918,38.484],[20.7921,38.485],[20.793,38.4868],[20.7937,38.488],[20.7945,38.489],[20.7954,38.49],[20.7966,38.491],[20.7979,38.492],[20.799,38.493],[20.8,38.4939],[20.801,38.495],[20.802,38.496],[20.8029,38.497],[20.8038,38.498],[20.8048,38.499],[20.8057,38.5],[20.8067,38.501],[20.8076,38.502],[20.8086,38.503],[20.8095,38.504],[20.8106,38.505],[20.8119,38.506],[20.813,38.5065],[20.8142,38.507],[20.816,38.5075],[20.818,38.5077],[20.82,38.5076],[20.822,38.5073],[20.823,38.507],[20.825,38.5062],[20.826,38.5056],[20.827,38.5046],[20.828,38.503],[20.8284,38.502],[20.829,38.5002],[20.8292,38.499],[20.8294,38.497],[20.8295,38.495],[20.8294,38.493],[20.8294,38.491],[20.8294,38.489],[20.8293,38.487],[20.8291,38.485],[20.8289,38.484],[20.8287,38.482],[20.8283,38.48],[20.8279,38.479],[20.827,38.4773],[20.826,38.476],[20.825,38.4751],[20.824,38.4743],[20.823,38.4737],[20.8216,38.473],[20.82,38.4724],[20.819,38.472],[20.817,38.4714],[20.8151,38.471],[20.814,38.4708],[20.812,38.4706],[20.81,38.4702],[20.809,38.4699]]}},{"type":"Feature","properties":{"depth_m":50,"closed":false},"geometry":{"type":"LineString","coordinates":[[20.73,38.0209],[20.728,38.0207],[20.726,38.0207],[20.7241,38.021],[20.723,38.0213],[20.721,38.0217],[20.7198,38.022],[20.718,38.0225],[20.716,38.023],[20.715,38.0233],[20.713,38.0238],[20.712,38.024],[20.71,38.0246],[20.708,38.025],[20.707,38.0252],[20.705,38.0256],[20.703,38.026],[20.702,38.0261],[20.7,38.0261],[20.698,38.0262],[20.696,38.0267],[20.695,38.027],[20.693,38.0277],[20.692,38.028],[20.6901,38.029],[20.689,38.0298],[20.688,38.0305],[20.687,38.0313],[20.686,38.0324],[20.6851,38.034],[20.6847,38.035],[20.6844,38.037],[20.6844,38.039],[20.6842,38.041],[20.6839,38.042],[20.6834,38.044],[20.683,38.0454],[20.6823,38.047],[20.6814,38.048],[20.6802,38.049],[20.679,38.0499],[20.678,38.0506],[20.677,38.0512],[20.6755,38.052],[20.674,38.0528],[20.673,38.0533],[20.672,38.0541],[20.6709,38.055],[20.6699,38.056],[20.669,38.057],[20.668,38.058],[20.667,38.059],[20.666,38.0601],[20.665,38.061],[20.663,38.0618],[20.661,38.0618],[20.659,38.0617],[20.657,38.0615],[20.655,38.0614],[20.653,38.0612],[20.6517,38.061],[20.65,38.0606],[20.648,38.0601],[20.647,38.0598],[20.645,38.059],[20.644,38.0585],[20.643,38.058],[20.6413,38.057],[20.64,38.0561],[20.639,38.0554],[20.638,38.0548],[20.6368,38.054],[20.6356,38.053],[20.6346,38.052],[20.6339,38.051],[20.633,38.0498],[20.632,38.0484],[20.631,38.047],[20.6302,38.046],[20.6294,38.045],[20.6283,38.044],[20.627,38.043],[20.626,38.0425],[20.6243,38.042],[20.623,38.0418],[20.621,38.0418],[20.619,38.0418],[20.6175,38.042],[20.616,38.0424],[20.614,38.043],[20.613,38.0433],[20.6111,38.044],[20.61,38.0447],[20.609,38.0456],[20.608,38.0469],[20.6072,38.048],[20.6065,38.049],[20.6059,38.05],[20.605,38.0519],[20.6046,38.053],[20.604,38.0549],[20.6037,38.056],[20.6031,38.058],[20.6029,38.059],[20.6023,38.061],[20.602,38.0622],[20.6015,38.064],[20.601,38.0657],[20.6005,38.067],[20.6,38.0681],[20.599,38.0693],[20.598,38.0701],[20.596,38.0709],[20.595,38.0711],[20.593,38.0711],[20.592,38.0709],[20.59,38.0703],[20.589,38.07],[20.587,38.0691],[20.586,38.0685],[20.585,38.0677],[20.584,38.0668],[20.583,38.0657],[20.582,38.0643],[20.5813,38.063],[20.5809,38.062],[20.58,38.06],[20.5794,38.059],[20.5784,38.058],[20.577,38.0575],[20.5752,38.058],[20.574,38.0588],[20.573,38.0595],[20.572,38.0602],[20.5707,38.061],[20.569,38.062],[20.568,38.0625],[20.5668,38.063],[20.565,38.0636],[20.563,38.064],[20.562,38.0641],[20.56,38.0644],[20.558,38.0648],[20.5566,38.065],[20.555,38.0653],[20.553,38.0657],[20.5515,38.066],[20.55,38.0662],[20.548,38.0666],[20.546,38.067],[20.545,38.0672],[20.543,38.0678],[20.542,38.0681],[20.54,38.069],[20.539,38.0695],[20.537,38.0699],[20.536,38.0701],[20.534,38.0707],[20.533,38.0711],[20.531,38.0718],[20.53,38.0721],[20.528,38.0729],[20.527,38.0733],[20.525,38.0739],[20.524,38.0743],[20.522,38.075],[20.521,38.0755],[20.5199,38.076],[20.518,38.077],[20.517,38.0775],[20.516,38.0781],[20.514,38.079],[20.513,38.0794],[20.5115,38.08],[20.51,38.0808],[20.509,38.0814],[20.5078,38.082],[20.506,38.0829],[20.505,38.0834],[20.5038,38.084],[20.5021,38.085],[20.501,38.0857],[20.5,38.0865],[20.499,38.0875],[20.498,38.0885],[20.497,38.0896],[20.496,38.0905],[20.495,38.0915],[20.494,38.0924],[20.493,38.0933],[20.492,38.0941],[20.491,38.095],[20.4898,38.096],[20.4885,38.097],[20.4871,38.098],[20.486,38.0987],[20.485,38.0993],[20.484,38.1001],[20.4828,38.101],[20.4812,38.102],[20.48,38.1027],[20.479,38.1031],[20.477,38.1037],[20.475,38.104],[20.474,38.104],[20.472,38.1041],[20.47,38.1042],[20.468,38.1044],[20.4661,38.105],[20.465,38.1056],[20.464,38.1063],[20.4626,38.107],[20.461,38.1077],[20.46,38.1081],[20.4582,38.109],[20.457,38.1098],[20.456,38.1104],[20.4547,38.111],[20.453,38.1117],[20.452,38.1121],[20.4503,38.113],[20.449,38.1135],[20.447,38.1134],[20.445,38.1135],[20.444,38.114],[20.4427,38.115],[20.441,38.1155],[20.439,38.1158],[20.438,38.1161],[20.436,38.1163],[20.434,38.116],[20.433,38.1158],[20.431,38.1154],[20.429,38.1151],[20.428,38.1149],[20.426,38.1146],[20.424,38.1143],[20.422,38.1142],[20.42,38.1143],[20.418,38.1146],[20.4167,38.115],[20.415,38.1159],[20.414,38.1166],[20.413,38.1171],[20.411,38.118],[20.41,38.1184],[20.409,38.119],[20.4072,38.12],[20.406,38.1204],[20.404,38.1204],[20.402,38.1204],[20.4,38.1209],[20.399,38.1214],[20.3977,38.122],[20.396,38.1228],[20.395,38.1232],[20.3934,38.124],[20.392,38.1249],[20.391,38.1259],[20.3901,38.127],[20.3894,38.128],[20.3885,38.129],[20.3876,38.13],[20.3865,38.131],[20.3855,38.132],[20.3846,38.133],[20.3837,38.134],[20.383,38.1352],[20.3823,38.137],[20.3819,38.138],[20.3808,38.139],[20.3791,38.14],[20.378,38.1408],[20.377,38.1416],[20.376,38.1425],[20.375,38.1435],[20.374,38.1445],[20.373,38.1456],[20.372,38.1469],[20.371,38.148],[20.37,38.149],[20.3691,38.15],[20.3683,38.151],[20.3676,38.152],[20.3668,38.153],[20.366,38.1544],[20.365,38.1557],[20.364,38.1565],[20.3623,38.157],[20.361,38.1572],[20.359,38.1576],[20.358,38.1581],[20.3568,38.159],[20.3554,38.16],[20.3541,38.161],[20.353,38.162],[20.3521,38.163],[20.3512,38.164],[20.35,38.1649],[20.349,38.1654],[20.347,38.166],[20.346,38.1661],[20.344,38.1666],[20.3425,38.167],[20.341,38.1675],[20.34,38.168],[20.338,38.169],[20.337,38.1695],[20.3359,38.17],[20.334,38.1708],[20.333,38.1714],[20.3323,38.173],[20.333,38.174],[20.334,38.1753],[20.3345,38.177],[20.3343,38.179],[20.334,38.18],[20.3333,38.182],[20.333,38.1832],[20.3327,38.185],[20.3325,38.187],[20.3324,38.189],[20.3324,38.191],[20.333,38.1925],[20.334,38.1939],[20.3347,38.195],[20.3349,38.197],[20.3341,38.199],[20.3341,38.201],[20.335,38.2029],[20.3365,38.203],[20.338,38.2038],[20.339,38.2046],[20.34,38.2054],[20.341,38.2063],[20.342,38.2073],[20.343,38.2084],[20.344,38.21],[20.3444,38.211],[20.345,38.2123],[20.3458,38.214],[20.3463,38.215],[20.347,38.2166],[20.3477,38.218],[20.3483,38.219],[20.349,38.22],[20.35,38.2215],[20.3508,38.223],[20.3513,38.224],[20.3518,38.226],[20.3519,38.228],[20.3518,38.23],[20.3516,38.232],[20.3515,38.234],[20.3515,38.236],[20.3515,38.238],[20.3513,38.24],[20.3512,38.242],[20.3511,38.244],[20.351,38.245],[20.3505,38.247],[20.35,38.248],[20.3491,38.25],[20.3489,38.251],[20.349,38.2526],[20.3492,38.254],[20.3499,38.256],[20.3506,38.257],[20.3514,38.258],[20.3525,38.259],[20.3534,38.26],[20.354,38.2611],[20.3543,38.263],[20.3552,38.264],[20.357,38.2649],[20.358,38.2653],[20.3593,38.266],[20.361,38.2665],[20.363,38.2669],[20.364,38.2671],[20.366,38.2675],[20.368,38.2678],[20.369,38.268],[20.371,38.2688],[20.372,38.2694],[20.373,38.2701],[20.3742,38.271],[20.375,38.272],[20.376,38.2735],[20.377,38.2747],[20.378,38.2758],[20.3789,38.277],[20.3795,38.278],[20.38,38.2791],[20.3809,38.281],[20.3812,38.282],[20.3817,38.284],[20.3819,38.286],[20.382,38.288],[20.3819,38.29],[20.382,38.2915],[20.3823,38.293],[20.383,38.295],[20.3833,38.296],[20.3838,38.298],[20.384,38.299],[20.385,38.301],[20.386,38.302],[20.387,38.303],[20.3878,38.304],[20.3884,38.305],[20.389,38.307],[20.3891,38.308],[20.3893,38.31],[20.3894,38.312],[20.3897,38.314],[20.39,38.315],[20.3907,38.317],[20.3911,38.318],[20.392,38.3197],[20.3929,38.321],[20.3934,38.322],[20.394,38.3234],[20.3945,38.325],[20.395,38.3266],[20.3952,38.328],[20.3953,38.33],[20.395,38.3315],[20.3945,38.333],[20.3941,38.335],[20.3941,38.337],[20.3945,38.339],[20.395,38.3407],[20.3954,38.342],[20.3956,38.344],[20.3954,38.346],[20.3952,38.348],[20.395,38.35],[20.3952,38.352],[20.396,38.3537],[20.397,38.3547],[20.3974,38.356],[20.3983,38.357],[20.3992,38.358],[20.401,38.3589],[20.4024,38.359],[20.404,38.3594],[20.406,38.3593],[20.407,38.3589],[20.409,38.358],[20.41,38.3576],[20.412,38.3571],[20.414,38.357],[20.416,38.3573],[20.418,38.3577],[20.4192,38.358],[20.421,38.3584],[20.423,38.359],[20.424,38.3593],[20.4259,38.36],[20.427,38.3604],[20.4286,38.361],[20.43,38.3615],[20.432,38.362],[20.433,38.3621],[20.435,38.3623],[20.437,38.3624],[20.439,38.3623],[20.441,38.3621],[20.442,38.362],[20.444,38.3616],[20.4458,38.361],[20.447,38.3603],[20.448,38.3594],[20.449,38.3583],[20.45,38.3571],[20.4508,38.356],[20.4513,38.355],[20.452,38.3532],[20.4523,38.352],[20.4527,38.35],[20.4532,38.349],[20.454,38.348],[20.455,38.3466],[20.4558,38.345],[20.4562,38.344],[20.457,38.3425],[20.458,38.3416],[20.4591,38.341],[20.4609,38.34],[20.462,38.3394],[20.464,38.3391],[20.466,38.3393],[20.468,38.3395],[20.47,38.3396],[20.472,38.3396],[20.474,38.3395],[20.4755,38.339],[20.477,38.338],[20.478,38.337],[20.4787,38.336],[20.4794,38.335],[20.4801,38.334],[20.481,38.3329],[20.482,38.3319],[20.4836,38.331],[20.485,38.3308],[20.4863,38.331],[20.488,38.3314],[20.49,38.3318],[20.4915,38.332],[20.493,38.3321],[20.495,38.3325],[20.4962,38.333],[20.498,38.3338],[20.499,38.3342],[20.5007,38.335],[20.502,38.3358],[20.503,38.3367],[20.504,38.3378],[20.5049,38.339],[20.5057,38.34],[20.5065,38.341],[20.5073,38.342],[20.508,38.3434],[20.5084,38.345],[20.5081,38.347],[20.5078,38.348],[20.507,38.3498],[20.5061,38.351],[20.505,38.352],[20.504,38.3526],[20.503,38.3533],[20.502,38.354],[20.501,38.3552],[20.5001,38.357],[20.4999,38.358],[20.4997,38.36],[20.4998,38.362],[20.5,38.364],[20.5001,38.365],[20.5006,38.367],[20.501,38.3681],[20.5018,38.37],[20.5024,38.371],[20.5031,38.372],[20.504,38.3731],[20.505,38.3741],[20.506,38.3751],[20.507,38.3762],[20.508,38.3774],[20.509,38.3787],[20.5099,38.38],[20.5105,38.381],[20.511,38.3821],[20.5119,38.384],[20.5124,38.385],[20.513,38.386],[20.514,38.388],[20.5145,38.389],[20.5151,38.39],[20.516,38.3912],[20.517,38.3924],[20.518,38.3936],[20.519,38.3948],[20.5199,38.396],[20.5206,38.397],[20.5213,38.398],[20.522,38.3991],[20.523,38.4005],[20.524,38.4016],[20.525,38.4026],[20.526,38.4038],[20.5266,38.405],[20.5268,38.407],[20.5269,38.409],[20.527,38.4109],[20.5271,38.412],[20.5272,38.414],[20.5274,38.416],[20.5274,38.418],[20.5273,38.42],[20.5271,38.422],[20.527,38.423],[20.5266,38.425],[20.5266,38.427],[20.5269,38.429],[20.5272,38.43],[20.5277,38.432],[20.528,38.434],[20.528,38.435],[20.5281,38.437],[20.5284,38.439],[20.529,38.4407],[20.5295,38.442],[20.53,38.4436],[20.5305,38.445],[20.531,38.4461],[20.532,38.4479],[20.5328,38.449],[20.5336,38.45],[20.5342,38.451],[20.535,38.453],[20.5351,38.454],[20.535,38.4558],[20.5347,38.457],[20.5341,38.459],[20.5339,38.46],[20.5336,38.462],[20.5332,38.464],[20.533,38.465],[20.5326,38.467],[20.5328,38.469],[20.533,38.4703],[20.5336,38.472],[20.5342,38.473],[20.535,38.4741],[20.536,38.475],[20.5379,38.476],[20.539,38.4763],[20.541,38.4768],[20.5425,38.477],[20.544,38.4773],[20.546,38.4776],[20.548,38.4777],[20.55,38.4775],[20.552,38.477],[20.553,38.4767],[20.555,38.4766],[20.557,38.4769],[20.558,38.477],[20.56,38.4772],[20.562,38.4773],[20.564,38.4773],[20.566,38.4772],[20.568,38.477],[20.569,38.4769],[20.571,38.4762],[20.572,38.4754],[20.573,38.4746],[20.5742,38.474],[20.576,38.473],[20.577,38.4721],[20.578,38.4714],[20.579,38.471],[20.581,38.47],[20.582,38.4691],[20.5826,38.468],[20.583,38.467],[20.584,38.465],[20.5844,38.464],[20.585,38.462],[20.585,38.461],[20.5851,38.459],[20.5852,38.457],[20.586,38.4552],[20.5868,38.454],[20.5876,38.453],[20.5882,38.452],[20.589,38.4506],[20.5896,38.449],[20.59,38.4475],[20.5903,38.446],[20.5906,38.444],[20.591,38.4423],[20.5915,38.441],[20.592,38.4399],[20.593,38.438],[20.5934,38.437],[20.594,38.4358],[20.595,38.4347],[20.597,38.434],[20.598,38.4339],[20.5998,38.433],[20.6007,38.432],[20.6008,38.43],[20.6,38.4287],[20.5994,38.427],[20.5993,38.425],[20.6,38.4233],[20.6006,38.422],[20.6011,38.421],[20.602,38.419],[20.6023,38.418],[20.603,38.416],[20.6034,38.415],[20.604,38.4133],[20.6045,38.412],[20.605,38.411],[20.606,38.4097],[20.607,38.4087],[20.608,38.4078],[20.609,38.407],[20.6105,38.406],[20.612,38.405],[20.613,38.4043],[20.614,38.4032],[20.6148,38.402],[20.6153,38.401],[20.6159,38.399],[20.6162,38.398],[20.6168,38.396],[20.6171,38.395],[20.6177,38.393],[20.618,38.3919],[20.6187,38.39],[20.619,38.389],[20.6196,38.387],[20.62,38.386],[20.6209,38.384],[20.6213,38.383],[20.622,38.3816],[20.6227,38.38],[20.6231,38.379],[20.6236,38.377],[20.6239,38.375],[20.6241,38.374],[20.6246,38.372],[20.625,38.3704],[20.6254,38.369],[20.626,38.3674],[20.6265,38.366],[20.627,38.3646],[20.6274,38.363],[20.6278,38.361],[20.6281,38.36],[20.6286,38.358],[20.629,38.3565],[20.6295,38.355],[20.63,38.3533],[20.6304,38.352],[20.6308,38.35],[20.6311,38.349],[20.6316,38.347],[20.632,38.3455],[20.6324,38.344],[20.6327,38.342],[20.633,38.3403],[20.6332,38.339],[20.6336,38.337],[20.634,38.3354],[20.6344,38.334],[20.635,38.3324],[20.6357,38.331],[20.6362,38.33],[20.637,38.3284],[20.6377,38.327],[20.6381,38.326],[20.6389,38.324],[20.6392,38.323],[20.6396,38.321],[20.6395,38.319],[20.639,38.3176],[20.638,38.3164],[20.637,38.3156],[20.636,38.3147],[20.635,38.3135],[20.6342,38.312],[20.6336,38.311],[20.633,38.3099],[20.632,38.3084],[20.631,38.307],[20.6303,38.306],[20.6295,38.305],[20.6287,38.304],[20.6279,38.303],[20.627,38.3018],[20.626,38.3004],[20.6252,38.299],[20.6248,38.298],[20.624,38.296],[20.6237,38.295],[20.6235,38.293],[20.6236,38.291],[20.624,38.2891],[20.6242,38.288],[20.6248,38.286],[20.6251,38.285],[20.626,38.2831],[20.6266,38.282],[20.6271,38.281],[20.628,38.2796],[20.629,38.278],[20.6296,38.277],[20.6303,38.276],[20.631,38.275],[20.632,38.2737],[20.633,38.2728],[20.6342,38.272],[20.6357,38.271],[20.6367,38.27],[20.6375,38.269],[20.6388,38.268],[20.64,38.2675],[20.642,38.2674],[20.6437,38.268],[20.645,38.2684],[20.6467,38.269],[20.648,38.2695],[20.649,38.2701],[20.6501,38.271],[20.651,38.2722],[20.652,38.274],[20.6526,38.275],[20.6534,38.276],[20.6544,38.277],[20.6554,38.278],[20.6564,38.279],[20.6574,38.28],[20.6584,38.281],[20.6596,38.282],[20.661,38.2829],[20.662,38.2834],[20.6633,38.284],[20.665,38.285],[20.666,38.2859],[20.667,38.287],[20.6678,38.288],[20.6687,38.289],[20.67,38.2899],[20.671,38.2902],[20.673,38.2904],[20.6748,38.29],[20.676,38.2895],[20.6772,38.289],[20.6788,38.288],[20.68,38.2871],[20.681,38.2864],[20.682,38.2858],[20.6836,38.285],[20.685,38.2844],[20.686,38.284],[20.688,38.2833],[20.689,38.2828],[20.6901,38.282],[20.6912,38.281],[20.6921,38.28],[20.693,38.2789],[20.694,38.2772],[20.6946,38.276],[20.6951,38.275],[20.696,38.2736],[20.697,38.2726],[20.698,38.2717],[20.699,38.2706],[20.7,38.2696],[20.701,38.2688],[20.7021,38.268],[20.703,38.267],[20.704,38.265],[20.7043,38.264],[20.705,38.2621],[20.7054,38.261],[20.706,38.2592],[20.7064,38.258],[20.7069,38.256],[20.7071,38.255],[20.708,38.2531],[20.7087,38.252],[20.7094,38.251],[20.7103,38.25],[20.7118,38.249],[20.713,38.2482],[20.714,38.2474],[20.715,38.2464],[20.716,38.2452],[20.7169,38.244],[20.7177,38.243],[20.7183,38.242],[20.719,38.241],[20.72,38.239],[20.7203,38.238],[20.7207,38.236],[20.7207,38.234],[20.721,38.232],[20.7214,38.231],[20.722,38.23],[20.723,38.2287],[20.724,38.2273],[20.725,38.2261],[20.7258,38.225],[20.7266,38.224],[20.7274,38.223],[20.7281,38.222],[20.729,38.221],[20.73,38.22],[20.731,38.219],[20.7321,38.218],[20.7332,38.217],[20.7344,38.216],[20.7356,38.215],[20.7367,38.214],[20.7377,38.213],[20.7386,38.212],[20.7395,38.211],[20.7404,38.21],[20.7414,38.209],[20.7423,38.208],[20.7432,38.207],[20.744,38.2059],[20.745,38.2046],[20.746,38.2035],[20.747,38.2026],[20.748,38.2017],[20.749,38.2008],[20.75,38.1998],[20.751,38.1987],[20.752,38.1977],[20.753,38.1967],[20.754,38.1957],[20.755,38.1948],[20.756,38.1938],[20.757,38.1928],[20.758,38.1917],[20.759,38.1906],[20.76,38.1896],[20.761,38.1886],[20.762,38.1876],[20.763,38.1864],[20.764,38.1852],[20.765,38.184],[20.7658,38.183],[20.7666,38.182],[20.7676,38.181],[20.7687,38.18],[20.7699,38.179],[20.771,38.178],[20.772,38.1771],[20.773,38.1763],[20.774,38.1755],[20.775,38.1746],[20.776,38.1736],[20.777,38.1725],[20.778,38.1714],[20.779,38.1701],[20.7797,38.169],[20.7803,38.168],[20.7811,38.167],[20.7822,38.166],[20.7836,38.165],[20.785,38.164],[20.786,38.1635],[20.787,38.1629],[20.7889,38.162],[20.79,38.1613],[20.791,38.1604],[20.792,38.1593],[20.793,38.158],[20.7937,38.157],[20.7942,38.156],[20.795,38.1542],[20.7955,38.153],[20.796,38.1519],[20.7967,38.15],[20.797,38.149],[20.7976,38.147],[20.798,38.1459],[20.7989,38.144],[20.7997,38.143],[20.8007,38.142],[20.8019,38.141],[20.8029,38.14],[20.8036,38.139],[20.8042,38.138],[20.805,38.1366],[20.8059,38.135],[20.8065,38.134],[20.8072,38.133],[20.808,38.1318],[20.809,38.1305],[20.81,38.1293],[20.811,38.1283],[20.812,38.1275],[20.813,38.127],[20.8144,38.126],[20.8156,38.125],[20.8166,38.124],[20.8174,38.123],[20.8182,38.122],[20.819,38.1208],[20.82,38.1191],[20.8206,38.118],[20.821,38.117],[20.8218,38.115],[20.8221,38.114],[20.8226,38.112],[20.823,38.1104],[20.8234,38.109],[20.824,38.1072],[20.8244,38.106],[20.8249,38.104],[20.825,38.103],[20.8251,38.101],[20.825,38.099],[20.8249,38.098],[20.8245,38.096],[20.824,38.094],[20.8237,38.093],[20.823,38.091],[20.8227,38.09],[20.822,38.088],[20.8218,38.087],[20.8212,38.085],[20.8208,38.084],[20.8201,38.082],[20.8197,38.081],[20.819,38.0794],[20.8184,38.078],[20.818,38.0767],[20.8175,38.075],[20.817,38.073],[20.8168,38.072],[20.8165,38.07],[20.8161,38.068],[20.8162,38.066],[20.8167,38.064],[20.817,38.063],[20.8177,38.061],[20.8185,38.06],[20.8192,38.059],[20.8198,38.057],[20.82,38.056],[20.8204,38.054],[20.8206,38.052],[20.8208,38.05],[20.8209,38.048],[20.8209,38.046],[20.8205,38.044],[20.82,38.0423],[20.8196,38.041],[20.819,38.0392],[20.8185,38.038],[20.8177,38.037],[20.816,38.0364],[20.814,38.0363],[20.812,38.0362],[20.81,38.036],[20.809,38.0358],[20.807,38.0353],[20.8058,38.035],[20.804,38.0346],[20.802,38.0342],[20.801,38.0339],[20.799,38.0335],[20.797,38.0331],[20.796,38.0329],[20.794,38.0326],[20.792,38.032],[20.791,38.0316],[20.7892,38.031],[20.788,38.0307],[20.786,38.0304],[20.784,38.0301],[20.7826,38.03],[20.781,38.0299],[20.779,38.0298],[20.777,38.0295],[20.7752,38.029],[20.774,38.0286],[20.7727,38.028],[20.771,38.0274],[20.7699,38.027],[20.768,38.0266],[20.766,38.0263],[20.764,38.0262],[20.762,38.0261],[20.76,38.026],[20.759,38.026],[20.757,38.0259],[20.755,38.0257],[20.753,38.0256],[20.751,38.0255],[20.749,38.0255],[20.747,38.0254],[20.745,38.0253],[20.7436,38.025],[20.742,38.0246],[20.7405,38.024],[20.739,38.0234],[20.7379,38.023],[20.736,38.0224],[20.7347,38.022],[20.733,38.0215],[20.731,38.0211],[20.73,38.0209]]}},{"type":"Feature","properties":{"depth_m":50,"closed":false},"geometry":{"type":"LineString","coordinates":[[21.004,38.35],[21.002,38.3494],[21.0,38.3492],[20.998,38.3492],[20.996,38.3493],[20.994,38.3496],[20.992,38.35],[20.991,38.3503],[20.9891,38.351],[20.988,38.3514],[20.9867,38.352],[20.985,38.353],[20.984,38.3539],[20.983,38.3548],[20.982,38.3559],[20.9811,38.357],[20.9805,38.358],[20.98,38.359],[20.9793,38.361],[20.979,38.3622],[20.9787,38.364],[20.9786,38.366],[20.9786,38.368],[20.9788,38.37],[20.979,38.3712],[20.9793,38.373],[20.9796,38.375],[20.98,38.377],[20.9802,38.378],[20.9808,38.38],[20.9812,38.381],[20.982,38.3826],[20.9829,38.384],[20.9837,38.385],[20.9845,38.386],[20.9854,38.387],[20.9864,38.388],[20.9879,38.389],[20.989,38.3896],[20.99,38.3901],[20.992,38.3908],[20.993,38.3911],[20.995,38.3912],[20.9969,38.391],[20.998,38.3907],[20.9999,38.39],[21.001,38.3894],[21.002,38.3887],[21.003,38.3878],[21.004,38.3867],[21.005,38.3854],[21.0057,38.384],[21.0061,38.383],[21.0063,38.381],[21.0065,38.379],[21.007,38.3772],[21.0075,38.376],[21.008,38.3743],[21.0084,38.373],[21.0088,38.371],[21.009,38.3696],[21.0093,38.368],[21.0094,38.366],[21.009,38.3642],[21.0087,38.363],[21.008,38.361],[21.0078,38.36],[21.0075,38.358],[21.0074,38.356],[21.0072,38.354],[21.0069,38.353],[21.006,38.3515],[21.005,38.3506],[21.004,38.35]]}},{"type":"Feature","properties":{"depth_m":50,"closed":false},"geometry":{"type":"LineString","coordinates":[[20.4477,38.242],[20.449,38.2428],[20.45,38.2436],[20.451,38.2448],[20.4519,38.246],[20.4525,38.247],[20.4529,38.249],[20.4526,38.251],[20.452,38.2529],[20.4514,38.254],[20.4507,38.255],[20.45,38.2561],[20.4491,38.258],[20.4486,38.259],[20.4479,38.26],[20.447,38.2615],[20.4461,38.263],[20.445,38.264],[20.444,38.2647],[20.443,38.2653],[20.441,38.2656],[20.4397,38.265],[20.4384,38.264],[20.4375,38.263],[20.4368,38.262],[20.4361,38.26],[20.4361,38.258],[20.4366,38.256],[20.4366,38.254],[20.4365,38.252],[20.4366,38.25],[20.4367,38.248],[20.4371,38.247],[20.438,38.2459],[20.439,38.2442],[20.4397,38.243],[20.441,38.242],[20.442,38.2417],[20.444,38.2414],[20.446,38.2414],[20.4477,38.242]]}},{"type":"Feature","properties":{"depth_m":50,"closed":false},"geometry":{"type":"LineString","coordinates":[[20.879,37.9709],[20.8779,37.971],[20.8761,37.972],[20.8752,37.973],[20.8746,37.974],[20.874,37.9756],[20.8737,37.977],[20.8735,37.979],[20.8734,37.981],[20.873,37.9827],[20.8723,37.984],[20.8714,37.985],[20.8706,37.986],[20.871,37.9871],[20.873,37.9873],[20.875,37.9873],[20.876,37.9865],[20.877,37.9854],[20.878,37.9842],[20.879,37.9832],[20.88,37.9823],[20.881,37.9814],[20.882,37.9804],[20.8829,37.979],[20.8832,37.978],[20.8832,37.976],[20.883,37.9748],[20.8823,37.973],[20.8815,37.972],[20.88,37.9711],[20.879,37.9709]]}},{"type":"Feature","properties":{"depth_m":50,"closed":false},"geometry":{"type":"LineString","coordinates":[[20.6163,37.851],[20.6163,37.853],[20.616,37.855],[20.6158,37.856],[20.6154,37.858],[20.6151,37.86],[20.6151,37.862],[20.6153,37.864],[20.616,37.866],[20.6165,37.867],[20.617,37.868],[20.618,37.8698],[20.6187,37.871],[20.6193,37.872],[20.62,37.8733],[20.6208,37.875],[20.6213,37.876],[20.622,37.8776],[20.6225,37.879],[20.623,37.8804],[20.6238,37.882],[20.6244,37.883],[20.6251,37.884],[20.626,37.8853],[20.627,37.8869],[20.6276,37.888],[20.6282,37.889],[20.629,37.8901],[20.63,37.8913],[20.631,37.8923],[20.632,37.8934],[20.633,37.895],[20.6334,37.896],[20.634,37.8976],[20.6346,37.899],[20.6352,37.9],[20.636,37.901],[20.6371,37.902],[20.6384,37.903],[20.6396,37.904],[20.6407,37.905],[20.6418,37.906],[20.6429,37.907],[20.644,37.9078],[20.645,37.9086],[20.646,37.9094],[20.647,37.9101],[20.6483,37.911],[20.6499,37.912],[20.651,37.9127],[20.652,37.9133],[20.653,37.914],[20.6546,37.915],[20.656,37.9158],[20.657,37.9164],[20.658,37.917],[20.6596,37.918],[20.661,37.9188],[20.662,37.9193],[20.6633,37.92],[20.665,37.9208],[20.666,37.9214],[20.667,37.922],[20.6686,37.923],[20.6699,37.924],[20.671,37.9249],[20.672,37.9259],[20.6729,37.927],[20.6736,37.928],[20.6743,37.929],[20.675,37.93],[20.676,37.9313],[20.677,37.9325],[20.678,37.9334],[20.679,37.9343],[20.68,37.9351],[20.6811,37.936],[20.6824,37.937],[20.6836,37.938],[20.6848,37.939],[20.686,37.94],[20.687,37.9408],[20.688,37.9415],[20.689,37.9423],[20.69,37.9432],[20.691,37.9441],[20.6921,37.945],[20.6935,37.946],[20.695,37.9469],[20.696,37.9473],[20.698,37.9478],[20.7,37.9479],[20.702,37.9477],[20.704,37.9474],[20.7055,37.947],[20.707,37.9465],[20.7081,37.946],[20.71,37.9451],[20.711,37.9447],[20.7124,37.944],[20.714,37.943],[20.715,37.9421],[20.716,37.941],[20.7166,37.94],[20.7172,37.939],[20.718,37.9376],[20.7189,37.936],[20.7196,37.935],[20.7202,37.934],[20.721,37.9328],[20.722,37.9313],[20.7229,37.93],[20.7236,37.929],[20.7244,37.928],[20.7251,37.927],[20.726,37.9257],[20.7269,37.924],[20.7272,37.923],[20.7276,37.921],[20.7277,37.919],[20.7278,37.917],[20.728,37.915],[20.7281,37.914],[20.7287,37.912],[20.7291,37.911],[20.7299,37.909],[20.7303,37.908],[20.731,37.9063],[20.7316,37.905],[20.7322,37.904],[20.733,37.9029],[20.734,37.9019],[20.7353,37.901],[20.737,37.9002],[20.738,37.8999],[20.74,37.8996],[20.742,37.8997],[20.7432,37.9],[20.7443,37.901],[20.7442,37.903],[20.7433,37.904],[20.742,37.9048],[20.741,37.9057],[20.74,37.907],[20.7396,37.908],[20.7399,37.91],[20.7408,37.911],[20.742,37.9115],[20.7437,37.911],[20.7446,37.91],[20.7451,37.909],[20.7454,37.907],[20.746,37.9052],[20.747,37.9045],[20.749,37.9041],[20.75,37.9039],[20.752,37.9035],[20.7534,37.903],[20.755,37.9025],[20.7568,37.902],[20.758,37.9018],[20.76,37.9016],[20.762,37.9018],[20.764,37.902],[20.766,37.9015],[20.767,37.9008],[20.768,37.899],[20.7683,37.898],[20.7687,37.896],[20.769,37.894],[20.7691,37.893],[20.7693,37.891],[20.7695,37.889],[20.7698,37.887],[20.7702,37.886],[20.771,37.8847],[20.772,37.8839],[20.7738,37.883],[20.775,37.8826],[20.777,37.8823],[20.779,37.8823],[20.781,37.8824],[20.783,37.8824],[20.785,37.8825],[20.787,37.8827],[20.789,37.8829],[20.79,37.8831],[20.792,37.8837],[20.793,37.8842],[20.7943,37.885],[20.7954,37.886],[20.7962,37.887],[20.797,37.888],[20.798,37.8892],[20.799,37.8902],[20.8002,37.891],[20.802,37.8918],[20.804,37.892],[20.806,37.8914],[20.807,37.8909],[20.8084,37.89],[20.8097,37.889],[20.8108,37.888],[20.8119,37.887],[20.813,37.886],[20.814,37.8851],[20.815,37.884],[20.8159,37.883],[20.8167,37.882],[20.8175,37.881],[20.8182,37.88],[20.819,37.8788],[20.82,37.8774],[20.8209,37.876],[20.8216,37.875],[20.8222,37.874],[20.823,37.8726],[20.8239,37.871],[20.8245,37.87],[20.825,37.869],[20.8259,37.867],[20.8265,37.866],[20.8271,37.865],[20.828,37.8636],[20.829,37.8623],[20.83,37.8612],[20.831,37.8603],[20.832,37.8597],[20.8333,37.859],[20.835,37.8581],[20.836,37.8577],[20.8379,37.857],[20.839,37.8566],[20.8406,37.856],[20.842,37.8555],[20.8433,37.855],[20.845,37.8543],[20.846,37.854],[20.848,37.8531],[20.849,37.8525],[20.85,37.8517]]}},{"type":"Feature","properties":{"depth_m":50,"closed":false},"geometry":{"type":"LineString","coordinates":[[21.0,37.8848],[20.998,37.8848],[20.997,37.8854],[20.996,37.8864],[20.9951,37.888],[20.9947,37.889],[20.9941,37.891],[20.9939,37.892],[20.9938,37.894],[20.9936,37.896],[20.9934,37.898],[20.993,37.8997],[20.9927,37.901],[20.992,37.9027],[20.9914,37.904],[20.9909,37.905],[20.99,37.9066],[20.989,37.908],[20.9883,37.909],[20.9876,37.91],[20.9869,37.911],[20.9861,37.913],[20.9858,37.914],[20.9853,37.916],[20.985,37.9175],[20.9847,37.919],[20.9841,37.921],[20.9838,37.922],[20.9834,37.924],[20.983,37.9259],[20.9826,37.927],[20.982,37.9282],[20.9813,37.93],[20.9818,37.932],[20.9825,37.933],[20.9834,37.934],[20.9848,37.935],[20.986,37.9352],[20.988,37.9351],[20.989,37.9348],[20.9906,37.934],[20.992,37.933],[20.993,37.9322],[20.994,37.9315],[20.995,37.9307],[20.996,37.9298],[20.997,37.9288],[20.998,37.9278],[20.999,37.9267],[21.0,37.9256],[21.001,37.9245],[21.002,37.923],[21.0025,37.922],[21.0031,37.921],[21.004,37.9195],[21.005,37.9184],[21.006,37.9176],[21.0071,37.917],[21.0088,37.916],[21.01,37.9151],[21.011,37.9143],[21.012,37.9135],[21.013,37.9127],[21.014,37.9119],[21.015,37.911],[21.016,37.91],[21.017,37.9081],[21.0171,37.907],[21.017,37.9055],[21.0165,37.904],[21.016,37.9029],[21.015,37.9015],[21.014,37.9003],[21.013,37.8993],[21.012,37.8984],[21.011,37.8974],[21.01,37.8961],[21.0092,37.895],[21.0085,37.894],[21.0078,37.893],[21.007,37.892],[21.006,37.8909],[21.005,37.8898],[21.004,37.8884],[21.0031,37.887],[21.0021,37.886],[21.001,37.8852],[21.0,37.8848]]}},{"type":"Feature","properties":{"depth_m":50,"closed":false},"geometry":{"type":"LineString","coordinates":[[21.0928,37.851],[21.0924,37.853],[21.092,37.8544],[21.0915,37.856],[21.0911,37.858],[21.0909,37.859],[21.0909,37.861],[21.091,37.862],[21.0912,37.864],[21.0917,37.866],[21.0923,37.867],[21.093,37.8681],[21.0933,37.87],[21.0927,37.871],[21.0916,37.872],[21.0908,37.873],[21.0906,37.875],[21.091,37.877],[21.0912,37.878],[21.0918,37.88],[21.0922,37.881],[21.0927,37.883],[21.093,37.8849],[21.0932,37.886],[21.0935,37.888],[21.094,37.89],[21.0943,37.891],[21.095,37.893],[21.0954,37.894],[21.096,37.8956],[21.0966,37.897],[21.0971,37.898],[21.098,37.8996],[21.099,37.9005]]}},{"type":"Feature","properties":{"depth_m":100,"closed":false},"geometry":{"type":"LineString","coordinates":[[21.0841,37.851],[21.0839,37.852],[21.0832,37.854],[21.0829,37.855],[21.0824,37.857],[21.0822,37.859],[21.082,37.86],[21.0817,37.862],[21.0816,37.864],[21.082,37.8651],[21.083,37.8663],[21.084,37.8675],[21.084,37.8684],[21.0829,37.869],[21.081,37.8695],[21.08,37.8701],[21.079,37.8712],[21.0783,37.873],[21.078,37.8741],[21.0774,37.876],[21.077,37.8771],[21.0765,37.879],[21.0763,37.881],[21.0766,37.883],[21.077,37.8845],[21.0774,37.886],[21.0776,37.888],[21.0779,37.89],[21.0781,37.891],[21.0788,37.893],[21.0793,37.894],[21.08,37.8953],[21.081,37.8967],[21.082,37.8978],[21.083,37.8988],[21.084,37.8997],[21.085,37.9006],[21.086,37.9016],[21.087,37.9024],[21.088,37.9033],[21.089,37.9044],[21.0899,37.906],[21.0901,37.907],[21.09,37.9084],[21.089,37.91],[21.0886,37.911],[21.0881,37.913],[21.0878,37.914],[21.0871,37.916],[21.0868,37.917],[21.0861,37.919],[21.0856,37.92],[21.085,37.921],[21.084,37.9227],[21.0833,37.924],[21.0828,37.925],[21.082,37.9261],[21.081,37.9276],[21.0802,37.929],[21.0798,37.93],[21.0793,37.932],[21.079,37.933],[21.0784,37.935],[21.078,37.9368],[21.0776,37.938],[21.077,37.9393],[21.0763,37.941],[21.0759,37.942],[21.0753,37.944],[21.075,37.9451],[21.0744,37.947],[21.074,37.9481],[21.0733,37.95],[21.0728,37.951],[21.072,37.9524],[21.071,37.9539],[21.0702,37.955],[21.0695,37.956],[21.0688,37.957],[21.068,37.9585],[21.0673,37.96],[21.0668,37.961],[21.066,37.963],[21.0656,37.964],[21.065,37.9653],[21.0642,37.967],[21.0636,37.968],[21.063,37.9691],[21.062,37.9706],[21.0612,37.972],[21.0607,37.973],[21.06,37.9744],[21.0592,37.976],[21.0586,37.977],[21.0582,37.979],[21.059,37.981],[21.0597,37.982],[21.0607,37.983],[21.062,37.984],[21.063,37.9848],[21.0638,37.986],[21.0642,37.987],[21.0647,37.989],[21.0648,37.991],[21.0646,37.993],[21.0644,37.995],[21.0642,37.997],[21.064,37.9981],[21.063,37.9998],[21.062,38.001],[21.0615,38.002],[21.061,38.0032],[21.0602,38.005],[21.0599,38.006],[21.0597,38.008],[21.0599,38.01],[21.0602,38.011],[21.061,38.013],[21.0613,38.014],[21.0616,38.016],[21.062,38.0173],[21.0627,38.019],[21.0631,38.02],[21.0639,38.022],[21.0642,38.023],[21.0646,38.025],[21.0649,38.027],[21.0649,38.029],[21.0648,38.031],[21.0644,38.033],[21.064,38.0345],[21.0635,38.036],[21.063,38.0372],[21.0623,38.039],[21.0619,38.04],[21.061,38.0419],[21.0605,38.043],[21.06,38.0441],[21.0593,38.046],[21.059,38.047],[21.0585,38.049],[21.0581,38.051],[21.058,38.052],[21.0577,38.054],[21.0575,38.056],[21.057,38.058],[21.0568,38.059],[21.0566,38.061],[21.0566,38.063],[21.0567,38.065],[21.057,38.067],[21.0571,38.068],[21.0576,38.07],[21.0579,38.072],[21.058,38.074],[21.0578,38.076],[21.0576,38.078],[21.0575,38.08],[21.0572,38.082],[21.0568,38.083],[21.056,38.0844],[21.055,38.0858],[21.054,38.0868],[21.053,38.0876],[21.052,38.0881],[21.05,38.0881],[21.049,38.0879],[21.047,38.0871],[21.046,38.0868],[21.044,38.0863],[21.0426,38.086],[21.041,38.0857],[21.039,38.0857],[21.0378,38.086],[21.0367,38.087],[21.0361,38.089],[21.036,38.09],[21.0356,38.092],[21.035,38.0936],[21.0343,38.095],[21.0336,38.096],[21.0327,38.097],[21.0316,38.098],[21.0302,38.099],[21.029,38.0997],[21.028,38.1001],[21.026,38.1004],[21.024,38.1005],[21.022,38.1007],[21.021,38.101],[21.019,38.1016],[21.017,38.1014],[21.0159,38.101],[21.014,38.1006],[21.012,38.1005],[21.01,38.1004],[21.0087,38.1],[21.007,38.0993],[21.006,38.0989],[21.004,38.0985],[21.002,38.0983],[21.0009,38.098],[20.999,38.0973],[20.998,38.0969],[20.996,38.0962],[20.995,38.0959],[20.993,38.0953],[20.992,38.095],[20.99,38.0943],[20.989,38.0939],[20.9871,38.093],[20.986,38.0924],[20.985,38.0917],[20.984,38.091],[20.9827,38.09],[20.9815,38.089],[20.9804,38.088],[20.9794,38.087],[20.9784,38.086],[20.977,38.085],[20.976,38.0844],[20.975,38.0839],[20.9732,38.083],[20.972,38.0823],[20.971,38.0815],[20.9703,38.08],[20.97,38.079],[20.9694,38.077],[20.969,38.0755],[20.9686,38.074],[20.9681,38.072],[20.9678,38.071],[20.9672,38.069],[20.967,38.068],[20.9665,38.066],[20.9661,38.064],[20.966,38.063],[20.9658,38.061],[20.9654,38.059],[20.965,38.058],[20.9635,38.057],[20.962,38.0568],[20.96,38.0569],[20.958,38.0568],[20.956,38.0566],[20.954,38.0561],[20.953,38.0559],[20.951,38.0557],[20.949,38.0559],[20.948,38.056],[20.946,38.0563],[20.944,38.0566],[20.942,38.0568],[20.94,38.0569],[20.938,38.0569],[20.936,38.0568],[20.934,38.0567],[20.932,38.0566],[20.93,38.0568],[20.9286,38.057],[20.927,38.0574],[20.9252,38.058],[20.924,38.0585],[20.9226,38.059],[20.921,38.0597],[20.92,38.0602],[20.9186,38.061],[20.9174,38.062],[20.9166,38.063],[20.916,38.0642],[20.9157,38.066],[20.9159,38.068],[20.916,38.069],[20.9162,38.071],[20.9161,38.073],[20.916,38.074],[20.9157,38.076],[20.9154,38.078],[20.915,38.08],[20.9149,38.081],[20.9147,38.083],[20.9147,38.085],[20.9148,38.087],[20.915,38.089],[20.915,38.09],[20.9152,38.092],[20.9155,38.094],[20.916,38.0955],[20.917,38.097],[20.918,38.0978],[20.919,38.0984],[20.9201,38.099],[20.9215,38.1],[20.9228,38.101],[20.924,38.102],[20.925,38.1028],[20.926,38.1036],[20.927,38.1044],[20.928,38.1053],[20.929,38.1062],[20.93,38.1073],[20.931,38.1085],[20.9318,38.11],[20.9321,38.111],[20.9325,38.113],[20.933,38.1146],[20.9338,38.116],[20.9348,38.117],[20.936,38.1178],[20.937,38.1184],[20.938,38.1191],[20.939,38.1201],[20.94,38.1214],[20.941,38.1229],[20.9416,38.124],[20.9422,38.125],[20.943,38.1267],[20.9436,38.128],[20.944,38.1296],[20.9441,38.131],[20.944,38.1322],[20.9435,38.134],[20.943,38.1351],[20.9421,38.137],[20.9417,38.138],[20.941,38.1393],[20.94,38.1408],[20.9391,38.142],[20.9381,38.143],[20.937,38.144],[20.936,38.145],[20.9352,38.146],[20.9344,38.147],[20.9337,38.148],[20.933,38.1492],[20.9322,38.151],[20.9318,38.152],[20.9311,38.154],[20.9308,38.155],[20.93,38.1567],[20.9291,38.158],[20.9282,38.159],[20.927,38.16],[20.926,38.1608],[20.925,38.1617],[20.924,38.1626],[20.923,38.1635],[20.922,38.1644],[20.921,38.1652],[20.92,38.1662],[20.919,38.1675],[20.9184,38.169],[20.9184,38.171],[20.919,38.1722],[20.92,38.1737],[20.921,38.1747],[20.922,38.1754],[20.9231,38.176],[20.925,38.1767],[20.926,38.177],[20.928,38.1775],[20.93,38.1775],[20.9318,38.177],[20.9329,38.176],[20.9335,38.175],[20.934,38.173],[20.9343,38.172],[20.9348,38.17],[20.9352,38.169],[20.937,38.1683],[20.9387,38.169],[20.94,38.1699],[20.941,38.1709],[20.942,38.1719],[20.943,38.1728],[20.944,38.1733],[20.946,38.1736],[20.948,38.1736],[20.95,38.1739],[20.951,38.1742],[20.9528,38.175],[20.954,38.1752],[20.955,38.1748],[20.957,38.1743],[20.9589,38.175],[20.9595,38.176],[20.9607,38.177],[20.962,38.1774],[20.9632,38.178],[20.9637,38.18],[20.963,38.1813],[20.962,38.1821],[20.96,38.1828],[20.959,38.1831],[20.9578,38.184],[20.957,38.1851],[20.9564,38.187],[20.956,38.1882],[20.9554,38.19],[20.9549,38.191],[20.954,38.193],[20.9537,38.194],[20.9531,38.196],[20.9526,38.197],[20.9519,38.198],[20.951,38.1992],[20.9504,38.201],[20.9502,38.203],[20.9502,38.205],[20.9505,38.207],[20.951,38.2087],[20.9514,38.21],[20.9517,38.212],[20.9517,38.214],[20.9519,38.216],[20.9521,38.217],[20.9526,38.219],[20.953,38.2209],[20.9532,38.222],[20.953,38.224],[20.9527,38.225],[20.952,38.2267],[20.9517,38.228],[20.9514,38.23],[20.9511,38.232],[20.9507,38.233],[20.95,38.2344],[20.9493,38.236],[20.9489,38.237],[20.9482,38.239],[20.9478,38.24],[20.947,38.2419],[20.9465,38.243],[20.946,38.244],[20.945,38.2455],[20.944,38.247],[20.9433,38.248],[20.9426,38.249],[20.9419,38.25],[20.941,38.2517],[20.9407,38.253],[20.9408,38.255],[20.941,38.2561],[20.9416,38.258],[20.942,38.2594],[20.9424,38.261],[20.9426,38.263],[20.9427,38.265],[20.9428,38.267],[20.943,38.269],[20.9433,38.27],[20.9439,38.272],[20.9442,38.273],[20.9447,38.275],[20.945,38.2761],[20.9455,38.278],[20.9459,38.28],[20.946,38.282],[20.9459,38.284],[20.9458,38.286],[20.9457,38.288],[20.9458,38.29],[20.9461,38.291],[20.947,38.2927],[20.948,38.294],[20.9487,38.295],[20.9493,38.296],[20.95,38.2979],[20.9502,38.299],[20.95,38.3004],[20.9496,38.302],[20.9494,38.304],[20.95,38.3059],[20.951,38.3066],[20.953,38.3068],[20.955,38.3069],[20.956,38.3072],[20.9574,38.308],[20.9583,38.309],[20.959,38.3103],[20.9594,38.312],[20.9595,38.314],[20.9597,38.316],[20.96,38.3172],[20.961,38.3184],[20.9623,38.319],[20.9632,38.32],[20.9638,38.322],[20.964,38.323],[20.9646,38.325],[20.965,38.326],[20.9657,38.328],[20.966,38.329],[20.9665,38.331],[20.967,38.3329],[20.9672,38.334],[20.9674,38.336],[20.9674,38.338],[20.9673,38.34],[20.9674,38.342],[20.9675,38.344],[20.9675,38.346],[20.9677,38.348],[20.968,38.3491],[20.9689,38.351],[20.9693,38.352],[20.9694,38.354],[20.9691,38.356],[20.9689,38.357],[20.9686,38.359],[20.9685,38.361],[20.9685,38.363],[20.9686,38.365],[20.9687,38.367],[20.969,38.3687],[20.9692,38.37],[20.9694,38.372],[20.9698,38.374],[20.97,38.375],[20.9703,38.377],[20.9704,38.379],[20.9707,38.381],[20.971,38.3821],[20.9715,38.384],[20.972,38.3856],[20.9724,38.387],[20.973,38.3889],[20.9734,38.39],[20.974,38.3911],[20.9749,38.393],[20.9752,38.394],[20.975,38.3958],[20.9742,38.397],[20.9736,38.398],[20.9732,38.4],[20.9729,38.401],[20.972,38.4023],[20.971,38.4034],[20.97,38.4046],[20.9691,38.406],[20.9686,38.407],[20.968,38.4086],[20.9676,38.41],[20.9675,38.412],[20.9678,38.414],[20.9681,38.415],[20.9689,38.417],[20.9693,38.418],[20.97,38.4192],[20.9709,38.421],[20.9711,38.422],[20.9714,38.424],[20.9719,38.426],[20.972,38.427],[20.972,38.428],[20.9714,38.43],[20.9709,38.431],[20.9701,38.433],[20.9696,38.434],[20.9688,38.435],[20.9679,38.436],[20.967,38.437],[20.966,38.4385],[20.9651,38.44],[20.9646,38.441],[20.964,38.4423],[20.9632,38.444],[20.9625,38.445],[20.9617,38.446],[20.961,38.447],[20.96,38.4485],[20.9592,38.45],[20.9588,38.451],[20.958,38.4524],[20.957,38.4535],[20.956,38.4544],[20.955,38.455],[20.9535,38.456],[20.9524,38.457],[20.9516,38.458],[20.951,38.4595],[20.9506,38.461],[20.9504,38.463],[20.9502,38.465],[20.9499,38.466],[20.949,38.468],[20.9485,38.469],[20.9479,38.47],[20.947,38.4715],[20.9462,38.473],[20.9457,38.474],[20.945,38.476],[20.9449,38.477],[20.9449,38.479],[20.945,38.48],[20.9454,38.482],[20.9457,38.484],[20.9458,38.486],[20.9455,38.488],[20.945,38.4899],[20.9445,38.491],[20.944,38.4921],[20.943,38.4936],[20.942,38.4945],[20.941,38.4951],[20.939,38.4958],[20.938,38.4961],[20.936,38.4966],[20.9348,38.497],[20.933,38.4978],[20.932,38.4983],[20.9307,38.499],[20.929,38.4999],[20.928,38.5005],[20.927,38.5011],[20.9258,38.502],[20.9247,38.503],[20.9239,38.504],[20.923,38.5055],[20.9223,38.507],[20.9219,38.508],[20.9215,38.51],[20.9214,38.512],[20.9216,38.514],[20.922,38.5158],[20.9225,38.517],[20.923,38.518],[20.924,38.5193],[20.925,38.5204],[20.926,38.5215],[20.927,38.5225],[20.928,38.5237],[20.929,38.525],[20.9297,38.526],[20.9304,38.527],[20.9312,38.528],[20.932,38.5292],[20.933,38.5305],[20.934,38.5318],[20.935,38.5328],[20.936,38.5336],[20.937,38.5341],[20.939,38.535],[20.94,38.5354],[20.9419,38.536],[20.943,38.5363],[20.945,38.5368],[20.946,38.5371],[20.948,38.5375],[20.95,38.5379],[20.951,38.5381],[20.953,38.5385],[20.955,38.5389],[20.956,38.5391],[20.958,38.5397],[20.959,38.54],[20.961,38.5406],[20.963,38.541],[20.964,38.5412],[20.966,38.5418],[20.967,38.5422],[20.9687,38.543],[20.97,38.5437],[20.971,38.5442],[20.9724,38.545],[20.974,38.546],[20.975,38.5469],[20.976,38.5479],[20.977,38.549],[20.9778,38.55],[20.9787,38.551],[20.9795,38.552],[20.9803,38.553],[20.9811,38.554],[20.9821,38.555],[20.9832,38.556],[20.9845,38.557],[20.9859,38.558],[20.987,38.5586],[20.988,38.5592],[20.9893,38.56],[20.9905,38.561],[20.9914,38.562],[20.9921,38.563],[20.993,38.5645],[20.9937,38.566],[20.9941,38.567],[20.9944,38.569],[20.9945,38.571],[20.9944,38.573],[20.9941,38.575],[20.994,38.576],[20.9936,38.578],[20.9932,38.58],[20.9929,38.581],[20.9924,38.583],[20.992,38.5843],[20.9915,38.586],[20.991,38.5879],[20.9907,38.589],[20.99,38.5907],[20.9893,38.592],[20.9886,38.593],[20.9877,38.594],[20.9868,38.595],[20.9858,38.596],[20.9849,38.597],[20.984,38.5981],[20.983,38.5994],[20.982,38.6009],[20.9813,38.602],[20.9806,38.603],[20.9799,38.604],[20.979,38.6051],[20.978,38.6061],[20.9766,38.607],[20.975,38.6074],[20.9737,38.607],[20.9725,38.606],[20.9718,38.605],[20.971,38.6037],[20.9702,38.602],[20.9697,38.601],[20.969,38.5994],[20.9685,38.598],[20.968,38.5967],[20.9675,38.595],[20.967,38.5936],[20.9664,38.592],[20.966,38.591],[20.965,38.589],[20.9644,38.588],[20.9637,38.587],[20.9627,38.586],[20.9613,38.585],[20.96,38.5841],[20.959,38.5834],[20.958,38.5827],[20.9568,38.582],[20.955,38.581],[20.954,38.5805],[20.953,38.5799],[20.9515,38.579],[20.95,38.578],[20.949,38.5771],[20.948,38.5761],[20.9471,38.575],[20.9464,38.574],[20.9458,38.573],[20.945,38.5715],[20.9443,38.57],[20.9438,38.569],[20.943,38.5675],[20.9421,38.566],[20.9415,38.565],[20.941,38.564],[20.94,38.5621],[20.9393,38.561],[20.9385,38.56],[20.9374,38.559],[20.9361,38.558],[20.935,38.5571],[20.934,38.5563],[20.933,38.5555],[20.932,38.5546],[20.931,38.5538],[20.93,38.5529],[20.929,38.5519],[20.928,38.5505],[20.9272,38.549],[20.9268,38.548],[20.9263,38.546],[20.926,38.544],[20.926,38.543],[20.9259,38.541],[20.9259,38.539],[20.9258,38.537],[20.9256,38.535],[20.9252,38.533],[20.9249,38.532],[20.924,38.53],[20.9235,38.529],[20.9228,38.528],[20.9218,38.527],[20.9206,38.526],[20.919,38.5251],[20.918,38.5246],[20.916,38.524],[20.915,38.5238],[20.913,38.5235],[20.911,38.5233],[20.909,38.5232],[20.907,38.5231],[20.906,38.5229],[20.904,38.5226],[20.902,38.5221],[20.901,38.5217],[20.8992,38.521],[20.898,38.5203],[20.897,38.5195],[20.8961,38.518],[20.897,38.5164],[20.898,38.5151],[20.8988,38.514],[20.8995,38.513],[20.9002,38.512],[20.901,38.5109],[20.902,38.5098],[20.903,38.5088],[20.904,38.5077],[20.905,38.5065],[20.906,38.505],[20.9063,38.504],[20.906,38.5027],[20.905,38.5019],[20.903,38.5014],[20.901,38.5012],[20.899,38.5011],[20.897,38.5011],[20.895,38.5012],[20.893,38.5016],[20.8918,38.502],[20.89,38.5029],[20.889,38.5034],[20.8876,38.504],[20.886,38.5047],[20.885,38.5051],[20.883,38.5056],[20.881,38.5057],[20.879,38.5056],[20.877,38.5054],[20.875,38.5051],[20.874,38.5049],[20.872,38.5044],[20.8709,38.504],[20.869,38.5033],[20.868,38.5029],[20.8661,38.502],[20.865,38.5016],[20.8631,38.501],[20.862,38.5008],[20.86,38.5006],[20.858,38.5006],[20.8567,38.501],[20.8553,38.502],[20.8547,38.503],[20.854,38.5047],[20.8537,38.506],[20.8533,38.508],[20.853,38.5095],[20.8528,38.511],[20.8526,38.513],[20.8526,38.515],[20.853,38.5168],[20.8536,38.518],[20.8542,38.519],[20.855,38.52],[20.8561,38.521],[20.8575,38.522],[20.859,38.523],[20.86,38.5237],[20.861,38.5242],[20.863,38.5249],[20.864,38.5252],[20.866,38.5255],[20.868,38.5256],[20.87,38.5255],[20.872,38.5254],[20.874,38.5253],[20.876,38.5253],[20.878,38.5257],[20.879,38.5268],[20.8792,38.528],[20.8793,38.53],[20.8793,38.532],[20.8791,38.534],[20.879,38.535],[20.8786,38.537],[20.8782,38.539],[20.878,38.54],[20.8774,38.542],[20.877,38.544],[20.877,38.545],[20.8771,38.546],[20.878,38.5476],[20.879,38.5488],[20.8798,38.55],[20.8801,38.551],[20.8802,38.553],[20.88,38.555],[20.8798,38.556],[20.8794,38.558],[20.879,38.5595],[20.878,38.5607],[20.876,38.5605],[20.875,38.56],[20.8733,38.559],[20.8721,38.558],[20.8711,38.557],[20.8701,38.556],[20.8693,38.555],[20.869,38.554],[20.8691,38.553],[20.8696,38.551],[20.8697,38.549],[20.8695,38.547],[20.8691,38.545],[20.8689,38.544],[20.8686,38.542],[20.8683,38.54],[20.868,38.5388],[20.8674,38.537],[20.867,38.536],[20.866,38.5343],[20.865,38.5331],[20.864,38.5323],[20.863,38.5317],[20.861,38.5312],[20.859,38.5313],[20.857,38.532],[20.856,38.5324],[20.855,38.533],[20.8536,38.534],[20.8525,38.535],[20.8517,38.536],[20.851,38.5372],[20.8504,38.539],[20.85,38.5402],[20.8493,38.542],[20.8489,38.543],[20.848,38.5448],[20.8472,38.546],[20.8465,38.547],[20.8459,38.548],[20.845,38.5495],[20.844,38.551],[20.8433,38.552],[20.8426,38.553],[20.8418,38.554],[20.841,38.5551],[20.84,38.5564],[20.839,38.5574],[20.838,38.5583],[20.837,38.5591],[20.836,38.56],[20.8349,38.561],[20.8337,38.562],[20.8327,38.563],[20.8319,38.564],[20.831,38.565],[20.83,38.566],[20.8288,38.567],[20.8276,38.568],[20.8264,38.569],[20.825,38.5699],[20.824,38.5702],[20.822,38.5703],[20.82,38.5702],[20.818,38.5701],[20.817,38.57],[20.815,38.5698],[20.813,38.5696],[20.811,38.5694],[20.809,38.5692],[20.807,38.5691],[20.805,38.5691],[20.803,38.5692],[20.801,38.5696],[20.7996,38.57],[20.798,38.5705],[20.7968,38.571],[20.795,38.5716],[20.7939,38.572],[20.792,38.5726],[20.7907,38.573],[20.789,38.5736],[20.7876,38.574],[20.786,38.5745],[20.7849,38.575],[20.783,38.5759],[20.782,38.5763],[20.7803,38.577],[20.779,38.5775],[20.7772,38.578],[20.776,38.5784],[20.7743,38.579],[20.773,38.5794],[20.7712,38.58],[20.77,38.5804],[20.7683,38.581],[20.767,38.5815],[20.7659,38.582],[20.7644,38.583],[20.7632,38.584],[20.7622,38.585],[20.7615,38.586],[20.761,38.5871],[20.7602,38.589],[20.7596,38.59],[20.759,38.591],[20.758,38.5924],[20.757,38.5937],[20.7561,38.595],[20.7556,38.596],[20.755,38.5976],[20.7545,38.599],[20.754,38.6002],[20.753,38.6018],[20.752,38.6027],[20.751,38.6035],[20.75,38.6044],[20.749,38.6052],[20.748,38.606],[20.7467,38.607],[20.7455,38.608],[20.7447,38.609],[20.7439,38.61],[20.743,38.6115],[20.7423,38.613],[20.7418,38.614],[20.741,38.615],[20.7399,38.616],[20.7381,38.617],[20.737,38.6174],[20.7353,38.618],[20.734,38.6183],[20.732,38.6183],[20.7308,38.618],[20.7292,38.617],[20.728,38.6162],[20.727,38.6156],[20.7254,38.615],[20.724,38.6146],[20.722,38.6141],[20.721,38.6139],[20.719,38.6135],[20.717,38.613],[20.716,38.6127],[20.714,38.6123],[20.712,38.6122],[20.71,38.6121],[20.7087,38.612],[20.707,38.6114],[20.706,38.6107],[20.705,38.61],[20.7037,38.609],[20.7023,38.608],[20.701,38.6071],[20.7,38.6064],[20.699,38.6057],[20.698,38.6048],[20.697,38.6038],[20.696,38.6026],[20.695,38.6012],[20.6943,38.6],[20.6937,38.599],[20.693,38.5979],[20.692,38.5963],[20.6911,38.595],[20.6903,38.594],[20.6895,38.593],[20.6886,38.592],[20.6877,38.591],[20.6869,38.59],[20.686,38.5887],[20.6852,38.587],[20.6847,38.586],[20.684,38.5845],[20.6834,38.583],[20.6831,38.581],[20.6836,38.579],[20.6842,38.578],[20.6851,38.577],[20.687,38.5765],[20.689,38.5766],[20.691,38.5767],[20.693,38.5766],[20.695,38.5765],[20.697,38.5767],[20.6989,38.577],[20.7,38.5772],[20.702,38.5774],[20.704,38.5776],[20.706,38.5776],[20.708,38.5776],[20.71,38.5774],[20.712,38.5773],[20.7136,38.577],[20.715,38.5767],[20.717,38.576],[20.718,38.5756],[20.7194,38.575],[20.721,38.5742],[20.722,38.5737],[20.7232,38.573],[20.7247,38.572],[20.726,38.5711],[20.727,38.5704],[20.728,38.5695],[20.729,38.5684],[20.7299,38.567],[20.7305,38.566],[20.731,38.5647],[20.7315,38.563],[20.7318,38.561],[20.732,38.5596],[20.7322,38.558],[20.7324,38.556],[20.7324,38.554],[20.7323,38.552],[20.7321,38.55],[20.732,38.548],[20.732,38.5463],[20.7319,38.545],[20.7317,38.543],[20.731,38.5411],[20.7304,38.54],[20.7297,38.539],[20.729,38.538],[20.728,38.5368],[20.727,38.5358],[20.726,38.5349],[20.7248,38.534],[20.7234,38.533],[20.722,38.5321],[20.721,38.5314],[20.72,38.5309],[20.7182,38.53],[20.717,38.5296],[20.715,38.529],[20.714,38.5289],[20.712,38.5289],[20.7107,38.529],[20.709,38.5293],[20.707,38.5298],[20.706,38.5301],[20.704,38.5308],[20.703,38.5312],[20.701,38.532],[20.7,38.5324],[20.6986,38.533],[20.697,38.5338],[20.696,38.5344],[20.695,38.5351],[20.694,38.536],[20.693,38.5371],[20.692,38.5387],[20.6913,38.54],[20.6907,38.541],[20.69,38.5422],[20.689,38.5438],[20.6882,38.545],[20.6875,38.546],[20.6868,38.547],[20.686,38.5482],[20.6852,38.55],[20.6847,38.551],[20.684,38.5527],[20.6835,38.554],[20.683,38.5554],[20.6823,38.557],[20.6818,38.558],[20.681,38.5597],[20.6804,38.561],[20.6799,38.562],[20.679,38.5635],[20.678,38.5646],[20.677,38.5654],[20.6759,38.566],[20.674,38.5668],[20.673,38.5672],[20.671,38.568],[20.67,38.5684],[20.6686,38.569],[20.667,38.5696],[20.6653,38.57],[20.664,38.5702],[20.662,38.5704],[20.66,38.5707],[20.658,38.571],[20.657,38.571],[20.655,38.5712],[20.653,38.5713],[20.651,38.5712],[20.6493,38.571],[20.648,38.5708],[20.646,38.5706],[20.644,38.5704],[20.642,38.5703],[20.64,38.5704],[20.638,38.5707],[20.636,38.571],[20.635,38.5712],[20.633,38.572],[20.632,38.5725],[20.631,38.5731],[20.6297,38.574],[20.6283,38.575],[20.627,38.576],[20.626,38.5766],[20.625,38.5772],[20.6237,38.578],[20.6221,38.579],[20.621,38.5797],[20.62,38.5803],[20.619,38.581],[20.6173,38.582],[20.616,38.5826],[20.6144,38.583],[20.613,38.5833],[20.611,38.5837],[20.61,38.584],[20.608,38.5849],[20.607,38.5856],[20.606,38.5863],[20.605,38.5873],[20.604,38.5884],[20.603,38.5896],[20.602,38.5907],[20.601,38.5917],[20.6,38.5929],[20.599,38.594],[20.5982,38.595],[20.5973,38.596],[20.596,38.5969],[20.595,38.597],[20.594,38.5967],[20.593,38.5959],[20.592,38.5948],[20.591,38.5934],[20.59,38.5921],[20.5891,38.591],[20.588,38.59],[20.587,38.589],[20.5861,38.588],[20.5854,38.587],[20.5847,38.586],[20.5839,38.585],[20.583,38.584],[20.582,38.583],[20.5809,38.582],[20.5797,38.581],[20.5782,38.58],[20.577,38.5793],[20.576,38.5787],[20.5747,38.578],[20.573,38.577],[20.572,38.5763],[20.571,38.5755],[20.57,38.5744],[20.569,38.5732],[20.5681,38.572],[20.5674,38.571],[20.5667,38.57],[20.5659,38.569],[20.565,38.568],[20.564,38.5669],[20.563,38.566],[20.5619,38.565],[20.5609,38.564],[20.56,38.5628],[20.559,38.5613],[20.558,38.56],[20.5572,38.559],[20.5563,38.558],[20.5554,38.557],[20.5544,38.556],[20.5533,38.555],[20.5522,38.554],[20.551,38.553],[20.55,38.5523],[20.549,38.5517],[20.5477,38.551],[20.546,38.5503],[20.545,38.55],[20.543,38.5497],[20.541,38.5498],[20.54,38.55],[20.538,38.5508],[20.537,38.5514],[20.536,38.5523],[20.535,38.5536],[20.5342,38.555],[20.5337,38.556],[20.533,38.5578],[20.5325,38.559],[20.532,38.5602],[20.5313,38.562],[20.531,38.5631],[20.5304,38.565],[20.53,38.5666],[20.5297,38.568],[20.5292,38.57],[20.529,38.572],[20.529,38.5738],[20.5289,38.575],[20.5286,38.577],[20.5283,38.579],[20.528,38.581],[20.528,38.582],[20.528,38.583],[20.5283,38.585],[20.5287,38.587],[20.529,38.5884],[20.5296,38.59],[20.5301,38.591],[20.531,38.5927],[20.5317,38.594],[20.5323,38.595],[20.533,38.5962],[20.5338,38.598],[20.5342,38.599],[20.5347,38.601],[20.535,38.6022],[20.5356,38.604],[20.536,38.6052],[20.5367,38.607],[20.537,38.608],[20.5378,38.61],[20.5381,38.611],[20.5388,38.613],[20.5392,38.614],[20.54,38.6158],[20.5405,38.617],[20.541,38.6183],[20.5416,38.62],[20.542,38.6215],[20.5425,38.623],[20.543,38.6246],[20.5435,38.626],[20.544,38.6273],[20.5446,38.629],[20.545,38.6304],[20.5453,38.632],[20.5455,38.634],[20.5458,38.636],[20.546,38.638],[20.546,38.639],[20.546,38.641],[20.546,38.642],[20.546,38.643],[20.5462,38.645],[20.5464,38.647],[20.5466,38.649],[20.5467,38.651],[20.5467,38.653],[20.5465,38.655],[20.546,38.657],[20.5457,38.658],[20.545,38.66],[20.5447,38.661],[20.544,38.6629],[20.5436,38.664],[20.543,38.6655],[20.5424,38.667],[20.542,38.668],[20.5414,38.67],[20.541,38.6717],[20.5408,38.673],[20.5405,38.675],[20.5404,38.677],[20.54,38.6789],[20.5392,38.68],[20.538,38.6806],[20.5368,38.681],[20.535,38.6814],[20.533,38.682],[20.532,38.6826],[20.531,38.6835],[20.53,38.6845],[20.529,38.6854],[20.528,38.6864],[20.527,38.6877],[20.5262,38.689],[20.5254,38.69],[20.5245,38.691],[20.5234,38.692],[20.5225,38.693],[20.5217,38.694],[20.521,38.6951],[20.5201,38.697],[20.5199,38.698],[20.52,38.6997],[20.5205,38.701],[20.5212,38.702],[20.522,38.703],[20.5231,38.704],[20.5244,38.705],[20.5259,38.706],[20.527,38.7068],[20.528,38.7075],[20.529,38.7082],[20.53,38.709],[20.5311,38.71],[20.532,38.7111],[20.533,38.7125],[20.534,38.7137],[20.535,38.7147],[20.536,38.7154],[20.537,38.7161],[20.539,38.717],[20.54,38.7174],[20.542,38.7174],[20.543,38.7168],[20.544,38.7157],[20.545,38.714],[20.5454,38.713],[20.546,38.711],[20.5463,38.71],[20.547,38.7087],[20.548,38.7079],[20.55,38.7075],[20.552,38.7075],[20.554,38.7078],[20.555,38.7083],[20.5561,38.709],[20.5574,38.71],[20.5586,38.711],[20.5595,38.712],[20.5603,38.713],[20.561,38.7141],[20.562,38.7154],[20.563,38.7168],[20.5638,38.718],[20.5642,38.719],[20.5649,38.721],[20.5652,38.722],[20.5655,38.724],[20.5657,38.726],[20.5658,38.728],[20.566,38.73],[20.5661,38.731],[20.5665,38.733],[20.5668,38.735],[20.5669,38.737],[20.5668,38.739],[20.5662,38.741],[20.5659,38.742],[20.565,38.7437],[20.5641,38.745],[20.563,38.746],[20.562,38.7466],[20.561,38.747],[20.559,38.7475],[20.557,38.7479],[20.556,38.7484],[20.555,38.749]]}},{"type":"Feature","properties":{"depth_m":100,"closed":false},"geometry":{"type":"LineString","coordinates":[[20.8396,38.585],[20.841,38.5852],[20.843,38.5854],[20.845,38.5855],[20.847,38.5858],[20.848,38.5863],[20.849,38.5872],[20.85,38.5884],[20.851,38.5899],[20.8518,38.591],[20.8524,38.592],[20.853,38.593],[20.854,38.595],[20.8543,38.596],[20.8549,38.598],[20.8551,38.599],[20.8554,38.601],[20.8559,38.603],[20.8561,38.604],[20.8568,38.606],[20.8571,38.607],[20.8579,38.609],[20.8583,38.61],[20.859,38.612],[20.8593,38.613],[20.86,38.6145],[20.861,38.616],[20.8618,38.617],[20.8627,38.618],[20.8634,38.619],[20.8641,38.62],[20.865,38.6214],[20.8658,38.623],[20.8663,38.624],[20.867,38.6259],[20.8673,38.627],[20.8674,38.629],[20.8671,38.631],[20.8668,38.632],[20.866,38.6339],[20.8658,38.635],[20.866,38.6368],[20.8667,38.638],[20.868,38.6389],[20.869,38.6392],[20.871,38.6395],[20.8728,38.64],[20.874,38.6404],[20.8751,38.641],[20.8765,38.642],[20.8774,38.643],[20.8781,38.644],[20.879,38.6454],[20.88,38.647],[20.8807,38.648],[20.8815,38.649],[20.8823,38.65],[20.8831,38.651],[20.884,38.652],[20.885,38.653],[20.8861,38.654],[20.8875,38.655],[20.8889,38.656],[20.89,38.6568],[20.891,38.6577],[20.892,38.6585],[20.893,38.6594],[20.894,38.6602],[20.895,38.6611],[20.896,38.6621],[20.897,38.6632],[20.898,38.6644],[20.8987,38.666],[20.8985,38.668],[20.898,38.6692],[20.8972,38.671],[20.8966,38.672],[20.896,38.6731],[20.895,38.6746],[20.894,38.676],[20.8933,38.677],[20.8926,38.678],[20.892,38.679],[20.891,38.6806],[20.89,38.682],[20.8893,38.683],[20.8885,38.684],[20.8878,38.685],[20.887,38.6864],[20.8863,38.688],[20.8858,38.689],[20.885,38.6908],[20.8845,38.692],[20.884,38.693],[20.883,38.695],[20.8825,38.696],[20.882,38.697],[20.8811,38.699],[20.8807,38.7],[20.88,38.7019],[20.8797,38.703],[20.8793,38.705],[20.8791,38.707],[20.879,38.7088],[20.879,38.71],[20.879,38.712],[20.879,38.713],[20.8791,38.715],[20.8792,38.717],[20.8792,38.719],[20.8791,38.721],[20.879,38.722],[20.8785,38.724],[20.878,38.7256],[20.8775,38.727],[20.877,38.7287],[20.8762,38.73],[20.8754,38.731],[20.8743,38.732],[20.8731,38.733],[20.872,38.7339],[20.871,38.7347],[20.87,38.7356],[20.869,38.7364],[20.868,38.7373],[20.8666,38.738],[20.865,38.7381],[20.864,38.7378],[20.8622,38.737],[20.861,38.7364],[20.86,38.7359],[20.8581,38.735],[20.857,38.7345],[20.8556,38.734],[20.854,38.7335],[20.852,38.733],[20.851,38.7329],[20.849,38.7327],[20.847,38.7326],[20.845,38.7325],[20.843,38.7324],[20.841,38.7325],[20.839,38.7325],[20.837,38.7324],[20.835,38.7323],[20.833,38.7322],[20.831,38.7323],[20.829,38.7326],[20.8273,38.733],[20.826,38.7332],[20.824,38.7334],[20.822,38.7336],[20.82,38.7336],[20.818,38.7337],[20.816,38.734],[20.815,38.7341],[20.813,38.7343],[20.811,38.7344],[20.809,38.7344],[20.807,38.7342],[20.8056,38.734],[20.804,38.7338],[20.802,38.7336],[20.8,38.7334],[20.798,38.7334],[20.796,38.7334],[20.794,38.7334],[20.792,38.7334],[20.79,38.7334],[20.788,38.7333],[20.786,38.7332],[20.784,38.7331],[20.7829,38.733],[20.781,38.7324],[20.7798,38.732],[20.778,38.7312],[20.777,38.7307],[20.7758,38.73],[20.7744,38.729],[20.7733,38.728],[20.7724,38.727],[20.7717,38.726],[20.771,38.7242],[20.7709,38.723],[20.771,38.7218],[20.7715,38.72],[20.772,38.7181],[20.7724,38.717],[20.773,38.7157],[20.774,38.7145],[20.775,38.7137],[20.777,38.7132],[20.779,38.7136],[20.781,38.714],[20.783,38.7138],[20.785,38.7136],[20.787,38.7134],[20.789,38.7132],[20.79,38.7129],[20.792,38.7121],[20.793,38.7114],[20.794,38.7106],[20.795,38.7096],[20.796,38.7084],[20.797,38.7072],[20.798,38.706],[20.7989,38.705],[20.8,38.704],[20.801,38.7031],[20.802,38.7023],[20.803,38.7016],[20.804,38.7009],[20.8058,38.7],[20.807,38.6995],[20.8083,38.699],[20.81,38.6984],[20.812,38.698],[20.814,38.6983],[20.815,38.699],[20.816,38.7008],[20.8164,38.702],[20.817,38.7033],[20.818,38.7049],[20.8189,38.706],[20.82,38.7068],[20.821,38.7074],[20.823,38.708],[20.824,38.7081],[20.826,38.7081],[20.827,38.7079],[20.829,38.7072],[20.83,38.7065],[20.832,38.7067],[20.8327,38.708],[20.8334,38.709],[20.8341,38.71],[20.835,38.7111],[20.836,38.7121],[20.8371,38.713],[20.839,38.7139],[20.84,38.7142],[20.842,38.7144],[20.844,38.7143],[20.846,38.7141],[20.847,38.7139],[20.849,38.7133],[20.85,38.7129],[20.8514,38.712],[20.8524,38.711],[20.8532,38.71],[20.8539,38.708],[20.8542,38.707],[20.8545,38.705],[20.8547,38.703],[20.8548,38.701],[20.8548,38.699],[20.8546,38.697],[20.8542,38.695],[20.854,38.694],[20.8533,38.692],[20.8528,38.691],[20.852,38.6894],[20.8512,38.688],[20.8507,38.687],[20.85,38.6859],[20.849,38.6846],[20.848,38.6835],[20.847,38.6826],[20.846,38.6817],[20.845,38.681],[20.8433,38.68],[20.842,38.6794],[20.841,38.679],[20.839,38.6782],[20.838,38.6779],[20.836,38.677],[20.835,38.6765],[20.834,38.6758],[20.833,38.6749],[20.832,38.6739],[20.831,38.6724],[20.8304,38.671],[20.83,38.6699],[20.8295,38.668],[20.829,38.666],[20.8288,38.665],[20.8285,38.663],[20.8281,38.661],[20.8279,38.66],[20.8273,38.658],[20.8269,38.657],[20.826,38.655],[20.8255,38.654],[20.8249,38.653],[20.824,38.6516],[20.823,38.6502],[20.8222,38.649],[20.8215,38.648],[20.8208,38.647],[20.82,38.646],[20.819,38.6448],[20.818,38.6437],[20.817,38.6428],[20.816,38.6419],[20.8146,38.641],[20.813,38.6401],[20.812,38.6397],[20.8103,38.639],[20.809,38.6383],[20.808,38.6378],[20.8063,38.637],[20.805,38.6364],[20.804,38.6359],[20.802,38.635],[20.801,38.6346],[20.7999,38.634],[20.798,38.633],[20.797,38.6325],[20.7959,38.632],[20.794,38.6312],[20.793,38.6308],[20.791,38.63],[20.79,38.6297],[20.788,38.6292],[20.7863,38.629],[20.785,38.6287],[20.783,38.6284],[20.7815,38.628],[20.78,38.6271],[20.7794,38.626],[20.78,38.6242],[20.781,38.6235],[20.7822,38.623],[20.784,38.6225],[20.786,38.622],[20.787,38.6219],[20.789,38.6217],[20.791,38.621],[20.792,38.6205],[20.793,38.6198],[20.7944,38.619],[20.796,38.6183],[20.797,38.6178],[20.7989,38.617],[20.8,38.6165],[20.8011,38.616],[20.803,38.6151],[20.804,38.6146],[20.805,38.614],[20.8063,38.613],[20.8073,38.612],[20.8084,38.611],[20.8095,38.61],[20.8109,38.609],[20.812,38.6084],[20.813,38.6079],[20.8145,38.607],[20.8159,38.606],[20.817,38.6051],[20.818,38.6042],[20.819,38.603],[20.8197,38.602],[20.8203,38.601],[20.821,38.5997],[20.8218,38.598],[20.8221,38.597],[20.823,38.595],[20.8235,38.594],[20.824,38.593],[20.825,38.5916],[20.826,38.5904],[20.827,38.5893],[20.828,38.5882],[20.8289,38.587],[20.8298,38.586],[20.831,38.585],[20.832,38.5845],[20.834,38.5843],[20.836,38.5845],[20.838,38.5848],[20.8396,38.585]]}},{"type":"Feature","properties":{"depth_m":100,"closed":false},"geometry":{"type":"LineString","coordinates":[[20.552,38.5149],[20.55,38.5144],[20.548,38.5142],[20.546,38.5142],[20.544,38.5143],[20.542,38.5145],[20.54,38.5149],[20.539,38.5151],[20.537,38.5154],[20.535,38.5158],[20.534,38.5161],[20.5322,38.517],[20.5311,38.518],[20.5304,38.519],[20.5299,38.52],[20.5291,38.522],[20.5289,38.523],[20.5288,38.525],[20.529,38.526],[20.53,38.5277],[20.531,38.5285],[20.532,38.5292],[20.5339,38.53],[20.535,38.5304],[20.537,38.531],[20.538,38.5312],[20.54,38.5316],[20.542,38.5319],[20.544,38.5319],[20.546,38.5316],[20.548,38.5311],[20.549,38.5307],[20.5504,38.53],[20.552,38.529],[20.553,38.5282],[20.554,38.5273],[20.555,38.526],[20.5556,38.525],[20.556,38.5238],[20.5564,38.522],[20.5563,38.52],[20.556,38.5186],[20.5551,38.517],[20.5541,38.516],[20.553,38.5153],[20.552,38.5149]]}},{"type":"Feature","properties":{"depth_m":100,"closed":false},"geometry":{"type":"LineString","coordinates":[[20.6126,37.851],[20.6125,37.853],[20.6123,37.855],[20.612,37.857],[20.6119,37.858],[20.6116,37.86],[20.6115,37.862],[20.6115,37.864],[20.612,37.866],[20.6124,37.867],[20.613,37.8682],[20.614,37.8698],[20.6147,37.871],[20.6152,37.872],[20.616,37.8734],[20.6169,37.875],[20.6174,37.876],[20.618,37.8772],[20.6188,37.879],[20.6192,37.88],[20.62,37.8819],[20.6205,37.883],[20.6211,37.884],[20.622,37.8857],[20.6227,37.887],[20.6231,37.888],[20.6239,37.89],[20.6243,37.891],[20.625,37.8926],[20.6258,37.894],[20.6265,37.895],[20.6272,37.896],[20.628,37.8972],[20.6288,37.899],[20.629,37.9],[20.6294,37.902],[20.63,37.9037],[20.631,37.9049],[20.632,37.9058],[20.633,37.9066],[20.634,37.9074],[20.635,37.9082],[20.636,37.909],[20.6374,37.91],[20.6389,37.911],[20.6399,37.912],[20.6408,37.913],[20.6416,37.914],[20.6427,37.915],[20.644,37.916],[20.645,37.9165],[20.646,37.917],[20.648,37.9178],[20.649,37.9182],[20.6508,37.919],[20.652,37.9195],[20.6533,37.92],[20.655,37.9207],[20.656,37.9212],[20.6574,37.922],[20.6589,37.923],[20.66,37.9239],[20.661,37.9246],[20.662,37.9253],[20.6632,37.926],[20.6646,37.927],[20.6658,37.928],[20.6669,37.929],[20.6677,37.93],[20.6685,37.931],[20.6692,37.932],[20.67,37.9333],[20.671,37.935],[20.6716,37.936],[20.6721,37.937],[20.673,37.9389],[20.6736,37.94],[20.6743,37.941],[20.675,37.942],[20.676,37.9432],[20.677,37.9443],[20.678,37.9455],[20.679,37.9468],[20.6797,37.948],[20.6803,37.949],[20.681,37.9506],[20.6815,37.952],[20.682,37.9535],[20.6824,37.955],[20.6826,37.957],[20.6822,37.959],[20.6817,37.96],[20.681,37.961],[20.68,37.962],[20.6788,37.963],[20.677,37.9638],[20.675,37.9635],[20.6737,37.963],[20.672,37.9624],[20.67,37.9621],[20.668,37.9626],[20.667,37.9633],[20.666,37.9641],[20.6649,37.965],[20.663,37.966],[20.662,37.9666],[20.661,37.9675],[20.6601,37.969],[20.6598,37.97],[20.6592,37.972],[20.6588,37.973],[20.658,37.975],[20.6576,37.976],[20.657,37.9771],[20.656,37.9787],[20.6551,37.98],[20.6542,37.981],[20.653,37.9819],[20.652,37.9824],[20.6506,37.983],[20.649,37.9837],[20.648,37.9843],[20.647,37.985],[20.646,37.986],[20.645,37.9875],[20.6441,37.989],[20.6436,37.99],[20.643,37.9911],[20.6421,37.993],[20.6417,37.994],[20.6411,37.996],[20.6408,37.997],[20.6402,37.999],[20.6399,38.0],[20.6392,38.002],[20.6388,38.003],[20.638,38.005],[20.6376,38.006],[20.637,38.0072],[20.6361,38.009],[20.6356,38.01],[20.635,38.0112],[20.634,38.013],[20.6332,38.014],[20.632,38.0149],[20.631,38.0153],[20.629,38.016],[20.628,38.0163],[20.626,38.0168],[20.625,38.017],[20.623,38.0175],[20.621,38.018],[20.62,38.0182],[20.618,38.0187],[20.616,38.0189],[20.615,38.019],[20.613,38.0192],[20.611,38.0193],[20.609,38.0196],[20.607,38.02],[20.606,38.0203],[20.604,38.0209],[20.603,38.0212],[20.601,38.022],[20.6,38.0224],[20.5987,38.023],[20.597,38.0239],[20.596,38.0245],[20.595,38.0251],[20.5937,38.026],[20.5921,38.027],[20.591,38.0277],[20.59,38.0284],[20.589,38.0291],[20.5874,38.03],[20.586,38.0307],[20.585,38.0313],[20.5839,38.032],[20.5823,38.033],[20.581,38.0339],[20.58,38.0345],[20.579,38.0352],[20.578,38.036],[20.5768,38.037],[20.5758,38.038],[20.5746,38.039],[20.5733,38.04],[20.572,38.0409],[20.571,38.0415],[20.57,38.0422],[20.5688,38.043],[20.5673,38.044],[20.566,38.0448],[20.565,38.0453],[20.5637,38.046],[20.562,38.0468],[20.561,38.0472],[20.5594,38.048],[20.558,38.0487],[20.557,38.0491],[20.555,38.0499],[20.554,38.0502],[20.552,38.0509],[20.551,38.0511],[20.549,38.0517],[20.5475,38.052],[20.546,38.0523],[20.544,38.0528],[20.543,38.0531],[20.541,38.0536],[20.5395,38.054],[20.538,38.0543],[20.536,38.0547],[20.535,38.055],[20.533,38.0555],[20.531,38.056],[20.53,38.0562],[20.528,38.0566],[20.526,38.0569],[20.525,38.057],[20.523,38.0574],[20.521,38.058],[20.52,38.0583],[20.5184,38.059],[20.517,38.0597],[20.516,38.0602],[20.5144,38.061],[20.513,38.0618],[20.512,38.0623],[20.5108,38.063],[20.5092,38.064],[20.508,38.0647],[20.507,38.0653],[20.5056,38.066],[20.504,38.0668],[20.503,38.0673],[20.5014,38.068],[20.5,38.0686],[20.4989,38.069],[20.497,38.0697],[20.496,38.07],[20.494,38.0706],[20.4925,38.071],[20.491,38.0713],[20.489,38.0717],[20.487,38.072],[20.486,38.0721],[20.484,38.0723],[20.482,38.0727],[20.4804,38.073],[20.479,38.0734],[20.4773,38.074],[20.476,38.0747],[20.475,38.0754],[20.474,38.0762],[20.473,38.0771],[20.472,38.078],[20.471,38.079],[20.47,38.08],[20.4689,38.081],[20.4676,38.082],[20.466,38.0829],[20.465,38.0833],[20.4633,38.084],[20.462,38.0844],[20.4603,38.085],[20.459,38.0855],[20.458,38.086],[20.4561,38.087],[20.455,38.0876],[20.454,38.0882],[20.4524,38.089],[20.451,38.0897],[20.45,38.0901],[20.448,38.0906],[20.4462,38.091],[20.445,38.0912],[20.443,38.0915],[20.441,38.0917],[20.439,38.0918],[20.437,38.0917],[20.435,38.0915],[20.433,38.0914],[20.431,38.0918],[20.43,38.0921],[20.428,38.0926],[20.426,38.0929],[20.425,38.0931],[20.423,38.0934],[20.421,38.0938],[20.42,38.0943],[20.419,38.0951],[20.418,38.0967],[20.4173,38.098],[20.4166,38.099],[20.4151,38.1],[20.414,38.1007],[20.413,38.1015],[20.412,38.1024],[20.411,38.1032],[20.4098,38.104],[20.4085,38.105],[20.4072,38.106],[20.406,38.1066],[20.405,38.107],[20.403,38.1076],[20.4012,38.108],[20.4,38.1083],[20.3982,38.109],[20.397,38.1096],[20.396,38.1102],[20.3948,38.111],[20.3937,38.112],[20.3928,38.113],[20.392,38.114],[20.391,38.1151],[20.39,38.1162],[20.389,38.1173],[20.388,38.1183],[20.387,38.1192],[20.386,38.1201],[20.385,38.121],[20.3839,38.122],[20.3829,38.123],[20.382,38.1241],[20.381,38.1254],[20.38,38.1269],[20.3792,38.128],[20.3786,38.129],[20.3779,38.13],[20.377,38.1313],[20.3761,38.133],[20.3756,38.134],[20.3746,38.135],[20.3732,38.136],[20.372,38.1368],[20.371,38.1379],[20.3701,38.139],[20.3691,38.14],[20.3682,38.141],[20.3674,38.142],[20.3664,38.143],[20.3653,38.144],[20.3642,38.145],[20.363,38.146],[20.362,38.1468],[20.361,38.1477],[20.36,38.1485],[20.359,38.1492],[20.3577,38.15],[20.356,38.1509],[20.355,38.1516],[20.354,38.1524],[20.353,38.1533],[20.352,38.1542],[20.351,38.1551],[20.3499,38.156],[20.3484,38.157],[20.347,38.1579],[20.346,38.1586],[20.345,38.1592],[20.3435,38.16],[20.342,38.1605],[20.3406,38.161],[20.339,38.1616],[20.338,38.162],[20.336,38.1629],[20.335,38.1634],[20.334,38.164],[20.3326,38.165],[20.3312,38.166],[20.33,38.1667],[20.329,38.1674],[20.328,38.1682],[20.327,38.1694],[20.3262,38.171],[20.3261,38.173],[20.3267,38.175],[20.3272,38.176],[20.328,38.1774],[20.3285,38.179],[20.3285,38.181],[20.3286,38.183],[20.3289,38.185],[20.3289,38.187],[20.3283,38.189],[20.3279,38.19],[20.327,38.1919],[20.3266,38.193],[20.327,38.1944],[20.328,38.1952],[20.3296,38.196],[20.331,38.1969],[20.3317,38.198],[20.3319,38.2],[20.332,38.2017],[20.3324,38.203],[20.333,38.2041],[20.334,38.2056],[20.335,38.207],[20.3358,38.208],[20.3365,38.209],[20.3372,38.21],[20.338,38.211],[20.339,38.2121],[20.34,38.2132],[20.341,38.2144],[20.342,38.2157],[20.3429,38.217],[20.3435,38.218],[20.344,38.2191],[20.3449,38.221],[20.3452,38.222],[20.3458,38.224],[20.346,38.2257],[20.3461,38.227],[20.346,38.229],[20.3459,38.23],[20.3459,38.232],[20.346,38.234],[20.3461,38.235],[20.3464,38.237],[20.3467,38.239],[20.347,38.2405],[20.3472,38.242],[20.3472,38.244],[20.347,38.245],[20.3462,38.247],[20.3458,38.248],[20.3453,38.25],[20.3454,38.252],[20.3459,38.254],[20.3463,38.255],[20.347,38.2563],[20.348,38.2575],[20.349,38.2585],[20.35,38.2595],[20.351,38.2603],[20.352,38.2611],[20.353,38.2622],[20.354,38.2634],[20.355,38.2645],[20.356,38.2654],[20.357,38.2664],[20.358,38.2674],[20.359,38.2684],[20.36,38.269],[20.362,38.2697],[20.363,38.27],[20.365,38.2706],[20.366,38.271],[20.368,38.2717],[20.369,38.2722],[20.3706,38.273],[20.372,38.274],[20.373,38.2749],[20.3738,38.276],[20.3744,38.277],[20.375,38.2781],[20.3758,38.28],[20.3762,38.281],[20.3769,38.283],[20.3773,38.284],[20.3779,38.286],[20.3783,38.287],[20.3788,38.289],[20.379,38.2908],[20.3792,38.292],[20.3799,38.294],[20.3804,38.295],[20.381,38.2962],[20.3818,38.298],[20.3823,38.299],[20.383,38.3004],[20.384,38.302],[20.3846,38.303],[20.3853,38.304],[20.386,38.3053],[20.3866,38.307],[20.3869,38.309],[20.387,38.311],[20.3867,38.313],[20.386,38.3147],[20.3855,38.316],[20.3853,38.318],[20.386,38.3198],[20.387,38.3207],[20.388,38.3215],[20.389,38.3223],[20.39,38.3233],[20.391,38.3243],[20.392,38.3257],[20.3925,38.327],[20.3925,38.329],[20.3919,38.33],[20.3902,38.331],[20.3895,38.332],[20.3896,38.334],[20.39,38.3356],[20.3906,38.337],[20.3911,38.338],[20.392,38.3394],[20.393,38.341],[20.3934,38.342],[20.3937,38.344],[20.3937,38.346],[20.3936,38.348],[20.3938,38.35],[20.3941,38.351],[20.395,38.3526],[20.396,38.354],[20.3968,38.355],[20.3971,38.356],[20.398,38.3571],[20.399,38.3586],[20.4,38.3594],[20.4012,38.36],[20.403,38.3609],[20.404,38.3615],[20.4051,38.362],[20.407,38.3627],[20.4085,38.363],[20.41,38.3632],[20.412,38.3633],[20.414,38.3635],[20.416,38.3635],[20.418,38.3635],[20.42,38.3638],[20.421,38.364],[20.423,38.3645],[20.4245,38.365],[20.426,38.3655],[20.4274,38.366],[20.429,38.3665],[20.431,38.3669],[20.432,38.367],[20.434,38.3671],[20.4356,38.367],[20.437,38.3669],[20.439,38.3666],[20.441,38.3663],[20.4426,38.366],[20.444,38.3658],[20.446,38.3654],[20.4475,38.365],[20.449,38.3644],[20.45,38.3639],[20.4513,38.363],[20.4523,38.362],[20.4532,38.361],[20.4541,38.36],[20.455,38.359],[20.456,38.3579],[20.457,38.3567],[20.458,38.3555],[20.459,38.3544],[20.46,38.3533],[20.461,38.3524],[20.462,38.3516],[20.463,38.3509],[20.465,38.3501],[20.466,38.3499],[20.4679,38.35],[20.469,38.3501],[20.471,38.3502],[20.473,38.3502],[20.475,38.3503],[20.477,38.3504],[20.479,38.3505],[20.481,38.3505],[20.483,38.3505],[20.485,38.3505],[20.487,38.3507],[20.4885,38.351],[20.4897,38.352],[20.4902,38.353],[20.4908,38.355],[20.491,38.356],[20.4915,38.358],[20.4919,38.36],[20.4921,38.361],[20.4924,38.363],[20.4929,38.365],[20.4931,38.366],[20.4937,38.368],[20.494,38.369],[20.4945,38.371],[20.495,38.373],[20.4952,38.374],[20.4957,38.376],[20.496,38.3772],[20.4966,38.379],[20.497,38.38],[20.498,38.3818],[20.4988,38.383],[20.4995,38.384],[20.5002,38.385],[20.501,38.3861],[20.502,38.3877],[20.5028,38.389],[20.5035,38.39],[20.5043,38.391],[20.5052,38.392],[20.5061,38.393],[20.5071,38.394],[20.5081,38.395],[20.5093,38.396],[20.5104,38.397],[20.5116,38.398],[20.5127,38.399],[20.5136,38.4],[20.5143,38.401],[20.515,38.4024],[20.5155,38.404],[20.5159,38.406],[20.5161,38.407],[20.5166,38.409],[20.517,38.4102],[20.5175,38.412],[20.5178,38.414],[20.518,38.4159],[20.5181,38.417],[20.5181,38.419],[20.5182,38.421],[20.5185,38.423],[20.519,38.425],[20.5193,38.426],[20.52,38.4278],[20.5205,38.429],[20.521,38.4307],[20.5214,38.432],[20.5219,38.434],[20.5222,38.435],[20.5229,38.437],[20.5232,38.438],[20.524,38.4396],[20.5247,38.441],[20.5252,38.442],[20.526,38.4437],[20.5264,38.445],[20.527,38.447],[20.5273,38.448],[20.528,38.4499],[20.5285,38.451],[20.5291,38.452],[20.53,38.4539],[20.5303,38.455],[20.5304,38.457],[20.5303,38.459],[20.5302,38.461],[20.5302,38.463],[20.5301,38.465],[20.5303,38.467],[20.5307,38.469],[20.531,38.4704],[20.5313,38.472],[20.5315,38.474],[20.532,38.4758],[20.5323,38.477],[20.5324,38.479],[20.532,38.4801],[20.531,38.4815],[20.53,38.4829],[20.5296,38.484],[20.5291,38.486],[20.5289,38.487],[20.5286,38.489],[20.528,38.4908],[20.5276,38.492],[20.527,38.4935],[20.5263,38.495],[20.5258,38.496],[20.525,38.4974],[20.524,38.4988],[20.5231,38.5],[20.5224,38.501],[20.5217,38.502],[20.521,38.503],[20.5202,38.505],[20.5206,38.507],[20.5211,38.508],[20.522,38.5091],[20.5231,38.51],[20.5247,38.511],[20.526,38.5116],[20.528,38.5118],[20.5296,38.511],[20.5304,38.51],[20.531,38.509],[20.5316,38.507],[20.532,38.5055],[20.5323,38.504],[20.5328,38.502],[20.533,38.501],[20.5336,38.499],[20.5341,38.498],[20.535,38.4967],[20.536,38.4952],[20.5368,38.494],[20.5374,38.493],[20.5381,38.492],[20.539,38.4907],[20.54,38.4891],[20.5405,38.488],[20.541,38.4869],[20.5416,38.485],[20.542,38.4838],[20.543,38.4826],[20.544,38.482],[20.546,38.4819],[20.5471,38.482],[20.549,38.482],[20.55,38.482],[20.552,38.4816],[20.5533,38.481],[20.555,38.4801],[20.556,38.4797],[20.558,38.4795],[20.56,38.4795],[20.562,38.4796],[20.564,38.4797],[20.5654,38.48],[20.567,38.4804],[20.569,38.4809],[20.571,38.4806],[20.5722,38.48],[20.5737,38.479],[20.575,38.478],[20.576,38.4772],[20.577,38.4766],[20.5785,38.476],[20.58,38.4754],[20.581,38.475],[20.583,38.4741],[20.584,38.4738],[20.586,38.4732],[20.587,38.4727],[20.588,38.4718],[20.5884,38.47],[20.588,38.4685],[20.5875,38.467],[20.5874,38.465],[20.5878,38.463],[20.5881,38.462],[20.5888,38.46],[20.5892,38.459],[20.59,38.4574],[20.591,38.456],[20.5917,38.455],[20.5922,38.454],[20.5925,38.452],[20.5923,38.45],[20.5922,38.448],[20.5923,38.446],[20.5927,38.444],[20.5931,38.443],[20.5939,38.441],[20.5945,38.44],[20.595,38.439],[20.596,38.4372],[20.597,38.4361],[20.598,38.4354],[20.599,38.4348],[20.6,38.434],[20.601,38.4328],[20.6017,38.431],[20.6018,38.429],[20.6017,38.427],[20.602,38.4253],[20.6026,38.424],[20.6032,38.423],[20.604,38.4216],[20.6048,38.42],[20.6052,38.419],[20.606,38.4171],[20.6065,38.416],[20.607,38.4148],[20.608,38.413],[20.6086,38.412],[20.6093,38.411],[20.6101,38.41],[20.611,38.409],[20.6121,38.408],[20.6133,38.407],[20.6143,38.406],[20.6151,38.405],[20.616,38.4038],[20.617,38.4021],[20.6176,38.401],[20.618,38.4],[20.6188,38.398],[20.6192,38.397],[20.62,38.395],[20.6204,38.394],[20.621,38.3928],[20.6219,38.391],[20.6224,38.39],[20.623,38.3887],[20.6236,38.387],[20.624,38.386],[20.6249,38.384],[20.6254,38.383],[20.626,38.3816],[20.6267,38.38],[20.627,38.379],[20.6278,38.377],[20.6283,38.376],[20.629,38.3746],[20.6297,38.373],[20.6301,38.372],[20.6309,38.37],[20.6312,38.369],[20.6319,38.367],[20.6322,38.366],[20.6327,38.364],[20.633,38.3625],[20.6333,38.361],[20.6337,38.359],[20.634,38.3578],[20.6345,38.356],[20.635,38.3546],[20.6357,38.353],[20.6361,38.352],[20.637,38.3501],[20.6375,38.349],[20.638,38.3477],[20.6386,38.346],[20.639,38.3449],[20.6397,38.343],[20.6401,38.342],[20.6409,38.34],[20.6413,38.339],[20.6419,38.337],[20.6422,38.336],[20.6429,38.334],[20.6433,38.333],[20.644,38.3312],[20.6444,38.33],[20.6448,38.328],[20.645,38.326],[20.6451,38.325],[20.6457,38.323],[20.6456,38.321],[20.645,38.3196],[20.644,38.3181],[20.6433,38.317],[20.6427,38.316],[20.642,38.314],[20.6418,38.313],[20.6415,38.311],[20.641,38.309],[20.6407,38.308],[20.64,38.3063],[20.6393,38.305],[20.6387,38.304],[20.638,38.3029],[20.637,38.3013],[20.6362,38.3],[20.6356,38.299],[20.635,38.2979],[20.6341,38.296],[20.6338,38.295],[20.6337,38.293],[20.634,38.2916],[20.6345,38.29],[20.6349,38.288],[20.6352,38.287],[20.636,38.285],[20.6365,38.284],[20.6372,38.283],[20.6381,38.282],[20.6391,38.281],[20.64,38.28],[20.641,38.279],[20.643,38.2781],[20.645,38.2788],[20.646,38.2796],[20.647,38.2806],[20.648,38.2816],[20.649,38.2827],[20.65,38.2837],[20.651,38.2846],[20.652,38.2855],[20.653,38.2865],[20.654,38.2874],[20.655,38.2883],[20.656,38.2891],[20.6575,38.29],[20.659,38.2907],[20.66,38.2911],[20.662,38.2916],[20.663,38.292],[20.6645,38.293],[20.6659,38.294],[20.667,38.2948],[20.668,38.2953],[20.67,38.296],[20.671,38.2962],[20.673,38.2965],[20.675,38.2964],[20.6765,38.296],[20.678,38.2953],[20.679,38.2948],[20.6804,38.294],[20.682,38.2932],[20.683,38.2926],[20.6841,38.292],[20.686,38.2911],[20.687,38.2907],[20.689,38.2904],[20.691,38.2908],[20.692,38.2913],[20.693,38.2923],[20.6933,38.294],[20.693,38.295],[20.692,38.2969],[20.6914,38.298],[20.6908,38.299],[20.69,38.3008],[20.6896,38.302],[20.689,38.3034],[20.688,38.305],[20.6873,38.306],[20.6868,38.307],[20.6865,38.309],[20.6861,38.311],[20.6859,38.312],[20.6852,38.314],[20.6849,38.315],[20.684,38.317],[20.6834,38.318],[20.6827,38.319],[20.682,38.3201],[20.681,38.3214],[20.68,38.3228],[20.6791,38.324],[20.6783,38.325],[20.6776,38.326],[20.677,38.327],[20.676,38.329],[20.6756,38.33],[20.675,38.3316],[20.6745,38.333],[20.674,38.3344],[20.6734,38.336],[20.673,38.337],[20.672,38.3387],[20.6711,38.34],[20.6705,38.341],[20.6698,38.342],[20.669,38.3431],[20.668,38.3444],[20.667,38.3459],[20.6662,38.347],[20.6655,38.348],[20.6648,38.349],[20.664,38.35],[20.663,38.351],[20.6619,38.352],[20.661,38.353],[20.66,38.3545],[20.6592,38.356],[20.6587,38.357],[20.658,38.3584],[20.6573,38.36],[20.657,38.361],[20.6564,38.363],[20.656,38.3644],[20.6555,38.366],[20.655,38.3675],[20.6543,38.369],[20.6539,38.37],[20.653,38.372],[20.6526,38.373],[20.652,38.3745],[20.6514,38.376],[20.651,38.377],[20.6501,38.379],[20.6497,38.38],[20.649,38.3817],[20.6484,38.383],[20.648,38.3845],[20.6477,38.386],[20.6472,38.388],[20.6469,38.389],[20.6461,38.391],[20.6456,38.392],[20.645,38.3933],[20.6441,38.395],[20.6436,38.396],[20.643,38.3971],[20.6421,38.399],[20.6416,38.4],[20.641,38.4012],[20.6402,38.403],[20.6397,38.404],[20.639,38.4053],[20.638,38.4067],[20.637,38.408],[20.6363,38.409],[20.6357,38.41],[20.635,38.4112],[20.6342,38.413],[20.6337,38.414],[20.633,38.4156],[20.6323,38.417],[20.6319,38.418],[20.631,38.42],[20.6307,38.421],[20.63,38.4229],[20.6296,38.424],[20.629,38.4252],[20.6281,38.427],[20.6275,38.428],[20.6269,38.429],[20.626,38.4303],[20.625,38.4317],[20.6241,38.433],[20.6234,38.434],[20.6228,38.435],[20.622,38.4366],[20.6214,38.438],[20.621,38.439],[20.6201,38.441],[20.6197,38.442],[20.619,38.4435],[20.6182,38.445],[20.6177,38.446],[20.617,38.447],[20.616,38.4484],[20.615,38.4496],[20.614,38.4509],[20.6131,38.452],[20.6123,38.453],[20.6115,38.454],[20.6108,38.455],[20.61,38.4564],[20.6091,38.458],[20.6086,38.459],[20.608,38.4603],[20.6074,38.462],[20.607,38.4636],[20.6066,38.465],[20.6062,38.467],[20.606,38.468],[20.6057,38.47],[20.6054,38.472],[20.6053,38.474],[20.6053,38.476],[20.6058,38.478],[20.6061,38.479],[20.6066,38.481],[20.6066,38.483],[20.607,38.4846],[20.608,38.4859],[20.609,38.4867],[20.61,38.4872],[20.612,38.4879],[20.613,38.4882],[20.6149,38.489],[20.616,38.4895],[20.6171,38.49],[20.619,38.4907],[20.62,38.491],[20.622,38.4915],[20.624,38.4919],[20.625,38.4921],[20.627,38.4924],[20.629,38.4927],[20.6301,38.493],[20.6316,38.494],[20.6323,38.495],[20.633,38.497],[20.6332,38.498],[20.6336,38.5],[20.634,38.5014],[20.6346,38.503],[20.6351,38.504],[20.636,38.5054],[20.637,38.5065],[20.638,38.5074],[20.639,38.5082],[20.64,38.509],[20.6414,38.51],[20.643,38.511],[20.644,38.5115],[20.6454,38.512],[20.647,38.5124],[20.649,38.5126],[20.651,38.5125],[20.653,38.5122],[20.6546,38.512],[20.656,38.5118],[20.658,38.5115],[20.6598,38.511],[20.661,38.5106],[20.663,38.51],[20.664,38.5097],[20.6655,38.509],[20.667,38.5083],[20.668,38.5079],[20.67,38.5071],[20.671,38.5068],[20.6728,38.506],[20.674,38.5054],[20.675,38.505],[20.677,38.5042],[20.678,38.5038],[20.6798,38.503],[20.681,38.5024],[20.682,38.5019],[20.6834,38.501],[20.6846,38.5],[20.6856,38.499],[20.6865,38.498],[20.6873,38.497],[20.688,38.496],[20.6889,38.494],[20.6893,38.493],[20.6897,38.491],[20.6898,38.489],[20.6899,38.487],[20.6899,38.485],[20.6898,38.483],[20.6896,38.481],[20.69,38.4793],[20.691,38.4781],[20.692,38.477],[20.6926,38.476],[20.6933,38.475],[20.6943,38.474],[20.6953,38.473],[20.696,38.472],[20.697,38.4705],[20.698,38.469],[20.6989,38.468],[20.6998,38.467],[20.7007,38.466],[20.7017,38.465],[20.7026,38.464],[20.7036,38.463],[20.7045,38.462],[20.7055,38.461],[20.7064,38.46],[20.7073,38.459],[20.7082,38.458],[20.709,38.457],[20.71,38.4558],[20.711,38.4546],[20.712,38.4535],[20.713,38.4523],[20.714,38.4511],[20.7148,38.45],[20.7154,38.449],[20.7161,38.448],[20.717,38.4466],[20.7179,38.445],[20.7183,38.444],[20.719,38.442],[20.7192,38.441],[20.7194,38.439],[20.7194,38.437],[20.7192,38.435],[20.719,38.434],[20.7185,38.432],[20.718,38.4305],[20.7175,38.429],[20.717,38.4276],[20.7164,38.426],[20.716,38.4245],[20.7156,38.423],[20.715,38.4214],[20.7144,38.42],[20.714,38.4189],[20.713,38.417],[20.7122,38.416],[20.7111,38.415],[20.7103,38.414],[20.7096,38.413],[20.7089,38.412],[20.708,38.4109],[20.707,38.4099],[20.706,38.4089],[20.705,38.4079],[20.704,38.407],[20.703,38.406],[20.702,38.4049],[20.701,38.4037],[20.7,38.4022],[20.6991,38.401],[20.6985,38.4],[20.6978,38.399],[20.697,38.3979],[20.696,38.3962],[20.6954,38.395],[20.695,38.393],[20.696,38.3918],[20.697,38.3921],[20.699,38.393],[20.7,38.3935],[20.7014,38.394],[20.703,38.3943],[20.705,38.3947],[20.706,38.3951],[20.7073,38.396],[20.7084,38.397],[20.7095,38.398],[20.7108,38.399],[20.712,38.3996],[20.713,38.4],[20.715,38.4008],[20.716,38.4013],[20.7175,38.402],[20.719,38.4027],[20.72,38.403],[20.722,38.4034],[20.724,38.4035],[20.726,38.4035],[20.728,38.4033],[20.73,38.403],[20.731,38.4029],[20.733,38.4025],[20.735,38.4021],[20.736,38.4019],[20.738,38.4014],[20.7396,38.401],[20.741,38.4005],[20.7423,38.4],[20.744,38.3992],[20.745,38.3986],[20.746,38.3979],[20.7471,38.397],[20.7481,38.396],[20.7491,38.395],[20.7501,38.394],[20.751,38.3928],[20.752,38.3913],[20.7527,38.39],[20.7532,38.389],[20.7538,38.387],[20.754,38.386],[20.7544,38.384],[20.755,38.3823],[20.7556,38.381],[20.7561,38.38],[20.757,38.3782],[20.7577,38.377],[20.7584,38.376],[20.7591,38.375],[20.76,38.3739],[20.761,38.3728],[20.762,38.3716],[20.763,38.3702],[20.7636,38.369],[20.764,38.368],[20.7643,38.366],[20.7641,38.364],[20.764,38.363],[20.7634,38.361],[20.763,38.36],[20.762,38.3586],[20.761,38.3575],[20.76,38.3565],[20.759,38.3553],[20.7582,38.354],[20.7579,38.353],[20.7575,38.351],[20.7573,38.349],[20.7573,38.347],[20.7578,38.345],[20.7582,38.344],[20.7589,38.342],[20.7593,38.341],[20.76,38.3396],[20.7608,38.338],[20.7613,38.337],[20.762,38.3359],[20.763,38.335],[20.7643,38.334],[20.7655,38.333],[20.7667,38.332],[20.768,38.331],[20.769,38.3302],[20.77,38.3295],[20.771,38.3286],[20.772,38.3276],[20.773,38.3262],[20.7737,38.325],[20.7741,38.324],[20.7747,38.322],[20.7749,38.32],[20.7746,38.318],[20.774,38.3162],[20.7734,38.315],[20.7728,38.314],[20.772,38.3129],[20.771,38.3116],[20.77,38.3107],[20.769,38.3099],[20.7676,38.309],[20.766,38.308],[20.765,38.3074],[20.764,38.3068],[20.7626,38.306],[20.761,38.3051],[20.76,38.3043],[20.759,38.3035],[20.758,38.3028],[20.7569,38.302],[20.7553,38.301],[20.754,38.3002],[20.753,38.2997],[20.7518,38.299],[20.7501,38.298],[20.749,38.2974],[20.748,38.2968],[20.7466,38.296],[20.745,38.2951],[20.744,38.2947],[20.7423,38.294],[20.741,38.2934],[20.74,38.2929],[20.7381,38.292],[20.737,38.2916],[20.735,38.2911],[20.734,38.291],[20.732,38.2905],[20.73,38.2901],[20.728,38.2901],[20.726,38.2901],[20.724,38.2903],[20.722,38.2906],[20.7208,38.291],[20.719,38.2918],[20.718,38.2922],[20.7161,38.293],[20.715,38.2933],[20.713,38.2936],[20.7117,38.294],[20.71,38.2946],[20.709,38.295],[20.7079,38.295],[20.7072,38.293],[20.708,38.2914],[20.709,38.2901],[20.71,38.2891],[20.711,38.2883],[20.712,38.287],[20.7108,38.286],[20.709,38.2851],[20.708,38.2847],[20.706,38.2841],[20.705,38.2839],[20.703,38.2833],[20.702,38.2826],[20.701,38.2812],[20.7005,38.28],[20.7004,38.278],[20.701,38.2764],[20.702,38.2751],[20.703,38.2743],[20.704,38.2736],[20.706,38.2731],[20.707,38.2728],[20.7074,38.271],[20.7078,38.269],[20.708,38.268],[20.7085,38.266],[20.709,38.2643],[20.7094,38.263],[20.71,38.2615],[20.7107,38.26],[20.7113,38.259],[20.712,38.2579],[20.713,38.2566],[20.714,38.2553],[20.715,38.254],[20.7158,38.253],[20.7165,38.252],[20.7173,38.251],[20.718,38.25],[20.719,38.2485],[20.7199,38.247],[20.7204,38.246],[20.721,38.245],[20.722,38.2435],[20.723,38.242],[20.7237,38.241],[20.7244,38.24],[20.725,38.2389],[20.7258,38.237],[20.726,38.236],[20.7269,38.234],[20.7276,38.233],[20.7283,38.232],[20.7291,38.231],[20.73,38.2299],[20.731,38.2285],[20.732,38.2272],[20.733,38.226],[20.7339,38.225],[20.7349,38.224],[20.736,38.2231],[20.737,38.2224],[20.738,38.2218],[20.7393,38.221],[20.7405,38.22],[20.7417,38.219],[20.7427,38.218],[20.7438,38.217],[20.7449,38.216],[20.746,38.215],[20.747,38.214],[20.7477,38.213],[20.7484,38.212],[20.749,38.211],[20.75,38.2097],[20.751,38.2086],[20.752,38.2076],[20.753,38.2066],[20.754,38.2056],[20.755,38.2045],[20.756,38.2034],[20.757,38.2024],[20.758,38.2014],[20.759,38.2004],[20.76,38.1995],[20.761,38.1986],[20.762,38.1978],[20.763,38.197],[20.7641,38.196],[20.7652,38.195],[20.7663,38.194],[20.7673,38.193],[20.7683,38.192],[20.7692,38.191],[20.77,38.19],[20.771,38.1887],[20.772,38.1872],[20.773,38.186],[20.774,38.185],[20.775,38.1841],[20.776,38.1831],[20.777,38.1821],[20.778,38.1811],[20.779,38.1801],[20.78,38.1792],[20.781,38.1786],[20.7824,38.178],[20.784,38.1773],[20.785,38.1769],[20.787,38.1763],[20.7881,38.176],[20.79,38.1755],[20.7917,38.175],[20.793,38.1747],[20.795,38.1741],[20.796,38.1735],[20.797,38.1723],[20.7975,38.171],[20.798,38.1695],[20.7983,38.168],[20.7987,38.166],[20.799,38.1647],[20.7994,38.163],[20.8,38.1612],[20.8005,38.16],[20.801,38.1588],[20.8019,38.157],[20.8024,38.156],[20.803,38.1547],[20.8037,38.153],[20.8041,38.152],[20.805,38.1502],[20.8056,38.149],[20.806,38.148],[20.8069,38.146],[20.8075,38.145],[20.8083,38.144],[20.8092,38.143],[20.81,38.1417],[20.8109,38.14],[20.8115,38.139],[20.812,38.138],[20.813,38.1362],[20.8137,38.135],[20.8143,38.134],[20.815,38.1329],[20.816,38.1315],[20.817,38.1304],[20.818,38.1292],[20.8189,38.128],[20.8197,38.127],[20.8204,38.126],[20.8211,38.125],[20.822,38.1236],[20.8229,38.122],[20.8235,38.121],[20.824,38.12],[20.825,38.118],[20.8254,38.117],[20.826,38.1156],[20.8268,38.114],[20.8274,38.113],[20.828,38.1115],[20.8285,38.11],[20.829,38.109],[20.83,38.1077],[20.831,38.1068],[20.832,38.1058],[20.833,38.1048],[20.834,38.1039],[20.8351,38.103],[20.836,38.102],[20.8367,38.1],[20.8365,38.098],[20.8363,38.096],[20.8364,38.094],[20.8363,38.092],[20.8362,38.09],[20.8362,38.088],[20.8362,38.086],[20.8361,38.084],[20.8357,38.083],[20.835,38.0812],[20.8345,38.08],[20.834,38.0787],[20.8332,38.077],[20.8327,38.076],[20.832,38.0747],[20.8312,38.073],[20.8308,38.072],[20.8302,38.07],[20.83,38.0689],[20.8297,38.067],[20.8294,38.065],[20.829,38.0636],[20.8286,38.062],[20.8283,38.06],[20.8282,38.058],[20.8289,38.056],[20.8293,38.055],[20.8296,38.053],[20.8298,38.051],[20.83,38.049],[20.8301,38.048],[20.8303,38.046],[20.8303,38.044],[20.83,38.0428],[20.8294,38.041],[20.829,38.04],[20.8284,38.038],[20.828,38.0367],[20.8276,38.035],[20.8277,38.033],[20.828,38.0317],[20.8285,38.03],[20.829,38.0288],[20.8291,38.027],[20.8288,38.026],[20.828,38.0246],[20.827,38.0237],[20.8255,38.024],[20.8249,38.025],[20.824,38.0262],[20.8227,38.027],[20.821,38.028],[20.82,38.0286],[20.819,38.0291],[20.8172,38.03],[20.816,38.0306],[20.8148,38.031],[20.813,38.0315],[20.811,38.0314],[20.8095,38.031],[20.808,38.0305],[20.8069,38.03],[20.8051,38.029],[20.804,38.0282],[20.803,38.0275],[20.802,38.0268],[20.801,38.026],[20.7997,38.025],[20.7983,38.024],[20.797,38.0232],[20.796,38.0226],[20.795,38.022],[20.7934,38.021],[20.792,38.0202],[20.791,38.0196],[20.79,38.019],[20.788,38.0182],[20.787,38.018],[20.785,38.0175],[20.7835,38.017],[20.782,38.0164],[20.781,38.0158],[20.7799,38.015],[20.7786,38.014],[20.7775,38.013],[20.7763,38.012],[20.775,38.0111],[20.774,38.0105],[20.773,38.0099],[20.7714,38.009],[20.77,38.0082],[20.769,38.0077],[20.7675,38.007],[20.766,38.0063],[20.765,38.0058],[20.7636,38.005],[20.7621,38.004],[20.761,38.0031],[20.76,38.0022],[20.759,38.0013],[20.758,38.0005],[20.757,37.9997],[20.7559,37.999],[20.754,37.998],[20.753,37.9975],[20.752,37.997],[20.7502,37.996],[20.749,37.9951],[20.748,37.994],[20.7475,37.993],[20.747,37.9912],[20.7466,37.99],[20.746,37.9885],[20.7453,37.987],[20.7446,37.986],[20.7436,37.985],[20.7424,37.984],[20.741,37.9831],[20.74,37.9823],[20.739,37.9816],[20.738,37.9807],[20.737,37.9797],[20.736,37.9781],[20.7354,37.977],[20.7348,37.976],[20.734,37.9747],[20.7334,37.973],[20.7336,37.971],[20.7341,37.97],[20.735,37.9687],[20.736,37.9676],[20.737,37.9661],[20.7374,37.965],[20.7377,37.963],[20.7377,37.961],[20.7375,37.959],[20.737,37.9572],[20.7367,37.956],[20.7363,37.954],[20.7368,37.952],[20.7374,37.951],[20.738,37.95],[20.739,37.9483],[20.7397,37.947],[20.7402,37.946],[20.741,37.9445],[20.742,37.9431],[20.743,37.9421],[20.744,37.9414],[20.745,37.9408],[20.7466,37.94],[20.7478,37.939],[20.7485,37.938],[20.749,37.9369],[20.7498,37.935],[20.7503,37.934],[20.751,37.9325],[20.7519,37.931],[20.7526,37.93],[20.7535,37.929],[20.755,37.928],[20.756,37.9277],[20.758,37.9275],[20.76,37.9276],[20.762,37.9278],[20.7634,37.928],[20.765,37.9283],[20.767,37.9286],[20.769,37.9287],[20.771,37.9286],[20.773,37.9281],[20.774,37.9277],[20.7758,37.927],[20.777,37.9265],[20.7787,37.926],[20.78,37.9257],[20.782,37.9253],[20.784,37.9251],[20.786,37.925],[20.788,37.925],[20.789,37.9249],[20.791,37.9244],[20.792,37.9238],[20.793,37.9227],[20.7939,37.921],[20.7944,37.92],[20.7951,37.919],[20.796,37.918],[20.7972,37.917],[20.799,37.9161],[20.8,37.9156],[20.8015,37.915],[20.803,37.914],[20.8037,37.913],[20.8042,37.912],[20.805,37.9104],[20.8058,37.909],[20.8064,37.908],[20.8072,37.907],[20.8081,37.906],[20.8091,37.905],[20.8104,37.904],[20.8118,37.903],[20.813,37.9023],[20.814,37.9016],[20.815,37.9009],[20.8161,37.9],[20.8172,37.899],[20.8181,37.898],[20.8191,37.897],[20.8202,37.896],[20.8214,37.895],[20.8228,37.894],[20.824,37.8933],[20.825,37.8929],[20.8269,37.892],[20.828,37.8914],[20.829,37.8909],[20.8305,37.89],[20.832,37.8892],[20.833,37.8888],[20.835,37.8883],[20.837,37.8881],[20.838,37.8879],[20.84,37.8873],[20.841,37.8867],[20.842,37.8859],[20.8431,37.885],[20.8443,37.884],[20.8455,37.883],[20.8467,37.882],[20.8479,37.881],[20.849,37.8802],[20.85,37.8794],[20.851,37.8787],[20.8523,37.878],[20.854,37.8773],[20.855,37.877],[20.857,37.8763],[20.858,37.8759],[20.86,37.875],[20.861,37.8744],[20.862,37.8738],[20.8634,37.873],[20.865,37.8721],[20.866,37.8715],[20.867,37.8708],[20.868,37.8697],[20.869,37.8681],[20.8695,37.867],[20.87,37.8656],[20.8706,37.864],[20.871,37.8629],[20.8719,37.861],[20.8729,37.86],[20.874,37.8593],[20.875,37.8589],[20.877,37.8584],[20.879,37.8581],[20.88,37.8579],[20.882,37.8573],[20.883,37.8569],[20.885,37.856],[20.886,37.8556],[20.888,37.8552],[20.89,37.855],[20.892,37.8553],[20.894,37.8559],[20.895,37.8563],[20.897,37.8567],[20.899,37.8561],[20.9,37.855],[20.9004,37.854],[20.901,37.8524],[20.9013,37.851]]}},{"type":"Feature","properties":{"depth_m":100,"closed":false},"geometry":{"type":"LineString","coordinates":[[20.808,38.4658],[20.806,38.4654],[20.804,38.4652],[20.802,38.4654],[20.8,38.4659],[20.799,38.4664],[20.798,38.467],[20.7962,38.468],[20.795,38.4685],[20.794,38.4691],[20.7927,38.47],[20.7915,38.471],[20.7904,38.472],[20.7894,38.473],[20.7886,38.474],[20.7879,38.475],[20.7872,38.477],[20.7869,38.478],[20.7868,38.48],[20.787,38.482],[20.7872,38.483],[20.7879,38.485],[20.7884,38.486],[20.789,38.4873],[20.7899,38.489],[20.7905,38.49],[20.7913,38.491],[20.7922,38.492],[20.7932,38.493],[20.7943,38.494],[20.7955,38.495],[20.7966,38.496],[20.7976,38.497],[20.7986,38.498],[20.7995,38.499],[20.8005,38.5],[20.8014,38.501],[20.8024,38.502],[20.8033,38.503],[20.8042,38.504],[20.8052,38.505],[20.8061,38.506],[20.8071,38.507],[20.8082,38.508],[20.8095,38.509],[20.811,38.51],[20.812,38.5104],[20.8138,38.511],[20.815,38.5113],[20.817,38.5116],[20.819,38.5117],[20.821,38.5115],[20.823,38.511],[20.824,38.5107],[20.8258,38.51],[20.827,38.5094],[20.828,38.5088],[20.8291,38.508],[20.8301,38.507],[20.831,38.5058],[20.832,38.5042],[20.8326,38.503],[20.833,38.5019],[20.8335,38.5],[20.8337,38.498],[20.8337,38.496],[20.8337,38.494],[20.8336,38.492],[20.8336,38.49],[20.8335,38.488],[20.8335,38.486],[20.8333,38.484],[20.8331,38.482],[20.8329,38.481],[20.8324,38.479],[20.8319,38.478],[20.831,38.4763],[20.8301,38.475],[20.8292,38.474],[20.8281,38.473],[20.827,38.4722],[20.826,38.4715],[20.825,38.471],[20.823,38.47],[20.822,38.4696],[20.8205,38.469],[20.819,38.4684],[20.8176,38.468],[20.816,38.4675],[20.814,38.467],[20.813,38.4669],[20.811,38.4665],[20.809,38.466],[20.808,38.4658]]}},{"type":"Feature","properties":{"depth_m":100,"closed":false},"geometry":{"type":"LineString","coordinates":[[20.553,38.486],[20.552,38.4867],[20.552,38.4875],[20.5536,38.487],[20.553,38.486]]}},{"type":"Feature","properties":{"depth_m":100,"closed":false},"geometry":{"type":"LineString","coordinates":[[20.4953,38.343],[20.497,38.3438],[20.498,38.3448],[20.4986,38.346],[20.498,38.3474],[20.496,38.3478],[20.494,38.3473],[20.493,38.3466],[20.4922,38.345],[20.493,38.343],[20.494,38.3428],[20.4953,38.343]]}},{"type":"Feature","properties":{"depth_m":100,"closed":false},"geometry":{"type":"LineString","coordinates":[[20.711,38.2747],[20.7094,38.275],[20.711,38.2757],[20.711,38.2747]]}},{"type":"Feature","properties":{"depth_m":100,"closed":false},"geometry":{"type":"LineString","coordinates":[[20.4472,38.245],[20.4483,38.246],[20.449,38.2473],[20.4492,38.249],[20.4489,38.25],[20.448,38.2518],[20.4474,38.253],[20.4473,38.255],[20.447,38.2569],[20.4465,38.258],[20.4459,38.259],[20.445,38.26],[20.4434,38.261],[20.442,38.2613],[20.4409,38.261],[20.4399,38.26],[20.4391,38.258],[20.439,38.256],[20.4392,38.254],[20.4399,38.252],[20.4404,38.251],[20.441,38.2494],[20.4415,38.248],[20.442,38.2468],[20.443,38.2455],[20.444,38.2449],[20.446,38.2445],[20.4472,38.245]]}},{"type":"Feature","properties":{"depth_m":100,"closed":false},"geometry":{"type":"LineString","coordinates":[[20.927,38.1939],[20.926,38.1942],[20.9249,38.195],[20.9248,38.197],[20.9259,38.198],[20.927,38.1983],[20.929,38.198],[20.9299,38.197],[20.9295,38.195],[20.928,38.194],[20.927,38.1939]]}},{"type":"Feature","properties":{"depth_m":100,"closed":false},"geometry":{"type":"LineString","coordinates":[[20.958,38.1786],[20.9568,38.179],[20.9569,38.181],[20.9572,38.182],[20.9585,38.182],[20.9586,38.18],[20.958,38.1786]]}},{"type":"Feature","properties":{"depth_m":100,"closed":false},"geometry":{"type":"LineString","coordinates":[[21.0325,38.166],[21.034,38.1667],[21.035,38.167],[21.037,38.1675],[21.039,38.168],[21.04,38.1686],[21.0408,38.17],[21.0404,38.172],[21.04,38.173],[21.0391,38.175],[21.0386,38.176],[21.038,38.1771],[21.037,38.1782],[21.0359,38.179],[21.034,38.1799],[21.033,38.1801],[21.031,38.1804],[21.029,38.1805],[21.027,38.1806],[21.025,38.1807],[21.023,38.1809],[21.022,38.1811],[21.02,38.1817],[21.019,38.182],[21.017,38.1827],[21.015,38.1827],[21.0137,38.182],[21.0125,38.181],[21.0115,38.18],[21.0108,38.179],[21.0103,38.177],[21.011,38.1757],[21.012,38.1747],[21.0131,38.174],[21.0147,38.173],[21.016,38.1722],[21.017,38.1716],[21.018,38.1709],[21.0194,38.17],[21.021,38.1692],[21.022,38.1687],[21.0238,38.168],[21.025,38.1675],[21.026,38.167],[21.0278,38.166],[21.029,38.1656],[21.031,38.1655],[21.0325,38.166]]}},{"type":"Feature","properties":{"depth_m":100,"closed":false},"geometry":{"type":"LineString","coordinates":[[20.863,37.9933],[20.861,37.9934],[20.86,37.994],[20.8591,37.996],[20.8596,37.998],[20.861,37.9983],[20.862,37.9971],[20.8627,37.996],[20.8632,37.995],[20.863,37.9933]]}},{"type":"Feature","properties":{"depth_m":100,"closed":false},"geometry":{"type":"LineString","coordinates":[[20.885,37.9618],[20.883,37.9615],[20.881,37.9616],[20.879,37.9619],[20.878,37.9622],[20.8766,37.963],[20.8755,37.964],[20.8745,37.965],[20.8737,37.966],[20.873,37.9671],[20.872,37.969],[20.8716,37.97],[20.871,37.9719],[20.8707,37.973],[20.8704,37.975],[20.8701,37.977],[20.8699,37.978],[20.8693,37.98],[20.8688,37.981],[20.868,37.9821],[20.867,37.9835],[20.8663,37.985],[20.866,37.9862],[20.8657,37.988],[20.8654,37.99],[20.866,37.992],[20.867,37.9921],[20.869,37.9923],[20.871,37.9924],[20.873,37.9925],[20.875,37.9925],[20.8769,37.992],[20.878,37.9912],[20.8789,37.99],[20.8795,37.989],[20.88,37.9879],[20.8809,37.986],[20.8816,37.985],[20.8825,37.984],[20.8838,37.983],[20.885,37.9823],[20.886,37.9819],[20.8879,37.981],[20.889,37.98],[20.8895,37.979],[20.8899,37.977],[20.8901,37.976],[20.8907,37.974],[20.891,37.9729],[20.8917,37.971],[20.8921,37.97],[20.8924,37.968],[20.892,37.966],[20.8914,37.965],[20.8904,37.964],[20.889,37.9631],[20.888,37.9626],[20.886,37.962],[20.885,37.9618]]}},{"type":"Feature","properties":{"depth_m":100,"closed":false},"geometry":{"type":"LineString","coordinates":[[21.0,37.8819],[20.998,37.882],[20.997,37.8823],[20.9959,37.883],[20.9948,37.884],[20.994,37.885],[20.993,37.8865],[20.9923,37.888],[20.9918,37.889],[20.991,37.8908],[20.9905,37.892],[20.99,37.8936],[20.9897,37.895],[20.9893,37.897],[20.989,37.8986],[20.9886,37.9],[20.988,37.9014],[20.9871,37.903],[20.9865,37.904],[20.9859,37.905],[20.985,37.9065],[20.9843,37.908],[20.9838,37.909],[20.983,37.911],[20.9826,37.912],[20.982,37.9139],[20.9816,37.915],[20.981,37.9164],[20.9803,37.918],[20.9798,37.919],[20.979,37.9204],[20.978,37.9219],[20.9772,37.923],[20.9764,37.924],[20.9756,37.925],[20.9747,37.926],[20.9734,37.927],[20.972,37.9277],[20.971,37.9281],[20.9697,37.929],[20.9689,37.93],[20.9683,37.932],[20.968,37.933],[20.9676,37.935],[20.9675,37.937],[20.9673,37.939],[20.9669,37.94],[20.966,37.9415],[20.965,37.9428],[20.964,37.9439],[20.963,37.9448],[20.962,37.9456],[20.961,37.9466],[20.96,37.9475],[20.959,37.9485],[20.958,37.9495],[20.957,37.9505],[20.956,37.9514],[20.955,37.9524],[20.954,37.9533],[20.953,37.9543],[20.952,37.9558],[20.9516,37.957],[20.9513,37.959],[20.9512,37.961],[20.9512,37.963],[20.9511,37.965],[20.9512,37.967],[20.9513,37.969],[20.9516,37.971],[20.952,37.9726],[20.9526,37.974],[20.9531,37.975],[20.954,37.976],[20.956,37.9768],[20.958,37.9765],[20.9596,37.976],[20.961,37.9755],[20.9622,37.975],[20.964,37.9742],[20.965,37.9736],[20.966,37.9729],[20.967,37.972],[20.9681,37.971],[20.969,37.97],[20.97,37.9688],[20.971,37.9676],[20.972,37.9665],[20.973,37.9653],[20.974,37.964],[20.9746,37.963],[20.9752,37.962],[20.976,37.9605],[20.977,37.959],[20.9778,37.958],[20.9787,37.957],[20.9795,37.956],[20.9803,37.955],[20.9813,37.954],[20.9824,37.953],[20.9838,37.952],[20.985,37.951],[20.986,37.95],[20.987,37.949],[20.988,37.948],[20.989,37.947],[20.99,37.9462],[20.991,37.9456],[20.9922,37.945],[20.994,37.9444],[20.995,37.9438],[20.996,37.9421],[20.9965,37.941],[20.9971,37.94],[20.998,37.9385],[20.9988,37.937],[20.9993,37.936],[21.0,37.9342],[21.0005,37.933],[21.001,37.9317],[21.0017,37.93],[21.0023,37.929],[21.003,37.9279],[21.004,37.9264],[21.0048,37.925],[21.0053,37.924],[21.006,37.9227],[21.007,37.9212],[21.008,37.9201],[21.009,37.9194],[21.01,37.9188],[21.0117,37.918],[21.013,37.9174],[21.014,37.9168],[21.0152,37.916],[21.0167,37.915],[21.018,37.9141],[21.019,37.9134],[21.02,37.9125],[21.021,37.9112],[21.0216,37.91],[21.022,37.9086],[21.0224,37.907],[21.0228,37.905],[21.0229,37.903],[21.0225,37.901],[21.022,37.8999],[21.021,37.8986],[21.02,37.8975],[21.019,37.8966],[21.018,37.8958],[21.017,37.8949],[21.016,37.894],[21.0149,37.893],[21.0138,37.892],[21.0126,37.891],[21.0113,37.89],[21.0103,37.889],[21.0095,37.888],[21.0086,37.887],[21.0076,37.886],[21.0063,37.885],[21.005,37.8842],[21.004,37.8836],[21.0029,37.883],[21.001,37.8821],[21.0,37.8819]]}},{"type":"Feature","properties":{"depth_m":200,"closed":false},"geometry":{"type":"LineString","coordinates":[[20.6065,37.851],[20.6063,37.853],[20.606,37.855],[20.606,37.856],[20.6058,37.858],[20.6055,37.86],[20.6053,37.862],[20.6053,37.864],[20.6055,37.866],[20.6059,37.868],[20.6061,37.869],[20.6066,37.871],[20.607,37.872],[20.6079,37.874],[20.6084,37.875],[20.609,37.8762],[20.6099,37.878],[20.6104,37.879],[20.611,37.88],[20.612,37.8814],[20.613,37.8827],[20.614,37.884],[20.6146,37.885],[20.6151,37.886],[20.6159,37.888],[20.6164,37.889],[20.617,37.8902],[20.618,37.892],[20.6184,37.893],[20.619,37.8944],[20.6195,37.896],[20.62,37.8975],[20.6206,37.899],[20.621,37.9],[20.6216,37.902],[20.6219,37.904],[20.6221,37.905],[20.6225,37.907],[20.623,37.9083],[20.6239,37.91],[20.6246,37.911],[20.6252,37.912],[20.626,37.9132],[20.627,37.9145],[20.628,37.9158],[20.6289,37.917],[20.6297,37.918],[20.6304,37.919],[20.6313,37.92],[20.6323,37.921],[20.6334,37.922],[20.6347,37.923],[20.636,37.924],[20.637,37.9246],[20.638,37.9251],[20.64,37.9259],[20.641,37.9263],[20.643,37.9268],[20.644,37.9271],[20.646,37.9276],[20.6472,37.928],[20.649,37.9285],[20.6509,37.929],[20.652,37.9294],[20.653,37.93],[20.6542,37.931],[20.655,37.932],[20.656,37.9337],[20.6566,37.935],[20.657,37.9367],[20.6572,37.938],[20.6575,37.94],[20.6578,37.942],[20.6579,37.944],[20.6578,37.946],[20.6572,37.948],[20.6567,37.949],[20.6559,37.95],[20.6547,37.951],[20.653,37.9518],[20.652,37.9522],[20.65,37.9527],[20.6482,37.953],[20.647,37.9532],[20.645,37.9535],[20.643,37.954],[20.642,37.9543],[20.64,37.9548],[20.639,37.9551],[20.637,37.9557],[20.636,37.9561],[20.6345,37.957],[20.6333,37.958],[20.6325,37.959],[20.6319,37.96],[20.631,37.9613],[20.63,37.9628],[20.6293,37.964],[20.6286,37.965],[20.6279,37.966],[20.627,37.9674],[20.626,37.969],[20.6256,37.97],[20.625,37.9712],[20.624,37.9724],[20.623,37.9732],[20.622,37.9742],[20.621,37.9753],[20.62,37.9763],[20.619,37.9772],[20.618,37.9782],[20.617,37.9794],[20.616,37.9806],[20.615,37.9817],[20.614,37.9826],[20.613,37.9834],[20.612,37.9844],[20.611,37.9856],[20.61,37.9869],[20.609,37.988],[20.608,37.989],[20.607,37.9899],[20.606,37.9908],[20.605,37.9916],[20.604,37.9925],[20.603,37.9933],[20.602,37.994],[20.6,37.995],[20.599,37.9953],[20.5971,37.996],[20.596,37.9965],[20.5949,37.997],[20.5931,37.998],[20.592,37.9987],[20.591,37.9993],[20.5898,38.0],[20.588,38.001],[20.587,38.0015],[20.586,38.0021],[20.5844,38.003],[20.583,38.0038],[20.582,38.0043],[20.5806,38.005],[20.579,38.0058],[20.578,38.0062],[20.5763,38.007],[20.575,38.0075],[20.5739,38.008],[20.572,38.0088],[20.571,38.0093],[20.5697,38.01],[20.5681,38.011],[20.567,38.0118],[20.566,38.0127],[20.565,38.0134],[20.564,38.0141],[20.5625,38.015],[20.561,38.0158],[20.56,38.0164],[20.559,38.0171],[20.5577,38.018],[20.5562,38.019],[20.555,38.0199],[20.554,38.0206],[20.553,38.0213],[20.5519,38.022],[20.5504,38.023],[20.549,38.0239],[20.548,38.0246],[20.547,38.0252],[20.5453,38.026],[20.544,38.0265],[20.542,38.0269],[20.54,38.0268],[20.538,38.0266],[20.536,38.0263],[20.5347,38.026],[20.533,38.0257],[20.531,38.0254],[20.529,38.0252],[20.527,38.0252],[20.525,38.0251],[20.523,38.0251],[20.521,38.025],[20.52,38.025],[20.518,38.0247],[20.516,38.0245],[20.514,38.0242],[20.5129,38.024],[20.511,38.0238],[20.509,38.0235],[20.507,38.0235],[20.505,38.0235],[20.503,38.0237],[20.5012,38.024],[20.5,38.0243],[20.4982,38.025],[20.497,38.0256],[20.496,38.0262],[20.4949,38.027],[20.4937,38.028],[20.4927,38.029],[20.4919,38.03],[20.491,38.0313],[20.49,38.0328],[20.4892,38.034],[20.4886,38.035],[20.4879,38.036],[20.487,38.0374],[20.486,38.0387],[20.485,38.04],[20.4842,38.041],[20.4833,38.042],[20.4824,38.043],[20.4814,38.044],[20.4801,38.045],[20.479,38.0457],[20.478,38.0463],[20.4766,38.047],[20.475,38.0476],[20.4735,38.048],[20.472,38.0483],[20.47,38.0488],[20.4683,38.049],[20.467,38.0491],[20.465,38.0492],[20.463,38.0492],[20.461,38.0494],[20.459,38.0499],[20.458,38.0503],[20.4568,38.051],[20.455,38.052],[20.454,38.0526],[20.453,38.0533],[20.4519,38.054],[20.4504,38.055],[20.449,38.056],[20.448,38.0567],[20.447,38.0573],[20.446,38.058],[20.4446,38.059],[20.4433,38.06],[20.4421,38.061],[20.441,38.0619],[20.44,38.0627],[20.439,38.0637],[20.438,38.0646],[20.437,38.0655],[20.436,38.0661],[20.4349,38.067],[20.4339,38.068],[20.433,38.0692],[20.432,38.0703],[20.431,38.0713],[20.43,38.072],[20.428,38.0727],[20.4268,38.073],[20.425,38.0734],[20.4233,38.074],[20.422,38.0746],[20.421,38.0751],[20.4193,38.076],[20.418,38.0769],[20.417,38.078],[20.4163,38.079],[20.4154,38.08],[20.4143,38.081],[20.4132,38.082],[20.4121,38.083],[20.411,38.0838],[20.41,38.0845],[20.408,38.0846],[20.4067,38.084],[20.406,38.083],[20.406,38.081],[20.406,38.0809],[20.405,38.0793],[20.403,38.0794],[20.4017,38.08],[20.4003,38.081],[20.399,38.0818],[20.398,38.0825],[20.397,38.0833],[20.396,38.0843],[20.395,38.0854],[20.394,38.0863],[20.393,38.0873],[20.392,38.0882],[20.391,38.0891],[20.39,38.0902],[20.389,38.0917],[20.3883,38.093],[20.3879,38.094],[20.3871,38.096],[20.3863,38.097],[20.3854,38.098],[20.3845,38.099],[20.3837,38.1],[20.383,38.1012],[20.3822,38.103],[20.3817,38.104],[20.381,38.1051],[20.38,38.1064],[20.379,38.1075],[20.378,38.1085],[20.377,38.1095],[20.376,38.1107],[20.375,38.1119],[20.374,38.113],[20.373,38.114],[20.372,38.1148],[20.371,38.1157],[20.37,38.1166],[20.369,38.1174],[20.368,38.1181],[20.3661,38.119],[20.365,38.1195],[20.364,38.12],[20.362,38.1209],[20.361,38.1214],[20.3597,38.122],[20.3582,38.123],[20.357,38.1239],[20.356,38.1248],[20.355,38.1259],[20.354,38.127],[20.3531,38.128],[20.3521,38.129],[20.3511,38.13],[20.3503,38.131],[20.3497,38.132],[20.349,38.1332],[20.348,38.135],[20.3474,38.136],[20.3468,38.137],[20.346,38.1389],[20.3455,38.14],[20.345,38.1413],[20.3444,38.143],[20.344,38.1441],[20.3433,38.146],[20.3429,38.147],[20.342,38.1489],[20.3414,38.15],[20.3409,38.151],[20.34,38.1525],[20.339,38.154],[20.3382,38.155],[20.3372,38.156],[20.336,38.1569],[20.335,38.1576],[20.334,38.1582],[20.3327,38.159],[20.331,38.16],[20.33,38.1606],[20.329,38.1614],[20.328,38.1625],[20.327,38.1636],[20.326,38.1647],[20.325,38.1658],[20.324,38.1668],[20.323,38.168],[20.3223,38.169],[20.3217,38.17],[20.321,38.1714],[20.3204,38.173],[20.32,38.1744],[20.3198,38.176],[20.32,38.1771],[20.3207,38.179],[20.321,38.18],[20.3217,38.182],[20.322,38.183],[20.3224,38.185],[20.3223,38.187],[20.322,38.189],[20.3217,38.19],[20.321,38.191],[20.32,38.1923],[20.3195,38.194],[20.32,38.195],[20.3212,38.196],[20.3226,38.197],[20.3234,38.198],[20.3239,38.2],[20.3241,38.201],[20.3248,38.203],[20.3254,38.204],[20.3263,38.205],[20.3277,38.206],[20.329,38.2069],[20.33,38.2078],[20.331,38.2089],[20.332,38.21],[20.3327,38.211],[20.3334,38.212],[20.3343,38.213],[20.3354,38.214],[20.3367,38.215],[20.3377,38.216],[20.3383,38.217],[20.3389,38.219],[20.339,38.22],[20.339,38.222],[20.3388,38.223],[20.338,38.225],[20.3376,38.226],[20.338,38.2275],[20.3388,38.229],[20.3394,38.23],[20.3401,38.231],[20.341,38.2325],[20.3418,38.234],[20.3422,38.235],[20.3424,38.237],[20.3424,38.239],[20.3422,38.241],[20.342,38.242],[20.3412,38.244],[20.3409,38.245],[20.3406,38.247],[20.3409,38.249],[20.3412,38.25],[20.3418,38.252],[20.3422,38.253],[20.343,38.2548],[20.3437,38.256],[20.3445,38.257],[20.3454,38.258],[20.3465,38.259],[20.3476,38.26],[20.3486,38.261],[20.3498,38.262],[20.3509,38.263],[20.3519,38.264],[20.3528,38.265],[20.3538,38.266],[20.3546,38.267],[20.3553,38.268],[20.356,38.2691],[20.357,38.2707],[20.358,38.2718],[20.359,38.2728],[20.36,38.2739],[20.361,38.2748],[20.362,38.2754],[20.363,38.276],[20.3646,38.277],[20.366,38.278],[20.367,38.2789],[20.368,38.28],[20.369,38.281],[20.37,38.282],[20.3709,38.283],[20.3717,38.284],[20.3722,38.285],[20.3727,38.287],[20.3728,38.289],[20.373,38.2906],[20.3735,38.292],[20.374,38.293],[20.375,38.2948],[20.3756,38.296],[20.3762,38.297],[20.377,38.2983],[20.378,38.2998],[20.379,38.301],[20.3798,38.302],[20.3803,38.303],[20.3808,38.305],[20.3808,38.307],[20.3806,38.309],[20.3805,38.311],[20.3803,38.313],[20.3803,38.315],[20.3803,38.317],[20.3805,38.319],[20.381,38.3203],[20.3819,38.322],[20.3825,38.323],[20.3832,38.324],[20.384,38.3252],[20.385,38.3266],[20.3858,38.328],[20.386,38.329],[20.3863,38.331],[20.3866,38.333],[20.387,38.3343],[20.3877,38.336],[20.3881,38.337],[20.389,38.339],[20.3896,38.34],[20.3902,38.341],[20.3909,38.343],[20.391,38.3449],[20.3911,38.346],[20.3913,38.348],[20.3919,38.35],[20.3923,38.351],[20.393,38.3523],[20.394,38.3538],[20.3949,38.355],[20.3956,38.356],[20.3962,38.357],[20.397,38.3586],[20.3978,38.36],[20.3986,38.361],[20.3993,38.362],[20.4,38.3631],[20.401,38.3648],[20.4019,38.366],[20.4026,38.367],[20.4032,38.368],[20.404,38.3693],[20.405,38.3705],[20.406,38.3714],[20.407,38.3721],[20.4088,38.373],[20.41,38.3733],[20.412,38.3735],[20.414,38.373],[20.415,38.3725],[20.4165,38.372],[20.418,38.3719],[20.419,38.372],[20.421,38.3726],[20.422,38.373],[20.424,38.3739],[20.425,38.3743],[20.4269,38.375],[20.428,38.3753],[20.43,38.3756],[20.432,38.3755],[20.434,38.3753],[20.4356,38.375],[20.437,38.3748],[20.439,38.3743],[20.44,38.374],[20.442,38.3733],[20.443,38.373],[20.445,38.3724],[20.4464,38.372],[20.448,38.3717],[20.45,38.3714],[20.452,38.371],[20.453,38.3709],[20.455,38.3704],[20.4568,38.37],[20.458,38.3697],[20.46,38.3692],[20.462,38.369],[20.464,38.3691],[20.466,38.3696],[20.467,38.3702],[20.4681,38.371],[20.4692,38.372],[20.4703,38.373],[20.4714,38.374],[20.4725,38.375],[20.4734,38.376],[20.4745,38.377],[20.4756,38.378],[20.4769,38.379],[20.478,38.3798],[20.479,38.3806],[20.48,38.3815],[20.481,38.3825],[20.482,38.3836],[20.483,38.3849],[20.4837,38.386],[20.4843,38.387],[20.485,38.3884],[20.486,38.39],[20.4867,38.391],[20.4874,38.392],[20.488,38.393],[20.489,38.395],[20.4895,38.396],[20.49,38.3973],[20.4907,38.399],[20.4911,38.4],[20.492,38.4019],[20.4927,38.403],[20.4935,38.404],[20.4946,38.405],[20.4959,38.406],[20.497,38.4067],[20.498,38.4074],[20.499,38.408],[20.5003,38.409],[20.5011,38.41],[20.5019,38.412],[20.5021,38.413],[20.5024,38.415],[20.5028,38.417],[20.5031,38.418],[20.5038,38.42],[20.5043,38.421],[20.505,38.4225],[20.5057,38.424],[20.5062,38.425],[20.507,38.4267],[20.5076,38.428],[20.5081,38.429],[20.509,38.4308],[20.5097,38.432],[20.5104,38.433],[20.5111,38.434],[20.512,38.4352],[20.513,38.4367],[20.5137,38.438],[20.5141,38.439],[20.515,38.4407],[20.5158,38.442],[20.5164,38.443],[20.517,38.444],[20.518,38.4455],[20.5188,38.447],[20.5193,38.448],[20.52,38.45],[20.5202,38.451],[20.5206,38.453],[20.5209,38.455],[20.521,38.456],[20.5215,38.458],[20.522,38.4597],[20.5224,38.461],[20.523,38.4626],[20.5235,38.464],[20.524,38.465],[20.525,38.4668],[20.5256,38.468],[20.5261,38.469],[20.5267,38.471],[20.5264,38.473],[20.526,38.474],[20.525,38.4753],[20.524,38.4766],[20.5231,38.478],[20.5226,38.479],[20.522,38.4803],[20.5212,38.482],[20.5207,38.483],[20.52,38.4847],[20.5195,38.486],[20.519,38.4875],[20.5185,38.489],[20.518,38.4903],[20.5172,38.492],[20.5168,38.493],[20.516,38.4947],[20.5154,38.496],[20.5149,38.497],[20.514,38.4986],[20.5133,38.5],[20.5129,38.501],[20.5121,38.503],[20.5118,38.504],[20.5117,38.506],[20.512,38.5074],[20.5126,38.509],[20.513,38.51],[20.5137,38.512],[20.5141,38.513],[20.5148,38.515],[20.5152,38.516],[20.5159,38.518],[20.5163,38.519],[20.517,38.521],[20.5173,38.522],[20.5179,38.524],[20.5183,38.525],[20.519,38.5269],[20.5195,38.528],[20.5201,38.529],[20.521,38.5303],[20.522,38.5314],[20.523,38.5324],[20.524,38.5332],[20.5252,38.534],[20.5268,38.535],[20.528,38.5357],[20.529,38.5362],[20.5306,38.537],[20.532,38.5377],[20.533,38.5381],[20.5349,38.539],[20.5358,38.54],[20.5354,38.542],[20.5343,38.543],[20.533,38.5438],[20.532,38.5449],[20.5314,38.546],[20.5309,38.547],[20.53,38.5488],[20.5294,38.55],[20.5289,38.551],[20.5281,38.553],[20.5277,38.554],[20.527,38.5555],[20.5262,38.557],[20.5257,38.558],[20.525,38.5594],[20.5241,38.561],[20.5237,38.562],[20.523,38.5638],[20.5225,38.565],[20.522,38.566],[20.521,38.5678],[20.5202,38.569],[20.5196,38.57],[20.519,38.571],[20.518,38.5728],[20.5175,38.574],[20.517,38.5755],[20.5167,38.577],[20.5164,38.579],[20.5164,38.581],[20.5165,38.583],[20.5168,38.585],[20.517,38.5862],[20.5173,38.588],[20.5178,38.59],[20.5181,38.591],[20.519,38.593],[20.5195,38.594],[20.52,38.595],[20.521,38.5966],[20.522,38.598],[20.5227,38.599],[20.5234,38.6],[20.5241,38.601],[20.525,38.6024],[20.5259,38.604],[20.5264,38.605],[20.527,38.6067],[20.5274,38.608],[20.5278,38.61],[20.528,38.611],[20.5283,38.613],[20.5286,38.615],[20.529,38.617],[20.5292,38.618],[20.5296,38.62],[20.53,38.6214],[20.5305,38.623],[20.531,38.6244],[20.5316,38.626],[20.532,38.627],[20.5327,38.629],[20.5331,38.63],[20.5337,38.632],[20.534,38.6336],[20.5343,38.635],[20.5347,38.637],[20.535,38.6389],[20.5353,38.64],[20.536,38.642],[20.5364,38.643],[20.537,38.6447],[20.5374,38.646],[20.538,38.648],[20.5382,38.649],[20.5382,38.651],[20.538,38.6524],[20.5374,38.654],[20.5369,38.655],[20.536,38.6561],[20.535,38.6574],[20.534,38.6587],[20.5331,38.66],[20.5326,38.661],[20.532,38.6623],[20.5314,38.664],[20.531,38.665],[20.5301,38.667],[20.5297,38.668],[20.529,38.6696],[20.5283,38.671],[20.5278,38.672],[20.527,38.6732],[20.526,38.6744],[20.525,38.6754],[20.524,38.6762],[20.523,38.677],[20.5217,38.678],[20.5205,38.679],[20.5194,38.68],[20.5183,38.681],[20.5174,38.682],[20.5165,38.683],[20.5156,38.684],[20.5147,38.685],[20.5139,38.686],[20.513,38.6872],[20.512,38.6885],[20.511,38.6899],[20.5104,38.691],[20.5098,38.692],[20.5091,38.694],[20.5088,38.695],[20.5085,38.697],[20.5085,38.699],[20.5088,38.701],[20.5091,38.702],[20.5099,38.704],[20.5104,38.705],[20.511,38.7061],[20.512,38.7074],[20.513,38.7084],[20.514,38.7095],[20.515,38.7106],[20.516,38.7118],[20.5169,38.713],[20.5178,38.714],[20.5188,38.715],[20.52,38.7159],[20.521,38.7167],[20.522,38.7175],[20.523,38.7182],[20.524,38.719],[20.5251,38.72],[20.5262,38.721],[20.5271,38.722],[20.528,38.7231],[20.529,38.7244],[20.53,38.7258],[20.5308,38.727],[20.5315,38.728],[20.5322,38.729],[20.533,38.7301],[20.534,38.7314],[20.535,38.7327],[20.536,38.7339],[20.5369,38.735],[20.5378,38.736],[20.5384,38.737],[20.539,38.7381],[20.5399,38.74],[20.5402,38.741],[20.5407,38.743],[20.5408,38.745],[20.5408,38.747],[20.5407,38.749]]}},{"type":"Feature","properties":{"depth_m":200,"closed":false},"geometry":{"type":"LineString","coordinates":[[21.0681,37.851],[21.068,37.852],[21.0677,37.854],[21.0675,37.856],[21.067,37.857],[21.066,37.858],[21.0646,37.859],[21.063,37.8598],[21.062,37.8608],[21.0619,37.862],[21.0621,37.863],[21.062,37.8649],[21.061,37.8655],[21.0599,37.866],[21.0589,37.867],[21.0586,37.869],[21.0583,37.871],[21.0581,37.873],[21.0577,37.874],[21.057,37.8753],[21.056,37.877],[21.0555,37.878],[21.055,37.8794],[21.0549,37.881],[21.0548,37.883],[21.0543,37.885],[21.054,37.8864],[21.0531,37.888],[21.0524,37.889],[21.052,37.891],[21.0525,37.893],[21.053,37.8945],[21.0536,37.896],[21.0543,37.897],[21.056,37.8976],[21.058,37.8977],[21.0594,37.898],[21.061,37.899],[21.0618,37.9],[21.0626,37.901],[21.0636,37.902],[21.0644,37.903],[21.0651,37.904],[21.0659,37.906],[21.0662,37.907],[21.0661,37.909],[21.0656,37.91],[21.0645,37.911],[21.0632,37.912],[21.0628,37.913],[21.063,37.9143],[21.0632,37.916],[21.063,37.9173],[21.062,37.9181],[21.06,37.9183],[21.058,37.9182],[21.0569,37.918],[21.055,37.9176],[21.053,37.9171],[21.052,37.9166],[21.051,37.9157],[21.0501,37.914],[21.0499,37.913],[21.0498,37.911],[21.05,37.909],[21.0501,37.908],[21.0505,37.906],[21.0509,37.904],[21.051,37.9024],[21.051,37.9019],[21.0506,37.9],[21.05,37.899],[21.049,37.8978],[21.048,37.8966],[21.047,37.8957],[21.046,37.8948],[21.045,37.8938],[21.044,37.8922],[21.0435,37.891],[21.043,37.8896],[21.0425,37.888],[21.0422,37.886],[21.0421,37.884],[21.0425,37.882],[21.043,37.88],[21.043,37.88],[21.0426,37.878],[21.0423,37.876],[21.042,37.8748],[21.0415,37.873],[21.041,37.8715],[21.0402,37.87],[21.0394,37.869],[21.0383,37.868],[21.037,37.8671],[21.036,37.8665],[21.035,37.8659],[21.0333,37.865],[21.032,37.8644],[21.0309,37.864],[21.029,37.8635],[21.027,37.8632],[21.025,37.8633],[21.0235,37.864],[21.0223,37.865],[21.0214,37.866],[21.0208,37.867],[21.02,37.8687],[21.0195,37.87],[21.019,37.871],[21.018,37.8727],[21.0171,37.874],[21.0165,37.875],[21.0158,37.876],[21.015,37.8771],[21.014,37.8781],[21.0126,37.879],[21.011,37.8797],[21.0095,37.88],[21.0089,37.88],[21.007,37.8795],[21.0058,37.879],[21.004,37.8782],[21.003,37.8778],[21.001,37.8772],[21.0,37.877],[20.9983,37.877],[20.997,37.8773],[20.9953,37.878],[20.994,37.8789],[20.993,37.8798],[20.992,37.8809],[20.991,37.882],[20.9902,37.883],[20.9895,37.884],[20.9887,37.885],[20.988,37.886],[20.987,37.8876],[20.9863,37.889],[20.9858,37.89],[20.985,37.8916],[20.9845,37.893],[20.984,37.8944],[20.9834,37.896],[20.983,37.8971],[20.9822,37.899],[20.9817,37.9],[20.981,37.9017],[20.9805,37.903],[20.98,37.9046],[20.9795,37.906],[20.979,37.9071],[20.978,37.909],[20.9774,37.91],[20.9768,37.911],[20.976,37.9125],[20.9752,37.914],[20.9746,37.915],[20.9739,37.916],[20.973,37.9174],[20.972,37.9188],[20.971,37.9199],[20.97,37.9209],[20.969,37.9217],[20.968,37.9226],[20.967,37.9237],[20.9662,37.925],[20.9657,37.926],[20.9653,37.928],[20.9652,37.93],[20.9651,37.932],[20.9649,37.933],[20.964,37.935],[20.9632,37.936],[20.9624,37.937],[20.9617,37.938],[20.9608,37.939],[20.9599,37.94],[20.9588,37.941],[20.9577,37.942],[20.9565,37.943],[20.9551,37.944],[20.954,37.9447],[20.953,37.9453],[20.9516,37.946],[20.95,37.9466],[20.9488,37.947],[20.947,37.9475],[20.945,37.9479],[20.944,37.9481],[20.942,37.9487],[20.941,37.949],[20.9392,37.95],[20.938,37.9508],[20.9371,37.952],[20.9372,37.954],[20.938,37.9558],[20.9388,37.957],[20.9397,37.958],[20.9409,37.959],[20.942,37.9598],[20.943,37.9607],[20.944,37.962],[20.9443,37.963],[20.9445,37.965],[20.944,37.9669],[20.9435,37.968],[20.9429,37.969],[20.942,37.971],[20.9417,37.972],[20.9411,37.974],[20.9409,37.975],[20.9404,37.977],[20.94,37.9788],[20.9397,37.98],[20.9393,37.982],[20.939,37.9833],[20.9387,37.985],[20.9384,37.987],[20.9384,37.989],[20.9386,37.991],[20.939,37.9924],[20.9396,37.994],[20.9401,37.995],[20.941,37.9965],[20.942,37.998],[20.9427,37.999],[20.9435,38.0],[20.9442,38.001],[20.945,38.002],[20.946,38.0033],[20.947,38.0048],[20.9475,38.006],[20.9473,38.008],[20.9467,38.009],[20.9456,38.01],[20.944,38.0106],[20.942,38.0109],[20.94,38.0107],[20.938,38.0102],[20.937,38.01],[20.935,38.0095],[20.933,38.0093],[20.931,38.0093],[20.929,38.0093],[20.927,38.0091],[20.925,38.0094],[20.9239,38.01],[20.923,38.0111],[20.9223,38.013],[20.9217,38.014],[20.92,38.0148],[20.919,38.0151],[20.917,38.0154],[20.915,38.0158],[20.9136,38.016],[20.912,38.0162],[20.91,38.0163],[20.908,38.0163],[20.906,38.0162],[20.904,38.0164],[20.902,38.0166],[20.9,38.0162],[20.899,38.0159],[20.897,38.0156],[20.895,38.0153],[20.894,38.015],[20.8929,38.014],[20.892,38.0126],[20.891,38.0115],[20.889,38.0113],[20.887,38.012],[20.886,38.0122],[20.8847,38.012],[20.8831,38.011],[20.882,38.0101],[20.881,38.0095],[20.88,38.0089],[20.8787,38.008],[20.8776,38.007],[20.8767,38.006],[20.8755,38.005],[20.874,38.0043],[20.873,38.004],[20.871,38.0034],[20.8698,38.003],[20.8689,38.002],[20.869,38.0003],[20.87,37.9994],[20.871,37.999],[20.873,37.9985],[20.875,37.998],[20.877,37.9985],[20.878,37.9994],[20.879,38.0002],[20.881,38.0008],[20.883,38.0006],[20.8845,38.0],[20.8857,37.999],[20.8861,37.998],[20.886,37.9967],[20.8857,37.995],[20.8858,37.993],[20.886,37.9918],[20.8864,37.99],[20.8868,37.988],[20.8875,37.987],[20.889,37.9865],[20.891,37.9869],[20.892,37.9873],[20.894,37.9876],[20.8954,37.987],[20.8964,37.986],[20.897,37.9846],[20.8973,37.983],[20.8975,37.981],[20.8979,37.979],[20.8982,37.978],[20.8988,37.976],[20.8992,37.975],[20.8999,37.973],[20.9002,37.972],[20.9007,37.97],[20.9008,37.968],[20.9009,37.966],[20.901,37.9642],[20.9012,37.963],[20.9017,37.961],[20.9021,37.96],[20.903,37.9583],[20.9033,37.957],[20.903,37.956],[20.902,37.9547],[20.901,37.9537],[20.9,37.9528],[20.899,37.9519],[20.8979,37.951],[20.8962,37.95],[20.895,37.9495],[20.8934,37.949],[20.892,37.9488],[20.89,37.9485],[20.888,37.9483],[20.886,37.9481],[20.8849,37.948],[20.883,37.9479],[20.8815,37.948],[20.88,37.9487],[20.879,37.9496],[20.878,37.9508],[20.877,37.9519],[20.876,37.9526],[20.875,37.9532],[20.8733,37.954],[20.872,37.9546],[20.871,37.9551],[20.8696,37.956],[20.8686,37.957],[20.8678,37.958],[20.867,37.9594],[20.8663,37.961],[20.866,37.962],[20.8655,37.964],[20.865,37.966],[20.8648,37.967],[20.8645,37.969],[20.8644,37.971],[20.8644,37.973],[20.8642,37.975],[20.864,37.9765],[20.8637,37.978],[20.8632,37.98],[20.8629,37.981],[20.8625,37.983],[20.862,37.9849],[20.8616,37.986],[20.861,37.9872],[20.86,37.9887],[20.859,37.9899],[20.8581,37.991],[20.8573,37.992],[20.8566,37.993],[20.856,37.9942],[20.8555,37.996],[20.8551,37.998],[20.8546,37.999],[20.854,38.0],[20.853,38.0012],[20.852,38.0025],[20.8511,38.004],[20.8507,38.005],[20.85,38.007],[20.8497,38.008],[20.8492,38.01],[20.849,38.0115],[20.8488,38.013],[20.8485,38.015],[20.8486,38.017],[20.8491,38.018],[20.85,38.0196],[20.851,38.021],[20.8519,38.022],[20.8528,38.023],[20.854,38.0239],[20.855,38.0245],[20.856,38.025],[20.858,38.0257],[20.8594,38.026],[20.861,38.0263],[20.863,38.0267],[20.865,38.027],[20.866,38.0271],[20.868,38.0273],[20.87,38.0275],[20.872,38.0279],[20.873,38.0281],[20.8749,38.029],[20.876,38.0296],[20.877,38.0301],[20.879,38.0306],[20.881,38.0309],[20.882,38.0311],[20.8839,38.032],[20.885,38.0329],[20.8858,38.034],[20.8861,38.035],[20.8862,38.037],[20.886,38.0387],[20.8859,38.04],[20.886,38.042],[20.8862,38.043],[20.8868,38.045],[20.8873,38.046],[20.888,38.0473],[20.889,38.0488],[20.8898,38.05],[20.8905,38.051],[20.8911,38.052],[20.892,38.0533],[20.893,38.0547],[20.8939,38.056],[20.8944,38.057],[20.895,38.059],[20.8951,38.06],[20.8953,38.062],[20.8953,38.064],[20.8954,38.066],[20.8956,38.068],[20.8958,38.07],[20.8956,38.072],[20.8953,38.074],[20.895,38.0757],[20.8948,38.077],[20.8946,38.079],[20.8945,38.081],[20.8946,38.083],[20.8949,38.085],[20.895,38.086],[20.8954,38.088],[20.8959,38.09],[20.8962,38.091],[20.8969,38.093],[20.8973,38.094],[20.8979,38.096],[20.8982,38.097],[20.8986,38.099],[20.899,38.101],[20.8991,38.102],[20.8996,38.104],[20.9,38.1051],[20.901,38.1066],[20.902,38.1075],[20.903,38.1081],[20.905,38.109],[20.906,38.1095],[20.9072,38.11],[20.909,38.1108],[20.91,38.1113],[20.9119,38.112],[20.913,38.1124],[20.9143,38.113],[20.916,38.1137],[20.917,38.1142],[20.919,38.115],[20.92,38.1152],[20.922,38.1157],[20.923,38.116],[20.9248,38.117],[20.9253,38.118],[20.9249,38.119],[20.924,38.1201],[20.923,38.1216],[20.9223,38.123],[20.9218,38.124],[20.921,38.1252],[20.92,38.1268],[20.9194,38.128],[20.9189,38.129],[20.918,38.131],[20.9177,38.132],[20.9173,38.134],[20.9173,38.136],[20.9172,38.138],[20.917,38.1393],[20.9165,38.141],[20.916,38.1423],[20.915,38.144],[20.9142,38.145],[20.9132,38.146],[20.9122,38.147],[20.9112,38.148],[20.9104,38.149],[20.9096,38.15],[20.9087,38.151],[20.9078,38.152],[20.9069,38.153],[20.906,38.1542],[20.905,38.1558],[20.9045,38.157],[20.9042,38.159],[20.9042,38.161],[20.9042,38.163],[20.9044,38.165],[20.9047,38.167],[20.905,38.1682],[20.9055,38.17],[20.906,38.1713],[20.9066,38.173],[20.907,38.1742],[20.9074,38.176],[20.9076,38.178],[20.9076,38.18],[20.9075,38.182],[20.9075,38.184],[20.9077,38.186],[20.908,38.1871],[20.9088,38.189],[20.9095,38.19],[20.9108,38.191],[20.912,38.1916],[20.9133,38.192],[20.915,38.1928],[20.916,38.1939],[20.9164,38.195],[20.9167,38.197],[20.9167,38.199],[20.9168,38.201],[20.917,38.2023],[20.9174,38.204],[20.918,38.2053],[20.919,38.2069],[20.9197,38.208],[20.9204,38.209],[20.921,38.21],[20.9219,38.212],[20.9221,38.213],[20.9227,38.215],[20.9231,38.216],[20.9239,38.218],[20.9243,38.219],[20.925,38.2207],[20.9255,38.222],[20.9256,38.224],[20.9251,38.226],[20.9245,38.227],[20.924,38.228],[20.923,38.2296],[20.922,38.231],[20.9212,38.232],[20.9203,38.233],[20.9193,38.234],[20.9181,38.235],[20.917,38.236],[20.9161,38.237],[20.9154,38.238],[20.9147,38.239],[20.914,38.24],[20.913,38.2414],[20.912,38.2428],[20.9112,38.244],[20.9106,38.245],[20.91,38.2461],[20.9091,38.248],[20.9087,38.249],[20.908,38.2505],[20.9072,38.252],[20.9066,38.253],[20.9058,38.254],[20.905,38.2551],[20.904,38.2566],[20.9033,38.258],[20.9029,38.259],[20.9021,38.261],[20.9018,38.262],[20.901,38.264],[20.9005,38.265],[20.8999,38.266],[20.899,38.2676],[20.8984,38.269],[20.898,38.2707],[20.8978,38.272],[20.8978,38.274],[20.898,38.2756],[20.8982,38.277],[20.8985,38.279],[20.8988,38.281],[20.8991,38.282],[20.8997,38.284],[20.9001,38.285],[20.9008,38.287],[20.9011,38.288],[20.902,38.2897],[20.903,38.291],[20.9039,38.292],[20.9047,38.293],[20.9052,38.294],[20.9053,38.296],[20.905,38.297],[20.904,38.2987],[20.903,38.2998],[20.902,38.3007],[20.901,38.3016],[20.9,38.3027],[20.8991,38.304],[20.8986,38.305],[20.898,38.3062],[20.8973,38.308],[20.8969,38.309],[20.8963,38.311],[20.896,38.312],[20.8955,38.314],[20.8951,38.316],[20.8949,38.317],[20.8947,38.319],[20.8947,38.321],[20.8948,38.323],[20.895,38.3242],[20.8954,38.326],[20.896,38.328],[20.8963,38.329],[20.897,38.3307],[20.8978,38.332],[20.8989,38.333],[20.9,38.3336],[20.901,38.3341],[20.9027,38.335],[20.904,38.3359],[20.905,38.3369],[20.9059,38.338],[20.9067,38.339],[20.9078,38.34],[20.909,38.341],[20.91,38.3417],[20.911,38.3424],[20.912,38.3432],[20.913,38.344],[20.9138,38.346],[20.9133,38.348],[20.9129,38.349],[20.9123,38.351],[20.9124,38.353],[20.913,38.3547],[20.9136,38.356],[20.9141,38.357],[20.915,38.3588],[20.9156,38.36],[20.9161,38.361],[20.917,38.363],[20.9175,38.364],[20.9181,38.365],[20.919,38.3663],[20.92,38.3676],[20.921,38.3688],[20.922,38.3697],[20.923,38.3705],[20.924,38.3711],[20.9259,38.372],[20.927,38.3725],[20.928,38.3731],[20.9292,38.374],[20.9302,38.375],[20.9311,38.376],[20.932,38.3772],[20.933,38.3786],[20.934,38.38],[20.9347,38.381],[20.9354,38.382],[20.936,38.383],[20.9369,38.385],[20.9371,38.386],[20.9373,38.388],[20.9372,38.39],[20.937,38.3916],[20.9368,38.393],[20.9364,38.395],[20.936,38.397],[20.9358,38.398],[20.9353,38.4],[20.935,38.4013],[20.9346,38.403],[20.9341,38.405],[20.9338,38.406],[20.9333,38.408],[20.933,38.4092],[20.9322,38.411],[20.9316,38.412],[20.9309,38.413],[20.93,38.414],[20.9288,38.415],[20.9276,38.416],[20.9266,38.417],[20.9258,38.418],[20.925,38.4191],[20.924,38.421],[20.9236,38.422],[20.923,38.4237],[20.9223,38.425],[20.9217,38.426],[20.9208,38.427],[20.9198,38.428],[20.9188,38.429],[20.9178,38.43],[20.9169,38.431],[20.916,38.4326],[20.9155,38.434],[20.915,38.436],[20.9149,38.437],[20.9147,38.439],[20.9145,38.441],[20.914,38.4426],[20.9134,38.444],[20.9129,38.445],[20.912,38.4469],[20.9116,38.448],[20.9114,38.45],[20.912,38.4516],[20.9128,38.453],[20.9134,38.454],[20.914,38.455],[20.9149,38.457],[20.9152,38.458],[20.9157,38.46],[20.916,38.4614],[20.9162,38.463],[20.9163,38.465],[20.9163,38.467],[20.916,38.4689],[20.9158,38.47],[20.9153,38.472],[20.915,38.473],[20.9145,38.475],[20.914,38.4766],[20.9134,38.478],[20.9129,38.479],[20.912,38.4803],[20.911,38.4815],[20.91,38.4825],[20.909,38.4832],[20.9075,38.484],[20.906,38.4845],[20.904,38.4849],[20.9026,38.485],[20.901,38.4851],[20.899,38.485],[20.897,38.4851],[20.895,38.4853],[20.893,38.4859],[20.892,38.4863],[20.8907,38.487],[20.889,38.488],[20.888,38.4885],[20.8869,38.489],[20.885,38.4899],[20.884,38.4903],[20.8825,38.491],[20.881,38.4916],[20.8798,38.492],[20.878,38.4925],[20.876,38.493],[20.875,38.4931],[20.873,38.4933],[20.871,38.4933],[20.869,38.4931],[20.868,38.4929],[20.866,38.4925],[20.864,38.4922],[20.862,38.492],[20.861,38.4919],[20.859,38.4919],[20.857,38.492],[20.856,38.4921],[20.854,38.4926],[20.853,38.4931],[20.8514,38.494],[20.8503,38.495],[20.8495,38.496],[20.8489,38.497],[20.848,38.499],[20.8477,38.5],[20.8473,38.502],[20.847,38.5038],[20.8468,38.505],[20.8465,38.507],[20.8462,38.509],[20.846,38.511],[20.8459,38.512],[20.8458,38.514],[20.8458,38.516],[20.8458,38.518],[20.8458,38.52],[20.8459,38.522],[20.8459,38.524],[20.8457,38.526],[20.8451,38.528],[20.8446,38.529],[20.844,38.53],[20.843,38.5313],[20.842,38.5325],[20.841,38.5338],[20.8401,38.535],[20.8395,38.536],[20.839,38.5371],[20.8381,38.539],[20.8377,38.54],[20.837,38.5417],[20.8365,38.543],[20.8359,38.544],[20.835,38.5453],[20.834,38.5465],[20.833,38.5478],[20.832,38.5489],[20.831,38.5499],[20.83,38.5507],[20.829,38.5514],[20.828,38.552],[20.826,38.553],[20.825,38.5533],[20.823,38.5538],[20.8218,38.554],[20.82,38.5541],[20.818,38.5541],[20.816,38.5542],[20.814,38.5544],[20.812,38.5548],[20.811,38.555],[20.809,38.5556],[20.808,38.556],[20.806,38.5569],[20.805,38.5573],[20.8032,38.558],[20.802,38.5584],[20.8004,38.559],[20.799,38.5595],[20.7978,38.56],[20.796,38.5608],[20.795,38.5614],[20.794,38.562],[20.7922,38.563],[20.791,38.5635],[20.7897,38.564],[20.788,38.5645],[20.7866,38.565],[20.785,38.5656],[20.784,38.566],[20.782,38.567],[20.781,38.5675],[20.7799,38.568],[20.778,38.5688],[20.777,38.5692],[20.775,38.5698],[20.774,38.57],[20.772,38.5704],[20.77,38.5706],[20.768,38.5709],[20.767,38.5712],[20.765,38.572],[20.764,38.5723],[20.762,38.5729],[20.761,38.5733],[20.76,38.574],[20.7589,38.575],[20.7579,38.576],[20.757,38.577],[20.756,38.5784],[20.755,38.58],[20.7546,38.581],[20.754,38.5823],[20.7532,38.584],[20.7526,38.585],[20.752,38.5863],[20.7512,38.588],[20.7505,38.589],[20.7495,38.59],[20.7481,38.591],[20.747,38.5915],[20.745,38.5919],[20.743,38.592],[20.742,38.5921],[20.74,38.5926],[20.739,38.5933],[20.738,38.5942],[20.737,38.5953],[20.736,38.5965],[20.735,38.5979],[20.7343,38.599],[20.7337,38.6],[20.733,38.6015],[20.7327,38.603],[20.7325,38.605],[20.732,38.606],[20.73,38.6064],[20.728,38.6064],[20.726,38.6063],[20.724,38.6061],[20.723,38.6059],[20.721,38.6054],[20.7195,38.605],[20.718,38.6046],[20.716,38.6041],[20.715,38.6038],[20.713,38.6033],[20.7115,38.603],[20.71,38.6026],[20.7085,38.602],[20.707,38.6012],[20.706,38.6006],[20.705,38.5999],[20.704,38.599],[20.703,38.598],[20.702,38.5966],[20.7011,38.595],[20.7007,38.594],[20.7,38.5921],[20.6997,38.591],[20.6992,38.589],[20.7,38.5873],[20.701,38.5869],[20.703,38.5867],[20.705,38.5864],[20.707,38.5862],[20.709,38.586],[20.71,38.5859],[20.712,38.5857],[20.714,38.5854],[20.7157,38.585],[20.717,38.5846],[20.7186,38.584],[20.72,38.5834],[20.721,38.583],[20.723,38.582],[20.724,38.5815],[20.7251,38.581],[20.727,38.58],[20.728,38.5794],[20.729,38.5789],[20.7305,38.578],[20.732,38.5772],[20.733,38.5765],[20.734,38.5758],[20.735,38.575],[20.7361,38.574],[20.7371,38.573],[20.738,38.572],[20.739,38.5708],[20.74,38.5691],[20.7405,38.568],[20.741,38.5664],[20.7414,38.565],[20.7417,38.563],[20.742,38.561],[20.7421,38.56],[20.7424,38.558],[20.7427,38.556],[20.743,38.554],[20.7431,38.553],[20.7436,38.551],[20.744,38.5491],[20.7442,38.548],[20.7445,38.546],[20.7445,38.544],[20.7442,38.542],[20.7439,38.541],[20.743,38.539],[20.7424,38.538],[20.7418,38.537],[20.741,38.536],[20.74,38.535],[20.7387,38.534],[20.7371,38.533],[20.736,38.5324],[20.735,38.5317],[20.7339,38.531],[20.7322,38.53],[20.731,38.5293],[20.73,38.5287],[20.7288,38.528],[20.727,38.527],[20.726,38.5264],[20.725,38.5259],[20.7232,38.525],[20.722,38.5244],[20.721,38.5239],[20.7191,38.523],[20.718,38.5226],[20.7164,38.522],[20.715,38.5217],[20.713,38.5214],[20.711,38.5214],[20.709,38.5215],[20.707,38.5218],[20.706,38.522],[20.704,38.5225],[20.702,38.5229],[20.701,38.5232],[20.699,38.5238],[20.698,38.5241],[20.696,38.5247],[20.695,38.5251],[20.693,38.5259],[20.692,38.5264],[20.6909,38.527],[20.6892,38.528],[20.688,38.5288],[20.687,38.5294],[20.686,38.5303],[20.685,38.5313],[20.684,38.5327],[20.6831,38.534],[20.6825,38.535],[20.682,38.536],[20.6811,38.538],[20.6806,38.539],[20.68,38.5403],[20.6791,38.542],[20.6784,38.543],[20.6777,38.544],[20.677,38.545],[20.676,38.5463],[20.675,38.5474],[20.674,38.5485],[20.673,38.5496],[20.672,38.5507],[20.671,38.5517],[20.67,38.5528],[20.669,38.5537],[20.668,38.5547],[20.667,38.5557],[20.666,38.5567],[20.665,38.5577],[20.664,38.5587],[20.663,38.5596],[20.662,38.5604],[20.661,38.5613],[20.66,38.5622],[20.6585,38.563],[20.657,38.5633],[20.655,38.5634],[20.653,38.5632],[20.6518,38.563],[20.65,38.5627],[20.648,38.5623],[20.646,38.5621],[20.6448,38.562],[20.643,38.5619],[20.641,38.5619],[20.6392,38.562],[20.638,38.5622],[20.636,38.5626],[20.6346,38.563],[20.633,38.5635],[20.6317,38.564],[20.63,38.5648],[20.629,38.5653],[20.6277,38.566],[20.626,38.5669],[20.625,38.5674],[20.6238,38.568],[20.622,38.5688],[20.621,38.5692],[20.619,38.5699],[20.618,38.5702],[20.616,38.5707],[20.6145,38.571],[20.613,38.5713],[20.611,38.5717],[20.6093,38.572],[20.608,38.5722],[20.606,38.5725],[20.604,38.5727],[20.602,38.5728],[20.6,38.5729],[20.598,38.5729],[20.596,38.573],[20.595,38.5731],[20.593,38.5736],[20.592,38.5741],[20.59,38.5749],[20.589,38.575],[20.588,38.575],[20.586,38.5744],[20.585,38.574],[20.583,38.5731],[20.582,38.5727],[20.5802,38.572],[20.579,38.5715],[20.578,38.571],[20.5766,38.57],[20.5756,38.569],[20.5748,38.568],[20.574,38.5668],[20.573,38.5651],[20.5724,38.564],[20.5718,38.563],[20.571,38.5614],[20.5701,38.56],[20.5693,38.559],[20.5684,38.558],[20.5675,38.557],[20.5665,38.556],[20.5654,38.555],[20.5643,38.554],[20.563,38.553],[20.562,38.5523],[20.561,38.5515],[20.56,38.5505],[20.559,38.5495],[20.558,38.5485],[20.557,38.5475],[20.556,38.5465],[20.555,38.5456],[20.554,38.5447],[20.553,38.5438],[20.5519,38.543],[20.5503,38.542],[20.549,38.5411],[20.548,38.54],[20.549,38.539],[20.551,38.5384],[20.5527,38.538],[20.554,38.5377],[20.556,38.5372],[20.557,38.5369],[20.559,38.5363],[20.5601,38.536],[20.562,38.5355],[20.5639,38.535],[20.565,38.5346],[20.5665,38.534],[20.568,38.5333],[20.569,38.5327],[20.5703,38.532],[20.5719,38.531],[20.573,38.5303],[20.574,38.5296],[20.575,38.5288],[20.576,38.5279],[20.577,38.5268],[20.578,38.5256],[20.579,38.5241],[20.5797,38.523],[20.5803,38.522],[20.581,38.5207],[20.582,38.519],[20.5826,38.518],[20.5832,38.517],[20.584,38.516],[20.585,38.5149],[20.586,38.5139],[20.5871,38.513],[20.5883,38.512],[20.5896,38.511],[20.5909,38.51],[20.592,38.5092],[20.593,38.5085],[20.594,38.5078],[20.595,38.507],[20.5962,38.506],[20.5971,38.505],[20.598,38.5038],[20.5989,38.502],[20.5992,38.501],[20.5995,38.499],[20.5995,38.497],[20.5993,38.495],[20.5992,38.493],[20.6,38.4913],[20.6011,38.492],[20.6022,38.493],[20.6036,38.494],[20.605,38.4948],[20.606,38.4953],[20.6075,38.496],[20.609,38.4966],[20.61,38.4971],[20.612,38.4979],[20.613,38.4983],[20.6148,38.499],[20.616,38.4996],[20.617,38.5001],[20.6184,38.501],[20.6195,38.502],[20.6204,38.503],[20.6211,38.504],[20.622,38.5051],[20.623,38.5064],[20.624,38.5075],[20.625,38.5084],[20.626,38.5094],[20.627,38.5104],[20.628,38.5114],[20.629,38.5127],[20.63,38.5139],[20.631,38.515],[20.632,38.5159],[20.633,38.5167],[20.634,38.5174],[20.6351,38.518],[20.637,38.5189],[20.638,38.5192],[20.64,38.5198],[20.641,38.5201],[20.643,38.5205],[20.645,38.5209],[20.6461,38.521],[20.648,38.5212],[20.65,38.5212],[20.652,38.5212],[20.654,38.521],[20.655,38.5209],[20.657,38.5206],[20.659,38.5203],[20.6609,38.52],[20.662,38.5198],[20.664,38.5193],[20.665,38.519],[20.667,38.5182],[20.668,38.5178],[20.6697,38.517],[20.671,38.5165],[20.6723,38.516],[20.674,38.5155],[20.6759,38.515],[20.677,38.5147],[20.679,38.5143],[20.6804,38.514],[20.682,38.5136],[20.6837,38.513],[20.685,38.5124],[20.686,38.5119],[20.6879,38.511],[20.689,38.5104],[20.69,38.5098],[20.6912,38.509],[20.6926,38.508],[20.6938,38.507],[20.6948,38.506],[20.6956,38.505],[20.6963,38.504],[20.697,38.5028],[20.6979,38.501],[20.6983,38.5],[20.699,38.498],[20.6993,38.497],[20.6997,38.495],[20.7,38.493],[20.7001,38.492],[20.7,38.49],[20.6999,38.489],[20.6998,38.487],[20.6997,38.485],[20.6996,38.483],[20.6999,38.481],[20.7002,38.48],[20.701,38.478],[20.7014,38.477],[20.702,38.4759],[20.703,38.4746],[20.704,38.4735],[20.705,38.4726],[20.706,38.4717],[20.707,38.4709],[20.7083,38.47],[20.7099,38.469],[20.711,38.4684],[20.712,38.4679],[20.714,38.4671],[20.715,38.4665],[20.716,38.4658],[20.717,38.465],[20.718,38.464],[20.719,38.4627],[20.72,38.4612],[20.7208,38.46],[20.7216,38.459],[20.7224,38.458],[20.7232,38.457],[20.724,38.456],[20.725,38.4547],[20.726,38.4534],[20.7269,38.452],[20.7275,38.451],[20.728,38.4497],[20.7284,38.448],[20.7287,38.446],[20.7287,38.444],[20.7286,38.442],[20.7284,38.44],[20.7282,38.438],[20.728,38.437],[20.7275,38.435],[20.727,38.4334],[20.7265,38.432],[20.726,38.431],[20.7251,38.429],[20.7247,38.428],[20.724,38.426],[20.7238,38.425],[20.7235,38.423],[20.7232,38.421],[20.7231,38.419],[20.7235,38.417],[20.7245,38.416],[20.726,38.4154],[20.728,38.4151],[20.729,38.415],[20.731,38.4147],[20.733,38.4144],[20.735,38.4141],[20.736,38.4139],[20.738,38.4135],[20.74,38.413],[20.741,38.4127],[20.743,38.4121],[20.744,38.4118],[20.746,38.4114],[20.7478,38.411],[20.749,38.4108],[20.751,38.4103],[20.7523,38.41],[20.754,38.4095],[20.7557,38.409],[20.757,38.4085],[20.7583,38.408],[20.76,38.4072],[20.761,38.4066],[20.762,38.4059],[20.7632,38.405],[20.7641,38.404],[20.765,38.402],[20.7651,38.401],[20.7651,38.399],[20.765,38.398],[20.7645,38.396],[20.764,38.3948],[20.7633,38.393],[20.763,38.391],[20.763,38.389],[20.7633,38.387],[20.7637,38.385],[20.764,38.384],[20.765,38.382],[20.7655,38.381],[20.7661,38.38],[20.767,38.3781],[20.7676,38.377],[20.7682,38.376],[20.769,38.3747],[20.7699,38.373],[20.7702,38.372],[20.7708,38.37],[20.771,38.3686],[20.7711,38.367],[20.771,38.3651],[20.7708,38.364],[20.7704,38.362],[20.77,38.36],[20.7698,38.359],[20.7692,38.357],[20.7689,38.356],[20.7682,38.354],[20.7679,38.353],[20.7672,38.351],[20.767,38.3498],[20.7669,38.348],[20.767,38.347],[20.7675,38.345],[20.768,38.3435],[20.7688,38.342],[20.7695,38.341],[20.7703,38.34],[20.7711,38.339],[20.772,38.3379],[20.773,38.3367],[20.774,38.3357],[20.775,38.3348],[20.776,38.3339],[20.777,38.3329],[20.778,38.3316],[20.779,38.3301],[20.7796,38.329],[20.78,38.328],[20.7807,38.326],[20.781,38.3249],[20.7816,38.323],[20.7819,38.321],[20.782,38.32],[20.782,38.3182],[20.7818,38.317],[20.7814,38.315],[20.781,38.3135],[20.7806,38.312],[20.78,38.3106],[20.7791,38.309],[20.7783,38.308],[20.7773,38.307],[20.7762,38.306],[20.775,38.305],[20.774,38.3042],[20.773,38.3033],[20.772,38.3023],[20.771,38.3014],[20.77,38.3005],[20.769,38.2996],[20.768,38.2986],[20.767,38.2976],[20.766,38.2965],[20.765,38.2955],[20.764,38.2945],[20.763,38.2936],[20.762,38.2927],[20.761,38.2918],[20.76,38.2907],[20.759,38.2895],[20.758,38.2881],[20.7573,38.287],[20.7567,38.286],[20.7559,38.285],[20.755,38.284],[20.754,38.283],[20.753,38.2818],[20.752,38.2807],[20.751,38.2796],[20.75,38.2784],[20.749,38.2773],[20.748,38.2762],[20.747,38.2751],[20.746,38.274],[20.745,38.2731],[20.744,38.2722],[20.743,38.2714],[20.742,38.2708],[20.74,38.2703],[20.738,38.2704],[20.736,38.2708],[20.735,38.2712],[20.733,38.2718],[20.732,38.272],[20.7302,38.272],[20.729,38.2716],[20.728,38.2705],[20.7275,38.269],[20.7271,38.267],[20.7272,38.265],[20.7277,38.263],[20.7278,38.261],[20.7271,38.259],[20.7265,38.258],[20.7261,38.256],[20.7266,38.254],[20.7271,38.253],[20.728,38.2514],[20.7289,38.25],[20.7297,38.249],[20.7306,38.248],[20.7316,38.247],[20.7326,38.246],[20.7336,38.245],[20.7347,38.244],[20.7358,38.243],[20.737,38.242],[20.738,38.2413],[20.739,38.2404],[20.74,38.2394],[20.741,38.2381],[20.7416,38.237],[20.7422,38.236],[20.743,38.2347],[20.744,38.2336],[20.745,38.2328],[20.746,38.232],[20.7474,38.231],[20.749,38.23],[20.75,38.2295],[20.751,38.2289],[20.753,38.2281],[20.754,38.2276],[20.7553,38.227],[20.757,38.226],[20.758,38.2253],[20.759,38.2246],[20.76,38.2237],[20.761,38.2229],[20.7622,38.222],[20.7633,38.221],[20.7643,38.22],[20.7652,38.219],[20.7662,38.218],[20.7671,38.217],[20.7681,38.216],[20.769,38.215],[20.77,38.2139],[20.771,38.2127],[20.772,38.2115],[20.773,38.2104],[20.774,38.2095],[20.775,38.2086],[20.776,38.2077],[20.777,38.207],[20.7787,38.206],[20.78,38.2052],[20.781,38.2045],[20.782,38.2037],[20.783,38.2029],[20.784,38.2019],[20.785,38.201],[20.7865,38.2],[20.788,38.1992],[20.789,38.1986],[20.79,38.1979],[20.791,38.197],[20.792,38.1959],[20.793,38.195],[20.7944,38.194],[20.7958,38.193],[20.797,38.1921],[20.798,38.1914],[20.799,38.1907],[20.8,38.1899],[20.8012,38.189],[20.8027,38.188],[20.804,38.1873],[20.805,38.1868],[20.8061,38.186],[20.8074,38.185],[20.8086,38.184],[20.8099,38.183],[20.811,38.1821],[20.812,38.1814],[20.813,38.1806],[20.814,38.1799],[20.815,38.179],[20.8161,38.178],[20.8172,38.177],[20.8184,38.176],[20.8196,38.175],[20.8207,38.174],[20.8216,38.173],[20.8224,38.172],[20.8231,38.171],[20.824,38.1699],[20.825,38.1687],[20.826,38.1676],[20.827,38.1669],[20.8283,38.166],[20.8296,38.165],[20.8306,38.164],[20.8312,38.163],[20.832,38.1615],[20.833,38.1602],[20.834,38.1592],[20.835,38.1582],[20.836,38.1572],[20.837,38.1561],[20.838,38.1551],[20.839,38.1541],[20.8397,38.153],[20.8402,38.152],[20.8405,38.15],[20.8406,38.148],[20.8407,38.146],[20.8407,38.144],[20.8408,38.142],[20.8408,38.14],[20.8407,38.138],[20.8406,38.136],[20.8404,38.134],[20.84,38.1322],[20.8396,38.131],[20.839,38.1297],[20.838,38.1288],[20.836,38.1284],[20.834,38.1284],[20.8327,38.128],[20.8328,38.126],[20.8332,38.125],[20.834,38.1238],[20.835,38.1227],[20.836,38.1216],[20.837,38.1203],[20.8379,38.119],[20.8387,38.118],[20.8394,38.117],[20.8403,38.116],[20.842,38.1153],[20.844,38.1157],[20.8453,38.115],[20.846,38.1133],[20.8461,38.112],[20.8463,38.11],[20.847,38.1088],[20.848,38.1078],[20.849,38.107],[20.8501,38.106],[20.8513,38.105],[20.8524,38.104],[20.8533,38.103],[20.854,38.1018],[20.8546,38.1],[20.8546,38.098],[20.8544,38.096],[20.854,38.094],[20.8538,38.093],[20.8536,38.091],[20.8534,38.089],[20.8533,38.087],[20.8532,38.085],[20.853,38.083],[20.8529,38.082],[20.8527,38.08],[20.8524,38.078],[20.8522,38.076],[20.852,38.0746],[20.8517,38.073],[20.8514,38.071],[20.8511,38.069],[20.8509,38.068],[20.8508,38.066],[20.8508,38.064],[20.8509,38.062],[20.851,38.0601],[20.8512,38.059],[20.8515,38.057],[20.8517,38.055],[20.8515,38.053],[20.851,38.0511],[20.8506,38.05],[20.85,38.0484],[20.8496,38.047],[20.8492,38.045],[20.8489,38.044],[20.8482,38.042],[20.8473,38.041],[20.846,38.0405],[20.8445,38.04],[20.843,38.0396],[20.8416,38.039],[20.8402,38.038],[20.8392,38.037],[20.8381,38.036],[20.8371,38.035],[20.8365,38.034],[20.8359,38.033],[20.835,38.0318],[20.834,38.0302],[20.8334,38.029],[20.8331,38.027],[20.8333,38.025],[20.8336,38.023],[20.833,38.0211],[20.832,38.0208],[20.83,38.0206],[20.828,38.0205],[20.826,38.0203],[20.824,38.0208],[20.823,38.0213],[20.821,38.022],[20.82,38.0223],[20.818,38.0225],[20.8161,38.022],[20.815,38.0212],[20.814,38.02],[20.8136,38.019],[20.8133,38.017],[20.813,38.015],[20.8126,38.014],[20.812,38.0128],[20.811,38.0111],[20.8104,38.01],[20.8104,38.008],[20.81,38.0066],[20.809,38.0058],[20.807,38.0058],[20.806,38.0061],[20.804,38.0066],[20.802,38.0062],[20.801,38.0059],[20.799,38.005],[20.798,38.0045],[20.7969,38.004],[20.795,38.003],[20.794,38.0024],[20.793,38.0019],[20.7911,38.001],[20.79,38.0005],[20.7885,38.0],[20.787,37.9996],[20.7852,37.999],[20.784,37.9986],[20.7827,37.998],[20.781,37.9972],[20.78,37.9967],[20.7785,37.996],[20.777,37.9952],[20.776,37.9945],[20.775,37.9936],[20.7746,37.992],[20.775,37.99],[20.7751,37.989],[20.7752,37.987],[20.7752,37.985],[20.7753,37.983],[20.7752,37.981],[20.775,37.9797],[20.7744,37.978],[20.7739,37.977],[20.773,37.9757],[20.772,37.9742],[20.7714,37.973],[20.7714,37.971],[20.7722,37.97],[20.7738,37.969],[20.775,37.9684],[20.776,37.9678],[20.7772,37.967],[20.7787,37.966],[20.78,37.9651],[20.781,37.9644],[20.782,37.9634],[20.783,37.962],[20.7835,37.961],[20.784,37.9598],[20.7848,37.958],[20.7854,37.957],[20.7861,37.956],[20.7871,37.955],[20.7883,37.954],[20.7894,37.953],[20.7903,37.952],[20.7911,37.951],[20.792,37.9496],[20.7929,37.948],[20.7934,37.947],[20.794,37.9458],[20.795,37.9442],[20.7959,37.943],[20.7967,37.942],[20.7976,37.941],[20.7986,37.94],[20.7997,37.939],[20.801,37.938],[20.802,37.9373],[20.803,37.9366],[20.804,37.9358],[20.805,37.9344],[20.8052,37.933],[20.805,37.9319],[20.804,37.9301],[20.8034,37.929],[20.803,37.928],[20.8027,37.926],[20.803,37.9248],[20.804,37.9234],[20.805,37.9227],[20.807,37.922],[20.808,37.9218],[20.81,37.9216],[20.812,37.9215],[20.814,37.9216],[20.816,37.9218],[20.817,37.9221],[20.819,37.9224],[20.821,37.9222],[20.822,37.9217],[20.823,37.921],[20.824,37.9199],[20.825,37.9186],[20.826,37.9174],[20.827,37.9163],[20.828,37.9151],[20.829,37.914],[20.8298,37.913],[20.8305,37.912],[20.8313,37.911],[20.8323,37.91],[20.8335,37.909],[20.8347,37.908],[20.836,37.9071],[20.837,37.9065],[20.838,37.906],[20.8397,37.905],[20.841,37.9041],[20.842,37.9035],[20.843,37.9028],[20.8442,37.902],[20.8459,37.901],[20.847,37.9003],[20.848,37.8997],[20.8492,37.899],[20.8508,37.898],[20.852,37.8973],[20.853,37.8967],[20.8544,37.896],[20.856,37.8952],[20.857,37.8947],[20.8585,37.894],[20.86,37.8932],[20.861,37.8928],[20.8627,37.892],[20.864,37.8914],[20.865,37.8908],[20.8664,37.89],[20.8678,37.889],[20.869,37.8881],[20.87,37.8872],[20.871,37.8864],[20.872,37.8857],[20.873,37.885],[20.8745,37.884],[20.876,37.883],[20.877,37.8823],[20.878,37.8815],[20.879,37.8808],[20.88,37.88],[20.8814,37.879],[20.8828,37.878],[20.884,37.8772],[20.885,37.8766],[20.8862,37.876],[20.888,37.8752],[20.889,37.8748],[20.8907,37.874],[20.892,37.8734],[20.8931,37.873],[20.895,37.8723],[20.896,37.872],[20.898,37.8713],[20.899,37.871],[20.901,37.8703],[20.902,37.87],[20.904,37.8692],[20.905,37.8688],[20.9065,37.868],[20.908,37.8671],[20.909,37.8663],[20.91,37.8655],[20.911,37.8647],[20.912,37.8637],[20.913,37.8626],[20.914,37.8613],[20.9149,37.86],[20.9155,37.859],[20.9162,37.858],[20.917,37.8567],[20.918,37.8552],[20.9188,37.854],[20.9195,37.853],[20.9201,37.852]]}},{"type":"Feature","properties":{"depth_m":200,"closed":false},"geometry":{"type":"LineString","coordinates":[[20.595,38.5448],[20.593,38.5446],[20.591,38.5449],[20.59,38.5451],[20.588,38.5459],[20.587,38.5464],[20.586,38.5471],[20.585,38.5485],[20.5844,38.55],[20.5841,38.552],[20.5844,38.554],[20.585,38.5555],[20.586,38.557],[20.587,38.558],[20.588,38.5587],[20.589,38.5592],[20.5907,38.56],[20.592,38.5603],[20.594,38.5602],[20.595,38.5599],[20.5967,38.559],[20.598,38.5581],[20.599,38.557],[20.5998,38.556],[20.6003,38.555],[20.601,38.553],[20.6011,38.552],[20.601,38.5505],[20.6006,38.549],[20.6,38.5479],[20.599,38.5467],[20.598,38.5459],[20.596,38.545],[20.595,38.5448]]}},{"type":"Feature","properties":{"depth_m":200,"closed":false},"geometry":{"type":"LineString","coordinates":[[20.808,38.4568],[20.806,38.4564],[20.804,38.4561],[20.802,38.4561],[20.8,38.4562],[20.798,38.4566],[20.797,38.4571],[20.7956,38.458],[20.7944,38.459],[20.7932,38.46],[20.7922,38.461],[20.7913,38.462],[20.7906,38.463],[20.7896,38.464],[20.7882,38.465],[20.787,38.4656],[20.786,38.4661],[20.7844,38.467],[20.783,38.468],[20.782,38.469],[20.7813,38.47],[20.7808,38.471],[20.7802,38.473],[20.78,38.474],[20.7798,38.476],[20.7793,38.478],[20.779,38.4791],[20.7788,38.481],[20.779,38.4826],[20.7794,38.484],[20.78,38.4856],[20.7806,38.487],[20.781,38.488],[20.782,38.49],[20.7825,38.491],[20.783,38.492],[20.7839,38.494],[20.7844,38.495],[20.785,38.496],[20.786,38.4971],[20.7871,38.498],[20.7886,38.499],[20.7899,38.5],[20.791,38.5009],[20.792,38.5019],[20.793,38.5029],[20.794,38.504],[20.7949,38.505],[20.7958,38.506],[20.7967,38.507],[20.7976,38.508],[20.7985,38.509],[20.7994,38.51],[20.8003,38.511],[20.8011,38.512],[20.802,38.5131],[20.803,38.5141],[20.804,38.515],[20.8054,38.516],[20.8069,38.517],[20.808,38.5176],[20.809,38.5182],[20.811,38.519],[20.812,38.5193],[20.814,38.5197],[20.816,38.5199],[20.818,38.5199],[20.82,38.5199],[20.822,38.5197],[20.824,38.5193],[20.8252,38.519],[20.827,38.5184],[20.828,38.518],[20.83,38.5171],[20.831,38.5167],[20.8323,38.516],[20.8338,38.515],[20.835,38.5141],[20.836,38.5132],[20.837,38.5122],[20.838,38.5113],[20.839,38.5103],[20.84,38.5092],[20.8409,38.508],[20.8415,38.507],[20.842,38.506],[20.8429,38.504],[20.8432,38.503],[20.8436,38.501],[20.8438,38.499],[20.8438,38.497],[20.8435,38.495],[20.8432,38.493],[20.8431,38.491],[20.843,38.489],[20.843,38.488],[20.843,38.486],[20.843,38.4844],[20.843,38.483],[20.843,38.482],[20.8428,38.48],[20.8423,38.478],[20.842,38.477],[20.841,38.475],[20.8404,38.474],[20.8396,38.473],[20.8387,38.472],[20.8376,38.471],[20.8363,38.47],[20.835,38.469],[20.834,38.4682],[20.833,38.4675],[20.832,38.4668],[20.8306,38.466],[20.829,38.4652],[20.828,38.4647],[20.8266,38.464],[20.825,38.4631],[20.824,38.4625],[20.823,38.4619],[20.8214,38.461],[20.82,38.4604],[20.819,38.46],[20.817,38.4594],[20.8158,38.459],[20.814,38.4584],[20.8124,38.458],[20.811,38.4576],[20.809,38.457],[20.808,38.4568]]}},{"type":"Feature","properties":{"depth_m":200,"closed":false},"geometry":{"type":"LineString","coordinates":[[20.759,38.4539],[20.757,38.4535],[20.755,38.4533],[20.753,38.4534],[20.751,38.4536],[20.749,38.4539],[20.748,38.4542],[20.746,38.4549],[20.745,38.4553],[20.7435,38.456],[20.742,38.4568],[20.741,38.4574],[20.74,38.4581],[20.7386,38.459],[20.7372,38.46],[20.7361,38.461],[20.7353,38.462],[20.7347,38.463],[20.734,38.4641],[20.733,38.466],[20.7326,38.467],[20.7321,38.469],[20.7319,38.47],[20.7317,38.472],[20.7316,38.474],[20.7317,38.476],[20.7319,38.478],[20.7321,38.479],[20.7325,38.481],[20.733,38.4826],[20.7335,38.484],[20.734,38.4852],[20.7348,38.487],[20.7354,38.488],[20.7362,38.489],[20.7374,38.49],[20.739,38.491],[20.74,38.4915],[20.741,38.492],[20.743,38.4928],[20.744,38.4931],[20.746,38.4934],[20.748,38.4935],[20.75,38.4935],[20.752,38.4934],[20.754,38.4932],[20.7551,38.493],[20.757,38.4926],[20.7585,38.492],[20.76,38.4911],[20.761,38.4902],[20.762,38.4893],[20.763,38.4882],[20.7638,38.487],[20.7645,38.486],[20.7651,38.485],[20.766,38.4831],[20.7661,38.482],[20.7658,38.481],[20.765,38.4796],[20.764,38.4786],[20.763,38.4777],[20.7619,38.477],[20.761,38.475],[20.762,38.4738],[20.763,38.473],[20.7641,38.472],[20.7651,38.471],[20.766,38.4696],[20.7667,38.468],[20.767,38.4665],[20.7672,38.465],[20.7671,38.463],[20.7669,38.462],[20.7664,38.46],[20.766,38.459],[20.765,38.4575],[20.764,38.4564],[20.763,38.4557],[20.7617,38.455],[20.76,38.4542],[20.759,38.4539]]}},{"type":"Feature","properties":{"depth_m":200,"closed":false},"geometry":{"type":"LineString","coordinates":[[20.5971,38.467],[20.597,38.469],[20.5969,38.469],[20.5969,38.467],[20.5971,38.467]]}},{"type":"Feature","properties":{"depth_m":200,"closed":false},"geometry":{"type":"LineString","coordinates":[[20.802,38.3986],[20.8,38.3984],[20.798,38.3987],[20.7961,38.399],[20.795,38.3991],[20.793,38.3994],[20.791,38.3999],[20.79,38.4002],[20.7883,38.401],[20.787,38.4017],[20.786,38.4024],[20.785,38.4032],[20.784,38.4044],[20.783,38.406],[20.7827,38.407],[20.7828,38.409],[20.7832,38.41],[20.784,38.4115],[20.785,38.4128],[20.786,38.4136],[20.787,38.4142],[20.789,38.415],[20.79,38.4153],[20.792,38.4158],[20.794,38.4158],[20.796,38.4154],[20.797,38.415],[20.7989,38.414],[20.8,38.4132],[20.801,38.4123],[20.8019,38.411],[20.8023,38.41],[20.8028,38.408],[20.803,38.407],[20.8034,38.405],[20.8038,38.403],[20.8038,38.401],[20.803,38.3993],[20.802,38.3986]]}},{"type":"Feature","properties":{"depth_m":200,"closed":false},"geometry":{"type":"LineString","coordinates":[[20.898,38.1776],[20.896,38.1779],[20.895,38.1785],[20.894,38.1795],[20.8931,38.181],[20.8929,38.182],[20.8929,38.184],[20.893,38.185],[20.8935,38.187],[20.894,38.1885],[20.8947,38.19],[20.8955,38.191],[20.897,38.1919],[20.8987,38.191],[20.8993,38.19],[20.8999,38.188],[20.9001,38.187],[20.9003,38.185],[20.9003,38.183],[20.9002,38.181],[20.9,38.1798],[20.899,38.1781],[20.898,38.1776]]}},{"type":"Feature","properties":{"depth_m":200,"closed":false},"geometry":{"type":"LineString","coordinates":[[21.0393,37.874],[21.0394,37.876],[21.038,37.8766],[21.0365,37.876],[21.0365,37.874],[21.038,37.8735],[21.0393,37.874]]}},{"type":"Feature","properties":{"depth_m":400,"closed":false},"geometry":{"type":"LineString","coordinates":[[20.5946,37.851],[20.5943,37.853],[20.5939,37.854],[20.5932,37.856],[20.5929,37.857],[20.5925,37.859],[20.5924,37.861],[20.5926,37.863],[20.5928,37.865],[20.5931,37.866],[20.5937,37.868],[20.594,37.869],[20.5942,37.871],[20.5942,37.873],[20.5941,37.875],[20.5941,37.877],[20.5941,37.879],[20.5938,37.88],[20.593,37.8815],[20.5923,37.883],[20.5919,37.884],[20.5917,37.886],[20.5918,37.888],[20.5918,37.89],[20.592,37.8915],[20.5923,37.893],[20.5926,37.895],[20.5929,37.897],[20.5929,37.899],[20.5929,37.901],[20.5927,37.903],[20.5924,37.905],[20.592,37.9065],[20.5912,37.908],[20.5905,37.909],[20.5897,37.91],[20.589,37.9111],[20.588,37.9126],[20.587,37.9138],[20.5861,37.915],[20.5854,37.916],[20.5848,37.917],[20.584,37.9181],[20.583,37.9192],[20.582,37.9206],[20.5813,37.922],[20.5809,37.923],[20.5802,37.925],[20.58,37.926],[20.5796,37.928],[20.579,37.9294],[20.578,37.9307],[20.577,37.932],[20.5763,37.933],[20.5755,37.934],[20.5749,37.935],[20.574,37.9363],[20.573,37.9376],[20.572,37.939],[20.5712,37.94],[20.5704,37.941],[20.5693,37.942],[20.5681,37.943],[20.567,37.9439],[20.566,37.9448],[20.565,37.9456],[20.564,37.9465],[20.563,37.9474],[20.562,37.9484],[20.561,37.9495],[20.56,37.9508],[20.5592,37.952],[20.5584,37.953],[20.5577,37.954],[20.5569,37.955],[20.556,37.9561],[20.555,37.9574],[20.554,37.9588],[20.5531,37.96],[20.5525,37.961],[20.5518,37.962],[20.551,37.9635],[20.55,37.965],[20.549,37.9658],[20.548,37.9664],[20.547,37.9672],[20.546,37.9681],[20.5447,37.969],[20.543,37.9696],[20.5417,37.97],[20.54,37.9704],[20.538,37.9709],[20.537,37.9712],[20.5354,37.972],[20.534,37.9728],[20.533,37.9734],[20.5318,37.974],[20.5301,37.975],[20.529,37.9757],[20.528,37.9763],[20.5269,37.977],[20.5254,37.978],[20.524,37.979],[20.523,37.9798],[20.522,37.9806],[20.521,37.9814],[20.52,37.9823],[20.519,37.9833],[20.518,37.9841],[20.516,37.9849],[20.515,37.9851],[20.513,37.9854],[20.511,37.9857],[20.5097,37.986],[20.508,37.9864],[20.5061,37.987],[20.505,37.9873],[20.503,37.988],[20.502,37.9883],[20.5,37.989],[20.499,37.9893],[20.497,37.9898],[20.496,37.99],[20.494,37.9906],[20.4928,37.991],[20.491,37.9917],[20.49,37.9922],[20.4881,37.993],[20.487,37.9935],[20.4856,37.994],[20.484,37.9948],[20.483,37.9953],[20.4817,37.996],[20.48,37.997],[20.479,37.9978],[20.478,37.9986],[20.477,37.9994],[20.476,38.0003],[20.475,38.0011],[20.4739,38.002],[20.4726,38.003],[20.471,38.004],[20.47,38.0045],[20.469,38.0051],[20.4675,38.006],[20.4661,38.007],[20.465,38.0078],[20.464,38.0085],[20.463,38.0091],[20.4612,38.01],[20.46,38.0106],[20.459,38.0112],[20.4578,38.012],[20.4563,38.013],[20.455,38.0138],[20.454,38.0143],[20.4525,38.015],[20.451,38.0157],[20.45,38.0161],[20.448,38.0169],[20.447,38.0173],[20.4451,38.018],[20.444,38.0183],[20.442,38.0186],[20.4406,38.019],[20.439,38.0197],[20.438,38.0201],[20.436,38.0209],[20.435,38.0214],[20.434,38.022],[20.4324,38.023],[20.431,38.024],[20.43,38.0246],[20.429,38.0252],[20.4279,38.026],[20.4265,38.027],[20.4253,38.028],[20.424,38.029],[20.423,38.0299],[20.422,38.0307],[20.421,38.0316],[20.42,38.0326],[20.419,38.0335],[20.418,38.0346],[20.417,38.0359],[20.4165,38.037],[20.416,38.0381],[20.4151,38.04],[20.4147,38.041],[20.414,38.0425],[20.4133,38.044],[20.4127,38.045],[20.412,38.0463],[20.411,38.0479],[20.4103,38.049],[20.4095,38.05],[20.4085,38.051],[20.4072,38.052],[20.406,38.0528],[20.405,38.0534],[20.4036,38.054],[20.402,38.0547],[20.401,38.0551],[20.3996,38.056],[20.3983,38.057],[20.397,38.0579],[20.396,38.0585],[20.395,38.0591],[20.3931,38.06],[20.392,38.0605],[20.3909,38.061],[20.389,38.0619],[20.388,38.0625],[20.387,38.063],[20.385,38.0639],[20.384,38.0643],[20.3826,38.065],[20.381,38.0658],[20.38,38.0662],[20.3784,38.067],[20.377,38.0677],[20.376,38.0683],[20.3747,38.069],[20.3732,38.07],[20.372,38.071],[20.371,38.0718],[20.37,38.0725],[20.368,38.0729],[20.3665,38.072],[20.3653,38.071],[20.364,38.0702],[20.363,38.0698],[20.361,38.0693],[20.3597,38.069],[20.358,38.0685],[20.356,38.0681],[20.354,38.0681],[20.352,38.0681],[20.3507,38.068],[20.349,38.0678],[20.347,38.0673],[20.3459,38.067],[20.344,38.0664],[20.3427,38.066],[20.341,38.0655],[20.339,38.065],[20.338,38.0648],[20.336,38.0645],[20.334,38.0642],[20.3325,38.064],[20.331,38.0637],[20.329,38.0631],[20.328,38.0625],[20.327,38.0616],[20.326,38.0605],[20.325,38.0593],[20.324,38.0581],[20.323,38.057],[20.322,38.0561],[20.321,38.0554],[20.32,38.0549],[20.318,38.0541],[20.317,38.0537],[20.3152,38.053],[20.314,38.0526],[20.3121,38.052],[20.311,38.0517],[20.309,38.051],[20.308,38.0505],[20.307,38.05],[20.3054,38.049],[20.3042,38.048],[20.3036,38.047],[20.3035,38.045],[20.304,38.0433],[20.3043,38.042],[20.3044,38.04],[20.3046,38.038],[20.305,38.0366],[20.3056,38.035],[20.306,38.034],[20.3069,38.032],[20.3073,38.031],[20.3075,38.029],[20.307,38.0276],[20.3062,38.026],[20.3056,38.025],[20.3048,38.024],[20.3037,38.023],[20.3021,38.022],[20.301,38.0212],[20.3,38.0205],[20.299,38.0198],[20.297,38.0192],[20.295,38.0193],[20.293,38.0194],[20.291,38.0192],[20.289,38.019],[20.288,38.019],[20.287,38.019],[20.285,38.0192],[20.2831,38.02],[20.282,38.0208],[20.281,38.0219],[20.2801,38.023],[20.2794,38.024],[20.2789,38.025],[20.2785,38.027],[20.2786,38.029],[20.279,38.0309],[20.2795,38.032],[20.2801,38.033],[20.281,38.0344],[20.282,38.036],[20.2826,38.037],[20.2833,38.038],[20.2843,38.039],[20.286,38.04],[20.287,38.0403],[20.289,38.0408],[20.2901,38.041],[20.292,38.0418],[20.2926,38.043],[20.292,38.045],[20.2918,38.046],[20.292,38.0475],[20.2926,38.049],[20.2927,38.051],[20.292,38.0521],[20.291,38.0539],[20.2908,38.055],[20.291,38.0567],[20.2912,38.058],[20.291,38.0596],[20.2907,38.061],[20.2903,38.063],[20.29,38.0642],[20.2899,38.066],[20.29,38.067],[20.2905,38.069],[20.2909,38.071],[20.291,38.072],[20.2914,38.074],[20.2917,38.076],[20.292,38.0774],[20.2923,38.079],[20.2925,38.081],[20.2927,38.083],[20.2927,38.085],[20.292,38.087],[20.2915,38.088],[20.2909,38.089],[20.29,38.0909],[20.2897,38.092],[20.2894,38.094],[20.2895,38.096],[20.2897,38.098],[20.2899,38.1],[20.2901,38.101],[20.2905,38.103],[20.291,38.1044],[20.2918,38.106],[20.2923,38.107],[20.293,38.1084],[20.2937,38.11],[20.2941,38.111],[20.2948,38.113],[20.2951,38.114],[20.2959,38.116],[20.2964,38.117],[20.297,38.1186],[20.2974,38.12],[20.2978,38.122],[20.298,38.123],[20.2986,38.125],[20.299,38.1261],[20.3,38.1278],[20.3009,38.129],[20.3016,38.13],[20.3024,38.131],[20.3032,38.132],[20.304,38.1331],[20.305,38.1345],[20.306,38.136],[20.3066,38.137],[20.3071,38.138],[20.308,38.1397],[20.3088,38.141],[20.3095,38.142],[20.3103,38.143],[20.3112,38.144],[20.3122,38.145],[20.313,38.146],[20.314,38.1478],[20.3144,38.149],[20.315,38.151],[20.3152,38.152],[20.3154,38.154],[20.3153,38.156],[20.315,38.158],[20.315,38.159],[20.3147,38.161],[20.3143,38.163],[20.3139,38.164],[20.313,38.1658],[20.3121,38.167],[20.3114,38.168],[20.3108,38.169],[20.3101,38.171],[20.3099,38.172],[20.3097,38.174],[20.3095,38.176],[20.309,38.178],[20.3086,38.179],[20.308,38.1801],[20.306,38.1801],[20.305,38.1792],[20.304,38.1787],[20.3026,38.179],[20.3013,38.18],[20.3005,38.181],[20.2999,38.182],[20.299,38.1839],[20.2986,38.185],[20.298,38.187],[20.2978,38.188],[20.2975,38.19],[20.2974,38.192],[20.2971,38.194],[20.297,38.195],[20.2969,38.197],[20.297,38.1981],[20.2975,38.2],[20.298,38.202],[20.2981,38.203],[20.2985,38.205],[20.299,38.2066],[20.2998,38.208],[20.3007,38.209],[20.302,38.2099],[20.303,38.2106],[20.304,38.2115],[20.305,38.2127],[20.3058,38.214],[20.3065,38.215],[20.3072,38.216],[20.308,38.2172],[20.309,38.2185],[20.31,38.22],[20.3107,38.221],[20.3118,38.222],[20.313,38.2228],[20.314,38.2235],[20.315,38.2242],[20.3161,38.225],[20.3174,38.226],[20.319,38.2268],[20.32,38.2271],[20.3215,38.228],[20.322,38.2294],[20.3228,38.231],[20.324,38.2316],[20.326,38.232],[20.327,38.2321],[20.329,38.2323],[20.331,38.2326],[20.3322,38.233],[20.3334,38.234],[20.3341,38.235],[20.3346,38.237],[20.3343,38.239],[20.334,38.2402],[20.3337,38.242],[20.3339,38.244],[20.3341,38.245],[20.3346,38.247],[20.3351,38.248],[20.336,38.2492],[20.337,38.2502],[20.338,38.2517],[20.3385,38.253],[20.339,38.2543],[20.3397,38.256],[20.3403,38.257],[20.3411,38.258],[20.3421,38.259],[20.3431,38.26],[20.344,38.261],[20.345,38.2623],[20.346,38.2638],[20.3468,38.265],[20.3472,38.266],[20.3475,38.268],[20.348,38.2695],[20.3489,38.271],[20.3498,38.272],[20.3509,38.273],[20.352,38.274],[20.3528,38.275],[20.3533,38.276],[20.3535,38.278],[20.3537,38.28],[20.354,38.2812],[20.3546,38.283],[20.355,38.2841],[20.3559,38.286],[20.3564,38.287],[20.357,38.288],[20.358,38.2891],[20.359,38.29],[20.3602,38.291],[20.3616,38.292],[20.3628,38.293],[20.3637,38.294],[20.3646,38.295],[20.3655,38.296],[20.3664,38.297],[20.3674,38.298],[20.3684,38.299],[20.3693,38.3],[20.37,38.301],[20.371,38.3027],[20.3718,38.304],[20.3722,38.305],[20.372,38.3067],[20.3713,38.308],[20.3705,38.309],[20.369,38.3098],[20.367,38.3098],[20.3653,38.31],[20.364,38.3106],[20.3633,38.312],[20.364,38.3133],[20.365,38.3147],[20.366,38.3159],[20.367,38.3169],[20.368,38.318],[20.3689,38.319],[20.37,38.32],[20.371,38.3205],[20.3721,38.321],[20.374,38.3215],[20.376,38.322],[20.377,38.3224],[20.3781,38.323],[20.3791,38.324],[20.38,38.3252],[20.381,38.3268],[20.3816,38.328],[20.3821,38.329],[20.3827,38.331],[20.383,38.3324],[20.3833,38.334],[20.384,38.336],[20.3845,38.337],[20.385,38.3381],[20.386,38.3397],[20.3867,38.341],[20.3872,38.342],[20.3877,38.344],[20.388,38.3458],[20.3882,38.347],[20.3889,38.349],[20.3894,38.35],[20.39,38.3511],[20.391,38.3528],[20.3917,38.354],[20.3922,38.355],[20.393,38.3564],[20.3939,38.358],[20.3944,38.359],[20.395,38.3603],[20.3958,38.362],[20.3963,38.363],[20.397,38.3644],[20.398,38.3658],[20.3988,38.367],[20.3996,38.368],[20.4002,38.369],[20.401,38.3708],[20.4015,38.372],[20.402,38.373],[20.403,38.3744],[20.404,38.3755],[20.405,38.3763],[20.406,38.3771],[20.407,38.3782],[20.408,38.3796],[20.409,38.3809],[20.41,38.3819],[20.411,38.3827],[20.412,38.3833],[20.4132,38.384],[20.4146,38.385],[20.4156,38.386],[20.4164,38.387],[20.417,38.388],[20.418,38.3895],[20.419,38.3906],[20.42,38.3915],[20.421,38.3923],[20.4223,38.393],[20.424,38.3933],[20.425,38.3929],[20.427,38.3921],[20.428,38.3919],[20.43,38.3915],[20.4317,38.391],[20.433,38.3904],[20.434,38.3899],[20.436,38.3892],[20.437,38.3889],[20.439,38.3884],[20.441,38.3881],[20.442,38.3879],[20.444,38.3874],[20.445,38.387],[20.4468,38.386],[20.448,38.3853],[20.449,38.3849],[20.451,38.3842],[20.452,38.384],[20.454,38.3837],[20.456,38.3836],[20.458,38.3837],[20.4596,38.384],[20.461,38.3843],[20.463,38.3847],[20.464,38.385],[20.466,38.3856],[20.4673,38.386],[20.469,38.3865],[20.4701,38.387],[20.4718,38.388],[20.473,38.3889],[20.474,38.3897],[20.475,38.3907],[20.476,38.3919],[20.4767,38.393],[20.4773,38.394],[20.478,38.3955],[20.4785,38.397],[20.4788,38.399],[20.4787,38.401],[20.4783,38.403],[20.478,38.4046],[20.4776,38.406],[20.477,38.4077],[20.4764,38.409],[20.476,38.4104],[20.4758,38.412],[20.4757,38.414],[20.476,38.4157],[20.4765,38.417],[20.477,38.4183],[20.4779,38.42],[20.4786,38.421],[20.4795,38.422],[20.4807,38.423],[20.4819,38.424],[20.483,38.4249],[20.484,38.4256],[20.485,38.4262],[20.4865,38.427],[20.488,38.4279],[20.489,38.4285],[20.49,38.4291],[20.4919,38.43],[20.493,38.4305],[20.494,38.4312],[20.495,38.432],[20.496,38.433],[20.497,38.4341],[20.498,38.4354],[20.499,38.437],[20.4995,38.438],[20.5,38.439],[20.5009,38.441],[20.5014,38.442],[20.502,38.4436],[20.5026,38.445],[20.503,38.4461],[20.5035,38.448],[20.5037,38.45],[20.5037,38.452],[20.5033,38.454],[20.503,38.4556],[20.503,38.4564],[20.5034,38.458],[20.504,38.4592],[20.5049,38.461],[20.5052,38.462],[20.5051,38.464],[20.5045,38.465],[20.5036,38.466],[20.5028,38.467],[20.502,38.4682],[20.5013,38.47],[20.501,38.4714],[20.5008,38.473],[20.5,38.475],[20.4996,38.476],[20.4991,38.478],[20.4993,38.48],[20.4993,38.482],[20.4996,38.484],[20.4999,38.486],[20.5,38.4877],[20.5,38.489],[20.5001,38.491],[20.5001,38.493],[20.5,38.4949],[20.4999,38.496],[20.4998,38.498],[20.4997,38.5],[20.4995,38.502],[20.4993,38.504],[20.4992,38.506],[20.4993,38.508],[20.4997,38.51],[20.5,38.5116],[20.5002,38.513],[20.5007,38.515],[20.501,38.5164],[20.5014,38.518],[20.5019,38.52],[20.5022,38.521],[20.5027,38.523],[20.503,38.5241],[20.5035,38.526],[20.504,38.5276],[20.5044,38.529],[20.505,38.5307],[20.5055,38.532],[20.506,38.5333],[20.5067,38.535],[20.5071,38.536],[20.5077,38.538],[20.508,38.5391],[20.5087,38.541],[20.509,38.5421],[20.5095,38.544],[20.5097,38.546],[20.5096,38.548],[20.5092,38.55],[20.5089,38.551],[20.5082,38.553],[20.5078,38.554],[20.507,38.5558],[20.5065,38.557],[20.506,38.558],[20.505,38.56],[20.5046,38.561],[20.504,38.5625],[20.5034,38.564],[20.503,38.565],[20.5021,38.567],[20.5016,38.568],[20.501,38.5694],[20.5003,38.571],[20.4999,38.572],[20.4991,38.574],[20.4988,38.575],[20.4981,38.577],[20.4978,38.578],[20.4973,38.58],[20.497,38.581],[20.4965,38.583],[20.496,38.5849],[20.4958,38.586],[20.4954,38.588],[20.495,38.5898],[20.4947,38.591],[20.4943,38.593],[20.494,38.5941],[20.4936,38.596],[20.4931,38.598],[20.4928,38.599],[20.4924,38.601],[20.492,38.6028],[20.4918,38.604],[20.4916,38.606],[20.4918,38.608],[20.4922,38.609],[20.493,38.6104],[20.494,38.6117],[20.495,38.6128],[20.496,38.6137],[20.497,38.6145],[20.498,38.6152],[20.499,38.616],[20.5004,38.617],[20.5016,38.618],[20.5028,38.619],[20.5038,38.62],[20.5048,38.621],[20.5057,38.622],[20.5066,38.623],[20.5074,38.624],[20.5082,38.625],[20.509,38.626],[20.51,38.6274],[20.511,38.6287],[20.512,38.63],[20.5128,38.631],[20.5136,38.632],[20.5144,38.633],[20.515,38.634],[20.516,38.6356],[20.5167,38.637],[20.5172,38.638],[20.518,38.6395],[20.5189,38.641],[20.5195,38.642],[20.52,38.643],[20.521,38.6449],[20.5215,38.646],[20.522,38.6478],[20.5222,38.649],[20.522,38.651],[20.5217,38.652],[20.521,38.6534],[20.52,38.6548],[20.5191,38.656],[20.5182,38.657],[20.5174,38.658],[20.5165,38.659],[20.5157,38.66],[20.5149,38.661],[20.514,38.6621],[20.513,38.6632],[20.512,38.6642],[20.511,38.6651],[20.51,38.6661],[20.509,38.6671],[20.508,38.6681],[20.507,38.6692],[20.506,38.6701],[20.505,38.6711],[20.504,38.6721],[20.503,38.6731],[20.502,38.6741],[20.501,38.6753],[20.5,38.6765],[20.499,38.6779],[20.4983,38.679],[20.4977,38.68],[20.497,38.6814],[20.4962,38.683],[20.4958,38.684],[20.4951,38.686],[20.4948,38.687],[20.4942,38.689],[20.494,38.69],[20.4934,38.692],[20.493,38.694],[20.4928,38.695],[20.4926,38.697],[20.4924,38.699],[20.4924,38.701],[20.4925,38.703],[20.4928,38.705],[20.493,38.7061],[20.4934,38.708],[20.494,38.71],[20.4943,38.711],[20.4949,38.713],[20.4952,38.714],[20.496,38.7158],[20.4966,38.717],[20.4972,38.718],[20.498,38.7194],[20.499,38.7209],[20.4998,38.722],[20.5006,38.723],[20.5013,38.724],[20.502,38.725],[20.503,38.7265],[20.504,38.728],[20.5046,38.729],[20.5052,38.73],[20.506,38.7312],[20.507,38.7328],[20.5077,38.734],[20.5083,38.735],[20.509,38.7365],[20.5097,38.738],[20.5101,38.739],[20.511,38.7405],[20.512,38.742],[20.5126,38.743],[20.5132,38.744],[20.514,38.7455],[20.5146,38.747],[20.515,38.7481],[20.5154,38.75]]}},{"type":"Feature","properties":{"depth_m":400,"closed":false},"geometry":{"type":"LineString","coordinates":[[20.3097,38.187],[20.311,38.1879],[20.3118,38.189],[20.3122,38.19],[20.3121,38.192],[20.3121,38.194],[20.3129,38.196],[20.3132,38.197],[20.313,38.1987],[20.312,38.199],[20.311,38.1986],[20.31,38.1979],[20.309,38.1969],[20.308,38.1956],[20.307,38.1942],[20.3063,38.193],[20.306,38.192],[20.3059,38.19],[20.3063,38.189],[20.307,38.1879],[20.308,38.1869],[20.3097,38.187]]}},{"type":"Feature","properties":{"depth_m":400,"closed":false},"geometry":{"type":"LineString","coordinates":[[20.8311,37.957],[20.8325,37.958],[20.8337,37.959],[20.8349,37.96],[20.8359,37.961],[20.837,37.962],[20.838,37.963],[20.839,37.9639],[20.84,37.9649],[20.841,37.9659],[20.842,37.9669],[20.843,37.968],[20.844,37.969],[20.8449,37.97],[20.846,37.9709],[20.847,37.9715],[20.8482,37.972],[20.85,37.9725],[20.8516,37.973],[20.853,37.9738],[20.854,37.9748],[20.8547,37.976],[20.8549,37.978],[20.8542,37.98],[20.8535,37.981],[20.8526,37.982],[20.8517,37.983],[20.8508,37.984],[20.85,37.985],[20.849,37.9866],[20.8484,37.988],[20.848,37.9899],[20.848,37.9901],[20.8482,37.992],[20.848,37.9931],[20.847,37.9942],[20.8457,37.995],[20.844,37.9958],[20.843,37.9963],[20.8418,37.997],[20.8402,37.998],[20.839,37.9987],[20.838,37.9991],[20.836,38.0],[20.835,38.0006],[20.834,38.0014],[20.833,38.0023],[20.8319,38.003],[20.8304,38.003],[20.8295,38.002],[20.829,38.001],[20.8284,37.999],[20.828,37.9979],[20.8273,37.996],[20.8268,37.995],[20.826,37.9938],[20.825,37.9926],[20.824,37.9917],[20.823,37.9908],[20.822,37.9898],[20.821,37.9886],[20.82,37.9873],[20.8191,37.986],[20.8184,37.985],[20.8178,37.984],[20.817,37.9824],[20.816,37.9811],[20.815,37.9803],[20.814,37.9797],[20.812,37.9792],[20.81,37.979],[20.808,37.9791],[20.806,37.9791],[20.8042,37.979],[20.803,37.9788],[20.801,37.9782],[20.8,37.9777],[20.799,37.9769],[20.7984,37.975],[20.7984,37.973],[20.7986,37.971],[20.7992,37.97],[20.8005,37.969],[20.802,37.9684],[20.8036,37.968],[20.805,37.9679],[20.806,37.9681],[20.8077,37.969],[20.809,37.97],[20.81,37.9706],[20.811,37.971],[20.813,37.9717],[20.8146,37.972],[20.816,37.972],[20.817,37.9717],[20.8183,37.971],[20.8199,37.97],[20.821,37.9691],[20.8217,37.968],[20.8219,37.966],[20.8211,37.964],[20.8206,37.963],[20.82,37.9614],[20.8197,37.96],[20.8199,37.958],[20.821,37.9573],[20.822,37.9569],[20.824,37.9564],[20.826,37.9561],[20.828,37.956],[20.83,37.9565],[20.8311,37.957]]}},{"type":"Feature","properties":{"depth_m":400,"closed":false},"geometry":{"type":"LineString","coordinates":[[20.8544,37.939],[20.8556,37.94],[20.855,37.9413],[20.8532,37.941],[20.852,37.9402],[20.8514,37.939],[20.853,37.9383],[20.8544,37.939]]}},{"type":"Feature","properties":{"depth_m":400,"closed":false},"geometry":{"type":"LineString","coordinates":[[21.0186,37.851],[21.018,37.8526],[21.0173,37.854],[21.0166,37.855],[21.0159,37.856],[21.015,37.8572],[21.014,37.8584],[21.013,37.8594],[21.012,37.8605],[21.011,37.8619],[21.0105,37.863],[21.0102,37.865],[21.01,37.8667],[21.0093,37.868],[21.008,37.8688],[21.007,37.869],[21.006,37.869],[21.004,37.8683],[21.003,37.8679],[21.001,37.8672],[20.9999,37.867],[20.998,37.8668],[20.996,37.8669],[20.995,37.8674],[20.994,37.8681],[20.9925,37.869],[20.9911,37.87],[20.99,37.871],[20.989,37.872],[20.988,37.873],[20.987,37.8739],[20.986,37.8747],[20.985,37.8755],[20.984,37.8763],[20.983,37.8772],[20.982,37.8783],[20.981,37.8795],[20.98,37.8808],[20.9792,37.882],[20.9785,37.883],[20.9778,37.884],[20.977,37.8854],[20.9762,37.887],[20.9758,37.888],[20.975,37.89],[20.9744,37.891],[20.9738,37.892],[20.973,37.8932],[20.972,37.8947],[20.9711,37.896],[20.9705,37.897],[20.97,37.8983],[20.9695,37.9],[20.9691,37.902],[20.969,37.903],[20.9688,37.905],[20.9686,37.907],[20.968,37.909],[20.9676,37.91],[20.967,37.9112],[20.966,37.9128],[20.9651,37.914],[20.9641,37.915],[20.963,37.916],[20.962,37.9169],[20.9613,37.918],[20.9608,37.919],[20.9602,37.921],[20.9599,37.922],[20.9593,37.924],[20.959,37.9255],[20.9586,37.927],[20.958,37.9288],[20.9571,37.93],[20.956,37.931],[20.955,37.9317],[20.954,37.9324],[20.9529,37.933],[20.951,37.934],[20.95,37.9344],[20.948,37.9349],[20.947,37.9351],[20.945,37.9352],[20.943,37.9352],[20.941,37.9351],[20.94,37.9349],[20.938,37.9347],[20.936,37.9345],[20.934,37.9342],[20.9328,37.934],[20.931,37.9336],[20.929,37.9331],[20.928,37.9328],[20.926,37.9323],[20.925,37.932],[20.923,37.9312],[20.922,37.9308],[20.9208,37.93],[20.9194,37.929],[20.9183,37.928],[20.9174,37.927],[20.9165,37.926],[20.9156,37.925],[20.9149,37.924],[20.914,37.9228],[20.913,37.9215],[20.912,37.9204],[20.911,37.9193],[20.91,37.9185],[20.909,37.9178],[20.9074,37.917],[20.906,37.9166],[20.904,37.9165],[20.902,37.9168],[20.9008,37.917],[20.899,37.9174],[20.897,37.9178],[20.896,37.918],[20.894,37.9184],[20.892,37.9185],[20.89,37.9184],[20.888,37.9181],[20.887,37.9179],[20.885,37.9174],[20.884,37.9169],[20.8824,37.916],[20.8811,37.915],[20.8802,37.914],[20.8795,37.913],[20.8789,37.912],[20.878,37.9102],[20.8774,37.909],[20.877,37.9078],[20.8766,37.906],[20.8765,37.904],[20.8768,37.902],[20.8772,37.901],[20.878,37.8994],[20.8789,37.898],[20.8797,37.897],[20.8807,37.896],[20.8817,37.895],[20.8827,37.894],[20.8838,37.893],[20.885,37.892],[20.886,37.8913],[20.887,37.8907],[20.8883,37.89],[20.89,37.889],[20.891,37.8883],[20.892,37.8876],[20.893,37.887],[20.8946,37.886],[20.896,37.8853],[20.897,37.8849],[20.899,37.8842],[20.9,37.8839],[20.902,37.8834],[20.904,37.883],[20.905,37.8828],[20.907,37.8823],[20.908,37.8819],[20.91,37.8813],[20.911,37.881],[20.913,37.8805],[20.9149,37.88],[20.916,37.8797],[20.9177,37.879],[20.919,37.8783],[20.92,37.8777],[20.921,37.877],[20.9224,37.876],[20.9237,37.875],[20.9248,37.874],[20.9258,37.873],[20.9268,37.872],[20.9276,37.871],[20.9285,37.87],[20.9294,37.869],[20.9303,37.868],[20.9313,37.867],[20.9323,37.866],[20.9332,37.865],[20.9341,37.864],[20.935,37.8627],[20.936,37.8612],[20.937,37.8601],[20.938,37.8592],[20.939,37.8583],[20.94,37.8574],[20.941,37.8564],[20.942,37.8554],[20.943,37.8545],[20.944,37.8535],[20.945,37.8526],[20.946,37.8512]]}},{"type":"Feature","properties":{"depth_m":600,"closed":false},"geometry":{"type":"LineString","coordinates":[[20.5725,37.851],[20.572,37.853],[20.5717,37.854],[20.5711,37.856],[20.5707,37.857],[20.57,37.859],[20.5697,37.86],[20.5692,37.862],[20.5689,37.863],[20.568,37.865],[20.5675,37.866],[20.567,37.8676],[20.5666,37.869],[20.566,37.8706],[20.5655,37.872],[20.565,37.8734],[20.5643,37.875],[20.5637,37.876],[20.563,37.8772],[20.5621,37.879],[20.5617,37.88],[20.561,37.8818],[20.5605,37.883],[20.56,37.8844],[20.5595,37.886],[20.559,37.8875],[20.5585,37.889],[20.558,37.8905],[20.5574,37.892],[20.557,37.893],[20.5562,37.895],[20.5558,37.896],[20.555,37.8975],[20.5542,37.899],[20.5538,37.9],[20.553,37.9017],[20.5523,37.903],[20.5516,37.904],[20.551,37.905],[20.55,37.9065],[20.5491,37.908],[20.5486,37.909],[20.548,37.9101],[20.547,37.9118],[20.546,37.9126],[20.545,37.913],[20.5434,37.914],[20.5425,37.915],[20.5417,37.916],[20.5408,37.917],[20.5399,37.918],[20.5389,37.919],[20.5376,37.92],[20.5363,37.921],[20.5351,37.922],[20.534,37.923],[20.533,37.924],[20.532,37.925],[20.531,37.926],[20.53,37.9269],[20.529,37.9278],[20.528,37.9287],[20.527,37.9296],[20.526,37.9304],[20.525,37.9313],[20.524,37.9321],[20.523,37.933],[20.5218,37.934],[20.5206,37.935],[20.5195,37.936],[20.5185,37.937],[20.5176,37.938],[20.5167,37.939],[20.5156,37.94],[20.5143,37.941],[20.513,37.9418],[20.512,37.9423],[20.5109,37.943],[20.5093,37.944],[20.508,37.9449],[20.507,37.9457],[20.506,37.9464],[20.505,37.9471],[20.5038,37.948],[20.5024,37.949],[20.501,37.95],[20.5,37.9506],[20.499,37.9513],[20.4978,37.952],[20.4961,37.953],[20.495,37.9537],[20.494,37.9543],[20.493,37.955],[20.4916,37.956],[20.4902,37.957],[20.489,37.9579],[20.488,37.9585],[20.487,37.9591],[20.4854,37.96],[20.484,37.9609],[20.483,37.9618],[20.482,37.9627],[20.481,37.9636],[20.48,37.9645],[20.479,37.9653],[20.478,37.9661],[20.477,37.9671],[20.476,37.9683],[20.475,37.9694],[20.474,37.9703],[20.473,37.9711],[20.4717,37.972],[20.4705,37.973],[20.4693,37.974],[20.4682,37.975],[20.4671,37.976],[20.466,37.9769],[20.465,37.9776],[20.464,37.9784],[20.463,37.979],[20.4612,37.98],[20.46,37.9806],[20.459,37.9811],[20.4576,37.982],[20.4561,37.983],[20.455,37.9838],[20.454,37.9845],[20.453,37.9852],[20.4519,37.986],[20.4507,37.987],[20.4495,37.988],[20.4482,37.989],[20.447,37.9899],[20.446,37.9905],[20.445,37.9912],[20.4439,37.992],[20.4424,37.993],[20.441,37.994],[20.44,37.9947],[20.439,37.9954],[20.438,37.9961],[20.4365,37.997],[20.4351,37.998],[20.4342,37.999],[20.4337,38.0],[20.4332,38.002],[20.4329,38.003],[20.432,38.0048],[20.4313,38.006],[20.4307,38.007],[20.4299,38.008],[20.429,38.0092],[20.428,38.0105],[20.427,38.0119],[20.4261,38.013],[20.4252,38.014],[20.4243,38.015],[20.4234,38.016],[20.4225,38.017],[20.4214,38.018],[20.4204,38.019],[20.4194,38.02],[20.4184,38.021],[20.4172,38.022],[20.416,38.0229],[20.415,38.0235],[20.414,38.0241],[20.412,38.0249],[20.411,38.0254],[20.41,38.026],[20.4088,38.027],[20.4079,38.028],[20.407,38.029],[20.406,38.0303],[20.405,38.0318],[20.4045,38.033],[20.404,38.0348],[20.4036,38.036],[20.403,38.0374],[20.402,38.039],[20.4011,38.04],[20.4002,38.041],[20.3992,38.042],[20.3982,38.043],[20.3971,38.044],[20.396,38.0447],[20.395,38.0451],[20.393,38.0454],[20.391,38.0454],[20.389,38.0452],[20.387,38.0451],[20.386,38.045],[20.384,38.0449],[20.382,38.0449],[20.381,38.045],[20.379,38.0456],[20.3777,38.046],[20.376,38.0465],[20.3747,38.047],[20.373,38.0478],[20.372,38.0482],[20.37,38.0484],[20.368,38.0484],[20.366,38.0483],[20.3645,38.048],[20.363,38.0476],[20.3611,38.047],[20.36,38.0466],[20.3586,38.046],[20.357,38.0453],[20.356,38.0449],[20.354,38.0443],[20.3529,38.044],[20.351,38.0434],[20.35,38.043],[20.3486,38.042],[20.3476,38.041],[20.3468,38.04],[20.346,38.0389],[20.345,38.037],[20.3445,38.036],[20.3439,38.035],[20.343,38.0339],[20.342,38.0329],[20.341,38.0319],[20.34,38.0307],[20.339,38.0291],[20.3387,38.028],[20.3384,38.026],[20.3384,38.024],[20.3387,38.022],[20.339,38.0205],[20.3393,38.019],[20.3395,38.017],[20.3395,38.015],[20.3391,38.013],[20.3389,38.012],[20.3383,38.01],[20.3378,38.009],[20.3369,38.008],[20.3355,38.007],[20.334,38.006],[20.333,38.0051],[20.332,38.0042],[20.331,38.0033],[20.33,38.0024],[20.329,38.0015],[20.328,38.0005],[20.327,37.9994],[20.326,37.9983],[20.325,37.9973],[20.324,37.9966],[20.322,37.9961],[20.321,37.9959],[20.3195,37.995],[20.3184,37.994],[20.3174,37.993],[20.3164,37.992],[20.3153,37.991],[20.3142,37.99],[20.313,37.9891],[20.312,37.9884],[20.311,37.9877],[20.31,37.987],[20.3088,37.986],[20.3075,37.985],[20.3063,37.984],[20.3053,37.983],[20.3043,37.982],[20.3034,37.981],[20.3026,37.98],[20.3018,37.979],[20.301,37.9777],[20.3002,37.976],[20.2999,37.975],[20.299,37.9731],[20.2982,37.972],[20.2971,37.971],[20.296,37.9703],[20.295,37.9698],[20.293,37.9691],[20.292,37.9689],[20.29,37.9686],[20.288,37.9687],[20.286,37.969],[20.285,37.9693],[20.2839,37.97],[20.2829,37.971],[20.282,37.9729],[20.2816,37.974],[20.281,37.9756],[20.2802,37.977],[20.279,37.978],[20.278,37.9789],[20.2773,37.98],[20.2768,37.981],[20.276,37.9829],[20.2757,37.984],[20.2752,37.986],[20.2748,37.987],[20.2742,37.989],[20.2738,37.99],[20.273,37.9918],[20.2725,37.993],[20.272,37.994],[20.2711,37.996],[20.2707,37.997],[20.27,37.999],[20.2697,38.0],[20.269,38.002],[20.2687,38.003],[20.2681,38.005],[20.2678,38.006],[20.2672,38.008],[20.2669,38.009],[20.2666,38.011],[20.2665,38.013],[20.2665,38.015],[20.2668,38.017],[20.267,38.0181],[20.2675,38.02],[20.268,38.0215],[20.2686,38.023],[20.269,38.024],[20.2697,38.026],[20.27,38.027],[20.2706,38.029],[20.271,38.0303],[20.2714,38.032],[20.272,38.0338],[20.2725,38.035],[20.273,38.0362],[20.2739,38.038],[20.2746,38.039],[20.2754,38.04],[20.2761,38.041],[20.277,38.0422],[20.278,38.0439],[20.2785,38.045],[20.279,38.0466],[20.2794,38.048],[20.2799,38.05],[20.2801,38.051],[20.2803,38.053],[20.2805,38.055],[20.2808,38.057],[20.281,38.058],[20.2814,38.06],[20.2816,38.062],[20.2815,38.064],[20.2814,38.066],[20.2814,38.068],[20.2815,38.07],[20.2817,38.072],[20.2818,38.074],[20.282,38.076],[20.282,38.077],[20.282,38.078],[20.2819,38.08],[20.2817,38.082],[20.2814,38.084],[20.2813,38.086],[20.2811,38.088],[20.2809,38.089],[20.2806,38.091],[20.2806,38.093],[20.281,38.0946],[20.2817,38.096],[20.2825,38.097],[20.2834,38.098],[20.2841,38.099],[20.2848,38.101],[20.285,38.103],[20.2848,38.105],[20.284,38.107],[20.283,38.1077],[20.282,38.1082],[20.2814,38.11],[20.2817,38.112],[20.282,38.114],[20.2821,38.115],[20.2822,38.117],[20.2822,38.119],[20.2823,38.121],[20.2824,38.123],[20.2829,38.125],[20.2833,38.126],[20.284,38.1279],[20.2845,38.129],[20.285,38.1301],[20.286,38.1316],[20.287,38.1327],[20.288,38.1337],[20.289,38.1346],[20.29,38.1354],[20.2913,38.136],[20.293,38.1361],[20.295,38.1366],[20.296,38.1374],[20.297,38.1384],[20.298,38.1396],[20.299,38.1408],[20.2998,38.142],[20.3004,38.143],[20.301,38.1441],[20.3017,38.146],[20.3021,38.147],[20.3027,38.149],[20.303,38.15],[20.3038,38.152],[20.3041,38.153],[20.3045,38.155],[20.3047,38.157],[20.3045,38.159],[20.3041,38.161],[20.3039,38.162],[20.3034,38.164],[20.303,38.1653],[20.3024,38.167],[20.302,38.168],[20.301,38.1698],[20.3001,38.171],[20.2992,38.172],[20.2985,38.173],[20.2978,38.174],[20.297,38.1752],[20.296,38.1768],[20.2953,38.178],[20.2947,38.179],[20.294,38.1803],[20.2931,38.182],[20.2926,38.183],[20.292,38.1845],[20.2915,38.186],[20.2911,38.188],[20.291,38.189],[20.2907,38.191],[20.2904,38.193],[20.2902,38.195],[20.29,38.1967],[20.2899,38.198],[20.2899,38.2],[20.2899,38.202],[20.29,38.203],[20.2905,38.205],[20.2909,38.207],[20.2912,38.208],[20.2918,38.21],[20.2922,38.211],[20.293,38.2125],[20.2939,38.214],[20.2946,38.215],[20.2953,38.216],[20.2961,38.217],[20.297,38.2182],[20.298,38.2194],[20.299,38.2205],[20.3,38.2217],[20.301,38.2229],[20.3018,38.224],[20.3025,38.225],[20.3031,38.226],[20.304,38.2277],[20.3047,38.229],[20.3054,38.23],[20.3062,38.231],[20.3071,38.232],[20.3083,38.233],[20.3097,38.234],[20.311,38.2349],[20.312,38.2356],[20.313,38.2364],[20.314,38.2376],[20.315,38.2389],[20.316,38.2397],[20.317,38.2403],[20.3187,38.241],[20.32,38.2416],[20.321,38.2422],[20.3221,38.243],[20.323,38.2441],[20.3236,38.246],[20.3241,38.247],[20.3252,38.248],[20.3264,38.249],[20.3275,38.25],[20.3288,38.251],[20.33,38.2517],[20.331,38.2522],[20.332,38.2531],[20.3324,38.255],[20.332,38.257],[20.3318,38.258],[20.3319,38.26],[20.3324,38.261],[20.333,38.263],[20.3336,38.264],[20.3346,38.265],[20.336,38.266],[20.337,38.2667],[20.338,38.2674],[20.339,38.2683],[20.34,38.2693],[20.341,38.2702],[20.342,38.271],[20.3431,38.272],[20.344,38.273],[20.345,38.2741],[20.346,38.2757],[20.3464,38.277],[20.347,38.279],[20.3474,38.28],[20.348,38.2811],[20.349,38.2827],[20.3497,38.284],[20.3501,38.285],[20.3505,38.287],[20.351,38.2889],[20.3518,38.29],[20.353,38.2909],[20.354,38.2916],[20.355,38.2923],[20.356,38.2931],[20.357,38.2943],[20.358,38.2956],[20.3589,38.297],[20.3596,38.298],[20.3603,38.299],[20.361,38.3],[20.362,38.3011],[20.363,38.3023],[20.3637,38.304],[20.363,38.3055],[20.362,38.3061],[20.36,38.3066],[20.3588,38.307],[20.3575,38.308],[20.3572,38.31],[20.358,38.312],[20.3586,38.313],[20.3596,38.314],[20.3608,38.315],[20.362,38.3158],[20.363,38.3166],[20.364,38.3176],[20.365,38.3187],[20.366,38.32],[20.3669,38.321],[20.368,38.3219],[20.369,38.3225],[20.37,38.3231],[20.3719,38.324],[20.373,38.3246],[20.374,38.3252],[20.375,38.3261],[20.376,38.3276],[20.3768,38.329],[20.3774,38.33],[20.378,38.331],[20.3788,38.333],[20.3792,38.334],[20.38,38.3354],[20.3808,38.337],[20.3813,38.338],[20.382,38.3397],[20.3825,38.341],[20.383,38.3426],[20.3833,38.344],[20.3837,38.346],[20.384,38.3475],[20.3848,38.349],[20.3858,38.35],[20.3869,38.351],[20.3877,38.352],[20.3884,38.353],[20.389,38.354],[20.39,38.3558],[20.3906,38.357],[20.3911,38.358],[20.392,38.36],[20.3924,38.361],[20.393,38.3624],[20.3937,38.364],[20.3943,38.365],[20.395,38.366],[20.396,38.3674],[20.397,38.3689],[20.3976,38.37],[20.3982,38.371],[20.399,38.3729],[20.3995,38.374],[20.4,38.375],[20.401,38.3767],[20.4018,38.378],[20.4025,38.379],[20.4033,38.38],[20.404,38.3811],[20.405,38.3828],[20.4058,38.384],[20.4066,38.385],[20.4072,38.386],[20.408,38.3879],[20.4086,38.389],[20.4094,38.39],[20.4105,38.391],[20.412,38.3919],[20.413,38.3924],[20.414,38.3932],[20.415,38.3942],[20.416,38.3953],[20.417,38.3964],[20.418,38.3978],[20.4188,38.399],[20.4195,38.4],[20.4203,38.401],[20.4211,38.402],[20.422,38.4031],[20.423,38.4042],[20.424,38.4051],[20.4257,38.406],[20.427,38.4065],[20.429,38.4067],[20.431,38.4061],[20.4319,38.405],[20.4323,38.404],[20.433,38.402],[20.434,38.4011],[20.435,38.4009],[20.437,38.4009],[20.439,38.4007],[20.441,38.4002],[20.442,38.3999],[20.444,38.3993],[20.445,38.3989],[20.447,38.3984],[20.4487,38.398],[20.45,38.3978],[20.452,38.3975],[20.454,38.3975],[20.456,38.3976],[20.458,38.3974],[20.46,38.3971],[20.461,38.3969],[20.463,38.3964],[20.4648,38.396],[20.466,38.3959],[20.467,38.396],[20.4687,38.397],[20.4695,38.398],[20.4701,38.399],[20.4705,38.401],[20.47,38.4025],[20.4691,38.404],[20.4686,38.405],[20.468,38.407],[20.4677,38.408],[20.467,38.4095],[20.4662,38.411],[20.4658,38.412],[20.4652,38.414],[20.4649,38.415],[20.4642,38.417],[20.4636,38.418],[20.4629,38.419],[20.462,38.4204],[20.4615,38.422],[20.4618,38.424],[20.4622,38.425],[20.463,38.4265],[20.4639,38.428],[20.4647,38.429],[20.4655,38.43],[20.4664,38.431],[20.4673,38.432],[20.4684,38.433],[20.4698,38.434],[20.471,38.4346],[20.472,38.4351],[20.474,38.4357],[20.4752,38.436],[20.477,38.4365],[20.4789,38.437],[20.48,38.4376],[20.481,38.4389],[20.4817,38.44],[20.4828,38.441],[20.484,38.4418],[20.485,38.4424],[20.486,38.443],[20.4876,38.444],[20.4886,38.445],[20.4891,38.446],[20.4896,38.448],[20.49,38.4499],[20.4904,38.451],[20.491,38.4522],[20.4918,38.454],[20.4921,38.455],[20.4927,38.457],[20.4931,38.458],[20.4938,38.46],[20.4942,38.461],[20.4945,38.463],[20.4946,38.465],[20.4943,38.467],[20.4939,38.468],[20.4931,38.47],[20.4927,38.471],[20.4922,38.473],[20.492,38.475],[20.492,38.477],[20.4919,38.478],[20.4916,38.48],[20.4912,38.482],[20.4912,38.484],[20.4915,38.486],[20.4918,38.488],[20.492,38.4896],[20.4922,38.491],[20.4924,38.493],[20.4925,38.495],[20.4925,38.497],[20.4925,38.499],[20.4925,38.501],[20.4924,38.503],[20.4923,38.505],[20.492,38.507],[20.4918,38.508],[20.4913,38.51],[20.491,38.5114],[20.4907,38.513],[20.4902,38.515],[20.4899,38.516],[20.4895,38.518],[20.4894,38.52],[20.4895,38.522],[20.4899,38.524],[20.4901,38.525],[20.4904,38.527],[20.4908,38.529],[20.491,38.5305],[20.4912,38.532],[20.4915,38.534],[20.4917,38.536],[20.4919,38.538],[20.492,38.5395],[20.4921,38.541],[20.4921,38.543],[20.492,38.5441],[20.4918,38.546],[20.4916,38.548],[20.4912,38.55],[20.491,38.551],[20.4904,38.553],[20.49,38.5545],[20.4895,38.556],[20.489,38.5573],[20.4883,38.559],[20.4879,38.56],[20.4871,38.562],[20.4867,38.563],[20.486,38.5645],[20.4853,38.566],[20.4848,38.567],[20.484,38.5688],[20.4835,38.57],[20.483,38.5713],[20.4823,38.573],[20.4819,38.574],[20.4812,38.576],[20.4808,38.577],[20.4801,38.579],[20.4798,38.58],[20.4791,38.582],[20.4787,38.583],[20.4781,38.585],[20.4778,38.586],[20.4773,38.588],[20.477,38.589],[20.4764,38.591],[20.476,38.5923],[20.4755,38.594],[20.475,38.596],[20.4748,38.597],[20.4743,38.599],[20.474,38.6006],[20.4737,38.602],[20.4735,38.604],[20.4733,38.606],[20.4732,38.608],[20.4733,38.61],[20.4735,38.612],[20.4737,38.614],[20.474,38.6152],[20.4745,38.617],[20.475,38.6182],[20.4758,38.62],[20.4763,38.621],[20.477,38.6223],[20.478,38.624],[20.4786,38.625],[20.4792,38.626],[20.48,38.6274],[20.481,38.6289],[20.4817,38.63],[20.4823,38.631],[20.483,38.6321],[20.484,38.6336],[20.4849,38.635],[20.4856,38.636],[20.4862,38.637],[20.487,38.6384],[20.488,38.64],[20.4885,38.641],[20.4891,38.642],[20.49,38.6438],[20.4905,38.645],[20.491,38.6467],[20.4913,38.648],[20.4915,38.65],[20.4915,38.652],[20.4912,38.654],[20.4909,38.655],[20.4904,38.657],[20.49,38.6581],[20.4893,38.66],[20.4889,38.661],[20.4881,38.663],[20.4877,38.664],[20.487,38.6652],[20.486,38.6667],[20.4852,38.668],[20.4846,38.669],[20.484,38.6701],[20.483,38.672],[20.4825,38.673],[20.482,38.674],[20.481,38.676],[20.4806,38.677],[20.48,38.6782],[20.4792,38.68],[20.4787,38.681],[20.478,38.6826],[20.4773,38.684],[20.4769,38.685],[20.4761,38.687],[20.4757,38.688],[20.475,38.6897],[20.4743,38.691],[20.4738,38.692],[20.473,38.6935],[20.4721,38.695],[20.4715,38.696],[20.471,38.697],[20.47,38.6986],[20.4691,38.7],[20.4684,38.701],[20.4677,38.702],[20.467,38.703],[20.466,38.7043],[20.465,38.7056],[20.464,38.7068],[20.463,38.708],[20.462,38.709],[20.4612,38.71],[20.4607,38.711],[20.46,38.7128],[20.4597,38.714],[20.4594,38.716],[20.4591,38.718],[20.4591,38.72],[20.4592,38.722],[20.4594,38.724],[20.4596,38.726],[20.46,38.7277],[20.4604,38.729],[20.461,38.7303],[20.462,38.7319],[20.4627,38.733],[20.4634,38.734],[20.464,38.735],[20.465,38.737],[20.4654,38.738],[20.466,38.7397],[20.4665,38.741],[20.467,38.7424],[20.4675,38.744],[20.468,38.7454],[20.4686,38.747],[20.469,38.7481],[20.4695,38.75]]}},{"type":"Feature","properties":{"depth_m":600,"closed":false},"geometry":{"type":"LineString","coordinates":[[20.9169,37.89],[20.918,37.8903],[20.9198,37.891],[20.921,37.8915],[20.9224,37.892],[20.924,37.8926],[20.9251,37.893],[20.9265,37.894],[20.9271,37.895],[20.9272,37.897],[20.927,37.898],[20.9269,37.9],[20.9269,37.902],[20.9262,37.904],[20.9255,37.905],[20.9246,37.906],[20.9231,37.907],[20.922,37.9073],[20.92,37.9074],[20.918,37.9071],[20.917,37.907],[20.915,37.9068],[20.913,37.9068],[20.911,37.9069],[20.909,37.9069],[20.907,37.9068],[20.905,37.9067],[20.903,37.9065],[20.901,37.9062],[20.9,37.9059],[20.898,37.9053],[20.897,37.9048],[20.8955,37.904],[20.8942,37.903],[20.8933,37.902],[20.8928,37.901],[20.8924,37.899],[20.893,37.8971],[20.8937,37.896],[20.8946,37.895],[20.8957,37.894],[20.897,37.8931],[20.898,37.8925],[20.899,37.892],[20.901,37.8911],[20.902,37.8908],[20.904,37.8902],[20.9051,37.89],[20.907,37.8897],[20.909,37.8895],[20.911,37.8896],[20.913,37.8898],[20.915,37.8897],[20.9169,37.89]]}},{"type":"Feature","properties":{"depth_m":800,"closed":false},"geometry":{"type":"LineString","coordinates":[[20.5507,37.851],[20.5505,37.853],[20.55,37.8548],[20.5491,37.856],[20.548,37.8567],[20.547,37.8572],[20.5458,37.858],[20.5447,37.859],[20.5438,37.86],[20.543,37.8612],[20.5423,37.863],[20.5422,37.865],[20.5424,37.867],[20.5416,37.868],[20.54,37.8688],[20.539,37.8697],[20.538,37.8707],[20.537,37.8718],[20.536,37.873],[20.5352,37.874],[20.5344,37.875],[20.5337,37.876],[20.533,37.877],[20.532,37.8784],[20.531,37.8798],[20.5302,37.881],[20.5294,37.882],[20.5286,37.883],[20.5278,37.884],[20.527,37.885],[20.526,37.8864],[20.525,37.888],[20.5244,37.889],[20.5237,37.89],[20.523,37.891],[20.522,37.8923],[20.521,37.8936],[20.52,37.8948],[20.519,37.896],[20.5182,37.897],[20.5173,37.898],[20.5164,37.899],[20.5155,37.9],[20.5145,37.901],[20.5134,37.902],[20.5122,37.903],[20.511,37.904],[20.51,37.9049],[20.509,37.906],[20.508,37.907],[20.507,37.9079],[20.506,37.9089],[20.505,37.9099],[20.504,37.9109],[20.503,37.912],[20.5022,37.913],[20.5013,37.914],[20.5003,37.915],[20.4993,37.916],[20.4982,37.917],[20.4972,37.918],[20.4961,37.919],[20.495,37.92],[20.494,37.9209],[20.493,37.9219],[20.492,37.9229],[20.491,37.9239],[20.49,37.9249],[20.489,37.9258],[20.488,37.9267],[20.487,37.9274],[20.486,37.9281],[20.4846,37.929],[20.4833,37.93],[20.482,37.931],[20.481,37.9318],[20.48,37.9327],[20.479,37.9335],[20.478,37.9343],[20.477,37.9351],[20.476,37.936],[20.475,37.937],[20.474,37.9381],[20.473,37.939],[20.4718,37.94],[20.4707,37.941],[20.4695,37.942],[20.4683,37.943],[20.467,37.944],[20.466,37.9448],[20.465,37.9457],[20.464,37.9464],[20.463,37.9471],[20.4615,37.948],[20.46,37.9489],[20.459,37.9495],[20.458,37.9502],[20.457,37.951],[20.4558,37.952],[20.4547,37.953],[20.4537,37.954],[20.4527,37.955],[20.4518,37.956],[20.4508,37.957],[20.4498,37.958],[20.4488,37.959],[20.4479,37.96],[20.447,37.9611],[20.446,37.9626],[20.4451,37.964],[20.4444,37.965],[20.4436,37.966],[20.4427,37.967],[20.4419,37.968],[20.441,37.9691],[20.44,37.9704],[20.439,37.9717],[20.438,37.9729],[20.4371,37.974],[20.4362,37.975],[20.4355,37.976],[20.4349,37.977],[20.434,37.9786],[20.4333,37.98],[20.4328,37.981],[20.432,37.9825],[20.4311,37.984],[20.4304,37.985],[20.4297,37.986],[20.429,37.987],[20.428,37.9884],[20.427,37.9894],[20.426,37.9904],[20.425,37.9912],[20.424,37.992],[20.4228,37.993],[20.4219,37.994],[20.421,37.996],[20.4208,37.997],[20.42,37.999],[20.4192,38.0],[20.4182,38.001],[20.4172,38.002],[20.4162,38.003],[20.4153,38.004],[20.4143,38.005],[20.4132,38.006],[20.412,38.0067],[20.41,38.007],[20.408,38.0069],[20.407,38.0071],[20.405,38.0079],[20.404,38.0088],[20.403,38.0098],[20.402,38.0106],[20.401,38.0114],[20.4,38.0121],[20.3982,38.013],[20.397,38.0134],[20.395,38.014],[20.394,38.0144],[20.393,38.0154],[20.3926,38.017],[20.393,38.0188],[20.3936,38.02],[20.3936,38.022],[20.3923,38.023],[20.391,38.0237],[20.39,38.0243],[20.389,38.0251],[20.3876,38.026],[20.386,38.0267],[20.385,38.0271],[20.383,38.0279],[20.382,38.0282],[20.38,38.0285],[20.378,38.0289],[20.376,38.0288],[20.374,38.0283],[20.373,38.028],[20.3711,38.027],[20.37,38.0262],[20.369,38.0256],[20.367,38.0253],[20.365,38.0254],[20.363,38.0253],[20.361,38.025],[20.36,38.0248],[20.358,38.0241],[20.357,38.0235],[20.356,38.0227],[20.355,38.0216],[20.354,38.0201],[20.3532,38.019],[20.3525,38.018],[20.3519,38.017],[20.351,38.0151],[20.3505,38.014],[20.35,38.0126],[20.3496,38.011],[20.3494,38.009],[20.3493,38.007],[20.3494,38.005],[20.3496,38.003],[20.3497,38.001],[20.3496,37.999],[20.3497,37.997],[20.3499,37.995],[20.3498,37.993],[20.349,37.991],[20.3485,37.99],[20.348,37.989],[20.347,37.9876],[20.346,37.9866],[20.345,37.9857],[20.344,37.9849],[20.3428,37.984],[20.3416,37.983],[20.3404,37.982],[20.3393,37.981],[20.3383,37.98],[20.3372,37.979],[20.3362,37.978],[20.3355,37.977],[20.3348,37.976],[20.334,37.9746],[20.333,37.9732],[20.332,37.9723],[20.331,37.9718],[20.329,37.971],[20.328,37.9706],[20.327,37.97],[20.326,37.969],[20.325,37.9677],[20.3242,37.966],[20.3238,37.965],[20.3232,37.963],[20.323,37.962],[20.3225,37.96],[20.322,37.9581],[20.3215,37.957],[20.321,37.956],[20.32,37.9548],[20.319,37.9538],[20.318,37.953],[20.3166,37.952],[20.315,37.9511],[20.314,37.9506],[20.3129,37.95],[20.311,37.9491],[20.31,37.9485],[20.309,37.9477],[20.308,37.9468],[20.307,37.9456],[20.306,37.9445],[20.305,37.9434],[20.304,37.9424],[20.303,37.9414],[20.302,37.9406],[20.301,37.9399],[20.299,37.9391],[20.297,37.94],[20.2962,37.941],[20.2955,37.942],[20.2947,37.943],[20.2938,37.944],[20.2927,37.945],[20.2913,37.946],[20.2901,37.947],[20.289,37.948],[20.288,37.9487],[20.287,37.9493],[20.2851,37.95],[20.284,37.9503],[20.282,37.9508],[20.2808,37.951],[20.279,37.9514],[20.277,37.9519],[20.276,37.9521],[20.274,37.9525],[20.272,37.9525],[20.27,37.9523],[20.268,37.9524],[20.266,37.9527],[20.2641,37.952],[20.2633,37.951],[20.2629,37.95],[20.2624,37.948],[20.2621,37.946],[20.2619,37.945],[20.261,37.9437],[20.259,37.9436],[20.258,37.944],[20.2567,37.945],[20.2555,37.946],[20.2545,37.947],[20.2537,37.948],[20.253,37.9491],[20.252,37.9509],[20.2513,37.952],[20.2507,37.953],[20.2509,37.955],[20.2517,37.956],[20.2529,37.957],[20.254,37.9579],[20.255,37.9588],[20.2557,37.96],[20.2554,37.962],[20.255,37.964],[20.2553,37.966],[20.2553,37.968],[20.2556,37.97],[20.256,37.9716],[20.2564,37.973],[20.2569,37.975],[20.2571,37.976],[20.2573,37.978],[20.257,37.98],[20.2568,37.981],[20.2567,37.983],[20.2567,37.985],[20.2567,37.987],[20.2564,37.989],[20.256,37.9909],[20.2557,37.992],[20.2551,37.994],[20.2547,37.995],[20.2542,37.997],[20.254,37.9981],[20.2538,38.0],[20.2539,38.002],[20.254,38.0035],[20.2542,38.005],[20.2545,38.007],[20.2549,38.009],[20.2553,38.01],[20.256,38.012],[20.2564,38.013],[20.257,38.0144],[20.2578,38.016],[20.2583,38.017],[20.259,38.0186],[20.2597,38.02],[20.2602,38.021],[20.261,38.0224],[20.2619,38.024],[20.2624,38.025],[20.263,38.0261],[20.2638,38.028],[20.2643,38.029],[20.265,38.0308],[20.2654,38.032],[20.266,38.0338],[20.2664,38.035],[20.267,38.0366],[20.2675,38.038],[20.268,38.0394],[20.2686,38.041],[20.269,38.0422],[20.2694,38.044],[20.2694,38.046],[20.269,38.0473],[20.2675,38.048],[20.267,38.049],[20.2671,38.05],[20.2674,38.052],[20.2677,38.054],[20.268,38.056],[20.2682,38.057],[20.2686,38.059],[20.269,38.0605],[20.2695,38.062],[20.27,38.0635],[20.2708,38.065],[20.2715,38.066],[20.2723,38.067],[20.273,38.068],[20.274,38.0697],[20.2744,38.071],[20.2743,38.073],[20.2738,38.074],[20.2728,38.075],[20.271,38.0756],[20.2699,38.076],[20.269,38.077],[20.2682,38.079],[20.268,38.0807],[20.268,38.0812],[20.2682,38.083],[20.2683,38.085],[20.2684,38.087],[20.2685,38.089],[20.2686,38.091],[20.2688,38.093],[20.269,38.0945],[20.2692,38.096],[20.2694,38.098],[20.2698,38.1],[20.27,38.1013],[20.2702,38.103],[20.2705,38.105],[20.2707,38.107],[20.2709,38.109],[20.2711,38.11],[20.2716,38.112],[20.2717,38.114],[20.2717,38.116],[20.2715,38.118],[20.271,38.1195],[20.2705,38.121],[20.2703,38.123],[20.2705,38.125],[20.271,38.1267],[20.2714,38.128],[20.272,38.1293],[20.2729,38.131],[20.2734,38.132],[20.274,38.1331],[20.275,38.1346],[20.276,38.136],[20.2767,38.137],[20.2774,38.138],[20.2781,38.139],[20.279,38.1402],[20.28,38.1414],[20.281,38.1425],[20.282,38.1435],[20.283,38.1446],[20.284,38.1455],[20.285,38.1463],[20.2861,38.147],[20.288,38.1478],[20.289,38.1481],[20.291,38.1488],[20.292,38.1491],[20.2939,38.15],[20.295,38.1508],[20.296,38.1517],[20.297,38.153],[20.2976,38.154],[20.298,38.1552],[20.2984,38.157],[20.2986,38.159],[20.2985,38.161],[20.2982,38.163],[20.2977,38.164],[20.297,38.1652],[20.296,38.1666],[20.2951,38.168],[20.2944,38.169],[20.2938,38.17],[20.293,38.1714],[20.292,38.173],[20.2914,38.174],[20.2908,38.175],[20.29,38.1763],[20.2892,38.178],[20.2887,38.179],[20.288,38.1806],[20.2873,38.182],[20.2869,38.183],[20.2861,38.185],[20.2859,38.186],[20.2855,38.188],[20.2851,38.19],[20.2849,38.191],[20.2844,38.193],[20.284,38.1943],[20.2836,38.196],[20.2833,38.198],[20.2832,38.2],[20.2832,38.202],[20.2834,38.204],[20.2835,38.206],[20.2835,38.208],[20.2837,38.21],[20.284,38.2119],[20.2842,38.213],[20.2847,38.215],[20.2851,38.216],[20.286,38.2176],[20.287,38.219],[20.2878,38.22],[20.2885,38.221],[20.2892,38.222],[20.29,38.2231],[20.291,38.2244],[20.292,38.2254],[20.293,38.2264],[20.294,38.2275],[20.295,38.229],[20.2955,38.23],[20.296,38.2312],[20.2967,38.233],[20.2974,38.234],[20.2982,38.235],[20.299,38.2361],[20.3,38.2379],[20.3006,38.239],[20.3011,38.24],[20.302,38.2415],[20.303,38.2428],[20.3039,38.244],[20.3045,38.245],[20.3051,38.246],[20.306,38.2473],[20.307,38.2484],[20.308,38.2494],[20.309,38.25],[20.311,38.2507],[20.313,38.2508],[20.3143,38.251],[20.316,38.2515],[20.3173,38.252],[20.319,38.2528],[20.32,38.2534],[20.321,38.2541],[20.3217,38.256],[20.3212,38.258],[20.3214,38.26],[20.322,38.2614],[20.3227,38.263],[20.3233,38.264],[20.3242,38.265],[20.3252,38.266],[20.3261,38.267],[20.327,38.2681],[20.328,38.2693],[20.329,38.2705],[20.33,38.272],[20.3306,38.273],[20.331,38.274],[20.332,38.2756],[20.333,38.2768],[20.334,38.2777],[20.335,38.2783],[20.337,38.279],[20.338,38.2794],[20.3393,38.28],[20.341,38.281],[20.342,38.2819],[20.3426,38.283],[20.3429,38.285],[20.343,38.287],[20.3432,38.288],[20.344,38.2896],[20.3449,38.291],[20.3457,38.292],[20.3466,38.293],[20.3473,38.294],[20.348,38.2955],[20.3487,38.297],[20.3492,38.298],[20.35,38.2993],[20.3508,38.301],[20.3509,38.303],[20.3507,38.305],[20.351,38.3065],[20.3515,38.308],[20.352,38.3093],[20.3527,38.311],[20.3531,38.312],[20.354,38.3135],[20.355,38.3145],[20.356,38.3154],[20.357,38.3162],[20.358,38.3171],[20.3591,38.318],[20.3604,38.319],[20.3613,38.32],[20.3621,38.321],[20.3631,38.322],[20.3642,38.323],[20.3658,38.324],[20.367,38.3247],[20.368,38.3253],[20.3691,38.326],[20.3702,38.327],[20.371,38.3283],[20.3719,38.33],[20.3724,38.331],[20.373,38.3325],[20.3734,38.334],[20.3739,38.336],[20.3742,38.337],[20.375,38.3387],[20.3758,38.34],[20.3764,38.341],[20.377,38.3421],[20.3776,38.344],[20.378,38.346],[20.3782,38.347],[20.3788,38.349],[20.3792,38.35],[20.38,38.3512],[20.381,38.3522],[20.382,38.3531],[20.383,38.3542],[20.384,38.3554],[20.385,38.3567],[20.386,38.358],[20.3866,38.359],[20.3872,38.36],[20.388,38.3614],[20.3888,38.363],[20.3893,38.364],[20.39,38.3652],[20.391,38.3669],[20.3916,38.368],[20.392,38.369],[20.3926,38.371],[20.393,38.3722],[20.394,38.374],[20.3948,38.375],[20.3956,38.376],[20.3963,38.377],[20.397,38.3787],[20.3975,38.38],[20.3982,38.381],[20.3992,38.382],[20.4001,38.383],[20.401,38.3846],[20.4017,38.386],[20.4022,38.387],[20.403,38.389],[20.4033,38.39],[20.404,38.3914],[20.405,38.3925],[20.406,38.3934],[20.407,38.3943],[20.408,38.3952],[20.4092,38.396],[20.411,38.397],[20.412,38.3976],[20.413,38.3985],[20.414,38.3998],[20.4148,38.401],[20.4155,38.402],[20.4164,38.403],[20.4173,38.404],[20.4182,38.405],[20.4192,38.406],[20.4201,38.407],[20.421,38.4081],[20.422,38.4092],[20.423,38.41],[20.4243,38.411],[20.4255,38.412],[20.4268,38.413],[20.428,38.4138],[20.429,38.4142],[20.431,38.4148],[20.4329,38.415],[20.434,38.415],[20.435,38.415],[20.437,38.4145],[20.438,38.4139],[20.439,38.413],[20.441,38.4122],[20.443,38.4123],[20.445,38.4122],[20.4466,38.412],[20.448,38.4118],[20.45,38.4114],[20.452,38.411],[20.453,38.4109],[20.455,38.411],[20.456,38.4117],[20.4565,38.413],[20.4567,38.415],[20.4563,38.417],[20.456,38.418],[20.4554,38.42],[20.455,38.4214],[20.4546,38.423],[20.454,38.425],[20.4538,38.426],[20.4537,38.428],[20.4538,38.43],[20.454,38.4311],[20.4548,38.433],[20.4554,38.434],[20.4561,38.435],[20.457,38.436],[20.458,38.4371],[20.459,38.4381],[20.4601,38.439],[20.4615,38.44],[20.4626,38.441],[20.4636,38.442],[20.465,38.443],[20.466,38.4434],[20.4679,38.444],[20.469,38.4444],[20.4704,38.445],[20.472,38.4457],[20.473,38.4461],[20.4744,38.447],[20.4754,38.448],[20.4762,38.449],[20.477,38.4508],[20.4774,38.452],[20.478,38.4534],[20.4786,38.455],[20.4791,38.456],[20.4799,38.458],[20.4802,38.459],[20.4806,38.461],[20.4809,38.463],[20.4811,38.464],[20.4814,38.466],[20.482,38.468],[20.4824,38.469],[20.483,38.4707],[20.4836,38.472],[20.4841,38.473],[20.4849,38.475],[20.485,38.476],[20.4851,38.478],[20.4851,38.48],[20.4852,38.482],[20.4856,38.484],[20.486,38.486],[20.4861,38.487],[20.4862,38.489],[20.4863,38.491],[20.4864,38.493],[20.4865,38.495],[20.4866,38.497],[20.4867,38.499],[20.4869,38.501],[20.4869,38.503],[20.4865,38.505],[20.486,38.5065],[20.4854,38.508],[20.485,38.509],[20.4842,38.511],[20.4839,38.512],[20.4831,38.514],[20.4827,38.515],[20.482,38.5164],[20.4813,38.518],[20.4808,38.519],[20.48,38.5209],[20.4795,38.522],[20.479,38.5232],[20.4783,38.525],[20.4779,38.526],[20.4774,38.528],[20.4773,38.53],[20.4773,38.532],[20.4773,38.534],[20.4773,38.536],[20.4773,38.538],[20.4772,38.54],[20.477,38.542],[20.4769,38.543],[20.4766,38.545],[20.4763,38.547],[20.476,38.5486],[20.4757,38.55],[20.4752,38.552],[20.4749,38.553],[20.4744,38.555],[20.474,38.5561],[20.4734,38.558],[20.473,38.5591],[20.4724,38.561],[20.472,38.5624],[20.4716,38.564],[20.471,38.5657],[20.4705,38.567],[20.47,38.5684],[20.4694,38.57],[20.469,38.5711],[20.4683,38.573],[20.4679,38.574],[20.4672,38.576],[20.4669,38.577],[20.4662,38.579],[20.4659,38.58],[20.4653,38.582],[20.4649,38.583],[20.4643,38.585],[20.464,38.5861],[20.4635,38.588],[20.463,38.5899],[20.4626,38.591],[20.462,38.593],[20.4618,38.594],[20.4612,38.596],[20.461,38.597],[20.4605,38.599],[20.4602,38.601],[20.46,38.6024],[20.4598,38.604],[20.4597,38.606],[20.4596,38.608],[20.4596,38.61],[20.4596,38.612],[20.4596,38.614],[20.4597,38.616],[20.4599,38.618],[20.46,38.6191],[20.4603,38.621],[20.4607,38.623],[20.461,38.6244],[20.4614,38.626],[20.4619,38.628],[20.4622,38.629],[20.4627,38.631],[20.463,38.632],[20.4636,38.634],[20.464,38.6357],[20.4643,38.637],[20.4646,38.639],[20.465,38.641],[20.4652,38.642],[20.4656,38.644],[20.4659,38.646],[20.466,38.647],[20.4663,38.649],[20.4665,38.651],[20.4666,38.653],[20.4666,38.655],[20.4665,38.657],[20.4664,38.659],[20.4662,38.661],[20.466,38.6629],[20.4659,38.664],[20.4656,38.666],[20.4652,38.668],[20.4649,38.669],[20.4645,38.671],[20.464,38.6727],[20.4636,38.674],[20.463,38.6756],[20.4624,38.677],[20.4619,38.678],[20.461,38.6796],[20.4602,38.681],[20.4596,38.682],[20.459,38.683],[20.458,38.6846],[20.4574,38.686],[20.457,38.687],[20.4563,38.689],[20.4558,38.69],[20.455,38.6916],[20.4542,38.693],[20.4536,38.694],[20.4529,38.695],[20.452,38.6963],[20.451,38.6978],[20.4501,38.699],[20.4493,38.7],[20.4487,38.701],[20.448,38.7027],[20.4476,38.704],[20.4472,38.706],[20.4469,38.707],[20.4462,38.709],[20.4458,38.71],[20.445,38.7116],[20.4441,38.713],[20.4432,38.714],[20.442,38.7149],[20.441,38.7156],[20.44,38.7161],[20.4385,38.717],[20.4375,38.718],[20.4369,38.719],[20.4365,38.721],[20.4368,38.723],[20.4369,38.725],[20.437,38.727],[20.4369,38.729],[20.437,38.7308],[20.4373,38.732],[20.438,38.7336],[20.4385,38.735],[20.4389,38.737],[20.4391,38.738],[20.44,38.7394],[20.441,38.7405],[20.4416,38.742],[20.4418,38.744],[20.4423,38.745],[20.443,38.746],[20.444,38.7478],[20.4447,38.749],[20.4451,38.75]]}},{"type":"Feature","properties":{"depth_m":800,"closed":false},"geometry":{"type":"LineString","coordinates":[[20.26,38.121],[20.2591,38.122],[20.259,38.123],[20.2589,38.125],[20.2589,38.127],[20.2588,38.129],[20.2587,38.131],[20.2589,38.133],[20.2591,38.134],[20.2593,38.136],[20.2592,38.138],[20.259,38.14],[20.2597,38.142],[20.2608,38.143],[20.2618,38.144],[20.2627,38.145],[20.2636,38.146],[20.2644,38.147],[20.2653,38.148],[20.2663,38.149],[20.2675,38.15],[20.269,38.1509],[20.27,38.1512],[20.271,38.151],[20.272,38.1494],[20.2721,38.148],[20.272,38.1465],[20.2717,38.145],[20.271,38.143],[20.2707,38.142],[20.27,38.1406],[20.2693,38.139],[20.2689,38.138],[20.2682,38.136],[20.2679,38.135],[20.2671,38.133],[20.2667,38.132],[20.266,38.13],[20.2658,38.129],[20.2655,38.127],[20.265,38.1258],[20.264,38.1244],[20.263,38.1234],[20.262,38.1224],[20.261,38.1216],[20.26,38.121]]}},{"type":"Feature","properties":{"depth_m":800,"closed":false},"geometry":{"type":"LineString","coordinates":[[20.235,38.0158],[20.2345,38.017],[20.235,38.0186],[20.2356,38.02],[20.2361,38.021],[20.237,38.0225],[20.238,38.0236],[20.239,38.0245],[20.24,38.0253],[20.241,38.0261],[20.2423,38.027],[20.2439,38.028],[20.245,38.0285],[20.246,38.029],[20.248,38.0296],[20.25,38.03],[20.251,38.0301],[20.2521,38.03],[20.2523,38.028],[20.2518,38.027],[20.251,38.0257],[20.25,38.0244],[20.249,38.0232],[20.248,38.0223],[20.247,38.0215],[20.246,38.0209],[20.2442,38.02],[20.243,38.0195],[20.2419,38.019],[20.24,38.0182],[20.239,38.0177],[20.2376,38.017],[20.236,38.0162],[20.235,38.0158]]}},{"type":"Feature","properties":{"depth_m":800,"closed":false},"geometry":{"type":"LineString","coordinates":[[20.9104,37.895],[20.912,37.8958],[20.913,37.8967],[20.9136,37.898],[20.913,37.8993],[20.912,37.9002],[20.9104,37.901],[20.909,37.9014],[20.907,37.9015],[20.905,37.9013],[20.904,37.9009],[20.9027,37.9],[20.902,37.898],[20.903,37.8963],[20.904,37.8955],[20.905,37.8949],[20.907,37.8945],[20.909,37.8946],[20.9104,37.895]]}},{"type":"Feature","properties":{"depth_m":1000,"closed":false},"geometry":{"type":"LineString","coordinates":[[20.5244,37.851],[20.5239,37.852],[20.523,37.8533],[20.522,37.8546],[20.521,37.856],[20.5202,37.857],[20.5194,37.858],[20.5186,37.859],[20.5178,37.86],[20.517,37.8611],[20.516,37.8627],[20.5152,37.864],[20.5143,37.865],[20.5133,37.866],[20.5121,37.867],[20.511,37.8679],[20.51,37.8689],[20.509,37.87],[20.5081,37.871],[20.5072,37.872],[20.5064,37.873],[20.5056,37.874],[20.5047,37.875],[20.5038,37.876],[20.503,37.877],[20.502,37.8781],[20.501,37.8792],[20.5,37.8803],[20.499,37.8814],[20.498,37.8825],[20.497,37.8835],[20.496,37.8845],[20.495,37.8855],[20.494,37.8867],[20.4931,37.888],[20.4923,37.889],[20.4915,37.89],[20.4906,37.891],[20.4896,37.892],[20.4884,37.893],[20.4871,37.894],[20.486,37.8947],[20.485,37.8954],[20.484,37.8962],[20.483,37.897],[20.4819,37.898],[20.4809,37.899],[20.4799,37.9],[20.479,37.901],[20.478,37.902],[20.4769,37.903],[20.4757,37.904],[20.4746,37.905],[20.4734,37.906],[20.4722,37.907],[20.471,37.9079],[20.47,37.9087],[20.469,37.9096],[20.468,37.9105],[20.467,37.9115],[20.466,37.9126],[20.465,37.9137],[20.464,37.9146],[20.463,37.9154],[20.462,37.9161],[20.4604,37.917],[20.459,37.918],[20.458,37.9188],[20.457,37.9198],[20.456,37.9208],[20.455,37.9219],[20.454,37.923],[20.4532,37.924],[20.4524,37.925],[20.4516,37.926],[20.4508,37.927],[20.45,37.9281],[20.449,37.9294],[20.448,37.931],[20.4474,37.932],[20.4468,37.933],[20.446,37.9342],[20.445,37.9354],[20.444,37.9365],[20.443,37.9377],[20.442,37.9387],[20.441,37.9396],[20.44,37.9404],[20.439,37.9413],[20.438,37.9422],[20.437,37.9431],[20.4357,37.944],[20.4344,37.945],[20.4332,37.946],[20.4322,37.947],[20.4313,37.948],[20.4304,37.949],[20.4296,37.95],[20.4288,37.951],[20.428,37.9522],[20.427,37.9536],[20.426,37.9548],[20.425,37.9556],[20.424,37.9563],[20.4229,37.957],[20.4214,37.958],[20.4201,37.959],[20.419,37.96],[20.4181,37.961],[20.4173,37.962],[20.4166,37.963],[20.4159,37.964],[20.415,37.9655],[20.4143,37.967],[20.4139,37.968],[20.4133,37.97],[20.413,37.9712],[20.4127,37.973],[20.4121,37.975],[20.4116,37.976],[20.411,37.977],[20.4101,37.979],[20.4098,37.98],[20.4093,37.982],[20.409,37.9831],[20.4085,37.985],[20.408,37.9867],[20.4071,37.988],[20.4061,37.989],[20.405,37.9898],[20.404,37.9906],[20.403,37.9914],[20.402,37.9923],[20.401,37.9932],[20.4,37.994],[20.3984,37.995],[20.397,37.9956],[20.3956,37.996],[20.394,37.9962],[20.392,37.9961],[20.3909,37.996],[20.3898,37.996],[20.388,37.9964],[20.386,37.997],[20.385,37.9972],[20.383,37.998],[20.382,37.9985],[20.381,37.9991],[20.3795,38.0],[20.378,38.0006],[20.376,38.0],[20.375,37.9993],[20.374,37.9986],[20.373,37.998],[20.3716,37.997],[20.3706,37.996],[20.3696,37.995],[20.3688,37.994],[20.368,37.9926],[20.3672,37.991],[20.3665,37.99],[20.3658,37.989],[20.365,37.988],[20.3641,37.986],[20.3638,37.985],[20.363,37.9831],[20.3623,37.982],[20.3616,37.981],[20.3609,37.98],[20.36,37.9784],[20.3595,37.977],[20.359,37.9756],[20.3584,37.974],[20.3578,37.973],[20.357,37.9718],[20.356,37.9706],[20.355,37.9695],[20.354,37.9686],[20.353,37.9678],[20.3519,37.967],[20.3504,37.966],[20.349,37.965],[20.348,37.9641],[20.347,37.9631],[20.346,37.9624],[20.345,37.962],[20.343,37.9611],[20.3423,37.96],[20.3419,37.959],[20.3415,37.957],[20.3411,37.955],[20.3409,37.954],[20.3404,37.952],[20.3401,37.95],[20.3398,37.949],[20.3394,37.947],[20.3392,37.945],[20.3389,37.944],[20.338,37.9425],[20.337,37.9411],[20.3362,37.94],[20.3354,37.939],[20.3345,37.938],[20.3334,37.937],[20.332,37.9363],[20.331,37.9359],[20.329,37.9351],[20.328,37.9348],[20.3261,37.934],[20.325,37.9334],[20.324,37.9328],[20.3228,37.932],[20.3211,37.931],[20.32,37.9305],[20.3184,37.93],[20.317,37.9296],[20.3152,37.929],[20.314,37.9286],[20.312,37.9283],[20.31,37.9281],[20.3089,37.928],[20.307,37.9279],[20.305,37.928],[20.304,37.928],[20.302,37.9282],[20.3,37.9283],[20.298,37.9284],[20.296,37.9282],[20.2946,37.928],[20.293,37.9273],[20.292,37.9266],[20.2907,37.926],[20.289,37.9257],[20.287,37.9256],[20.285,37.9257],[20.283,37.9259],[20.282,37.9261],[20.28,37.9265],[20.278,37.9269],[20.277,37.9272],[20.275,37.9277],[20.273,37.9279],[20.272,37.928],[20.27,37.9283],[20.268,37.9285],[20.266,37.9287],[20.264,37.9288],[20.2622,37.929],[20.261,37.9291],[20.259,37.9294],[20.257,37.9297],[20.2552,37.93],[20.254,37.9303],[20.252,37.9308],[20.251,37.9311],[20.249,37.9318],[20.248,37.9324],[20.247,37.9332],[20.246,37.9341],[20.245,37.9351],[20.244,37.9362],[20.243,37.9374],[20.242,37.9387],[20.241,37.9398],[20.24,37.9409],[20.239,37.9419],[20.238,37.943],[20.2371,37.944],[20.2364,37.945],[20.2359,37.946],[20.235,37.9478],[20.2346,37.949],[20.234,37.951],[20.2338,37.952],[20.2334,37.954],[20.233,37.956],[20.2329,37.957],[20.2326,37.959],[20.2325,37.961],[20.2324,37.963],[20.2323,37.965],[20.2326,37.967],[20.233,37.9688],[20.2335,37.97],[20.234,37.9715],[20.2344,37.973],[20.2345,37.975],[20.2349,37.977],[20.2353,37.978],[20.236,37.9798],[20.2367,37.981],[20.2373,37.982],[20.238,37.983],[20.239,37.9845],[20.2398,37.986],[20.2403,37.987],[20.241,37.9885],[20.2417,37.99],[20.2422,37.991],[20.243,37.993],[20.2433,37.994],[20.2439,37.996],[20.2443,37.997],[20.245,37.999],[20.2453,38.0],[20.246,38.0016],[20.2466,38.003],[20.247,38.004],[20.2478,38.006],[20.2481,38.007],[20.2488,38.009],[20.2491,38.01],[20.2495,38.012],[20.2496,38.014],[20.249,38.0152],[20.247,38.015],[20.246,38.0146],[20.245,38.014],[20.2438,38.013],[20.2428,38.012],[20.2418,38.011],[20.2406,38.01],[20.2393,38.009],[20.238,38.0081],[20.237,38.0074],[20.236,38.0066],[20.235,38.0055],[20.234,38.0044],[20.233,38.0035],[20.232,38.0029],[20.2305,38.002],[20.229,38.0013],[20.228,38.0009],[20.226,38.0005],[20.224,38.0009],[20.2235,38.002],[20.2238,38.004],[20.2239,38.006],[20.224,38.007],[20.2245,38.009],[20.225,38.0105],[20.2256,38.012],[20.226,38.013],[20.2268,38.015],[20.2262,38.017],[20.225,38.0174],[20.224,38.018],[20.2233,38.02],[20.2233,38.022],[20.2236,38.024],[20.224,38.0258],[20.224,38.0266],[20.2225,38.026],[20.221,38.0253],[20.22,38.0249],[20.218,38.0243],[20.216,38.0241],[20.214,38.0242],[20.212,38.0245],[20.21,38.025],[20.209,38.0256],[20.208,38.0269],[20.2078,38.028],[20.208,38.0292],[20.2088,38.031],[20.2094,38.032],[20.21,38.0331],[20.211,38.0346],[20.212,38.0354],[20.214,38.036],[20.216,38.0358],[20.218,38.0355],[20.22,38.0354],[20.2216,38.036],[20.223,38.036],[20.2236,38.035],[20.2238,38.033],[20.224,38.0314],[20.2241,38.03],[20.2245,38.028],[20.2252,38.028],[20.2263,38.029],[20.2272,38.03],[20.228,38.0312],[20.2288,38.033],[20.2293,38.034],[20.23,38.0352],[20.231,38.037],[20.2315,38.038],[20.232,38.0392],[20.2328,38.041],[20.2332,38.042],[20.2338,38.044],[20.2342,38.045],[20.235,38.0467],[20.2358,38.048],[20.2364,38.049],[20.237,38.0502],[20.238,38.0515],[20.239,38.0526],[20.24,38.0535],[20.241,38.0543],[20.2421,38.055],[20.2432,38.056],[20.2441,38.057],[20.2453,38.058],[20.2467,38.059],[20.2479,38.06],[20.249,38.061],[20.2499,38.062],[20.251,38.063],[20.252,38.0638],[20.253,38.0647],[20.254,38.066],[20.2545,38.067],[20.2549,38.069],[20.255,38.07],[20.2553,38.072],[20.2555,38.074],[20.256,38.076],[20.2563,38.077],[20.2566,38.079],[20.2567,38.081],[20.257,38.083],[20.2571,38.084],[20.2574,38.086],[20.2576,38.088],[20.2577,38.09],[20.2574,38.092],[20.257,38.093],[20.255,38.0934],[20.254,38.0942],[20.2537,38.096],[20.2537,38.098],[20.2539,38.1],[20.2541,38.101],[20.2543,38.103],[20.2541,38.105],[20.253,38.1058],[20.252,38.1061],[20.2508,38.107],[20.25,38.1081],[20.249,38.11],[20.2486,38.111],[20.2481,38.113],[20.2481,38.115],[20.2484,38.117],[20.2485,38.119],[20.2486,38.121],[20.2488,38.123],[20.249,38.125],[20.2491,38.126],[20.2496,38.128],[20.25,38.1294],[20.2506,38.131],[20.251,38.1326],[20.2512,38.134],[20.2513,38.136],[20.2512,38.138],[20.2513,38.14],[20.2515,38.142],[20.2518,38.144],[20.252,38.145],[20.2525,38.147],[20.253,38.1483],[20.2537,38.15],[20.2541,38.151],[20.255,38.153],[20.2556,38.154],[20.2562,38.155],[20.257,38.156],[20.258,38.1572],[20.259,38.1582],[20.2604,38.159],[20.262,38.1591],[20.263,38.1585],[20.264,38.1577],[20.266,38.1577],[20.267,38.1583],[20.2681,38.159],[20.2695,38.16],[20.2708,38.161],[20.272,38.1619],[20.273,38.1626],[20.274,38.1633],[20.2754,38.164],[20.277,38.164],[20.2779,38.163],[20.2783,38.162],[20.2787,38.16],[20.2788,38.158],[20.279,38.1561],[20.2797,38.155],[20.2807,38.155],[20.282,38.1557],[20.283,38.1565],[20.284,38.1573],[20.285,38.1582],[20.286,38.1592],[20.287,38.161],[20.287,38.162],[20.2868,38.163],[20.286,38.1644],[20.285,38.1659],[20.2844,38.167],[20.284,38.168],[20.2834,38.17],[20.283,38.1711],[20.2822,38.173],[20.2819,38.174],[20.2813,38.176],[20.281,38.1771],[20.2804,38.179],[20.28,38.1808],[20.2797,38.182],[20.2792,38.184],[20.2788,38.185],[20.278,38.187],[20.2776,38.188],[20.2771,38.19],[20.2769,38.191],[20.2765,38.193],[20.2761,38.195],[20.276,38.196],[20.2758,38.198],[20.2759,38.2],[20.276,38.201],[20.2761,38.203],[20.2763,38.205],[20.2767,38.207],[20.2771,38.208],[20.2778,38.21],[20.2782,38.211],[20.2786,38.213],[20.279,38.2145],[20.2794,38.216],[20.28,38.2179],[20.2804,38.219],[20.281,38.2204],[20.2818,38.222],[20.2822,38.223],[20.283,38.2244],[20.2838,38.226],[20.2843,38.227],[20.285,38.2286],[20.2858,38.23],[20.2865,38.231],[20.2872,38.232],[20.2881,38.233],[20.289,38.2343],[20.29,38.236],[20.2906,38.237],[20.2911,38.238],[20.292,38.2395],[20.293,38.2408],[20.294,38.2419],[20.295,38.2429],[20.296,38.2438],[20.297,38.2447],[20.298,38.2456],[20.299,38.2467],[20.2998,38.248],[20.3003,38.249],[20.301,38.2507],[20.3014,38.252],[20.3013,38.254],[20.3014,38.256],[20.302,38.2572],[20.303,38.2583],[20.304,38.259],[20.3055,38.26],[20.3068,38.261],[20.308,38.262],[20.309,38.2625],[20.311,38.2627],[20.313,38.2627],[20.3145,38.263],[20.316,38.2635],[20.317,38.264],[20.3182,38.265],[20.3191,38.266],[20.32,38.267],[20.321,38.268],[20.322,38.2692],[20.323,38.2707],[20.3239,38.272],[20.3246,38.273],[20.3251,38.274],[20.3258,38.276],[20.3262,38.277],[20.3266,38.279],[20.327,38.2809],[20.3276,38.282],[20.3283,38.283],[20.329,38.284],[20.33,38.2856],[20.3307,38.287],[20.3311,38.288],[20.332,38.29],[20.3326,38.291],[20.3331,38.292],[20.334,38.2935],[20.335,38.2946],[20.336,38.2954],[20.337,38.2961],[20.3385,38.297],[20.34,38.298],[20.341,38.2988],[20.3419,38.3],[20.3425,38.301],[20.343,38.3021],[20.3436,38.304],[20.3438,38.306],[20.3441,38.307],[20.345,38.3087],[20.3459,38.31],[20.3463,38.311],[20.3466,38.313],[20.3463,38.315],[20.3468,38.317],[20.3474,38.318],[20.348,38.319],[20.349,38.3204],[20.35,38.3215],[20.351,38.3225],[20.352,38.3234],[20.353,38.3243],[20.354,38.3251],[20.3552,38.326],[20.3565,38.327],[20.3579,38.328],[20.359,38.3289],[20.36,38.3296],[20.361,38.3302],[20.3624,38.331],[20.3639,38.332],[20.365,38.333],[20.3657,38.334],[20.3662,38.335],[20.3668,38.337],[20.367,38.338],[20.3677,38.34],[20.368,38.341],[20.3686,38.343],[20.3689,38.345],[20.3692,38.346],[20.3699,38.348],[20.3704,38.349],[20.371,38.351],[20.3714,38.352],[20.372,38.3531],[20.373,38.3545],[20.3739,38.356],[20.3744,38.357],[20.375,38.3585],[20.3758,38.36],[20.3764,38.361],[20.377,38.3623],[20.378,38.364],[20.3789,38.365],[20.38,38.366],[20.381,38.367],[20.3818,38.368],[20.3826,38.369],[20.3835,38.37],[20.3845,38.371],[20.3856,38.372],[20.3867,38.373],[20.3876,38.374],[20.3884,38.375],[20.3893,38.376],[20.3904,38.377],[20.3918,38.378],[20.3926,38.379],[20.393,38.38],[20.3938,38.382],[20.3944,38.383],[20.3953,38.384],[20.3961,38.385],[20.3968,38.387],[20.397,38.3884],[20.3975,38.39],[20.398,38.391],[20.3989,38.393],[20.3993,38.394],[20.4,38.3953],[20.401,38.3967],[20.402,38.3977],[20.403,38.3985],[20.404,38.3993],[20.405,38.4002],[20.406,38.4012],[20.407,38.4021],[20.4081,38.403],[20.4095,38.404],[20.4108,38.405],[20.412,38.406],[20.413,38.4068],[20.414,38.4075],[20.415,38.4084],[20.416,38.4096],[20.417,38.411],[20.4176,38.412],[20.4181,38.413],[20.419,38.4144],[20.42,38.4156],[20.421,38.4167],[20.422,38.4176],[20.423,38.4183],[20.424,38.419],[20.4258,38.42],[20.427,38.4206],[20.428,38.4211],[20.4298,38.422],[20.431,38.4227],[20.432,38.4232],[20.4335,38.424],[20.435,38.4248],[20.436,38.4252],[20.438,38.4259],[20.439,38.4261],[20.441,38.4262],[20.442,38.4259],[20.444,38.4254],[20.446,38.4257],[20.447,38.4267],[20.4476,38.428],[20.448,38.4299],[20.4481,38.431],[20.4483,38.433],[20.4482,38.435],[20.448,38.437],[20.4479,38.438],[20.4478,38.44],[20.448,38.4416],[20.4485,38.443],[20.4491,38.444],[20.45,38.4455],[20.4509,38.447],[20.4515,38.448],[20.4522,38.449],[20.4534,38.45],[20.455,38.451],[20.456,38.4517],[20.457,38.4526],[20.458,38.4535],[20.459,38.4543],[20.4601,38.455],[20.4614,38.456],[20.4624,38.457],[20.4633,38.458],[20.4643,38.459],[20.4652,38.46],[20.466,38.461],[20.467,38.4624],[20.4679,38.464],[20.4686,38.465],[20.4692,38.466],[20.47,38.4673],[20.4708,38.469],[20.4713,38.47],[20.472,38.4711],[20.473,38.4728],[20.4735,38.474],[20.474,38.4751],[20.475,38.4769],[20.4758,38.478],[20.4766,38.479],[20.4773,38.48],[20.478,38.4813],[20.4786,38.483],[20.479,38.484],[20.48,38.4859],[20.4805,38.487],[20.4808,38.489],[20.4809,38.491],[20.481,38.492],[20.4813,38.494],[20.4816,38.496],[20.4817,38.498],[20.4815,38.5],[20.4811,38.502],[20.4808,38.503],[20.4801,38.505],[20.4797,38.506],[20.479,38.5076],[20.4782,38.509],[20.4776,38.51],[20.477,38.5112],[20.4762,38.513],[20.4757,38.514],[20.475,38.5155],[20.4742,38.517],[20.4737,38.518],[20.473,38.5193],[20.472,38.521],[20.4714,38.522],[20.4708,38.523],[20.47,38.5242],[20.469,38.5258],[20.4683,38.527],[20.4678,38.528],[20.467,38.5295],[20.4663,38.531],[20.466,38.532],[20.4656,38.534],[20.4654,38.536],[20.4652,38.538],[20.465,38.54],[20.4649,38.541],[20.4646,38.543],[20.4643,38.545],[20.464,38.5463],[20.4636,38.548],[20.4631,38.55],[20.4627,38.551],[20.462,38.553],[20.4616,38.554],[20.461,38.5555],[20.4604,38.557],[20.46,38.558],[20.4592,38.56],[20.4589,38.561],[20.4583,38.563],[20.458,38.564],[20.4572,38.566],[20.4569,38.567],[20.4561,38.569],[20.4557,38.57],[20.455,38.5718],[20.4545,38.573],[20.454,38.5744],[20.4534,38.576],[20.453,38.5772],[20.4524,38.579],[20.452,38.5803],[20.4515,38.582],[20.451,38.5837],[20.4506,38.585],[20.4502,38.587],[20.45,38.588],[20.4496,38.59],[20.4492,38.592],[20.449,38.593],[20.4486,38.595],[20.4483,38.597],[20.448,38.599],[20.4479,38.6],[20.4477,38.602],[20.4475,38.604],[20.4473,38.606],[20.4471,38.608],[20.447,38.6097],[20.4469,38.611],[20.4468,38.613],[20.4466,38.615],[20.4465,38.617],[20.4464,38.619],[20.4463,38.621],[20.4462,38.623],[20.4462,38.625],[20.4463,38.627],[20.4463,38.629],[20.4464,38.631],[20.4465,38.633],[20.4466,38.635],[20.4467,38.637],[20.4468,38.639],[20.4468,38.641],[20.4469,38.643],[20.447,38.6446],[20.4471,38.646],[20.4473,38.648],[20.4475,38.65],[20.4477,38.652],[20.4478,38.654],[20.4478,38.656],[20.4478,38.658],[20.4477,38.66],[20.4476,38.662],[20.4473,38.664],[20.447,38.6656],[20.4467,38.667],[20.4464,38.669],[20.446,38.6709],[20.4457,38.672],[20.4451,38.674],[20.4448,38.675],[20.4442,38.677],[20.444,38.679],[20.444,38.681],[20.444,38.683],[20.444,38.684],[20.4439,38.686],[20.4439,38.688],[20.4437,38.69],[20.443,38.692],[20.4424,38.693],[20.4416,38.694],[20.4404,38.695],[20.439,38.6958],[20.438,38.6961],[20.436,38.6964],[20.434,38.6966],[20.4328,38.697],[20.4315,38.698],[20.4308,38.699],[20.4304,38.701],[20.4303,38.703],[20.43,38.7046],[20.4296,38.706],[20.4292,38.708],[20.4287,38.709],[20.428,38.71],[20.427,38.7113],[20.4262,38.713],[20.426,38.7144],[20.4258,38.716],[20.4255,38.718],[20.4255,38.72],[20.4255,38.722],[20.425,38.7233],[20.424,38.7242],[20.4223,38.725],[20.421,38.7255],[20.42,38.7261],[20.4189,38.727],[20.418,38.7285],[20.4178,38.73],[20.418,38.7319],[20.4181,38.733],[20.4183,38.735],[20.4186,38.737],[20.419,38.7384],[20.4198,38.74],[20.4207,38.741],[20.4216,38.742],[20.4224,38.743],[20.423,38.744],[20.424,38.7454],[20.425,38.7463],[20.4264,38.747],[20.428,38.748],[20.4289,38.749],[20.4294,38.75]]}},{"type":"Feature","properties":{"depth_m":1000,"closed":false},"geometry":{"type":"LineString","coordinates":[[20.153,38.0209],[20.151,38.0208],[20.1492,38.021],[20.148,38.0214],[20.1468,38.022],[20.145,38.023],[20.144,38.0233],[20.142,38.0238],[20.1402,38.024],[20.139,38.0241],[20.137,38.0241],[20.136,38.024],[20.134,38.0235],[20.1328,38.023],[20.131,38.0225],[20.1291,38.023],[20.128,38.0236],[20.127,38.0241],[20.125,38.025],[20.124,38.0252],[20.122,38.025],[20.121,38.0248],[20.119,38.0243],[20.117,38.0241],[20.115,38.0243],[20.113,38.0243],[20.111,38.0242],[20.109,38.0241],[20.107,38.0245],[20.1059,38.025],[20.1045,38.026],[20.1037,38.027],[20.103,38.0287],[20.1027,38.03],[20.1026,38.032],[20.103,38.0334],[20.1038,38.035],[20.1044,38.036],[20.105,38.0376],[20.1052,38.039],[20.1052,38.041],[20.1052,38.043],[20.1049,38.044],[20.104,38.046],[20.1036,38.047],[20.1032,38.049],[20.104,38.0506],[20.105,38.0515],[20.106,38.0521],[20.108,38.053],[20.109,38.0533],[20.111,38.0537],[20.1125,38.054],[20.114,38.0542],[20.116,38.0543],[20.1173,38.054],[20.119,38.0533],[20.12,38.0527],[20.121,38.052],[20.122,38.051],[20.123,38.0498],[20.124,38.0484],[20.125,38.0471],[20.126,38.0461],[20.127,38.0451],[20.128,38.044],[20.1289,38.043],[20.13,38.0421],[20.131,38.0416],[20.133,38.041],[20.134,38.0408],[20.136,38.0402],[20.137,38.0398],[20.139,38.0391],[20.14,38.0387],[20.1413,38.038],[20.1425,38.037],[20.1438,38.036],[20.145,38.0356],[20.147,38.0353],[20.149,38.0351],[20.15,38.0349],[20.152,38.0342],[20.153,38.0338],[20.1547,38.033],[20.156,38.0323],[20.157,38.0316],[20.158,38.0305],[20.1584,38.029],[20.158,38.0274],[20.1575,38.026],[20.157,38.0249],[20.156,38.0231],[20.1552,38.022],[20.154,38.0212],[20.153,38.0209]]}},{"type":"Feature","properties":{"depth_m":1000,"closed":false},"geometry":{"type":"LineString","coordinates":[[20.2453,38.039],[20.247,38.0399],[20.248,38.0408],[20.249,38.042],[20.2496,38.043],[20.2501,38.044],[20.25,38.0455],[20.248,38.0457],[20.246,38.045],[20.245,38.0444],[20.244,38.0436],[20.2432,38.042],[20.2438,38.04],[20.2447,38.039],[20.2453,38.039]]}},{"type":"Feature","properties":{"depth_m":1500,"closed":false},"geometry":{"type":"LineString","coordinates":[[20.3492,38.75],[20.348,38.7496],[20.3468,38.749],[20.345,38.7484],[20.3437,38.748],[20.342,38.7475],[20.3405,38.747],[20.339,38.7466],[20.337,38.7462],[20.335,38.7461],[20.333,38.7466],[20.3315,38.747],[20.33,38.7473],[20.328,38.7475],[20.3263,38.748],[20.325,38.7484],[20.323,38.7481],[20.322,38.7478],[20.32,38.7476],[20.318,38.748],[20.317,38.7482],[20.315,38.7487],[20.314,38.7492]]}},{"type":"Feature","properties":{"depth_m":1500,"closed":false},"geometry":{"type":"LineString","coordinates":[[20.4512,37.851],[20.4508,37.852],[20.45,37.8533],[20.449,37.8545],[20.448,37.8556],[20.447,37.8567],[20.446,37.8578],[20.445,37.8589],[20.4441,37.86],[20.4433,37.861],[20.4426,37.862],[20.442,37.863],[20.441,37.8644],[20.44,37.8655],[20.439,37.8666],[20.438,37.8676],[20.437,37.8685],[20.436,37.8694],[20.435,37.8704],[20.434,37.8716],[20.433,37.8729],[20.4322,37.874],[20.4314,37.875],[20.4307,37.876],[20.4298,37.877],[20.4287,37.878],[20.4277,37.879],[20.4266,37.88],[20.4255,37.881],[20.4245,37.882],[20.4235,37.883],[20.4225,37.884],[20.4217,37.885],[20.4208,37.886],[20.42,37.887],[20.419,37.8882],[20.418,37.8893],[20.417,37.8902],[20.416,37.8912],[20.415,37.8923],[20.414,37.8935],[20.4131,37.895],[20.4129,37.896],[20.4129,37.898],[20.4125,37.9],[20.4119,37.901],[20.411,37.902],[20.4099,37.903],[20.4088,37.904],[20.4077,37.905],[20.4066,37.906],[20.4057,37.907],[20.4048,37.908],[20.4038,37.909],[20.4027,37.91],[20.4013,37.911],[20.4,37.912],[20.399,37.913],[20.398,37.9138],[20.397,37.9143],[20.395,37.9148],[20.394,37.9151],[20.3928,37.916],[20.392,37.9171],[20.391,37.9185],[20.39,37.9197],[20.389,37.9208],[20.388,37.9216],[20.387,37.9223],[20.3853,37.923],[20.384,37.9234],[20.3822,37.924],[20.381,37.9243],[20.379,37.9246],[20.377,37.9248],[20.376,37.9251],[20.374,37.9257],[20.373,37.9261],[20.3711,37.927],[20.37,37.9274],[20.368,37.9276],[20.3665,37.927],[20.3654,37.926],[20.3646,37.925],[20.3639,37.924],[20.363,37.923],[20.361,37.9222],[20.3597,37.922],[20.358,37.9217],[20.3563,37.921],[20.355,37.9202],[20.354,37.9195],[20.353,37.9187],[20.3514,37.918],[20.35,37.9178],[20.348,37.9173],[20.347,37.9167],[20.346,37.9159],[20.345,37.915],[20.3437,37.914],[20.3425,37.913],[20.3415,37.912],[20.3405,37.911],[20.3394,37.91],[20.3382,37.909],[20.337,37.9082],[20.336,37.9077],[20.334,37.9071],[20.333,37.907],[20.331,37.9067],[20.329,37.9062],[20.328,37.9058],[20.326,37.9051],[20.325,37.9046],[20.324,37.904],[20.3227,37.903],[20.3219,37.902],[20.321,37.9003],[20.3204,37.899],[20.3199,37.898],[20.319,37.896],[20.3183,37.895],[20.3171,37.894],[20.316,37.8933],[20.315,37.8926],[20.314,37.8918],[20.3126,37.891],[20.311,37.8906],[20.309,37.8905],[20.307,37.8907],[20.305,37.8908],[20.304,37.891],[20.302,37.8913],[20.3,37.8915],[20.298,37.8916],[20.296,37.8914],[20.294,37.891],[20.293,37.8908],[20.291,37.8904],[20.289,37.8904],[20.287,37.8907],[20.285,37.8907],[20.283,37.8902],[20.282,37.8896],[20.2807,37.889],[20.279,37.8886],[20.277,37.8885],[20.275,37.8884],[20.273,37.8882],[20.2715,37.888],[20.27,37.8879],[20.269,37.8881],[20.267,37.8886],[20.2657,37.889],[20.264,37.8895],[20.262,37.8897],[20.26,37.8895],[20.258,37.8891],[20.257,37.8887],[20.256,37.8879],[20.256,37.886],[20.2564,37.885],[20.257,37.8836],[20.2577,37.882],[20.2583,37.881],[20.259,37.8799],[20.26,37.8785],[20.261,37.8773],[20.262,37.8763],[20.263,37.8751],[20.2633,37.874],[20.263,37.8729],[20.261,37.8726],[20.2595,37.873],[20.258,37.8735],[20.256,37.8737],[20.254,37.8737],[20.2521,37.873],[20.251,37.8724],[20.249,37.872],[20.247,37.8725],[20.2459,37.873],[20.2445,37.874],[20.2433,37.875],[20.2422,37.876],[20.2411,37.877],[20.24,37.878],[20.239,37.8786],[20.238,37.8791],[20.236,37.8796],[20.2342,37.88],[20.233,37.8805],[20.232,37.881],[20.23,37.882],[20.229,37.8822],[20.227,37.8824],[20.225,37.8824],[20.223,37.8825],[20.221,37.8824],[20.2191,37.882],[20.218,37.8817],[20.216,37.8817],[20.2147,37.882],[20.213,37.8825],[20.211,37.883],[20.21,37.8834],[20.209,37.8842],[20.2082,37.886],[20.208,37.8872],[20.2076,37.889],[20.207,37.89],[20.206,37.8912],[20.205,37.8921],[20.203,37.893],[20.202,37.893],[20.2,37.8931],[20.198,37.8938],[20.197,37.8946],[20.196,37.8955],[20.195,37.8965],[20.194,37.8976],[20.193,37.8989],[20.192,37.8997],[20.191,37.9001],[20.1893,37.9],[20.188,37.8993],[20.187,37.8985],[20.186,37.8975],[20.185,37.8964],[20.184,37.8954],[20.183,37.8947],[20.1811,37.894],[20.1809,37.894],[20.179,37.8946],[20.178,37.8952],[20.1771,37.897],[20.178,37.8988],[20.179,37.8997],[20.18,37.9002],[20.182,37.9009],[20.183,37.9013],[20.1849,37.902],[20.186,37.9023],[20.1878,37.903],[20.1887,37.904],[20.189,37.9052],[20.189,37.9064],[20.1884,37.908],[20.1874,37.909],[20.1864,37.91],[20.1859,37.911],[20.1854,37.913],[20.185,37.914],[20.184,37.9151],[20.1821,37.916],[20.181,37.9164],[20.1799,37.917],[20.1784,37.918],[20.1772,37.919],[20.1763,37.92],[20.1755,37.921],[20.1749,37.922],[20.174,37.9236],[20.1736,37.925],[20.1735,37.927],[20.1737,37.929],[20.174,37.9302],[20.1747,37.932],[20.1751,37.933],[20.1758,37.935],[20.1761,37.936],[20.1768,37.938],[20.1771,37.939],[20.178,37.9406],[20.179,37.9414],[20.18,37.9424],[20.1806,37.944],[20.1805,37.946],[20.1803,37.948],[20.1805,37.95],[20.181,37.9516],[20.1817,37.953],[20.1825,37.954],[20.1834,37.955],[20.1842,37.956],[20.185,37.9573],[20.186,37.9585],[20.187,37.9593],[20.188,37.9601],[20.189,37.9611],[20.19,37.9627],[20.191,37.9638],[20.192,37.9646],[20.193,37.9653],[20.194,37.966],[20.1951,37.967],[20.196,37.9683],[20.1967,37.97],[20.1973,37.971],[20.1982,37.972],[20.1993,37.973],[20.2005,37.974],[20.2015,37.975],[20.202,37.976],[20.2028,37.978],[20.2032,37.979],[20.2037,37.981],[20.2021,37.982],[20.201,37.982],[20.2,37.982],[20.198,37.9819],[20.196,37.9819],[20.1947,37.982],[20.193,37.9821],[20.192,37.982],[20.19,37.9818],[20.188,37.9816],[20.186,37.9816],[20.184,37.982],[20.183,37.9823],[20.181,37.9827],[20.179,37.9827],[20.177,37.9826],[20.175,37.9827],[20.1737,37.983],[20.172,37.9836],[20.171,37.9841],[20.1696,37.985],[20.1685,37.986],[20.1678,37.987],[20.167,37.9887],[20.1666,37.99],[20.1668,37.992],[20.1671,37.993],[20.168,37.995],[20.1683,37.996],[20.168,37.9979],[20.167,37.9989],[20.166,37.9996],[20.165,38.0003],[20.164,38.001],[20.1626,38.002],[20.1614,38.003],[20.1604,38.004],[20.1594,38.005],[20.1581,38.006],[20.157,38.0066],[20.156,38.007],[20.154,38.0077],[20.1528,38.008],[20.151,38.0083],[20.149,38.0087],[20.1475,38.009],[20.146,38.0095],[20.1446,38.01],[20.143,38.0106],[20.1411,38.011],[20.1408,38.011],[20.139,38.0108],[20.137,38.0101],[20.136,38.0099],[20.134,38.0096],[20.132,38.0098],[20.1309,38.01],[20.129,38.0102],[20.127,38.0104],[20.125,38.0106],[20.1236,38.011],[20.122,38.012],[20.121,38.0126],[20.119,38.013],[20.117,38.013],[20.116,38.013],[20.114,38.0133],[20.112,38.0131],[20.111,38.0129],[20.109,38.0128],[20.1074,38.013],[20.106,38.0132],[20.104,38.0135],[20.1022,38.014],[20.101,38.0145],[20.0998,38.015],[20.098,38.016],[20.097,38.0167],[20.096,38.0174],[20.095,38.0182],[20.094,38.0193],[20.093,38.0208],[20.0924,38.022],[20.0919,38.023],[20.0914,38.025],[20.0912,38.027],[20.0913,38.029],[20.0912,38.031],[20.0908,38.032],[20.09,38.0339],[20.0894,38.035],[20.0889,38.036],[20.0887,38.038],[20.089,38.0392],[20.0899,38.041],[20.0904,38.042],[20.0908,38.044],[20.0901,38.046],[20.0893,38.047],[20.0885,38.048],[20.088,38.05],[20.088,38.051],[20.0878,38.053],[20.0876,38.055],[20.0876,38.057],[20.0873,38.059],[20.087,38.0602],[20.0863,38.062],[20.0859,38.063],[20.0852,38.065],[20.085,38.0661],[20.0844,38.068],[20.084,38.069],[20.0835,38.071],[20.0835,38.073],[20.0837,38.075],[20.0837,38.077],[20.0836,38.079],[20.0838,38.081],[20.0841,38.082],[20.085,38.0833],[20.086,38.0849],[20.0863,38.086],[20.0865,38.088],[20.087,38.09],[20.0872,38.091],[20.0873,38.093],[20.0877,38.095],[20.0878,38.097],[20.0873,38.099],[20.0874,38.101],[20.088,38.1027],[20.0889,38.104],[20.0897,38.105],[20.0905,38.106],[20.0912,38.107],[20.092,38.1082],[20.093,38.1099],[20.0935,38.111],[20.094,38.113],[20.0942,38.114],[20.0947,38.116],[20.0949,38.118],[20.0947,38.12],[20.0943,38.122],[20.0942,38.124],[20.0948,38.126],[20.095,38.127],[20.0953,38.129],[20.096,38.1303],[20.0972,38.131],[20.099,38.1312],[20.1,38.1307],[20.101,38.1294],[20.1015,38.128],[20.102,38.1268],[20.1027,38.125],[20.1032,38.124],[20.1038,38.122],[20.104,38.12],[20.1041,38.119],[20.1041,38.117],[20.1042,38.115],[20.1047,38.113],[20.1051,38.112],[20.106,38.1105],[20.1068,38.109],[20.1071,38.108],[20.107,38.1065],[20.1066,38.105],[20.106,38.1036],[20.1057,38.102],[20.1063,38.101],[20.1071,38.1],[20.108,38.0982],[20.1082,38.097],[20.1083,38.095],[20.1086,38.093],[20.109,38.0915],[20.1097,38.09],[20.1102,38.089],[20.111,38.087],[20.1115,38.086],[20.1125,38.085],[20.114,38.0843],[20.115,38.084],[20.117,38.0831],[20.118,38.0823],[20.119,38.0814],[20.12,38.0807],[20.122,38.08],[20.123,38.0798],[20.125,38.0792],[20.126,38.0787],[20.1271,38.078],[20.1285,38.077],[20.1299,38.076],[20.131,38.0754],[20.133,38.075],[20.134,38.075],[20.136,38.0744],[20.137,38.0733],[20.1373,38.072],[20.1376,38.07],[20.138,38.069],[20.139,38.0677],[20.14,38.0666],[20.141,38.0659],[20.1425,38.065],[20.144,38.0641],[20.145,38.0632],[20.146,38.062],[20.1465,38.061],[20.147,38.0596],[20.1474,38.058],[20.148,38.0566],[20.149,38.0554],[20.15,38.0547],[20.152,38.054],[20.153,38.0539],[20.155,38.0537],[20.157,38.0534],[20.1585,38.053],[20.16,38.0524],[20.1611,38.052],[20.163,38.0514],[20.165,38.0512],[20.167,38.0516],[20.1685,38.052],[20.17,38.0521],[20.171,38.0518],[20.1724,38.051],[20.174,38.0501],[20.175,38.0495],[20.1761,38.049],[20.1777,38.048],[20.1788,38.047],[20.1797,38.046],[20.1803,38.045],[20.181,38.0436],[20.1819,38.042],[20.1826,38.041],[20.1835,38.04],[20.185,38.0394],[20.187,38.0394],[20.1881,38.04],[20.1898,38.041],[20.191,38.0414],[20.1929,38.042],[20.194,38.0425],[20.195,38.0433],[20.196,38.0445],[20.1967,38.046],[20.1972,38.047],[20.1979,38.049],[20.1981,38.05],[20.1985,38.052],[20.1989,38.054],[20.1991,38.055],[20.1997,38.057],[20.2003,38.058],[20.201,38.0591],[20.202,38.0604],[20.203,38.0617],[20.2039,38.063],[20.2045,38.064],[20.2052,38.065],[20.206,38.0663],[20.207,38.0677],[20.208,38.069],[20.2088,38.07],[20.2095,38.071],[20.21,38.0723],[20.211,38.074],[20.212,38.0749],[20.213,38.0755],[20.2141,38.076],[20.216,38.0768],[20.217,38.0771],[20.219,38.0771],[20.221,38.0775],[20.222,38.0784],[20.223,38.0799],[20.2236,38.081],[20.2241,38.082],[20.2247,38.084],[20.225,38.086],[20.2251,38.087],[20.2254,38.089],[20.2257,38.091],[20.2255,38.093],[20.2251,38.095],[20.2249,38.096],[20.2244,38.098],[20.224,38.0993],[20.2237,38.101],[20.2236,38.103],[20.2234,38.105],[20.2232,38.107],[20.2233,38.109],[20.2237,38.111],[20.224,38.1127],[20.2243,38.114],[20.2247,38.116],[20.225,38.1174],[20.2255,38.119],[20.226,38.1209],[20.2262,38.122],[20.2265,38.124],[20.2269,38.126],[20.2272,38.127],[20.2278,38.129],[20.2282,38.13],[20.229,38.132],[20.2295,38.133],[20.2301,38.134],[20.231,38.1357],[20.2315,38.137],[20.232,38.1383],[20.2327,38.14],[20.2331,38.141],[20.234,38.1427],[20.2347,38.144],[20.2352,38.145],[20.236,38.1463],[20.237,38.1477],[20.2379,38.149],[20.2386,38.15],[20.2391,38.151],[20.24,38.1527],[20.2408,38.154],[20.2415,38.155],[20.2422,38.156],[20.243,38.1571],[20.244,38.1583],[20.245,38.1594],[20.246,38.1605],[20.247,38.1618],[20.2476,38.163],[20.2481,38.164],[20.249,38.1654],[20.25,38.1668],[20.2508,38.168],[20.2514,38.169],[20.252,38.17],[20.253,38.1719],[20.2535,38.173],[20.254,38.1741],[20.2548,38.176],[20.2552,38.177],[20.2558,38.179],[20.2561,38.18],[20.2564,38.182],[20.2566,38.184],[20.2568,38.186],[20.2569,38.188],[20.257,38.1895],[20.2572,38.191],[20.2575,38.193],[20.2579,38.195],[20.258,38.196],[20.2583,38.198],[20.2588,38.2],[20.259,38.201],[20.2597,38.203],[20.2601,38.204],[20.2606,38.206],[20.261,38.2075],[20.2617,38.209],[20.2622,38.21],[20.263,38.2119],[20.2635,38.213],[20.2641,38.214],[20.265,38.2154],[20.2659,38.217],[20.2662,38.218],[20.2669,38.22],[20.2674,38.221],[20.268,38.2221],[20.2688,38.224],[20.2692,38.225],[20.2699,38.227],[20.2702,38.228],[20.2707,38.23],[20.271,38.231],[20.2718,38.233],[20.2721,38.234],[20.2727,38.236],[20.273,38.237],[20.2739,38.239],[20.2745,38.24],[20.2752,38.241],[20.276,38.2421],[20.277,38.2434],[20.278,38.2445],[20.279,38.2458],[20.2799,38.247],[20.2807,38.248],[20.2814,38.249],[20.2821,38.25],[20.283,38.2511],[20.284,38.2522],[20.285,38.2532],[20.286,38.254],[20.2872,38.255],[20.2883,38.256],[20.2891,38.257],[20.2899,38.259],[20.2904,38.26],[20.291,38.261],[20.292,38.2626],[20.2927,38.264],[20.2933,38.265],[20.2945,38.266],[20.2959,38.267],[20.2966,38.268],[20.2971,38.269],[20.298,38.2708],[20.299,38.272],[20.3,38.2728],[20.301,38.2733],[20.3022,38.274],[20.3032,38.275],[20.304,38.2761],[20.305,38.2773],[20.306,38.278],[20.3078,38.279],[20.309,38.2798],[20.31,38.2805],[20.311,38.2811],[20.313,38.2819],[20.314,38.2825],[20.315,38.2837],[20.3155,38.285],[20.3159,38.287],[20.3164,38.288],[20.3173,38.289],[20.3184,38.29],[20.3192,38.291],[20.3199,38.293],[20.3203,38.294],[20.321,38.2951],[20.322,38.2965],[20.3228,38.298],[20.3232,38.299],[20.3239,38.301],[20.3244,38.302],[20.3248,38.304],[20.3247,38.306],[20.325,38.3072],[20.3259,38.309],[20.3265,38.31],[20.3271,38.311],[20.328,38.3125],[20.329,38.314],[20.3297,38.315],[20.3303,38.316],[20.331,38.3172],[20.332,38.319],[20.3328,38.32],[20.3337,38.321],[20.335,38.322],[20.336,38.3227],[20.337,38.3233],[20.338,38.3241],[20.339,38.325],[20.3402,38.326],[20.3414,38.327],[20.3425,38.328],[20.3435,38.329],[20.3446,38.33],[20.3455,38.331],[20.3463,38.332],[20.347,38.3332],[20.348,38.3346],[20.349,38.3359],[20.3497,38.337],[20.3502,38.338],[20.351,38.3398],[20.3515,38.341],[20.352,38.3423],[20.3528,38.344],[20.3533,38.345],[20.354,38.346],[20.355,38.3475],[20.356,38.3489],[20.3568,38.35],[20.3576,38.351],[20.3585,38.352],[20.3595,38.353],[20.3606,38.354],[20.3615,38.355],[20.3622,38.356],[20.3623,38.358],[20.3623,38.36],[20.363,38.3614],[20.364,38.363],[20.3647,38.364],[20.3654,38.365],[20.3661,38.366],[20.367,38.3671],[20.368,38.3681],[20.369,38.369],[20.37,38.3702],[20.3709,38.372],[20.3714,38.373],[20.372,38.3741],[20.373,38.3756],[20.374,38.3769],[20.3749,38.378],[20.3758,38.379],[20.3766,38.38],[20.3774,38.381],[20.3781,38.382],[20.379,38.3835],[20.3799,38.385],[20.3806,38.386],[20.3812,38.387],[20.382,38.3882],[20.383,38.3896],[20.3839,38.391],[20.3844,38.392],[20.385,38.3933],[20.3859,38.395],[20.3866,38.396],[20.3872,38.397],[20.388,38.3982],[20.389,38.3999],[20.3895,38.401],[20.39,38.4022],[20.3908,38.404],[20.3914,38.405],[20.3921,38.406],[20.393,38.4073],[20.394,38.4089],[20.3947,38.41],[20.3953,38.411],[20.396,38.4124],[20.3968,38.414],[20.3974,38.415],[20.398,38.4162],[20.399,38.4178],[20.3999,38.419],[20.4007,38.42],[20.4015,38.421],[20.4023,38.422],[20.4031,38.423],[20.404,38.4243],[20.405,38.4257],[20.406,38.427],[20.4067,38.428],[20.4075,38.429],[20.4082,38.43],[20.409,38.4311],[20.41,38.4325],[20.411,38.4337],[20.412,38.4347],[20.413,38.4358],[20.4139,38.437],[20.4146,38.438],[20.4153,38.439],[20.416,38.4403],[20.4168,38.442],[20.4172,38.443],[20.418,38.4448],[20.4186,38.446],[20.4191,38.447],[20.4199,38.449],[20.4201,38.45],[20.4201,38.452],[20.4202,38.454],[20.4209,38.456],[20.4214,38.457],[20.422,38.4584],[20.4224,38.46],[20.4228,38.462],[20.423,38.463],[20.4238,38.465],[20.4243,38.466],[20.425,38.4671],[20.426,38.4686],[20.427,38.47],[20.4278,38.471],[20.4288,38.472],[20.4298,38.473],[20.4305,38.474],[20.431,38.475],[20.4318,38.477],[20.4321,38.478],[20.4327,38.48],[20.433,38.481],[20.4335,38.483],[20.4337,38.485],[20.4338,38.487],[20.4338,38.489],[20.4337,38.491],[20.434,38.493],[20.4342,38.494],[20.4346,38.496],[20.4348,38.498],[20.435,38.4991],[20.436,38.5008],[20.437,38.5017],[20.438,38.5025],[20.439,38.5033],[20.44,38.5042],[20.4411,38.505],[20.4422,38.506],[20.443,38.507],[20.443,38.5083],[20.442,38.5094],[20.441,38.5104],[20.44,38.512],[20.4396,38.513],[20.439,38.514],[20.438,38.5151],[20.4369,38.516],[20.4356,38.517],[20.4348,38.518],[20.4348,38.52],[20.4348,38.522],[20.4347,38.524],[20.4346,38.526],[20.4346,38.528],[20.4347,38.53],[20.435,38.5318],[20.4352,38.533],[20.4355,38.535],[20.4356,38.537],[20.4358,38.539],[20.4358,38.541],[20.4355,38.543],[20.435,38.5446],[20.4345,38.546],[20.434,38.5474],[20.4335,38.549],[20.433,38.5504],[20.4325,38.552],[20.432,38.5533],[20.4313,38.555],[20.4309,38.556],[20.43,38.558],[20.4295,38.559],[20.4289,38.56],[20.428,38.5615],[20.4272,38.563],[20.4266,38.564],[20.426,38.565],[20.425,38.5664],[20.424,38.5678],[20.4231,38.569],[20.4223,38.57],[20.4214,38.571],[20.4205,38.572],[20.4196,38.573],[20.4187,38.574],[20.4178,38.575],[20.4169,38.576],[20.416,38.577],[20.415,38.5782],[20.414,38.5794],[20.413,38.5808],[20.4121,38.582],[20.4113,38.583],[20.4102,38.584],[20.4095,38.585],[20.4092,38.587],[20.4108,38.587],[20.412,38.5862],[20.413,38.5856],[20.415,38.5853],[20.417,38.5852],[20.419,38.5856],[20.42,38.5862],[20.421,38.5877],[20.4214,38.589],[20.422,38.591],[20.4222,38.592],[20.4223,38.594],[20.4221,38.596],[20.4219,38.597],[20.4212,38.599],[20.4207,38.6],[20.42,38.6013],[20.419,38.6026],[20.418,38.6038],[20.4178,38.605],[20.419,38.606],[20.42,38.6063],[20.422,38.6066],[20.4234,38.607],[20.425,38.6078],[20.426,38.6088],[20.4266,38.61],[20.427,38.612],[20.4271,38.613],[20.427,38.6141],[20.4264,38.616],[20.4256,38.617],[20.4245,38.618],[20.423,38.6187],[20.421,38.6183],[20.4199,38.618],[20.418,38.6178],[20.4161,38.618],[20.415,38.6185],[20.4148,38.62],[20.4152,38.621],[20.415,38.622],[20.413,38.623],[20.412,38.6231],[20.41,38.6234],[20.408,38.6235],[20.406,38.6238],[20.4048,38.624],[20.403,38.6243],[20.401,38.6247],[20.3999,38.625],[20.398,38.6257],[20.397,38.6261],[20.396,38.628],[20.397,38.6292],[20.3985,38.63],[20.4,38.6304],[20.402,38.6307],[20.4032,38.631],[20.405,38.6314],[20.4069,38.632],[20.408,38.6323],[20.41,38.6327],[20.4115,38.633],[20.413,38.6334],[20.415,38.6339],[20.416,38.6344],[20.416,38.6357],[20.415,38.6366],[20.414,38.6374],[20.413,38.6383],[20.412,38.639],[20.41,38.6397],[20.408,38.64],[20.407,38.6403],[20.4052,38.641],[20.404,38.6417],[20.403,38.6426],[20.402,38.644],[20.4017,38.645],[20.4014,38.647],[20.4019,38.649],[20.4028,38.65],[20.404,38.6508],[20.405,38.6515],[20.406,38.6521],[20.4072,38.653],[20.4085,38.654],[20.4092,38.655],[20.409,38.6562],[20.408,38.6573],[20.407,38.6584],[20.4061,38.66],[20.4066,38.662],[20.4074,38.663],[20.4085,38.664],[20.4097,38.665],[20.4108,38.666],[20.412,38.667],[20.413,38.6677],[20.414,38.6686],[20.4144,38.67],[20.413,38.6708],[20.412,38.671],[20.41,38.6712],[20.408,38.6714],[20.406,38.6715],[20.404,38.6717],[20.4029,38.672],[20.401,38.6729],[20.4,38.6737],[20.399,38.675],[20.3988,38.676],[20.3991,38.677],[20.4001,38.678],[20.4015,38.679],[20.403,38.6799],[20.404,38.6804],[20.406,38.6808],[20.408,38.6807],[20.41,38.6808],[20.411,38.6811],[20.4122,38.682],[20.413,38.6832],[20.4137,38.685],[20.4142,38.686],[20.415,38.6877],[20.4155,38.689],[20.415,38.6901],[20.413,38.6909],[20.412,38.691],[20.41,38.6913],[20.4081,38.692],[20.407,38.6929],[20.4066,38.694],[20.4062,38.696],[20.4051,38.697],[20.404,38.6974],[20.402,38.6977],[20.4001,38.698],[20.399,38.6984],[20.398,38.699],[20.397,38.7004],[20.3963,38.702],[20.3966,38.704],[20.3973,38.705],[20.3982,38.706],[20.3991,38.707],[20.3999,38.709],[20.399,38.7102],[20.3972,38.711],[20.396,38.7116],[20.395,38.7124],[20.3942,38.714],[20.3937,38.715],[20.3929,38.716],[20.3916,38.717],[20.39,38.7174],[20.388,38.7176],[20.386,38.7178],[20.385,38.718],[20.383,38.7183],[20.381,38.7185],[20.379,38.7185],[20.377,38.7185],[20.375,38.7183],[20.373,38.7189],[20.372,38.7199],[20.3713,38.721],[20.3708,38.722],[20.3701,38.724],[20.3702,38.726],[20.371,38.728],[20.3714,38.729],[20.3716,38.731],[20.3711,38.733],[20.3705,38.734],[20.3698,38.735],[20.369,38.736],[20.368,38.7378],[20.368,38.739],[20.3684,38.74],[20.3692,38.741],[20.3701,38.742],[20.3712,38.743],[20.3722,38.744],[20.373,38.746],[20.3731,38.747],[20.3737,38.749]]}},{"type":"Feature","properties":{"depth_m":2000,"closed":false},"geometry":{"type":"LineString","coordinates":[[19.9737,38.75],[19.9736,38.748],[19.9732,38.746],[19.9733,38.744],[19.974,38.7428],[19.975,38.7418],[19.977,38.7412],[19.979,38.7412],[19.981,38.7419],[19.982,38.7424],[19.983,38.7433],[19.9835,38.745],[19.984,38.7461],[19.985,38.7471],[19.987,38.7478],[19.989,38.7479],[19.9908,38.747],[19.9919,38.746],[19.9929,38.745],[19.9933,38.744],[19.9931,38.742],[19.9929,38.741],[19.993,38.7398],[19.9932,38.738],[19.9934,38.736],[19.994,38.7349],[19.995,38.7338],[19.996,38.733],[19.9973,38.732],[19.998,38.7309],[19.998,38.7291],[19.9977,38.728],[19.9973,38.726],[19.997,38.724],[19.9968,38.723],[19.996,38.721],[19.9955,38.72],[19.995,38.719],[19.994,38.7175],[19.993,38.7161],[19.9924,38.715],[19.992,38.7136],[19.9919,38.712],[19.9921,38.711],[19.9925,38.709],[19.9929,38.707],[19.9932,38.706],[19.9941,38.705],[19.9959,38.704],[19.997,38.7036],[19.9987,38.703],[20.0,38.7026],[20.0016,38.702],[20.003,38.7011],[20.004,38.7004],[20.005,38.6997],[20.0059,38.698],[20.0058,38.696],[20.0051,38.694],[20.0046,38.693],[20.004,38.6918],[20.003,38.6901],[20.0022,38.689],[20.0016,38.688],[20.001,38.687],[20.0,38.685],[19.9995,38.684],[19.999,38.683],[19.998,38.6819],[19.9967,38.681],[19.9954,38.68],[19.9948,38.679],[19.995,38.6773],[19.9957,38.676],[19.9963,38.675],[19.997,38.673],[19.997,38.6718],[19.9973,38.67],[19.998,38.6684],[19.9986,38.667],[19.9985,38.665],[19.9981,38.663],[19.998,38.662],[19.9974,38.66],[19.997,38.6585],[19.9962,38.657],[19.9954,38.656],[19.9944,38.655],[19.9937,38.654],[19.9935,38.652],[19.9942,38.651],[19.9952,38.65],[19.995,38.6483],[19.994,38.6475],[19.993,38.647],[19.991,38.6463],[19.99,38.646],[19.988,38.6456],[19.986,38.6456],[19.9844,38.646],[19.983,38.6465],[19.982,38.647],[19.9807,38.648],[19.9797,38.649],[19.9784,38.65],[19.977,38.6504],[19.9754,38.65],[19.974,38.6493],[19.973,38.6486],[19.972,38.6479],[19.9708,38.647],[19.9692,38.646],[19.968,38.6454],[19.967,38.6449],[19.9657,38.644],[19.9649,38.643],[19.9642,38.641],[19.9642,38.639],[19.965,38.6379],[19.9665,38.637],[19.968,38.6363],[19.969,38.6358],[19.971,38.6353],[19.973,38.6353],[19.975,38.6353],[19.9761,38.635],[19.978,38.6344],[19.9798,38.634],[19.981,38.6336],[19.9822,38.633],[19.982,38.6313],[19.981,38.6308],[19.979,38.63],[19.978,38.6296],[19.9769,38.629],[19.975,38.6281],[19.974,38.6277],[19.9725,38.627],[19.971,38.6263],[19.97,38.6258],[19.969,38.625],[19.9678,38.624],[19.9664,38.623],[19.965,38.6222],[19.964,38.6218],[19.962,38.6213],[19.96,38.6211],[19.958,38.6212],[19.956,38.6217],[19.9549,38.622],[19.9533,38.623],[19.9525,38.624],[19.952,38.625],[19.9515,38.627],[19.951,38.6283],[19.95,38.6293],[19.948,38.6297],[19.946,38.6298],[19.945,38.63],[19.944,38.631],[19.9438,38.633],[19.9442,38.634],[19.9446,38.636],[19.9447,38.638],[19.9451,38.639],[19.946,38.6408],[19.9461,38.642],[19.9457,38.643],[19.9451,38.645],[19.9454,38.647],[19.9458,38.649],[19.944,38.65],[19.942,38.6493],[19.941,38.6488],[19.9393,38.648],[19.938,38.6473],[19.937,38.6469],[19.935,38.6461],[19.934,38.6456],[19.9329,38.645],[19.931,38.6441],[19.93,38.6438],[19.928,38.6435],[19.9268,38.643],[19.926,38.6411],[19.9258,38.64],[19.925,38.6388],[19.924,38.6379],[19.9227,38.637],[19.9219,38.636],[19.9218,38.634],[19.9221,38.633],[19.923,38.631],[19.9233,38.63],[19.9233,38.628],[19.9232,38.626],[19.9232,38.624],[19.9234,38.622],[19.9232,38.62],[19.9237,38.618],[19.923,38.6165],[19.922,38.616],[19.9204,38.615],[19.9207,38.613],[19.9212,38.612],[19.9212,38.61],[19.9202,38.609],[19.9198,38.608],[19.9202,38.607],[19.9209,38.605],[19.92,38.603],[19.919,38.6021],[19.918,38.6014],[19.917,38.6006],[19.9162,38.599],[19.9157,38.598],[19.914,38.5973],[19.913,38.5969],[19.9119,38.596],[19.911,38.5945],[19.91,38.5933],[19.909,38.5925],[19.908,38.5919],[19.906,38.591],[19.905,38.5907],[19.903,38.5906],[19.9013,38.59],[19.9001,38.589]]}},{"type":"Feature","properties":{"depth_m":2000,"closed":false},"geometry":{"type":"LineString","coordinates":[[20.1176,37.851],[20.1189,37.852],[20.12,37.8525],[20.1217,37.853],[20.123,37.8532],[20.125,37.8532],[20.127,37.8537],[20.1281,37.854],[20.13,37.8542],[20.132,37.8541],[20.134,37.8546],[20.135,37.8551],[20.1362,37.856],[20.137,37.8577],[20.1374,37.859],[20.1382,37.86],[20.139,37.8614],[20.139,37.863],[20.1388,37.864],[20.139,37.8654],[20.14,37.867],[20.1407,37.868],[20.1411,37.869],[20.1413,37.871],[20.1417,37.873],[20.1411,37.875],[20.1404,37.876],[20.1396,37.877],[20.1387,37.878],[20.1379,37.879],[20.137,37.8803],[20.1367,37.882],[20.137,37.8832],[20.1374,37.885],[20.1369,37.886],[20.1364,37.888],[20.137,37.8896],[20.1376,37.891],[20.138,37.892],[20.1383,37.894],[20.138,37.8952],[20.1371,37.897],[20.1365,37.898],[20.1367,37.9],[20.138,37.9009],[20.139,37.9014],[20.1404,37.902],[20.142,37.9026],[20.143,37.903],[20.1443,37.904],[20.145,37.9051],[20.1455,37.907],[20.145,37.9084],[20.144,37.9095],[20.143,37.9103],[20.142,37.912],[20.142,37.913],[20.142,37.9147],[20.142,37.916],[20.1425,37.918],[20.143,37.9195],[20.1435,37.921],[20.144,37.9221],[20.145,37.9234],[20.146,37.925],[20.1463,37.926],[20.1464,37.928],[20.1465,37.93],[20.1469,37.932],[20.1473,37.933],[20.148,37.9344],[20.1489,37.936],[20.1493,37.937],[20.15,37.9383],[20.151,37.9395],[20.152,37.9404],[20.153,37.9412],[20.154,37.9427],[20.1544,37.944],[20.155,37.946],[20.1554,37.947],[20.156,37.9484],[20.1569,37.95],[20.1574,37.951],[20.158,37.9526],[20.158,37.9533],[20.157,37.9547],[20.156,37.9553],[20.1541,37.956],[20.153,37.9563],[20.151,37.9566],[20.149,37.9569],[20.148,37.9571],[20.146,37.9576],[20.1441,37.958],[20.143,37.9584],[20.1413,37.959],[20.14,37.9596],[20.1389,37.96],[20.1371,37.961],[20.1363,37.962],[20.1364,37.964],[20.137,37.9651],[20.138,37.9666],[20.1383,37.968],[20.1384,37.97],[20.139,37.972],[20.1393,37.973],[20.14,37.9746],[20.141,37.976],[20.142,37.9768],[20.143,37.9775],[20.144,37.9783],[20.145,37.9796],[20.1458,37.981],[20.1463,37.982],[20.1468,37.984],[20.147,37.986],[20.1467,37.988],[20.146,37.9896],[20.1452,37.991],[20.1447,37.992],[20.1442,37.994],[20.1439,37.995],[20.143,37.997],[20.1422,37.998],[20.1412,37.999],[20.14,37.9998],[20.139,38.0003],[20.1371,38.001],[20.136,38.0012],[20.134,38.0015],[20.132,38.0014],[20.13,38.0014],[20.128,38.0016],[20.1261,38.002],[20.125,38.0021],[20.123,38.0026],[20.122,38.0031],[20.1206,38.004],[20.119,38.0048],[20.118,38.0051],[20.116,38.0055],[20.114,38.0054],[20.112,38.0051],[20.1106,38.005],[20.109,38.0049],[20.107,38.0047],[20.105,38.0047],[20.103,38.0049],[20.102,38.0052],[20.1,38.0058],[20.099,38.0061],[20.097,38.0068],[20.096,38.0072],[20.094,38.0079],[20.093,38.0084],[20.0919,38.009],[20.0905,38.01],[20.0893,38.011],[20.0881,38.012],[20.087,38.013],[20.0861,38.014],[20.0854,38.015],[20.0848,38.016],[20.084,38.0175],[20.0833,38.019],[20.0828,38.02],[20.082,38.0216],[20.0812,38.023],[20.0806,38.024],[20.08,38.0253],[20.0792,38.027],[20.0782,38.028],[20.077,38.0289],[20.076,38.0299],[20.0752,38.031],[20.0744,38.032],[20.0734,38.033],[20.0725,38.034],[20.0725,38.036],[20.073,38.0372],[20.0737,38.039],[20.0739,38.041],[20.0733,38.043],[20.0726,38.044],[20.0715,38.045],[20.07,38.046],[20.069,38.0467],[20.068,38.0478],[20.0676,38.049],[20.0673,38.051],[20.067,38.0524],[20.0665,38.054],[20.0661,38.056],[20.0667,38.058],[20.0672,38.059],[20.068,38.0606],[20.0688,38.062],[20.0694,38.063],[20.07,38.0641],[20.0704,38.066],[20.07,38.0678],[20.0695,38.069],[20.0692,38.071],[20.0692,38.073],[20.069,38.0741],[20.069,38.076],[20.0691,38.077],[20.069,38.0784],[20.0687,38.08],[20.0687,38.082],[20.0692,38.083],[20.07,38.084],[20.0708,38.086],[20.0703,38.088],[20.0698,38.089],[20.069,38.0906],[20.0683,38.092],[20.068,38.093],[20.0679,38.095],[20.068,38.096],[20.0684,38.098],[20.0684,38.1],[20.068,38.1017],[20.0679,38.103],[20.0681,38.104],[20.0689,38.106],[20.0692,38.107],[20.0694,38.109],[20.0693,38.111],[20.0696,38.113],[20.07,38.1144],[20.071,38.116],[20.072,38.1169],[20.073,38.118],[20.0739,38.119],[20.0745,38.12],[20.075,38.121],[20.0757,38.123],[20.076,38.1244],[20.076,38.1259],[20.076,38.127],[20.0761,38.128],[20.0768,38.13],[20.0773,38.131],[20.078,38.132],[20.079,38.1336],[20.0798,38.135],[20.0805,38.136],[20.0813,38.137],[20.0821,38.138],[20.0832,38.139],[20.0845,38.14],[20.086,38.1408],[20.087,38.1412],[20.089,38.1418],[20.09,38.1421],[20.092,38.1429],[20.093,38.1433],[20.095,38.1439],[20.096,38.1442],[20.098,38.1446],[20.1,38.145],[20.101,38.1452],[20.103,38.1454],[20.105,38.1455],[20.107,38.1458],[20.109,38.1459],[20.111,38.1457],[20.113,38.1454],[20.1144,38.145],[20.1157,38.144],[20.1163,38.143],[20.117,38.1412],[20.1175,38.14],[20.118,38.1386],[20.1185,38.137],[20.1187,38.135],[20.119,38.1337],[20.12,38.1321],[20.121,38.1313],[20.122,38.1307],[20.124,38.1302],[20.126,38.1304],[20.1275,38.131],[20.1286,38.132],[20.1298,38.132],[20.1295,38.13],[20.1298,38.128],[20.13,38.1267],[20.13,38.125],[20.13,38.124],[20.13,38.123],[20.1303,38.121],[20.1309,38.119],[20.1314,38.118],[20.132,38.117],[20.133,38.1154],[20.1337,38.114],[20.134,38.1126],[20.1346,38.111],[20.1353,38.11],[20.1368,38.109],[20.138,38.1085],[20.1392,38.108],[20.1407,38.107],[20.142,38.1061],[20.143,38.1056],[20.144,38.105],[20.146,38.1041],[20.147,38.1038],[20.149,38.1034],[20.151,38.1036],[20.1516,38.105],[20.1518,38.107],[20.152,38.108],[20.153,38.1097],[20.154,38.1106],[20.155,38.1114],[20.157,38.1118],[20.1585,38.111],[20.1595,38.11],[20.1603,38.109],[20.161,38.108],[20.162,38.1063],[20.1626,38.105],[20.1623,38.103],[20.161,38.1026],[20.159,38.1026],[20.157,38.1025],[20.155,38.1024],[20.153,38.1023],[20.152,38.102],[20.151,38.1005],[20.1504,38.099],[20.15,38.0979],[20.1496,38.096],[20.1498,38.094],[20.1501,38.093],[20.151,38.0916],[20.152,38.0904],[20.153,38.0895],[20.154,38.0888],[20.155,38.0879],[20.156,38.087],[20.158,38.0862],[20.159,38.086],[20.161,38.0857],[20.163,38.0858],[20.164,38.0861],[20.166,38.0865],[20.168,38.0867],[20.17,38.0869],[20.171,38.087],[20.1722,38.087],[20.174,38.0867],[20.176,38.0864],[20.178,38.0867],[20.18,38.0867],[20.182,38.0864],[20.1838,38.086],[20.185,38.0856],[20.1862,38.085],[20.188,38.0844],[20.19,38.0847],[20.191,38.0852],[20.1921,38.086],[20.193,38.0873],[20.194,38.0889],[20.195,38.0899],[20.196,38.0908],[20.197,38.0917],[20.198,38.0925],[20.199,38.0936],[20.1999,38.095],[20.2004,38.096],[20.2012,38.097],[20.2022,38.098],[20.2031,38.099],[20.204,38.1],[20.2051,38.101],[20.2061,38.102],[20.207,38.1036],[20.2074,38.105],[20.2076,38.107],[20.208,38.109],[20.2082,38.11],[20.2087,38.112],[20.209,38.1132],[20.2096,38.115],[20.21,38.1161],[20.2106,38.118],[20.211,38.1199],[20.2112,38.121],[20.2117,38.123],[20.212,38.1242],[20.2124,38.126],[20.2129,38.128],[20.2131,38.129],[20.2137,38.131],[20.2141,38.132],[20.215,38.1334],[20.216,38.135],[20.2164,38.136],[20.217,38.1375],[20.2175,38.139],[20.218,38.1405],[20.2185,38.142],[20.219,38.144],[20.2193,38.145],[20.22,38.1467],[20.2207,38.148],[20.2213,38.149],[20.222,38.15],[20.223,38.1511],[20.224,38.1523],[20.225,38.1535],[20.226,38.1549],[20.2267,38.156],[20.2274,38.157],[20.228,38.158],[20.229,38.1594],[20.23,38.161],[20.2305,38.162],[20.231,38.163],[20.232,38.1642],[20.233,38.1655],[20.234,38.1669],[20.2347,38.168],[20.2354,38.169],[20.2363,38.17],[20.2373,38.171],[20.2385,38.172],[20.2394,38.173],[20.2402,38.174],[20.241,38.1754],[20.242,38.177],[20.2426,38.178],[20.2432,38.179],[20.244,38.1803],[20.2447,38.182],[20.245,38.1837],[20.2451,38.185],[20.2451,38.187],[20.2452,38.189],[20.2455,38.191],[20.2458,38.193],[20.2461,38.194],[20.247,38.1958],[20.2477,38.197],[20.2483,38.198],[20.249,38.1995],[20.2496,38.201],[20.25,38.2025],[20.2503,38.204],[20.2506,38.206],[20.2507,38.208],[20.251,38.2093],[20.2515,38.211],[20.252,38.213],[20.2522,38.214],[20.2529,38.216],[20.2531,38.217],[20.2535,38.219],[20.2539,38.221],[20.2543,38.222],[20.255,38.2235],[20.2557,38.225],[20.256,38.226],[20.2565,38.228],[20.2569,38.23],[20.2572,38.231],[20.258,38.2326],[20.2587,38.234],[20.2592,38.235],[20.2599,38.237],[20.2602,38.238],[20.2609,38.24],[20.2614,38.241],[20.262,38.2422],[20.2629,38.244],[20.2634,38.245],[20.264,38.2462],[20.265,38.248],[20.2655,38.249],[20.2661,38.25],[20.267,38.2515],[20.268,38.2528],[20.269,38.254],[20.2699,38.255],[20.2708,38.256],[20.2717,38.257],[20.2726,38.258],[20.2735,38.259],[20.2744,38.26],[20.2752,38.261],[20.276,38.2624],[20.2767,38.264],[20.2771,38.265],[20.278,38.2667],[20.2789,38.268],[20.2797,38.269],[20.2808,38.27],[20.282,38.2709],[20.283,38.2716],[20.284,38.2724],[20.285,38.2731],[20.2861,38.274],[20.2874,38.275],[20.2885,38.276],[20.2894,38.277],[20.2903,38.278],[20.2913,38.279],[20.2926,38.28],[20.2938,38.281],[20.2948,38.282],[20.2958,38.283],[20.2967,38.284],[20.2978,38.285],[20.299,38.2859],[20.3,38.2868],[20.301,38.2876],[20.302,38.2882],[20.3031,38.289],[20.3045,38.29],[20.3057,38.291],[20.3066,38.292],[20.3071,38.293],[20.3078,38.295],[20.3082,38.296],[20.309,38.2973],[20.31,38.2985],[20.311,38.2996],[20.312,38.3007],[20.313,38.302],[20.3134,38.303],[20.3134,38.305],[20.3132,38.307],[20.3139,38.309],[20.3146,38.31],[20.3152,38.311],[20.316,38.3126],[20.3169,38.314],[20.3177,38.315],[20.3184,38.316],[20.319,38.3172],[20.32,38.3189],[20.3207,38.32],[20.3211,38.321],[20.3216,38.323],[20.322,38.3247],[20.3224,38.326],[20.323,38.3279],[20.3234,38.329],[20.324,38.3304],[20.325,38.332],[20.3258,38.333],[20.3265,38.334],[20.3272,38.335],[20.328,38.3361],[20.329,38.3375],[20.33,38.3389],[20.3309,38.34],[20.3318,38.341],[20.3327,38.342],[20.3336,38.343],[20.3348,38.344],[20.336,38.3448],[20.337,38.3454],[20.338,38.3461],[20.3391,38.347],[20.3403,38.348],[20.3415,38.349],[20.3424,38.35],[20.3431,38.351],[20.344,38.3522],[20.345,38.3534],[20.346,38.3546],[20.347,38.3559],[20.3477,38.357],[20.3482,38.358],[20.349,38.3597],[20.3496,38.361],[20.3501,38.362],[20.351,38.3635],[20.352,38.365],[20.3527,38.366],[20.3534,38.367],[20.3541,38.368],[20.355,38.3693],[20.356,38.3707],[20.3569,38.372],[20.3576,38.373],[20.3583,38.374],[20.3592,38.375],[20.3603,38.376],[20.3615,38.377],[20.3624,38.378],[20.3632,38.379],[20.364,38.3802],[20.365,38.3817],[20.3659,38.383],[20.3667,38.384],[20.3675,38.385],[20.3682,38.386],[20.369,38.3873],[20.37,38.3889],[20.3708,38.39],[20.3717,38.391],[20.3726,38.392],[20.3734,38.393],[20.3742,38.394],[20.375,38.3951],[20.3759,38.397],[20.3763,38.398],[20.377,38.3994],[20.378,38.401],[20.3785,38.402],[20.379,38.4034],[20.3798,38.405],[20.3805,38.406],[20.3811,38.407],[20.382,38.409],[20.3824,38.41],[20.383,38.4116],[20.3834,38.413],[20.384,38.4145],[20.3847,38.416],[20.385,38.417],[20.3859,38.419],[20.3866,38.42],[20.3874,38.421],[20.3883,38.422],[20.3891,38.423],[20.39,38.424],[20.3911,38.425],[20.3922,38.426],[20.3933,38.427],[20.3942,38.428],[20.3951,38.429],[20.396,38.43],[20.397,38.4312],[20.398,38.4326],[20.3989,38.434],[20.3994,38.435],[20.4,38.437],[20.4002,38.438],[20.4003,38.44],[20.4004,38.442],[20.4004,38.444],[20.4006,38.446],[20.4007,38.448],[20.4005,38.45],[20.4,38.4513],[20.3991,38.453],[20.3985,38.454],[20.398,38.4552],[20.3974,38.457],[20.397,38.459],[20.3968,38.46],[20.3967,38.462],[20.3968,38.464],[20.397,38.466],[20.3971,38.467],[20.3975,38.469],[20.3979,38.471],[20.3982,38.472],[20.399,38.4737],[20.3998,38.475],[20.4004,38.476],[20.401,38.4773],[20.4017,38.479],[20.4021,38.48],[20.403,38.4816],[20.4039,38.483],[20.4044,38.484],[20.405,38.486],[20.4053,38.487],[20.4056,38.489],[20.4057,38.491],[20.405,38.493],[20.4048,38.494],[20.405,38.4958],[20.4053,38.497],[20.406,38.4989],[20.4064,38.5],[20.4067,38.502],[20.406,38.5036],[20.405,38.5043],[20.4039,38.505],[20.4028,38.506],[20.4023,38.508],[20.4026,38.51],[20.4027,38.512],[20.4021,38.514],[20.4012,38.515],[20.4,38.5157],[20.399,38.5163],[20.3978,38.517],[20.3973,38.519],[20.398,38.5203],[20.399,38.5214],[20.4,38.5221],[20.401,38.523],[20.401,38.5242],[20.3999,38.525],[20.398,38.5253],[20.396,38.5254],[20.394,38.5255],[20.392,38.5256],[20.39,38.5257],[20.388,38.5256],[20.386,38.5256],[20.3846,38.526],[20.385,38.5274],[20.386,38.5284],[20.387,38.5292],[20.388,38.53],[20.389,38.5312],[20.3897,38.533],[20.3901,38.534],[20.391,38.5353],[20.392,38.5361],[20.3934,38.537],[20.3942,38.538],[20.3947,38.54],[20.3952,38.541],[20.3963,38.542],[20.3975,38.543],[20.3985,38.544],[20.3993,38.545],[20.4003,38.546],[20.4016,38.547],[20.403,38.5477],[20.404,38.5482],[20.4058,38.549],[20.407,38.5499],[20.4076,38.551],[20.407,38.552],[20.4054,38.553],[20.404,38.5536],[20.403,38.554],[20.4014,38.555],[20.4,38.5559],[20.399,38.5566],[20.398,38.5572],[20.396,38.558],[20.395,38.5583],[20.393,38.5588],[20.392,38.559],[20.3901,38.56],[20.3892,38.561],[20.3887,38.562],[20.388,38.563],[20.3864,38.564],[20.385,38.5643],[20.383,38.5643],[20.3812,38.564],[20.38,38.5637],[20.378,38.5634],[20.376,38.5636],[20.375,38.564],[20.3736,38.565],[20.3723,38.566],[20.3711,38.567],[20.37,38.5679],[20.369,38.5688],[20.368,38.5698],[20.367,38.5708],[20.366,38.572],[20.3657,38.573],[20.3662,38.574],[20.367,38.5752],[20.3676,38.577],[20.3675,38.579],[20.3674,38.581],[20.3679,38.583],[20.3687,38.584],[20.3697,38.585],[20.3706,38.586],[20.3713,38.587],[20.372,38.5881],[20.373,38.5894],[20.374,38.5905],[20.375,38.5914],[20.376,38.5921],[20.3773,38.593],[20.379,38.5939],[20.38,38.5947],[20.381,38.5959],[20.3816,38.597],[20.3821,38.598],[20.383,38.5996],[20.384,38.6008],[20.385,38.6017],[20.386,38.6027],[20.3861,38.604],[20.385,38.6044],[20.3834,38.605],[20.382,38.6052],[20.38,38.6056],[20.378,38.6058],[20.376,38.606],[20.375,38.6061],[20.373,38.6069],[20.372,38.6077],[20.3713,38.609],[20.3712,38.611],[20.3714,38.613],[20.3719,38.615],[20.3724,38.616],[20.3731,38.617],[20.3734,38.619],[20.372,38.6194],[20.37,38.6193],[20.368,38.6194],[20.366,38.6199],[20.365,38.6203],[20.3637,38.621],[20.3624,38.622],[20.3617,38.623],[20.361,38.625],[20.3606,38.626],[20.36,38.6272],[20.3593,38.629],[20.3594,38.631],[20.36,38.632],[20.362,38.633],[20.363,38.6334],[20.3642,38.634],[20.3652,38.635],[20.3657,38.637],[20.3654,38.639],[20.3659,38.641],[20.367,38.6412],[20.369,38.6413],[20.371,38.6414],[20.373,38.6415],[20.375,38.6418],[20.377,38.6417],[20.379,38.6414],[20.381,38.6412],[20.3823,38.642],[20.382,38.6437],[20.3816,38.645],[20.381,38.6467],[20.3802,38.648],[20.3793,38.649],[20.3783,38.65],[20.3776,38.651],[20.378,38.6528],[20.379,38.6535],[20.38,38.6547],[20.38,38.656],[20.3794,38.657],[20.3789,38.658],[20.379,38.6592],[20.38,38.6602],[20.381,38.661],[20.382,38.662],[20.3821,38.664],[20.381,38.6648],[20.38,38.6655],[20.379,38.6661],[20.377,38.6668],[20.376,38.6671],[20.374,38.6676],[20.3723,38.668],[20.371,38.6685],[20.3699,38.669],[20.3687,38.67],[20.3679,38.671],[20.3672,38.673],[20.3677,38.675],[20.3678,38.677],[20.368,38.678],[20.369,38.6793],[20.37,38.68],[20.3718,38.681],[20.373,38.6818],[20.374,38.6827],[20.3747,38.684],[20.374,38.6853],[20.373,38.6862],[20.372,38.687],[20.371,38.688],[20.37,38.6893],[20.3691,38.691],[20.3687,38.692],[20.368,38.6938],[20.3672,38.695],[20.366,38.6955],[20.364,38.6956],[20.362,38.6957],[20.36,38.696],[20.359,38.6962],[20.357,38.6966],[20.355,38.6969],[20.354,38.697],[20.352,38.6975],[20.3508,38.698],[20.3496,38.699],[20.3488,38.7],[20.3482,38.702],[20.3483,38.704],[20.3482,38.706],[20.3479,38.707],[20.347,38.7087],[20.3464,38.71],[20.3464,38.712],[20.347,38.7131],[20.348,38.714],[20.3494,38.715],[20.3509,38.716],[20.352,38.7169],[20.3529,38.718],[20.3537,38.719],[20.3544,38.72],[20.355,38.7215],[20.355,38.723],[20.3549,38.724],[20.355,38.7256],[20.3554,38.727],[20.356,38.7287],[20.3564,38.73],[20.3566,38.732],[20.3562,38.734],[20.3557,38.735],[20.355,38.7362],[20.354,38.7374],[20.353,38.7382],[20.3512,38.739],[20.35,38.7392],[20.348,38.7391],[20.347,38.7388],[20.3455,38.738],[20.3443,38.737],[20.3434,38.736],[20.3423,38.735],[20.341,38.7343],[20.339,38.7346],[20.337,38.735],[20.336,38.7351],[20.334,38.7352],[20.3327,38.735],[20.331,38.7344],[20.3295,38.734],[20.328,38.7336],[20.326,38.7331],[20.325,38.7329],[20.323,38.7324],[20.322,38.732],[20.3201,38.731],[20.319,38.7303],[20.318,38.7297],[20.317,38.729],[20.3154,38.728],[20.314,38.7275],[20.312,38.7273],[20.31,38.7278],[20.309,38.7282],[20.3077,38.729],[20.3064,38.73],[20.3055,38.731],[20.3045,38.732],[20.303,38.7329],[20.302,38.7333],[20.3003,38.734],[20.299,38.735],[20.2981,38.736],[20.297,38.7369],[20.296,38.7373],[20.294,38.7374],[20.2921,38.738],[20.291,38.7388],[20.29,38.7393],[20.2883,38.74],[20.287,38.7404],[20.2854,38.741],[20.284,38.7418],[20.283,38.7423],[20.281,38.7426],[20.279,38.7427],[20.2773,38.743],[20.276,38.7436],[20.275,38.7441],[20.2737,38.745],[20.2725,38.746],[20.2713,38.747],[20.2701,38.748],[20.269,38.7487],[20.268,38.7491],[20.2667,38.75]]}},{"type":"Feature","properties":{"depth_m":2000,"closed":false},"geometry":{"type":"LineString","coordinates":[[20.13,38.1322],[20.13,38.1334],[20.13,38.1322]]}},{"type":"Feature","properties":{"depth_m":2000,"closed":false},"geometry":{"type":"LineString","coordinates":[[20.19,38.1176],[20.188,38.1174],[20.186,38.1175],[20.1842,38.118],[20.183,38.1188],[20.182,38.1198],[20.1813,38.121],[20.1811,38.123],[20.182,38.1243],[20.184,38.1242],[20.185,38.1237],[20.1864,38.123],[20.188,38.1221],[20.189,38.1213],[20.19,38.1202],[20.1905,38.119],[20.19,38.1176]]}},{"type":"Feature","properties":{"depth_m":2000,"closed":false},"geometry":{"type":"LineString","coordinates":[[20.3902,37.851],[20.39,37.8521],[20.39,37.8539],[20.3902,37.855],[20.3908,37.857],[20.3911,37.858],[20.3912,37.86],[20.391,37.8611],[20.3903,37.863],[20.3894,37.864],[20.388,37.865],[20.387,37.8656],[20.386,37.8662],[20.3847,37.867],[20.3834,37.868],[20.3822,37.869],[20.381,37.87],[20.38,37.8709],[20.379,37.8717],[20.378,37.8725],[20.377,37.8735],[20.376,37.8748],[20.3751,37.876],[20.374,37.877],[20.373,37.8777],[20.372,37.8783],[20.3702,37.879],[20.3699,37.879],[20.3685,37.878],[20.3676,37.877],[20.366,37.876],[20.365,37.876],[20.364,37.876],[20.362,37.8766],[20.361,37.8771],[20.3598,37.878],[20.3588,37.879],[20.3578,37.88],[20.3568,37.881],[20.3558,37.882],[20.3546,37.883],[20.3531,37.884],[20.352,37.8845],[20.3503,37.884],[20.3497,37.883],[20.349,37.8815],[20.348,37.8802],[20.347,37.8797],[20.345,37.8796],[20.3434,37.88],[20.342,37.8805],[20.3409,37.881],[20.339,37.8812],[20.3378,37.881],[20.336,37.8804],[20.335,37.8799],[20.3337,37.879],[20.3323,37.878],[20.331,37.877],[20.33,37.876],[20.3292,37.875],[20.3286,37.874],[20.328,37.8729],[20.327,37.8716],[20.326,37.8708],[20.3246,37.87],[20.323,37.8695],[20.321,37.8695],[20.3195,37.87],[20.318,37.8704],[20.316,37.8708],[20.314,37.871],[20.312,37.8708],[20.31,37.8701],[20.309,37.8696],[20.3079,37.869],[20.306,37.8681],[20.305,37.8679],[20.303,37.8677],[20.301,37.8673],[20.3,37.8665],[20.2994,37.865],[20.2995,37.863],[20.3,37.8612],[20.301,37.8602],[20.302,37.8595],[20.303,37.8588],[20.304,37.8579],[20.305,37.8562],[20.3054,37.855],[20.3057,37.853],[20.3054,37.851]]}},{"type":"Feature","properties":{"depth_m":2500,"closed":false},"geometry":{"type":"LineString","coordinates":[[20.0796,37.851],[20.08,37.8525],[20.081,37.8539],[20.082,37.8546],[20.083,37.8552],[20.0847,37.856],[20.086,37.8566],[20.0873,37.857],[20.089,37.8577],[20.09,37.8583],[20.0909,37.86],[20.0911,37.861],[20.0918,37.863],[20.0928,37.864],[20.094,37.8647],[20.095,37.8651],[20.097,37.8659],[20.098,37.8663],[20.0995,37.867],[20.101,37.868],[20.102,37.869],[20.1026,37.87],[20.1031,37.871],[20.1031,37.873],[20.1024,37.874],[20.101,37.8749],[20.1,37.8753],[20.098,37.876],[20.0976,37.877],[20.098,37.8783],[20.099,37.8791],[20.101,37.8798],[20.102,37.8802],[20.1037,37.881],[20.105,37.8816],[20.106,37.8821],[20.1077,37.883],[20.1088,37.884],[20.1093,37.885],[20.1097,37.887],[20.1091,37.889],[20.1087,37.89],[20.1082,37.892],[20.1088,37.894],[20.1094,37.895],[20.1102,37.896],[20.1111,37.897],[20.1122,37.898],[20.1131,37.899],[20.1136,37.901],[20.1133,37.903],[20.1139,37.905],[20.115,37.9055],[20.1167,37.906],[20.118,37.9065],[20.1192,37.907],[20.1204,37.908],[20.1211,37.909],[20.122,37.9107],[20.1225,37.912],[20.1228,37.914],[20.123,37.9156],[20.1232,37.917],[20.1236,37.919],[20.124,37.9209],[20.1242,37.922],[20.1247,37.924],[20.1249,37.926],[20.125,37.927],[20.1252,37.929],[20.126,37.931],[20.1268,37.932],[20.1279,37.933],[20.1289,37.934],[20.1294,37.935],[20.1299,37.937],[20.13,37.9381],[20.1304,37.94],[20.131,37.942],[20.1313,37.943],[20.132,37.9447],[20.1326,37.946],[20.133,37.9475],[20.133,37.949],[20.1322,37.95],[20.131,37.9506],[20.13,37.9511],[20.128,37.9519],[20.127,37.9524],[20.126,37.9531],[20.125,37.9541],[20.124,37.9551],[20.123,37.9561],[20.122,37.9571],[20.121,37.9584],[20.1202,37.96],[20.1199,37.961],[20.1198,37.963],[20.1194,37.965],[20.119,37.9666],[20.1188,37.968],[20.119,37.9696],[20.1194,37.971],[20.12,37.9723],[20.121,37.9735],[20.122,37.9744],[20.123,37.976],[20.1234,37.977],[20.1238,37.979],[20.124,37.98],[20.1247,37.982],[20.1251,37.983],[20.1258,37.985],[20.1259,37.987],[20.1251,37.989],[20.124,37.9899],[20.123,37.9905],[20.122,37.991],[20.12,37.9918],[20.119,37.9923],[20.1173,37.993],[20.116,37.9934],[20.114,37.9939],[20.113,37.9942],[20.1113,37.995],[20.1103,37.996],[20.1095,37.997],[20.1082,37.998],[20.107,37.9983],[20.105,37.9984],[20.103,37.9986],[20.1012,37.999],[20.1,37.9992],[20.098,37.9996],[20.0964,38.0],[20.095,38.0004],[20.093,38.0009],[20.092,38.0012],[20.09,38.0019],[20.089,38.0022],[20.087,38.0027],[20.086,38.0031],[20.0843,38.004],[20.083,38.0048],[20.082,38.0055],[20.081,38.0062],[20.08,38.0072],[20.079,38.0083],[20.078,38.0094],[20.077,38.0108],[20.0766,38.012],[20.076,38.014],[20.0756,38.015],[20.0749,38.016],[20.074,38.0172],[20.073,38.0182],[20.0718,38.019],[20.0704,38.02],[20.0692,38.021],[20.068,38.0219],[20.067,38.0227],[20.066,38.0234],[20.065,38.0241],[20.0637,38.025],[20.0623,38.026],[20.0611,38.027],[20.06,38.028],[20.0592,38.029],[20.0585,38.03],[20.0579,38.031],[20.057,38.0329],[20.0567,38.034],[20.0564,38.036],[20.0563,38.038],[20.0561,38.04],[20.0561,38.042],[20.056,38.043],[20.0555,38.045],[20.0552,38.047],[20.0549,38.048],[20.054,38.0494],[20.053,38.0509],[20.0526,38.052],[20.0522,38.054],[20.0521,38.056],[20.052,38.0572],[20.052,38.0584],[20.0523,38.06],[20.053,38.0612],[20.054,38.0626],[20.055,38.064],[20.0555,38.065],[20.0558,38.067],[20.0555,38.069],[20.055,38.0705],[20.0543,38.072],[20.054,38.073],[20.0538,38.075],[20.0539,38.077],[20.054,38.078],[20.0543,38.08],[20.0545,38.082],[20.0549,38.084],[20.0551,38.085],[20.0551,38.087],[20.0547,38.088],[20.054,38.0895],[20.0536,38.091],[20.0535,38.093],[20.054,38.095],[20.0543,38.096],[20.0548,38.098],[20.055,38.099],[20.0552,38.101],[20.0555,38.103],[20.056,38.1046],[20.0565,38.106],[20.057,38.1074],[20.0573,38.109],[20.057,38.1109],[20.0567,38.112],[20.0563,38.114],[20.056,38.1151],[20.0552,38.117],[20.0548,38.118],[20.0543,38.12],[20.0544,38.122],[20.055,38.1238],[20.0557,38.125],[20.0565,38.126],[20.0576,38.127],[20.059,38.1279],[20.06,38.1283],[20.0616,38.129],[20.0628,38.13],[20.0637,38.131],[20.0645,38.132],[20.0651,38.133],[20.066,38.1347],[20.0668,38.136],[20.0676,38.137],[20.0686,38.138],[20.0696,38.139],[20.0708,38.14],[20.072,38.141],[20.073,38.1418],[20.074,38.1424],[20.0751,38.143],[20.077,38.144],[20.078,38.1445],[20.079,38.145],[20.081,38.1457],[20.082,38.146],[20.084,38.147],[20.085,38.1474],[20.0868,38.148],[20.088,38.1483],[20.09,38.1488],[20.091,38.149],[20.093,38.1494],[20.0949,38.15],[20.096,38.1505],[20.0976,38.151],[20.099,38.1512],[20.101,38.1512],[20.103,38.1517],[20.1042,38.152],[20.106,38.1525],[20.1072,38.153],[20.1089,38.154],[20.11,38.1546],[20.111,38.155],[20.113,38.1551],[20.115,38.1552],[20.117,38.1556],[20.119,38.1558],[20.121,38.1557],[20.123,38.1553],[20.125,38.1554],[20.127,38.1559],[20.128,38.156],[20.13,38.1565],[20.1318,38.157],[20.133,38.1572],[20.135,38.1572],[20.137,38.1572],[20.139,38.1574],[20.141,38.1577],[20.143,38.1579],[20.145,38.158],[20.146,38.1581],[20.148,38.1582],[20.15,38.1583],[20.152,38.1583],[20.153,38.158],[20.1545,38.157],[20.1555,38.156],[20.1566,38.155],[20.1579,38.154],[20.159,38.1535],[20.161,38.1531],[20.162,38.1529],[20.164,38.1527],[20.166,38.1525],[20.168,38.1524],[20.1698,38.152],[20.171,38.1517],[20.173,38.1512],[20.174,38.151],[20.176,38.1507],[20.178,38.1505],[20.18,38.1503],[20.182,38.1501],[20.1831,38.15],[20.185,38.1497],[20.187,38.1495],[20.189,38.1493],[20.1908,38.149],[20.1918,38.149],[20.193,38.1493],[20.1945,38.15],[20.196,38.1507],[20.197,38.1512],[20.199,38.152],[20.2,38.1523],[20.202,38.1527],[20.2034,38.153],[20.205,38.1538],[20.206,38.1547],[20.207,38.1558],[20.2079,38.157],[20.2086,38.158],[20.2093,38.159],[20.21,38.1602],[20.211,38.1618],[20.212,38.1629],[20.213,38.1636],[20.214,38.1642],[20.215,38.165],[20.2162,38.166],[20.2173,38.167],[20.2184,38.168],[20.2195,38.169],[20.2206,38.17],[20.2218,38.171],[20.223,38.172],[20.2238,38.173],[20.2245,38.174],[20.2252,38.175],[20.226,38.176],[20.227,38.1778],[20.2275,38.179],[20.228,38.18],[20.2288,38.182],[20.2291,38.183],[20.2296,38.185],[20.23,38.1869],[20.2303,38.188],[20.231,38.19],[20.2315,38.191],[20.232,38.1922],[20.2327,38.194],[20.2331,38.195],[20.234,38.1967],[20.2348,38.198],[20.2353,38.199],[20.236,38.2007],[20.2366,38.202],[20.2371,38.203],[20.238,38.2045],[20.2388,38.206],[20.2391,38.207],[20.2395,38.209],[20.2398,38.211],[20.24,38.212],[20.241,38.214],[20.2418,38.215],[20.2427,38.216],[20.2433,38.217],[20.244,38.219],[20.2441,38.22],[20.244,38.2217],[20.2439,38.223],[20.244,38.2241],[20.2446,38.226],[20.245,38.227],[20.2459,38.229],[20.2463,38.23],[20.247,38.232],[20.2473,38.233],[20.248,38.2348],[20.2484,38.236],[20.2488,38.238],[20.2491,38.239],[20.2494,38.241],[20.2497,38.243],[20.2501,38.244],[20.251,38.2458],[20.2517,38.247],[20.2523,38.248],[20.2531,38.249],[20.254,38.2503],[20.2549,38.252],[20.2555,38.253],[20.2564,38.254],[20.2572,38.255],[20.258,38.2561],[20.259,38.2575],[20.26,38.2587],[20.261,38.2597],[20.262,38.2607],[20.2629,38.262],[20.2634,38.263],[20.264,38.2644],[20.2647,38.266],[20.2652,38.267],[20.2656,38.269],[20.2656,38.271],[20.2654,38.273],[20.2657,38.275],[20.266,38.276],[20.267,38.2779],[20.2677,38.279],[20.2685,38.28],[20.2698,38.281],[20.271,38.2817],[20.272,38.2823],[20.2732,38.283],[20.275,38.284],[20.276,38.2845],[20.277,38.2852],[20.2782,38.286],[20.28,38.2869],[20.281,38.2875],[20.282,38.2885],[20.283,38.2896],[20.284,38.2905],[20.285,38.2912],[20.2863,38.292],[20.288,38.2929],[20.289,38.2935],[20.29,38.2941],[20.2915,38.295],[20.2926,38.296],[20.2932,38.297],[20.294,38.2989],[20.2944,38.3],[20.295,38.301],[20.296,38.3023],[20.297,38.3038],[20.2974,38.305],[20.2979,38.307],[20.2982,38.308],[20.299,38.3098],[20.2994,38.311],[20.2996,38.313],[20.2997,38.315],[20.3,38.3168],[20.3004,38.318],[20.301,38.3193],[20.302,38.3206],[20.303,38.3216],[20.304,38.3226],[20.305,38.3238],[20.3059,38.325],[20.3066,38.326],[20.3074,38.327],[20.3082,38.328],[20.309,38.3291],[20.31,38.3304],[20.311,38.3315],[20.312,38.3324],[20.313,38.3335],[20.314,38.3347],[20.3149,38.336],[20.3154,38.337],[20.316,38.3383],[20.3169,38.34],[20.3176,38.341],[20.3184,38.342],[20.3193,38.343],[20.3204,38.344],[20.3214,38.345],[20.3224,38.346],[20.3232,38.347],[20.324,38.3483],[20.325,38.3499],[20.3258,38.351],[20.3265,38.352],[20.3273,38.353],[20.3283,38.354],[20.3294,38.355],[20.3305,38.356],[20.3314,38.357],[20.3321,38.358],[20.333,38.3592],[20.334,38.3605],[20.335,38.362],[20.3356,38.363],[20.3363,38.364],[20.3374,38.365],[20.3389,38.366],[20.34,38.3669],[20.341,38.3678],[20.342,38.369],[20.3428,38.37],[20.3436,38.371],[20.3443,38.372],[20.345,38.373],[20.346,38.3744],[20.347,38.3757],[20.348,38.3769],[20.3487,38.378],[20.3492,38.379],[20.35,38.3807],[20.3506,38.382],[20.351,38.383],[20.352,38.3849],[20.3526,38.386],[20.3531,38.387],[20.354,38.3888],[20.3546,38.39],[20.3552,38.391],[20.356,38.3922],[20.357,38.3938],[20.3579,38.395],[20.3588,38.396],[20.3598,38.397],[20.361,38.398],[20.362,38.399],[20.363,38.4],[20.3638,38.401],[20.3646,38.402],[20.3654,38.403],[20.3661,38.404],[20.367,38.4055],[20.3677,38.407],[20.368,38.408],[20.3686,38.41],[20.3691,38.411],[20.37,38.4122],[20.371,38.4134],[20.372,38.4144],[20.373,38.4154],[20.374,38.4166],[20.3748,38.418],[20.3751,38.419],[20.3752,38.421],[20.375,38.4227],[20.3749,38.424],[20.375,38.4255],[20.3756,38.427],[20.3763,38.428],[20.3775,38.429],[20.379,38.4299],[20.38,38.4306],[20.381,38.4316],[20.382,38.4329],[20.3828,38.434],[20.3835,38.435],[20.384,38.4361],[20.3842,38.438],[20.3838,38.439],[20.383,38.4404],[20.382,38.4418],[20.3813,38.443],[20.3808,38.444],[20.3803,38.446],[20.3802,38.448],[20.38,38.449],[20.3791,38.451],[20.3784,38.452],[20.3778,38.453],[20.377,38.4545],[20.3763,38.456],[20.3758,38.457],[20.375,38.4582],[20.374,38.4594],[20.373,38.4608],[20.3724,38.462],[20.372,38.4635],[20.3714,38.465],[20.371,38.4661],[20.3702,38.468],[20.3697,38.469],[20.369,38.4709],[20.3686,38.472],[20.368,38.4734],[20.367,38.4749],[20.3662,38.476],[20.3654,38.477],[20.3645,38.478],[20.3639,38.479],[20.364,38.4806],[20.3648,38.482],[20.3657,38.483],[20.3668,38.484],[20.3679,38.485],[20.3687,38.486],[20.3692,38.487],[20.3689,38.488],[20.3678,38.489],[20.3663,38.49],[20.3652,38.491],[20.3643,38.492],[20.3636,38.493],[20.363,38.4941],[20.362,38.4955],[20.3611,38.497],[20.3606,38.498],[20.3601,38.5],[20.36,38.501],[20.3599,38.503],[20.3596,38.505],[20.359,38.506],[20.3574,38.507],[20.356,38.5075],[20.354,38.508],[20.353,38.5082],[20.3511,38.509],[20.35,38.5097],[20.349,38.5105],[20.348,38.5119],[20.3476,38.513],[20.347,38.5142],[20.346,38.5155],[20.345,38.5168],[20.3447,38.518],[20.3442,38.52],[20.3439,38.521],[20.3434,38.523],[20.3434,38.525],[20.3435,38.527],[20.3434,38.529],[20.3433,38.531],[20.3438,38.533],[20.3442,38.534],[20.345,38.5359],[20.3454,38.537],[20.346,38.5386],[20.3468,38.54],[20.3479,38.541],[20.349,38.5417],[20.35,38.5423],[20.3514,38.543],[20.353,38.5436],[20.354,38.5441],[20.3553,38.545],[20.3568,38.546],[20.358,38.5469],[20.359,38.548],[20.3593,38.549],[20.3589,38.55],[20.358,38.551],[20.3565,38.552],[20.355,38.5528],[20.354,38.5534],[20.3528,38.554],[20.351,38.5548],[20.35,38.5551],[20.348,38.5557],[20.3466,38.556],[20.345,38.5565],[20.3437,38.557],[20.3423,38.558],[20.3414,38.559],[20.3409,38.56],[20.3404,38.562],[20.34,38.563],[20.3381,38.564],[20.337,38.5642],[20.335,38.5644],[20.3331,38.565],[20.332,38.5659],[20.331,38.5668],[20.33,38.5677],[20.329,38.569],[20.3285,38.57],[20.3281,38.572],[20.3278,38.573],[20.327,38.575],[20.3264,38.576],[20.3258,38.577],[20.3254,38.579],[20.3257,38.581],[20.326,38.5822],[20.327,38.5838],[20.328,38.5848],[20.329,38.5856],[20.33,38.5863],[20.3314,38.587],[20.333,38.5875],[20.335,38.5876],[20.337,38.5876],[20.3383,38.588],[20.3385,38.59],[20.3383,38.592],[20.3388,38.594],[20.3394,38.595],[20.3403,38.596],[20.3416,38.597],[20.343,38.5978],[20.344,38.5983],[20.3452,38.599],[20.345,38.6009],[20.344,38.6017],[20.343,38.6021],[20.341,38.6026],[20.3397,38.603],[20.338,38.6034],[20.336,38.6039],[20.335,38.6042],[20.333,38.6047],[20.332,38.6051],[20.33,38.606],[20.329,38.6065],[20.3279,38.607],[20.326,38.6078],[20.325,38.6081],[20.323,38.6086],[20.322,38.609],[20.3202,38.61],[20.319,38.6109],[20.318,38.6117],[20.317,38.6127],[20.316,38.6137],[20.315,38.6146],[20.314,38.6152],[20.312,38.6159],[20.311,38.6162],[20.309,38.6166],[20.307,38.6161],[20.306,38.6158],[20.304,38.6153],[20.302,38.6152],[20.3,38.6157],[20.299,38.6167],[20.2985,38.618],[20.2987,38.62],[20.2983,38.622],[20.2979,38.623],[20.2977,38.625],[20.2978,38.627],[20.298,38.628],[20.2985,38.63],[20.298,38.6315],[20.297,38.633],[20.2964,38.634],[20.2957,38.635],[20.295,38.636],[20.294,38.638],[20.2939,38.639],[20.2934,38.641],[20.2926,38.642],[20.2917,38.643],[20.2909,38.644],[20.2909,38.646],[20.2913,38.647],[20.2923,38.648],[20.2931,38.649],[20.2933,38.651],[20.2934,38.653],[20.293,38.655],[20.2926,38.656],[20.2915,38.657],[20.29,38.6575],[20.2889,38.658],[20.2872,38.659],[20.286,38.6598],[20.2859,38.661],[20.287,38.6618],[20.289,38.6612],[20.291,38.661],[20.293,38.6617],[20.293,38.6624],[20.292,38.6636],[20.29,38.6637],[20.288,38.6636],[20.2867,38.664],[20.285,38.6644],[20.2836,38.665],[20.282,38.6657],[20.28,38.6656],[20.279,38.665],[20.2786,38.663],[20.2778,38.662],[20.276,38.6617],[20.274,38.6612],[20.2721,38.661],[20.2719,38.661],[20.2705,38.662],[20.2699,38.663],[20.269,38.6645],[20.268,38.6656],[20.267,38.6669],[20.2663,38.668],[20.2653,38.669],[20.264,38.6698],[20.263,38.6702],[20.261,38.6706],[20.2596,38.671],[20.258,38.6714],[20.256,38.6719],[20.254,38.6717],[20.252,38.671],[20.251,38.6707],[20.2493,38.67],[20.248,38.6696],[20.246,38.6692],[20.245,38.6689],[20.243,38.6683],[20.241,38.6684],[20.239,38.6689],[20.238,38.6691],[20.236,38.6692],[20.234,38.6693],[20.232,38.6697],[20.2307,38.67],[20.229,38.6705],[20.227,38.671],[20.226,38.6713],[20.2244,38.672],[20.223,38.6728],[20.222,38.6736],[20.221,38.6746],[20.22,38.6756],[20.219,38.6767],[20.2182,38.678],[20.2173,38.679],[20.216,38.6799],[20.215,38.6803],[20.213,38.6801],[20.212,38.6798],[20.21,38.6798],[20.209,38.6803],[20.208,38.6813],[20.207,38.6827],[20.206,38.6838],[20.205,38.6848],[20.2042,38.686],[20.2035,38.687],[20.2024,38.688],[20.2014,38.689],[20.2008,38.69],[20.2,38.6913],[20.199,38.6928],[20.1986,38.694],[20.1987,38.696],[20.1982,38.698],[20.1973,38.699],[20.1962,38.7],[20.195,38.7009],[20.194,38.7016],[20.193,38.7023],[20.192,38.703],[20.1902,38.704],[20.189,38.7045],[20.1878,38.705],[20.186,38.7058],[20.185,38.7064],[20.184,38.7071],[20.183,38.708],[20.182,38.7091],[20.181,38.7103],[20.18,38.7114],[20.179,38.7129],[20.179,38.7138],[20.1791,38.715],[20.1786,38.716],[20.1778,38.717],[20.1764,38.718],[20.175,38.719],[20.174,38.7195],[20.1727,38.72],[20.171,38.7205],[20.169,38.721],[20.168,38.7213],[20.166,38.722],[20.165,38.7223],[20.163,38.723],[20.162,38.7233],[20.1602,38.724],[20.159,38.7246],[20.158,38.725],[20.156,38.7257],[20.154,38.7257],[20.152,38.7255],[20.15,38.7258],[20.149,38.726],[20.147,38.7264],[20.145,38.7267],[20.1437,38.727],[20.1427,38.727],[20.141,38.7263],[20.14,38.7257],[20.1386,38.725],[20.137,38.7246],[20.135,38.7245],[20.1331,38.724],[20.132,38.7238],[20.1304,38.723],[20.1307,38.721],[20.1308,38.719],[20.13,38.7179],[20.128,38.7176],[20.1264,38.718],[20.1254,38.718],[20.124,38.7172],[20.123,38.7163],[20.122,38.7156],[20.12,38.7154],[20.118,38.7157],[20.116,38.7159],[20.114,38.7159],[20.112,38.7159],[20.11,38.7159],[20.109,38.716],[20.107,38.7164],[20.105,38.7162],[20.104,38.7159],[20.102,38.7158],[20.101,38.7162],[20.099,38.7166],[20.0972,38.716],[20.0967,38.715],[20.097,38.7138],[20.098,38.7123],[20.0988,38.711],[20.0995,38.71],[20.1,38.709],[20.101,38.7076],[20.102,38.7062],[20.1029,38.705],[20.1036,38.704],[20.1041,38.703],[20.1048,38.701],[20.105,38.7],[20.1052,38.698],[20.1055,38.696],[20.106,38.6941],[20.1063,38.693],[20.107,38.691],[20.1078,38.69],[20.109,38.6891],[20.11,38.6884],[20.111,38.6876],[20.112,38.6866],[20.113,38.6859],[20.1142,38.685],[20.115,38.6839],[20.1155,38.682],[20.116,38.6801],[20.1163,38.679],[20.117,38.6772],[20.118,38.6761],[20.119,38.6755],[20.1201,38.675],[20.122,38.6743],[20.123,38.6739],[20.1246,38.673],[20.1258,38.672],[20.1265,38.671],[20.127,38.6696],[20.127,38.668],[20.1269,38.667],[20.1265,38.665],[20.1265,38.663],[20.127,38.6615],[20.128,38.6603],[20.129,38.6597],[20.131,38.659],[20.132,38.659],[20.133,38.6591],[20.135,38.6598],[20.136,38.6601],[20.1373,38.66],[20.139,38.6593],[20.14,38.6582],[20.1404,38.657],[20.1404,38.655],[20.14,38.653],[20.1398,38.652],[20.1395,38.65],[20.1393,38.648],[20.139,38.6468],[20.138,38.6453],[20.137,38.644],[20.1367,38.643],[20.136,38.641],[20.1356,38.64],[20.135,38.6389],[20.1349,38.637],[20.135,38.636],[20.135,38.635],[20.134,38.6336],[20.133,38.6321],[20.1325,38.631],[20.1315,38.63],[20.13,38.6291],[20.129,38.6286],[20.128,38.628],[20.127,38.6269],[20.126,38.6251],[20.125,38.6243],[20.124,38.6238],[20.1223,38.623],[20.121,38.6225],[20.1196,38.622],[20.118,38.6218],[20.116,38.6218],[20.1142,38.622],[20.113,38.6221],[20.111,38.622],[20.109,38.6221],[20.1074,38.622],[20.1065,38.621],[20.106,38.6194],[20.105,38.6186],[20.104,38.618],[20.1025,38.617],[20.102,38.616],[20.1024,38.615],[20.1037,38.614],[20.105,38.6134],[20.1064,38.613],[20.1077,38.612],[20.109,38.611],[20.11,38.6107],[20.112,38.6103],[20.1135,38.61],[20.115,38.6097],[20.117,38.6096],[20.119,38.6097],[20.121,38.6099],[20.122,38.6102],[20.124,38.6105],[20.126,38.6105],[20.128,38.6106],[20.1298,38.611],[20.131,38.6113],[20.133,38.612],[20.134,38.6122],[20.136,38.6123],[20.1371,38.612],[20.139,38.6112],[20.14,38.6107],[20.141,38.61],[20.1416,38.608],[20.141,38.6068],[20.14,38.6056],[20.139,38.6045],[20.138,38.6034],[20.137,38.6025],[20.136,38.6014],[20.1351,38.6],[20.1342,38.599],[20.1333,38.598],[20.1327,38.597],[20.132,38.5959],[20.131,38.5949],[20.1295,38.594],[20.128,38.5933],[20.127,38.5927],[20.1256,38.592],[20.124,38.5911],[20.123,38.5905],[20.122,38.5895],[20.1218,38.588],[20.1227,38.587],[20.1239,38.586],[20.125,38.5852],[20.126,38.5846],[20.1274,38.584],[20.129,38.5832],[20.13,38.5823],[20.1303,38.581],[20.1294,38.58],[20.128,38.5792],[20.127,38.5787],[20.1259,38.578],[20.1242,38.577],[20.123,38.5764],[20.122,38.5758],[20.121,38.575],[20.1197,38.574],[20.118,38.5732],[20.117,38.5727],[20.116,38.5711],[20.116,38.5703],[20.1162,38.569],[20.1161,38.567],[20.1156,38.566],[20.1146,38.565],[20.1132,38.564],[20.112,38.5631],[20.1111,38.562],[20.1105,38.561],[20.11,38.56],[20.109,38.5587],[20.1079,38.558],[20.106,38.5575],[20.1047,38.557],[20.1031,38.556],[20.102,38.5551],[20.101,38.5545],[20.1,38.5539],[20.0984,38.553],[20.0974,38.552],[20.0969,38.551],[20.096,38.549],[20.0952,38.548],[20.094,38.5471],[20.093,38.5467],[20.091,38.5462],[20.089,38.5461],[20.087,38.5465],[20.0853,38.547],[20.084,38.5475],[20.082,38.5475],[20.0802,38.547],[20.079,38.5466],[20.078,38.546],[20.0769,38.545],[20.076,38.5437],[20.0756,38.542],[20.076,38.5403],[20.0769,38.539],[20.0776,38.538],[20.078,38.536],[20.077,38.5348],[20.076,38.534],[20.0747,38.533],[20.0733,38.532],[20.0721,38.531],[20.0711,38.53],[20.0703,38.529],[20.0695,38.528],[20.0684,38.527],[20.0672,38.526],[20.0663,38.525],[20.0657,38.524],[20.065,38.5225],[20.0641,38.521],[20.063,38.5201],[20.062,38.5196],[20.0608,38.519],[20.0597,38.518],[20.058,38.5173],[20.056,38.5172],[20.0549,38.517],[20.0535,38.516],[20.0532,38.514],[20.0532,38.512],[20.0531,38.51],[20.0537,38.508],[20.0543,38.507],[20.0547,38.505],[20.055,38.5036],[20.056,38.5027],[20.0571,38.502],[20.0571,38.5],[20.056,38.4992],[20.055,38.4981],[20.0545,38.497],[20.054,38.4959],[20.053,38.4947],[20.052,38.493],[20.0518,38.492],[20.0513,38.49],[20.051,38.4882],[20.051,38.4878],[20.0512,38.486],[20.051,38.4842],[20.05,38.4836],[20.048,38.4835],[20.046,38.4836],[20.044,38.4837],[20.042,38.4838],[20.04,38.4834],[20.038,38.4834],[20.0361,38.484],[20.035,38.4841],[20.034,38.4835],[20.0334,38.482],[20.0331,38.48],[20.0331,38.478],[20.0332,38.476],[20.0341,38.475],[20.0358,38.474],[20.037,38.4732],[20.038,38.4724],[20.0385,38.471],[20.0375,38.47],[20.036,38.4696],[20.0349,38.469],[20.0336,38.468],[20.032,38.4675],[20.03,38.467],[20.029,38.4661],[20.0286,38.465],[20.0281,38.463],[20.0278,38.462],[20.027,38.46],[20.026,38.4591],[20.025,38.4585],[20.0245,38.457],[20.0247,38.455],[20.024,38.4539],[20.023,38.453],[20.0219,38.452],[20.0206,38.451],[20.019,38.4503],[20.018,38.4497],[20.017,38.448],[20.0166,38.447],[20.016,38.4458],[20.015,38.4444],[20.014,38.4436],[20.012,38.4431],[20.011,38.443],[20.009,38.4426],[20.007,38.4421],[20.006,38.4417],[20.005,38.441],[20.004,38.4392],[20.0038,38.438],[20.0034,38.436],[20.0028,38.435],[20.001,38.4342],[20.0,38.434],[19.998,38.4333],[19.997,38.4325],[19.9965,38.431],[19.9965,38.429],[19.9962,38.427],[19.996,38.426],[19.9957,38.424],[19.995,38.4225],[19.9944,38.421],[19.995,38.419],[19.9954,38.418],[19.996,38.4162],[19.9963,38.415],[19.9968,38.413],[19.996,38.4115],[19.995,38.411],[19.993,38.4107],[19.9917,38.411],[19.9908,38.412],[19.9899,38.413],[19.9888,38.414],[19.987,38.4149],[19.985,38.4144],[19.984,38.4137],[19.983,38.4128],[19.9817,38.412],[19.98,38.4115],[19.9788,38.411],[19.9775,38.41],[19.9764,38.409],[19.9756,38.408],[19.9749,38.407],[19.974,38.4052],[19.9732,38.404],[19.9725,38.403],[19.9714,38.402],[19.97,38.4015],[19.968,38.4016],[19.966,38.4012],[19.965,38.4006],[19.964,38.3998],[19.9626,38.399],[19.961,38.3985],[19.959,38.3983],[19.957,38.3989],[19.956,38.3992],[19.954,38.4],[19.953,38.4004],[19.951,38.4004],[19.9498,38.4],[19.9484,38.399],[19.9478,38.398],[19.9472,38.396],[19.9466,38.395],[19.946,38.394],[19.9457,38.392],[19.945,38.39],[19.9447,38.389],[19.9443,38.387],[19.9439,38.386],[19.9432,38.384],[19.943,38.3828],[19.9425,38.381],[19.942,38.38],[19.9412,38.378],[19.9403,38.377],[19.939,38.3761],[19.938,38.3756],[19.936,38.375],[19.935,38.3748],[19.933,38.3741],[19.932,38.3738],[19.93,38.3734],[19.928,38.3733],[19.926,38.3736],[19.9249,38.374],[19.923,38.3747],[19.921,38.3746],[19.92,38.3738],[19.919,38.3721],[19.9185,38.371],[19.918,38.3698],[19.9175,38.368],[19.917,38.3667],[19.9163,38.365],[19.9157,38.364],[19.914,38.3632],[19.9126,38.363],[19.911,38.3626],[19.9094,38.362],[19.9083,38.361],[19.9076,38.36],[19.9077,38.358],[19.908,38.357],[19.9088,38.355],[19.9091,38.354],[19.9091,38.352],[19.909,38.3509],[19.9088,38.349],[19.9081,38.347],[19.9076,38.346],[19.9066,38.345],[19.905,38.3442],[19.904,38.3438],[19.9022,38.343],[19.901,38.3427]]}},{"type":"Feature","properties":{"depth_m":2500,"closed":false},"geometry":{"type":"LineString","coordinates":[[20.2923,38.669],[20.291,38.6699],[20.2896,38.669],[20.291,38.6682],[20.2923,38.669]]}},{"type":"Feature","properties":{"depth_m":2500,"closed":false},"geometry":{"type":"LineString","coordinates":[[20.0915,38.553],[20.091,38.5548],[20.09,38.5554],[20.088,38.555],[20.0878,38.554],[20.0886,38.553],[20.09,38.5525],[20.0915,38.553]]}},{"type":"Feature","properties":{"depth_m":3000,"closed":false},"geometry":{"type":"LineString","coordinates":[[20.0594,37.851],[20.06,37.852],[20.061,37.8531],[20.0621,37.854],[20.0636,37.855],[20.065,37.8558],[20.066,37.8564],[20.0671,37.857],[20.0688,37.858],[20.0699,37.859],[20.0705,37.86],[20.071,37.862],[20.0708,37.864],[20.071,37.8658],[20.072,37.867],[20.073,37.8677],[20.074,37.8683],[20.0759,37.869],[20.077,37.8693],[20.0787,37.87],[20.08,37.8707],[20.081,37.8716],[20.0815,37.873],[20.081,37.8741],[20.08,37.876],[20.0798,37.877],[20.0794,37.879],[20.0795,37.881],[20.0802,37.882],[20.0812,37.883],[20.0823,37.884],[20.0834,37.885],[20.0844,37.886],[20.0853,37.887],[20.086,37.8883],[20.0867,37.89],[20.0873,37.891],[20.0881,37.892],[20.089,37.8931],[20.09,37.8941],[20.0913,37.895],[20.0923,37.896],[20.0931,37.897],[20.094,37.8985],[20.0945,37.9],[20.095,37.902],[20.0955,37.903],[20.096,37.904],[20.097,37.906],[20.0973,37.907],[20.098,37.9089],[20.0984,37.91],[20.099,37.9118],[20.0995,37.913],[20.1001,37.914],[20.101,37.9154],[20.102,37.9166],[20.103,37.9177],[20.104,37.919],[20.1045,37.92],[20.105,37.9218],[20.1054,37.923],[20.106,37.9245],[20.1068,37.926],[20.1075,37.927],[20.1082,37.928],[20.109,37.9294],[20.1095,37.931],[20.1099,37.933],[20.11,37.934],[20.1102,37.936],[20.1105,37.938],[20.1109,37.94],[20.1113,37.941],[20.112,37.9423],[20.1128,37.944],[20.1131,37.945],[20.1135,37.947],[20.1133,37.949],[20.113,37.95],[20.112,37.9518],[20.111,37.9527],[20.11,37.9532],[20.1082,37.954],[20.107,37.9548],[20.106,37.9559],[20.1055,37.957],[20.1054,37.959],[20.1057,37.961],[20.106,37.9626],[20.1062,37.964],[20.1065,37.966],[20.107,37.968],[20.1065,37.97],[20.106,37.971],[20.105,37.9724],[20.104,37.9733],[20.103,37.9741],[20.102,37.9753],[20.1012,37.977],[20.1011,37.979],[20.101,37.9802],[20.1,37.9816],[20.099,37.982],[20.097,37.9825],[20.095,37.983],[20.094,37.9833],[20.0924,37.984],[20.091,37.9848],[20.09,37.9854],[20.0886,37.986],[20.087,37.9867],[20.086,37.9872],[20.0849,37.988],[20.0836,37.989],[20.0826,37.99],[20.0818,37.991],[20.081,37.9924],[20.0804,37.994],[20.0796,37.995],[20.0783,37.996],[20.0771,37.997],[20.0763,37.998],[20.0757,37.999],[20.075,38.0004],[20.074,38.0019],[20.0732,38.003],[20.0725,38.004],[20.0716,38.005],[20.0708,38.006],[20.0699,38.007],[20.069,38.0081],[20.068,38.0093],[20.067,38.0103],[20.066,38.0114],[20.065,38.0128],[20.064,38.014],[20.0632,38.015],[20.0622,38.016],[20.0611,38.017],[20.06,38.0178],[20.059,38.0185],[20.058,38.0191],[20.0565,38.02],[20.0552,38.021],[20.054,38.022],[20.053,38.0229],[20.052,38.0238],[20.051,38.0247],[20.05,38.0258],[20.0492,38.027],[20.0486,38.028],[20.048,38.0291],[20.047,38.0308],[20.046,38.0318],[20.045,38.0329],[20.0441,38.034],[20.0433,38.035],[20.0426,38.036],[20.0418,38.037],[20.041,38.0383],[20.04,38.04],[20.0395,38.041],[20.039,38.0422],[20.0386,38.044],[20.0386,38.046],[20.039,38.0478],[20.0393,38.049],[20.0399,38.051],[20.0401,38.052],[20.0403,38.054],[20.0401,38.056],[20.0401,38.058],[20.0406,38.06],[20.041,38.0611],[20.0416,38.063],[20.042,38.064],[20.0429,38.066],[20.0431,38.067],[20.043,38.069],[20.043,38.07],[20.0431,38.071],[20.0435,38.073],[20.0436,38.075],[20.0434,38.077],[20.043,38.079],[20.0429,38.08],[20.0425,38.082],[20.0421,38.084],[20.0419,38.085],[20.0415,38.087],[20.0414,38.089],[20.0415,38.091],[20.0418,38.093],[20.042,38.0942],[20.0425,38.096],[20.043,38.097],[20.0435,38.099],[20.0439,38.101],[20.0443,38.102],[20.045,38.1035],[20.0457,38.105],[20.0462,38.106],[20.047,38.108],[20.0473,38.109],[20.0476,38.111],[20.0472,38.113],[20.0468,38.114],[20.046,38.1152],[20.045,38.1168],[20.0445,38.118],[20.044,38.1199],[20.044,38.121],[20.0441,38.122],[20.0446,38.124],[20.045,38.125],[20.046,38.1269],[20.0467,38.128],[20.0474,38.129],[20.048,38.13],[20.049,38.1316],[20.05,38.1329],[20.051,38.134],[20.052,38.135],[20.053,38.1359],[20.054,38.1369],[20.055,38.1378],[20.056,38.1386],[20.057,38.1393],[20.058,38.1401],[20.0591,38.141],[20.0602,38.142],[20.062,38.1429],[20.063,38.1433],[20.0645,38.144],[20.066,38.1447],[20.067,38.1452],[20.0685,38.146],[20.07,38.1469],[20.071,38.1476],[20.072,38.1481],[20.074,38.1489],[20.075,38.1492],[20.077,38.1498],[20.078,38.1502],[20.0799,38.151],[20.081,38.1515],[20.0825,38.152],[20.084,38.1524],[20.086,38.1529],[20.087,38.1532],[20.089,38.1536],[20.0904,38.154],[20.092,38.1545],[20.0932,38.155],[20.095,38.1557],[20.0961,38.156],[20.098,38.1565],[20.1,38.1569],[20.101,38.1572],[20.103,38.1577],[20.104,38.158],[20.106,38.1586],[20.1078,38.159],[20.109,38.1592],[20.111,38.1596],[20.113,38.1599],[20.114,38.1602],[20.116,38.1608],[20.117,38.161],[20.119,38.1615],[20.121,38.1616],[20.123,38.1616],[20.125,38.1618],[20.1266,38.162],[20.128,38.1622],[20.13,38.1628],[20.131,38.1632],[20.133,38.1634],[20.135,38.1633],[20.137,38.1633],[20.139,38.1637],[20.14,38.164],[20.142,38.1647],[20.1431,38.165],[20.145,38.1654],[20.147,38.1659],[20.148,38.1663],[20.15,38.1668],[20.151,38.167],[20.153,38.1674],[20.155,38.1679],[20.156,38.1681],[20.158,38.1683],[20.16,38.1684],[20.162,38.1685],[20.164,38.1687],[20.1659,38.169],[20.167,38.1691],[20.169,38.1691],[20.171,38.1692],[20.173,38.1696],[20.175,38.17],[20.176,38.1701],[20.178,38.1703],[20.18,38.1708],[20.181,38.1711],[20.1826,38.172],[20.184,38.1729],[20.185,38.1733],[20.187,38.1739],[20.189,38.174],[20.19,38.1741],[20.192,38.1746],[20.1932,38.175],[20.195,38.1757],[20.197,38.1759],[20.199,38.1758],[20.201,38.1758],[20.2025,38.176],[20.204,38.1763],[20.206,38.1769],[20.207,38.1772],[20.2082,38.178],[20.209,38.179],[20.21,38.181],[20.2103,38.182],[20.211,38.1833],[20.212,38.1846],[20.213,38.1859],[20.2137,38.187],[20.2142,38.188],[20.215,38.1892],[20.216,38.1906],[20.2169,38.192],[20.2173,38.193],[20.2178,38.195],[20.2181,38.196],[20.2186,38.198],[20.219,38.1996],[20.2194,38.201],[20.2199,38.203],[20.22,38.2043],[20.22,38.206],[20.2202,38.208],[20.2204,38.21],[20.2206,38.212],[20.2209,38.214],[20.2211,38.215],[20.2216,38.217],[20.222,38.2181],[20.223,38.2196],[20.224,38.2205],[20.225,38.2213],[20.226,38.2224],[20.2266,38.224],[20.2265,38.226],[20.2262,38.228],[20.2262,38.23],[20.2262,38.232],[20.2261,38.234],[20.226,38.235],[20.2258,38.237],[20.2258,38.239],[20.226,38.2407],[20.2263,38.242],[20.2268,38.244],[20.2271,38.245],[20.2275,38.247],[20.2278,38.249],[20.228,38.251],[20.2282,38.252],[20.2287,38.254],[20.2291,38.255],[20.23,38.2563],[20.231,38.2579],[20.2317,38.259],[20.2325,38.26],[20.233,38.2614],[20.2334,38.263],[20.234,38.2642],[20.235,38.2658],[20.2356,38.267],[20.2361,38.268],[20.2367,38.27],[20.237,38.2712],[20.2376,38.273],[20.2381,38.274],[20.239,38.2757],[20.2395,38.277],[20.24,38.2785],[20.2406,38.28],[20.2411,38.281],[20.242,38.2826],[20.2428,38.284],[20.2435,38.285],[20.244,38.286],[20.2448,38.288],[20.2453,38.289],[20.246,38.2903],[20.247,38.2917],[20.248,38.293],[20.2487,38.294],[20.2494,38.295],[20.2501,38.296],[20.251,38.2978],[20.2517,38.299],[20.2525,38.3],[20.2533,38.301],[20.2543,38.302],[20.2557,38.303],[20.257,38.3038],[20.258,38.3043],[20.2593,38.305],[20.2607,38.306],[20.2619,38.307],[20.2628,38.308],[20.2635,38.309],[20.2642,38.31],[20.265,38.3113],[20.266,38.3128],[20.267,38.3139],[20.268,38.3148],[20.269,38.3159],[20.2698,38.317],[20.2702,38.318],[20.271,38.3197],[20.2717,38.321],[20.2723,38.322],[20.273,38.3234],[20.2735,38.325],[20.274,38.3265],[20.2745,38.328],[20.275,38.3292],[20.2758,38.331],[20.2763,38.332],[20.2771,38.333],[20.278,38.3341],[20.279,38.3359],[20.2794,38.337],[20.28,38.3383],[20.281,38.3397],[20.282,38.3408],[20.283,38.3416],[20.284,38.3422],[20.2856,38.343],[20.287,38.3439],[20.288,38.3447],[20.289,38.3456],[20.29,38.3466],[20.2908,38.348],[20.2911,38.349],[20.2916,38.351],[20.292,38.3522],[20.2927,38.354],[20.2931,38.355],[20.2939,38.357],[20.2945,38.358],[20.2954,38.359],[20.2966,38.36],[20.2979,38.361],[20.299,38.3618],[20.3,38.3626],[20.301,38.3635],[20.302,38.3648],[20.303,38.366],[20.3039,38.367],[20.3047,38.368],[20.3056,38.369],[20.3065,38.37],[20.3073,38.371],[20.3081,38.372],[20.309,38.3733],[20.31,38.3744],[20.311,38.3755],[20.312,38.3768],[20.3125,38.378],[20.3126,38.38],[20.313,38.3819],[20.3133,38.383],[20.314,38.385],[20.3142,38.386],[20.3143,38.388],[20.3143,38.39],[20.3148,38.392],[20.3151,38.393],[20.3156,38.395],[20.316,38.397],[20.3159,38.399],[20.3161,38.4],[20.3166,38.402],[20.3166,38.404],[20.3168,38.406],[20.317,38.407],[20.3172,38.409],[20.3169,38.41],[20.316,38.4119],[20.3154,38.413],[20.3148,38.414],[20.314,38.4154],[20.313,38.4166],[20.312,38.4174],[20.311,38.4183],[20.31,38.4196],[20.3094,38.421],[20.309,38.4221],[20.3083,38.424],[20.3075,38.425],[20.3062,38.426],[20.305,38.4268],[20.304,38.428],[20.3035,38.429],[20.303,38.4308],[20.3025,38.432],[20.302,38.433],[20.301,38.4345],[20.3001,38.436],[20.2995,38.437],[20.2989,38.438],[20.298,38.44],[20.2977,38.441],[20.297,38.443],[20.2964,38.444],[20.2956,38.445],[20.2949,38.446],[20.294,38.4479],[20.2937,38.449],[20.293,38.451],[20.2922,38.452],[20.2914,38.453],[20.2907,38.454],[20.29,38.455],[20.2882,38.456],[20.287,38.4566],[20.286,38.4571],[20.285,38.4582],[20.2843,38.46],[20.284,38.461],[20.283,38.463],[20.2822,38.464],[20.2812,38.465],[20.28,38.4658],[20.279,38.4664],[20.2778,38.467],[20.276,38.4679],[20.275,38.4685],[20.274,38.4692],[20.2729,38.47],[20.2717,38.471],[20.2706,38.472],[20.2698,38.473],[20.269,38.4741],[20.2681,38.476],[20.2677,38.477],[20.267,38.4786],[20.2661,38.48],[20.2653,38.481],[20.2648,38.482],[20.2641,38.484],[20.2637,38.485],[20.2628,38.486],[20.2618,38.487],[20.2609,38.488],[20.26,38.4895],[20.2592,38.491],[20.2585,38.492],[20.2575,38.493],[20.2569,38.494],[20.2562,38.496],[20.255,38.4963],[20.254,38.4959],[20.2525,38.495],[20.2517,38.495],[20.25,38.4957],[20.249,38.497],[20.25,38.4985],[20.2507,38.5],[20.2511,38.501],[20.252,38.5024],[20.2527,38.504],[20.252,38.5057],[20.251,38.5062],[20.249,38.5067],[20.247,38.5069],[20.245,38.5068],[20.243,38.5069],[20.242,38.507],[20.24,38.5076],[20.239,38.5081],[20.237,38.5089],[20.236,38.5091],[20.2344,38.509],[20.233,38.5085],[20.2319,38.508],[20.23,38.5072],[20.2291,38.506],[20.229,38.5048],[20.228,38.5031],[20.2273,38.502],[20.227,38.501],[20.2269,38.499],[20.2263,38.497],[20.2259,38.496],[20.2256,38.494],[20.2253,38.492],[20.225,38.491],[20.2249,38.489],[20.2252,38.488],[20.2255,38.486],[20.225,38.485],[20.224,38.484],[20.2231,38.482],[20.2227,38.481],[20.222,38.479],[20.2219,38.478],[20.221,38.4767],[20.2195,38.476],[20.218,38.4754],[20.2169,38.475],[20.2166,38.473],[20.2171,38.472],[20.2172,38.47],[20.2161,38.469],[20.215,38.4685],[20.2133,38.468],[20.2127,38.467],[20.2134,38.466],[20.2135,38.464],[20.2121,38.463],[20.211,38.4626],[20.209,38.4629],[20.208,38.4638],[20.207,38.4644],[20.205,38.464],[20.204,38.4635],[20.203,38.4627],[20.202,38.461],[20.201,38.46],[20.2,38.4595],[20.199,38.4588],[20.198,38.4571],[20.198,38.456],[20.1982,38.455],[20.1988,38.453],[20.198,38.452],[20.196,38.451],[20.195,38.4507],[20.193,38.4502],[20.192,38.45],[20.1906,38.449],[20.1898,38.448],[20.189,38.447],[20.1875,38.446],[20.1866,38.445],[20.1862,38.443],[20.188,38.4427],[20.19,38.4424],[20.191,38.4419],[20.193,38.4417],[20.195,38.4416],[20.197,38.4414],[20.1988,38.442],[20.1999,38.443],[20.201,38.4439],[20.202,38.4448],[20.203,38.4459],[20.204,38.4467],[20.205,38.447],[20.206,38.447],[20.208,38.4461],[20.209,38.4459],[20.211,38.4455],[20.212,38.4441],[20.2123,38.443],[20.213,38.4419],[20.2134,38.44],[20.2124,38.439],[20.2112,38.438],[20.2102,38.437],[20.209,38.4364],[20.2078,38.436],[20.206,38.4359],[20.204,38.4359],[20.202,38.4358],[20.201,38.436],[20.1996,38.437],[20.1987,38.438],[20.197,38.4387],[20.1959,38.438],[20.196,38.4362],[20.197,38.4353],[20.198,38.4347],[20.2,38.434],[20.2009,38.433],[20.2,38.432],[20.198,38.4313],[20.197,38.4307],[20.195,38.4302],[20.193,38.4308],[20.192,38.4317],[20.191,38.4326],[20.189,38.4329],[20.187,38.4323],[20.186,38.4316],[20.1853,38.43],[20.185,38.4289],[20.183,38.428],[20.1832,38.426],[20.183,38.4243],[20.1821,38.423],[20.181,38.4224],[20.1797,38.422],[20.178,38.4217],[20.176,38.4213],[20.175,38.4209],[20.1731,38.42],[20.172,38.4194],[20.171,38.4187],[20.1699,38.418],[20.1681,38.417],[20.167,38.4162],[20.1665,38.415],[20.1668,38.413],[20.166,38.411],[20.165,38.41],[20.164,38.4097],[20.162,38.4092],[20.161,38.409],[20.159,38.4085],[20.157,38.4082],[20.156,38.408],[20.1546,38.407],[20.1536,38.406],[20.152,38.4057],[20.15,38.4052],[20.149,38.4042],[20.1488,38.403],[20.1489,38.401],[20.1492,38.4],[20.15,38.398],[20.149,38.3963],[20.147,38.3961],[20.1458,38.396],[20.144,38.3955],[20.143,38.3949],[20.1411,38.394],[20.14,38.3937],[20.138,38.3935],[20.136,38.3931],[20.1355,38.392],[20.1358,38.39],[20.1358,38.388],[20.1359,38.386],[20.136,38.385],[20.1364,38.383],[20.137,38.3818],[20.138,38.3802],[20.139,38.3791],[20.14,38.3786],[20.1415,38.378],[20.1424,38.377],[20.1429,38.375],[20.1434,38.374],[20.1439,38.372],[20.1432,38.37],[20.1429,38.369],[20.1421,38.367],[20.141,38.3661],[20.14,38.3654],[20.139,38.3644],[20.1382,38.363],[20.1377,38.362],[20.137,38.3607],[20.1362,38.359],[20.1352,38.358],[20.134,38.357],[20.133,38.3561],[20.1322,38.355],[20.1317,38.354],[20.131,38.3528],[20.1301,38.351],[20.13,38.3497],[20.129,38.3481],[20.128,38.3475],[20.1266,38.347],[20.125,38.346],[20.1249,38.345],[20.1246,38.343],[20.1239,38.342],[20.123,38.3408],[20.1215,38.34],[20.12,38.3393],[20.119,38.3383],[20.1183,38.337],[20.1176,38.336],[20.1167,38.335],[20.1158,38.334],[20.115,38.3329],[20.114,38.3316],[20.1129,38.331],[20.111,38.3305],[20.109,38.3301],[20.107,38.3301],[20.1051,38.33],[20.104,38.3298],[20.102,38.329],[20.1015,38.328],[20.1018,38.326],[20.1028,38.325],[20.104,38.3241],[20.105,38.3235],[20.1065,38.323],[20.108,38.3227],[20.11,38.3222],[20.1115,38.322],[20.113,38.3218],[20.115,38.3216],[20.117,38.3215],[20.1187,38.321],[20.1197,38.32],[20.1202,38.319],[20.1201,38.317],[20.1204,38.315],[20.1211,38.314],[20.121,38.3124],[20.12,38.3116],[20.118,38.3113],[20.117,38.3108],[20.115,38.31],[20.114,38.3098],[20.112,38.3095],[20.11,38.309],[20.109,38.3083],[20.108,38.3076],[20.107,38.3069],[20.106,38.3057],[20.106,38.304],[20.107,38.3033],[20.108,38.3028],[20.109,38.3019],[20.109,38.3005],[20.1083,38.299],[20.1077,38.298],[20.107,38.296],[20.107,38.294],[20.1066,38.293],[20.106,38.2918],[20.1057,38.29],[20.1059,38.288],[20.1055,38.286],[20.105,38.2847],[20.104,38.283],[20.1031,38.282],[20.102,38.2811],[20.101,38.2804],[20.1,38.2792],[20.0993,38.278],[20.0982,38.277],[20.097,38.2764],[20.0958,38.276],[20.094,38.2753],[20.093,38.2748],[20.0914,38.274],[20.09,38.2735],[20.088,38.2733],[20.0862,38.273],[20.085,38.2726],[20.0839,38.272],[20.0825,38.271],[20.081,38.2702],[20.08,38.2699],[20.078,38.2695],[20.076,38.2691],[20.075,38.2687],[20.0739,38.268],[20.0734,38.266],[20.074,38.2644],[20.0747,38.263],[20.0752,38.262],[20.076,38.2607],[20.077,38.2594],[20.078,38.2583],[20.0787,38.257],[20.0788,38.255],[20.0794,38.254],[20.08,38.253],[20.08,38.2515],[20.079,38.2508],[20.077,38.2507],[20.075,38.2506],[20.0738,38.25],[20.072,38.2496],[20.0705,38.25],[20.069,38.2503],[20.068,38.25],[20.066,38.2493],[20.064,38.2494],[20.062,38.2491],[20.061,38.249],[20.06,38.249],[20.058,38.2494],[20.056,38.2497],[20.054,38.2492],[20.052,38.2491],[20.0505,38.249],[20.049,38.2482],[20.048,38.2476],[20.0463,38.247],[20.045,38.2464],[20.044,38.2458],[20.0422,38.245],[20.041,38.2444],[20.039,38.2441],[20.038,38.2439],[20.0365,38.243],[20.035,38.2427],[20.0334,38.243],[20.032,38.243],[20.0312,38.242],[20.0309,38.241],[20.03,38.2397],[20.028,38.2394],[20.0267,38.239],[20.025,38.2385],[20.023,38.2381],[20.022,38.2374],[20.021,38.2368],[20.0198,38.236],[20.018,38.2352],[20.0164,38.235],[20.015,38.2346],[20.0138,38.234],[20.012,38.2333],[20.01,38.233],[20.009,38.233],[20.007,38.2328],[20.005,38.2323],[20.004,38.232],[20.002,38.2312],[20.001,38.2304],[20.0,38.2297],[19.9982,38.229],[19.997,38.2287],[19.995,38.228],[19.994,38.2272],[19.993,38.2265],[19.992,38.2257],[19.9906,38.225],[19.989,38.2242],[19.9882,38.223],[19.9871,38.222],[19.986,38.2216],[19.984,38.221],[19.983,38.2206],[19.9819,38.22],[19.981,38.2187],[19.98,38.2177],[19.9785,38.217],[19.977,38.2166],[19.9755,38.216],[19.974,38.2151],[19.973,38.2146],[19.9719,38.214],[19.97,38.2135],[19.968,38.2133],[19.966,38.2131],[19.964,38.2131],[19.962,38.2132],[19.96,38.213],[19.959,38.2129],[19.957,38.2125],[19.955,38.2121],[19.954,38.2119],[19.952,38.2115],[19.95,38.2111],[19.9483,38.211],[19.947,38.2107],[19.945,38.2102],[19.943,38.2102],[19.941,38.2106],[19.939,38.2109],[19.938,38.211],[19.9369,38.211],[19.935,38.2106],[19.9332,38.21],[19.932,38.2093],[19.931,38.2086],[19.93,38.2077],[19.929,38.207],[19.927,38.2066],[19.925,38.2068],[19.924,38.207],[19.922,38.2075],[19.9205,38.208],[19.919,38.2082],[19.9174,38.208],[19.916,38.2077],[19.914,38.207],[19.913,38.2066],[19.9119,38.206],[19.9102,38.205],[19.909,38.2044],[19.908,38.2039],[19.9061,38.203],[19.905,38.2025],[19.904,38.202],[19.902,38.2013],[19.9004,38.201]]}},{"type":"Feature","properties":{"depth_m":3000,"closed":false},"geometry":{"type":"LineString","coordinates":[[20.112,38.3031],[20.1113,38.305],[20.1127,38.305],[20.112,38.3031]]}},{"type":"Feature","properties":{"depth_m":3500,"closed":false},"geometry":{"type":"LineString","coordinates":[[19.9,38.1432],[19.9016,38.144],[19.903,38.1447],[19.904,38.1451],[19.906,38.1457],[19.907,38.146],[19.909,38.1468],[19.91,38.1473],[19.9111,38.148],[19.913,38.1487],[19.914,38.1491],[19.9159,38.15],[19.915,38.152],[19.914,38.1526],[19.9127,38.153],[19.9113,38.154],[19.911,38.155],[19.9113,38.156],[19.912,38.1572],[19.913,38.1582],[19.914,38.1598],[19.9144,38.161],[19.9142,38.163],[19.9132,38.164],[19.9121,38.165],[19.911,38.1657],[19.91,38.1661],[19.908,38.1668],[19.907,38.167],[19.905,38.1671],[19.904,38.1667],[19.9028,38.166],[19.9013,38.165],[19.9,38.1645]]}},{"type":"Feature","properties":{"depth_m":3500,"closed":false},"geometry":{"type":"LineString","coordinates":[[20.0363,37.851],[20.0373,37.852],[20.0384,37.853],[20.0396,37.854],[20.0409,37.855],[20.0419,37.856],[20.0425,37.857],[20.0429,37.859],[20.043,37.8602],[20.0434,37.862],[20.044,37.8633],[20.045,37.8644],[20.0464,37.865],[20.048,37.8654],[20.0495,37.866],[20.0509,37.867],[20.0512,37.868],[20.0509,37.869],[20.05,37.8706],[20.049,37.872],[20.048,37.873],[20.047,37.8739],[20.046,37.8746],[20.045,37.8754],[20.044,37.8763],[20.043,37.8771],[20.042,37.8788],[20.042,37.8791],[20.043,37.8803],[20.045,37.8802],[20.047,37.8803],[20.0481,37.881],[20.0488,37.883],[20.049,37.884],[20.0497,37.886],[20.0502,37.887],[20.051,37.888],[20.052,37.8891],[20.053,37.8907],[20.0535,37.892],[20.054,37.8939],[20.0545,37.895],[20.0553,37.896],[20.0567,37.897],[20.058,37.8976],[20.0593,37.898],[20.0606,37.899],[20.0607,37.901],[20.0603,37.903],[20.06,37.905],[20.06,37.906],[20.0598,37.908],[20.0591,37.91],[20.0586,37.911],[20.058,37.9128],[20.058,37.9134],[20.0587,37.915],[20.06,37.916],[20.061,37.9164],[20.0626,37.917],[20.064,37.9174],[20.0658,37.918],[20.067,37.9184],[20.0689,37.919],[20.07,37.9196],[20.071,37.9205],[20.072,37.9214],[20.0731,37.922],[20.075,37.9225],[20.077,37.9228],[20.079,37.9227],[20.081,37.9227],[20.0824,37.923],[20.0836,37.924],[20.0833,37.926],[20.0832,37.928],[20.0841,37.929],[20.0857,37.93],[20.087,37.9309],[20.088,37.9314],[20.0894,37.932],[20.091,37.9327],[20.092,37.9334],[20.093,37.9347],[20.0938,37.936],[20.0942,37.937],[20.095,37.9389],[20.0954,37.94],[20.0958,37.942],[20.0954,37.944],[20.0948,37.945],[20.0938,37.946],[20.0922,37.947],[20.091,37.9474],[20.089,37.9479],[20.088,37.9481],[20.086,37.9485],[20.0847,37.949],[20.0834,37.95],[20.0826,37.951],[20.0824,37.953],[20.083,37.9543],[20.084,37.9557],[20.085,37.957],[20.0858,37.958],[20.0863,37.959],[20.0867,37.961],[20.0867,37.963],[20.086,37.9647],[20.085,37.9657],[20.084,37.9662],[20.082,37.9669],[20.081,37.9675],[20.08,37.9681],[20.0788,37.969],[20.0775,37.97],[20.076,37.971],[20.075,37.9715],[20.074,37.972],[20.072,37.9729],[20.071,37.9735],[20.07,37.9741],[20.069,37.9757],[20.0686,37.977],[20.0681,37.979],[20.0683,37.981],[20.069,37.983],[20.0693,37.984],[20.0699,37.986],[20.0702,37.987],[20.0706,37.989],[20.0703,37.991],[20.07,37.9923],[20.0696,37.994],[20.069,37.9957],[20.0684,37.997],[20.0679,37.998],[20.067,37.9994],[20.066,38.0007],[20.065,38.0017],[20.064,38.0025],[20.063,38.0032],[20.0612,38.004],[20.06,38.0047],[20.059,38.0055],[20.058,38.0068],[20.057,38.0079],[20.056,38.0086],[20.055,38.0093],[20.054,38.01],[20.0529,38.011],[20.052,38.012],[20.051,38.0134],[20.05,38.0145],[20.049,38.0152],[20.0476,38.016],[20.0463,38.017],[20.0451,38.018],[20.044,38.0189],[20.043,38.0198],[20.0421,38.021],[20.0416,38.022],[20.041,38.0234],[20.0403,38.025],[20.0398,38.026],[20.039,38.0276],[20.038,38.029],[20.037,38.03],[20.036,38.0307],[20.035,38.0313],[20.0339,38.032],[20.0327,38.033],[20.0316,38.034],[20.0303,38.035],[20.029,38.0359],[20.028,38.0367],[20.027,38.0379],[20.0262,38.039],[20.0256,38.04],[20.025,38.041],[20.0241,38.043],[20.0237,38.044],[20.023,38.0459],[20.0225,38.047],[20.022,38.049],[20.0218,38.05],[20.021,38.0518],[20.0203,38.053],[20.0198,38.054],[20.019,38.0559],[20.0183,38.057],[20.0174,38.058],[20.0162,38.059],[20.015,38.06],[20.0141,38.061],[20.0134,38.062],[20.0133,38.064],[20.013,38.0654],[20.012,38.0662],[20.01,38.0669],[20.009,38.0676],[20.008,38.0688],[20.007,38.0699],[20.006,38.0707],[20.005,38.0714],[20.0038,38.072],[20.002,38.0727],[20.001,38.0734],[20.0,38.0742],[19.999,38.0751],[19.9973,38.076],[19.996,38.0761],[19.995,38.0758],[19.9942,38.074],[19.9949,38.072],[19.9953,38.071],[19.9958,38.069],[19.996,38.067],[19.9956,38.065],[19.9953,38.063],[19.9955,38.061],[19.9956,38.059],[19.9956,38.057],[19.9957,38.055],[19.996,38.0535],[19.9967,38.052],[19.9972,38.051],[19.998,38.0499],[19.999,38.0488],[20.0,38.0479],[20.001,38.047],[20.0022,38.046],[20.0035,38.045],[20.0049,38.044],[20.006,38.0431],[20.007,38.0421],[20.0079,38.041],[20.0084,38.04],[20.007,38.0392],[20.005,38.0396],[20.0033,38.04],[20.002,38.0403],[20.0,38.041],[19.999,38.0415],[19.998,38.042],[19.9966,38.043],[19.9952,38.044],[19.994,38.0447],[19.993,38.0452],[19.9913,38.046],[19.99,38.0465],[19.988,38.0468],[19.986,38.0469],[19.984,38.0469],[19.982,38.0464],[19.98,38.0461],[19.978,38.0461],[19.9762,38.047],[19.9751,38.048],[19.974,38.049],[19.973,38.0498],[19.972,38.0506],[19.971,38.0513],[19.9699,38.052],[19.968,38.0529],[19.967,38.0534],[19.9656,38.054],[19.964,38.0546],[19.9623,38.055],[19.961,38.0553],[19.959,38.0557],[19.9574,38.056],[19.956,38.0564],[19.954,38.0569],[19.953,38.0572],[19.951,38.0577],[19.9493,38.058],[19.948,38.0582],[19.946,38.0584],[19.944,38.0584],[19.942,38.0587],[19.94,38.0587],[19.938,38.0584],[19.936,38.0583],[19.934,38.0588],[19.933,38.0592],[19.931,38.0599],[19.93,38.0603],[19.928,38.0607],[19.926,38.0602],[19.925,38.0596],[19.924,38.0588],[19.922,38.0583],[19.92,38.0588],[19.919,38.0591],[19.9173,38.06],[19.916,38.061],[19.915,38.062],[19.9148,38.063],[19.9151,38.064],[19.9159,38.066],[19.9164,38.067],[19.917,38.0681],[19.9179,38.07],[19.918,38.071],[19.9188,38.073],[19.9194,38.074],[19.92,38.0754],[19.9204,38.077],[19.9203,38.079],[19.9201,38.081],[19.9199,38.082],[19.9193,38.084],[19.9187,38.085],[19.918,38.0869],[19.9178,38.088],[19.9172,38.09],[19.9169,38.091],[19.9161,38.093],[19.9152,38.094],[19.9141,38.095],[19.9132,38.096],[19.9129,38.097],[19.913,38.098],[19.914,38.0997],[19.9145,38.101],[19.915,38.1028],[19.9154,38.104],[19.916,38.1059],[19.9161,38.107],[19.9161,38.109],[19.9162,38.111],[19.9161,38.113],[19.9158,38.114],[19.915,38.1153],[19.914,38.1161],[19.9127,38.117],[19.9115,38.118],[19.9106,38.119],[19.9097,38.12],[19.9084,38.121],[19.907,38.1218],[19.906,38.1226],[19.905,38.1238],[19.9041,38.125],[19.9035,38.126],[19.903,38.1279],[19.9029,38.129],[19.9024,38.131],[19.902,38.1321],[19.901,38.1337],[19.9,38.1347]]}},{"type":"Feature","properties":{"depth_m":3500,"closed":false},"geometry":{"type":"LineString","coordinates":[[19.9934,38.081],[19.994,38.0826],[19.9944,38.084],[19.9951,38.085],[19.9962,38.086],[19.997,38.0873],[19.9979,38.089],[19.9986,38.09],[19.9991,38.091],[19.999,38.0925],[19.998,38.0937],[19.9971,38.095],[19.997,38.0969],[19.9964,38.098],[19.9951,38.099],[19.9941,38.1],[19.9939,38.101],[19.9942,38.102],[19.994,38.1034],[19.993,38.1046],[19.992,38.1058],[19.9916,38.107],[19.9913,38.109],[19.9909,38.11],[19.99,38.1112],[19.988,38.1113],[19.9874,38.11],[19.9877,38.108],[19.988,38.107],[19.9881,38.105],[19.9879,38.104],[19.9874,38.102],[19.9875,38.1],[19.9881,38.099],[19.989,38.0972],[19.9899,38.096],[19.9907,38.095],[19.9915,38.094],[19.9914,38.092],[19.9909,38.091],[19.9902,38.089],[19.99,38.088],[19.9892,38.086],[19.9889,38.085],[19.989,38.0838],[19.99,38.0823],[19.991,38.0813],[19.992,38.0804],[19.9934,38.081]]}}]}